benchmark_id,paper_id,task_id,task_name,dataset_id,dataset_name,metric_id,metric_name,metric_abbreviation,higher_is_better,split,score_value,score_unit,status,evidence,evidence_source,confidence,extraction_method
benchmark_task_object_detection_satellite_image_deep_learning_vhr_10_accuracy_unspecified_paper-2001-02988,paper_2001_02988,task_object_detection,Object detection,satellite-image-deep-learning/VHR-10,VHR-10,accuracy,Accuracy,Accuracy,true,,,,probable,"paper links task 'Object detection', dataset 'VHR-10', and explicitly mentions metric 'Accuracy'",paper_tasks.csv|paper_datasets.csv|paper_metrics.csv,0.60,metadata_join_explicit_metric
benchmark_task_semantic_segmentation_the_synthinel_1_dataset_a_collection_of_high_resolution_synthetic_overhead_imagery_for_building_segmentation_f1_score_unspecified,paper_2001_05130,task_semantic_segmentation,Semantic segmentation,The Synthinel-1 dataset: a collection of high resolution synthetic overhead imagery for building segmentation,The Synthinel-1 dataset: a collection of high resolution synthetic overhead imagery for building segmentation,f1_score,F1 Score,F1,true,,,,candidate,"paper links task 'Semantic segmentation', dataset 'The Synthinel-1 dataset: a collection of high resolution synthetic overhead imagery for building segmentation', metric inferred from task family",paper_tasks.csv|paper_datasets.csv|metrics.csv defaults,0.45,metadata_join_task_default_metric
benchmark_task_semantic_segmentation_the_synthinel_1_dataset_a_collection_of_high_resolution_synthetic_overhead_imagery_for_building_segmentation_mean_intersection_over_union_unspecified,paper_2001_05130,task_semantic_segmentation,Semantic segmentation,The Synthinel-1 dataset: a collection of high resolution synthetic overhead imagery for building segmentation,The Synthinel-1 dataset: a collection of high resolution synthetic overhead imagery for building segmentation,mean_intersection_over_union,Mean Intersection over Union,mIoU,true,,,,candidate,"paper links task 'Semantic segmentation', dataset 'The Synthinel-1 dataset: a collection of high resolution synthetic overhead imagery for building segmentation', metric inferred from task family",paper_tasks.csv|paper_datasets.csv|metrics.csv defaults,0.45,metadata_join_task_default_metric
benchmark_task_classification_bigearthnet_f1_score_unspecified_paper-2001-06372,paper_2001_06372,task_classification,Classification,BigEarthNet,BigEarthNet,f1_score,F1 Score,F1,true,,,,candidate,"paper links task 'Classification', dataset 'BigEarthNet', metric inferred from task family",paper_tasks.csv|paper_datasets.csv|metrics.csv defaults,0.45,metadata_join_task_default_metric
benchmark_task_classification_bigearthnet_overall_accuracy_unspecified_paper-2001-06372,paper_2001_06372,task_classification,Classification,BigEarthNet,BigEarthNet,overall_accuracy,Overall Accuracy,OA,true,,,,candidate,"paper links task 'Classification', dataset 'BigEarthNet', metric inferred from task family",paper_tasks.csv|paper_datasets.csv|metrics.csv defaults,0.45,metadata_join_task_default_metric
benchmark_task_image_classification_bigearthnet_f1_score_unspecified_paper-2001-06372,paper_2001_06372,task_image_classification,Image classification,BigEarthNet,BigEarthNet,f1_score,F1 Score,F1,true,,,,candidate,"paper links task 'Image classification', dataset 'BigEarthNet', metric inferred from task family",paper_tasks.csv|paper_datasets.csv|metrics.csv defaults,0.45,metadata_join_task_default_metric
benchmark_task_image_classification_bigearthnet_overall_accuracy_unspecified_paper-2001-06372,paper_2001_06372,task_image_classification,Image classification,BigEarthNet,BigEarthNet,overall_accuracy,Overall Accuracy,OA,true,,,,candidate,"paper links task 'Image classification', dataset 'BigEarthNet', metric inferred from task family",paper_tasks.csv|paper_datasets.csv|metrics.csv defaults,0.45,metadata_join_task_default_metric
benchmark_task_land_cover_mapping_bigearthnet_f1_score_unspecified_paper-2001-06372,paper_2001_06372,task_land_cover_mapping,Land cover mapping,BigEarthNet,BigEarthNet,f1_score,F1 Score,F1,true,,,,candidate,"paper links task 'Land cover mapping', dataset 'BigEarthNet', metric inferred from task family",paper_tasks.csv|paper_datasets.csv|metrics.csv defaults,0.45,metadata_join_task_default_metric
benchmark_task_land_cover_mapping_bigearthnet_mean_intersection_over_union_unspecified_paper-2001-06372,paper_2001_06372,task_land_cover_mapping,Land cover mapping,BigEarthNet,BigEarthNet,mean_intersection_over_union,Mean Intersection over Union,mIoU,true,,,,candidate,"paper links task 'Land cover mapping', dataset 'BigEarthNet', metric inferred from task family",paper_tasks.csv|paper_datasets.csv|metrics.csv defaults,0.45,metadata_join_task_default_metric
benchmark_task_semantic_segmentation_rmbielski_planetscope_accuracy_unspecified,paper_2002_04600,task_semantic_segmentation,Semantic segmentation,rmbielski/PlanetScope,PlanetScope,accuracy,Accuracy,Accuracy,true,,,,probable,"paper links task 'Semantic segmentation', dataset 'PlanetScope', and explicitly mentions metric 'Accuracy'",paper_tasks.csv|paper_datasets.csv|paper_metrics.csv,0.60,metadata_join_explicit_metric
benchmark_task_change_detection_bigearthnet_accuracy_unspecified,paper_2003_02899,task_change_detection,Change detection,BigEarthNet,BigEarthNet,accuracy,Accuracy,Accuracy,true,,,,probable,"paper links task 'Change detection', dataset 'BigEarthNet', and explicitly mentions metric 'Accuracy'",paper_tasks.csv|paper_datasets.csv|paper_metrics.csv,0.60,metadata_join_explicit_metric
benchmark_task_change_detection_bigearthnet_intersection_over_union_unspecified,paper_2003_02899,task_change_detection,Change detection,BigEarthNet,BigEarthNet,intersection_over_union,Intersection over Union,IoU,true,,,,probable,"paper links task 'Change detection', dataset 'BigEarthNet', and explicitly mentions metric 'Intersection over Union'",paper_tasks.csv|paper_datasets.csv|paper_metrics.csv,0.60,metadata_join_explicit_metric
benchmark_task_classification_bigearthnet_accuracy_unspecified_paper-2003-02899,paper_2003_02899,task_classification,Classification,BigEarthNet,BigEarthNet,accuracy,Accuracy,Accuracy,true,,,,probable,"paper links task 'Classification', dataset 'BigEarthNet', and explicitly mentions metric 'Accuracy'",paper_tasks.csv|paper_datasets.csv|paper_metrics.csv,0.60,metadata_join_explicit_metric
benchmark_task_classification_bigearthnet_intersection_over_union_unspecified,paper_2003_02899,task_classification,Classification,BigEarthNet,BigEarthNet,intersection_over_union,Intersection over Union,IoU,true,,,,probable,"paper links task 'Classification', dataset 'BigEarthNet', and explicitly mentions metric 'Intersection over Union'",paper_tasks.csv|paper_datasets.csv|paper_metrics.csv,0.60,metadata_join_explicit_metric
benchmark_task_image_classification_bigearthnet_accuracy_unspecified_paper-2003-02899,paper_2003_02899,task_image_classification,Image classification,BigEarthNet,BigEarthNet,accuracy,Accuracy,Accuracy,true,,,,probable,"paper links task 'Image classification', dataset 'BigEarthNet', and explicitly mentions metric 'Accuracy'",paper_tasks.csv|paper_datasets.csv|paper_metrics.csv,0.60,metadata_join_explicit_metric
benchmark_task_image_classification_bigearthnet_intersection_over_union_unspecified,paper_2003_02899,task_image_classification,Image classification,BigEarthNet,BigEarthNet,intersection_over_union,Intersection over Union,IoU,true,,,,probable,"paper links task 'Image classification', dataset 'BigEarthNet', and explicitly mentions metric 'Intersection over Union'",paper_tasks.csv|paper_datasets.csv|paper_metrics.csv,0.60,metadata_join_explicit_metric
benchmark_task_land_cover_mapping_bigearthnet_accuracy_unspecified_paper-2003-02899,paper_2003_02899,task_land_cover_mapping,Land cover mapping,BigEarthNet,BigEarthNet,accuracy,Accuracy,Accuracy,true,,,,probable,"paper links task 'Land cover mapping', dataset 'BigEarthNet', and explicitly mentions metric 'Accuracy'",paper_tasks.csv|paper_datasets.csv|paper_metrics.csv,0.60,metadata_join_explicit_metric
benchmark_task_land_cover_mapping_bigearthnet_intersection_over_union_unspecified,paper_2003_02899,task_land_cover_mapping,Land cover mapping,BigEarthNet,BigEarthNet,intersection_over_union,Intersection over Union,IoU,true,,,,probable,"paper links task 'Land cover mapping', dataset 'BigEarthNet', and explicitly mentions metric 'Intersection over Union'",paper_tasks.csv|paper_datasets.csv|paper_metrics.csv,0.60,metadata_join_explicit_metric
benchmark_task_object_detection_bigearthnet_accuracy_unspecified,paper_2003_02899,task_object_detection,Object detection,BigEarthNet,BigEarthNet,accuracy,Accuracy,Accuracy,true,,,,probable,"paper links task 'Object detection', dataset 'BigEarthNet', and explicitly mentions metric 'Accuracy'",paper_tasks.csv|paper_datasets.csv|paper_metrics.csv,0.60,metadata_join_explicit_metric
benchmark_task_object_detection_bigearthnet_intersection_over_union_unspecified,paper_2003_02899,task_object_detection,Object detection,BigEarthNet,BigEarthNet,intersection_over_union,Intersection over Union,IoU,true,,,,probable,"paper links task 'Object detection', dataset 'BigEarthNet', and explicitly mentions metric 'Intersection over Union'",paper_tasks.csv|paper_datasets.csv|paper_metrics.csv,0.60,metadata_join_explicit_metric
benchmark_task_semantic_segmentation_bigearthnet_accuracy_unspecified,paper_2003_02899,task_semantic_segmentation,Semantic segmentation,BigEarthNet,BigEarthNet,accuracy,Accuracy,Accuracy,true,,,,probable,"paper links task 'Semantic segmentation', dataset 'BigEarthNet', and explicitly mentions metric 'Accuracy'",paper_tasks.csv|paper_datasets.csv|paper_metrics.csv,0.60,metadata_join_explicit_metric
benchmark_task_semantic_segmentation_bigearthnet_intersection_over_union_unspecified,paper_2003_02899,task_semantic_segmentation,Semantic segmentation,BigEarthNet,BigEarthNet,intersection_over_union,Intersection over Union,IoU,true,,,,probable,"paper links task 'Semantic segmentation', dataset 'BigEarthNet', and explicitly mentions metric 'Intersection over Union'",paper_tasks.csv|paper_datasets.csv|paper_metrics.csv,0.60,metadata_join_explicit_metric
benchmark_task_change_detection_dragon7_landcover_ai_intersection_over_union_unspecified,paper_2005_02264,task_change_detection,Change detection,dragon7/LandCover.ai,LandCover.ai,intersection_over_union,Intersection over Union,IoU,true,,,,probable,"paper links task 'Change detection', dataset 'LandCover.ai', and explicitly mentions metric 'Intersection over Union'",paper_tasks.csv|paper_datasets.csv|paper_metrics.csv,0.60,metadata_join_explicit_metric
benchmark_task_change_detection_dragon7_landcover_ai_mean_intersection_over_union_unspecified,paper_2005_02264,task_change_detection,Change detection,dragon7/LandCover.ai,LandCover.ai,mean_intersection_over_union,Mean Intersection over Union,mIoU,true,,,,probable,"paper links task 'Change detection', dataset 'LandCover.ai', and explicitly mentions metric 'Mean Intersection over Union'",paper_tasks.csv|paper_datasets.csv|paper_metrics.csv,0.60,metadata_join_explicit_metric
benchmark_task_land_cover_mapping_dragon7_landcover_ai_intersection_over_union_unspecified_paper-2005-02264,paper_2005_02264,task_land_cover_mapping,Land cover mapping,dragon7/LandCover.ai,LandCover.ai,intersection_over_union,Intersection over Union,IoU,true,,,,probable,"paper links task 'Land cover mapping', dataset 'LandCover.ai', and explicitly mentions metric 'Intersection over Union'",paper_tasks.csv|paper_datasets.csv|paper_metrics.csv,0.60,metadata_join_explicit_metric
benchmark_task_land_cover_mapping_dragon7_landcover_ai_mean_intersection_over_union_unspecified_paper-2005-02264,paper_2005_02264,task_land_cover_mapping,Land cover mapping,dragon7/LandCover.ai,LandCover.ai,mean_intersection_over_union,Mean Intersection over Union,mIoU,true,,,,probable,"paper links task 'Land cover mapping', dataset 'LandCover.ai', and explicitly mentions metric 'Mean Intersection over Union'",paper_tasks.csv|paper_datasets.csv|paper_metrics.csv,0.60,metadata_join_explicit_metric
benchmark_task_object_detection_dragon7_landcover_ai_intersection_over_union_unspecified,paper_2005_02264,task_object_detection,Object detection,dragon7/LandCover.ai,LandCover.ai,intersection_over_union,Intersection over Union,IoU,true,,,,probable,"paper links task 'Object detection', dataset 'LandCover.ai', and explicitly mentions metric 'Intersection over Union'",paper_tasks.csv|paper_datasets.csv|paper_metrics.csv,0.60,metadata_join_explicit_metric
benchmark_task_object_detection_dragon7_landcover_ai_mean_intersection_over_union_unspecified,paper_2005_02264,task_object_detection,Object detection,dragon7/LandCover.ai,LandCover.ai,mean_intersection_over_union,Mean Intersection over Union,mIoU,true,,,,probable,"paper links task 'Object detection', dataset 'LandCover.ai', and explicitly mentions metric 'Mean Intersection over Union'",paper_tasks.csv|paper_datasets.csv|paper_metrics.csv,0.60,metadata_join_explicit_metric
benchmark_task_semantic_segmentation_dragon7_landcover_ai_intersection_over_union_unspecified_paper-2005-02264,paper_2005_02264,task_semantic_segmentation,Semantic segmentation,dragon7/LandCover.ai,LandCover.ai,intersection_over_union,Intersection over Union,IoU,true,,,,probable,"paper links task 'Semantic segmentation', dataset 'LandCover.ai', and explicitly mentions metric 'Intersection over Union'",paper_tasks.csv|paper_datasets.csv|paper_metrics.csv,0.60,metadata_join_explicit_metric
benchmark_task_semantic_segmentation_dragon7_landcover_ai_mean_intersection_over_union_unspecified_paper-2005-02264,paper_2005_02264,task_semantic_segmentation,Semantic segmentation,dragon7/LandCover.ai,LandCover.ai,mean_intersection_over_union,Mean Intersection over Union,mIoU,true,,,,probable,"paper links task 'Semantic segmentation', dataset 'LandCover.ai', and explicitly mentions metric 'Mean Intersection over Union'",paper_tasks.csv|paper_datasets.csv|paper_metrics.csv,0.60,metadata_join_explicit_metric
benchmark_task_classification_zhu_xlab_so2sat_lcz42_f1_score_unspecified,paper_2005_07983,task_classification,Classification,zhu-xlab/So2Sat-LCZ42,So2Sat-LCZ42,f1_score,F1 Score,F1,true,,,,candidate,"paper links task 'Classification', dataset 'So2Sat-LCZ42', metric inferred from task family",paper_tasks.csv|paper_datasets.csv|metrics.csv defaults,0.45,metadata_join_task_default_metric
benchmark_task_classification_zhu_xlab_so2sat_lcz42_overall_accuracy_unspecified_paper-2005-07983,paper_2005_07983,task_classification,Classification,zhu-xlab/So2Sat-LCZ42,So2Sat-LCZ42,overall_accuracy,Overall Accuracy,OA,true,,,,candidate,"paper links task 'Classification', dataset 'So2Sat-LCZ42', metric inferred from task family",paper_tasks.csv|paper_datasets.csv|metrics.csv defaults,0.45,metadata_join_task_default_metric
benchmark_task_image_classification_zhu_xlab_so2sat_lcz42_f1_score_unspecified,paper_2005_07983,task_image_classification,Image classification,zhu-xlab/So2Sat-LCZ42,So2Sat-LCZ42,f1_score,F1 Score,F1,true,,,,candidate,"paper links task 'Image classification', dataset 'So2Sat-LCZ42', metric inferred from task family",paper_tasks.csv|paper_datasets.csv|metrics.csv defaults,0.45,metadata_join_task_default_metric
benchmark_task_image_classification_zhu_xlab_so2sat_lcz42_overall_accuracy_unspecified_paper-2005-07983,paper_2005_07983,task_image_classification,Image classification,zhu-xlab/So2Sat-LCZ42,So2Sat-LCZ42,overall_accuracy,Overall Accuracy,OA,true,,,,candidate,"paper links task 'Image classification', dataset 'So2Sat-LCZ42', metric inferred from task family",paper_tasks.csv|paper_datasets.csv|metrics.csv defaults,0.45,metadata_join_task_default_metric
benchmark_task_land_cover_mapping_zhu_xlab_so2sat_lcz42_f1_score_unspecified,paper_2005_07983,task_land_cover_mapping,Land cover mapping,zhu-xlab/So2Sat-LCZ42,So2Sat-LCZ42,f1_score,F1 Score,F1,true,,,,candidate,"paper links task 'Land cover mapping', dataset 'So2Sat-LCZ42', metric inferred from task family",paper_tasks.csv|paper_datasets.csv|metrics.csv defaults,0.45,metadata_join_task_default_metric
benchmark_task_land_cover_mapping_zhu_xlab_so2sat_lcz42_mean_intersection_over_union_unspecified,paper_2005_07983,task_land_cover_mapping,Land cover mapping,zhu-xlab/So2Sat-LCZ42,So2Sat-LCZ42,mean_intersection_over_union,Mean Intersection over Union,mIoU,true,,,,candidate,"paper links task 'Land cover mapping', dataset 'So2Sat-LCZ42', metric inferred from task family",paper_tasks.csv|paper_datasets.csv|metrics.csv defaults,0.45,metadata_join_task_default_metric
benchmark_task_object_detection_a_large_scale_dataset_false_alarm_rate_unspecified,paper_2007_06124,task_object_detection,Object detection,A Large-scale Dataset,A Large-scale Dataset,false_alarm_rate,False Alarm Rate,FAR,false,,,,probable,"paper links task 'Object detection', dataset 'A Large-scale Dataset', and explicitly mentions metric 'False Alarm Rate'",paper_tasks.csv|paper_datasets.csv|paper_metrics.csv,0.60,metadata_join_explicit_metric
benchmark_task_super_resolution_a_large_scale_dataset_false_alarm_rate_unspecified,paper_2007_06124,task_super_resolution,Super-resolution,A Large-scale Dataset,A Large-scale Dataset,false_alarm_rate,False Alarm Rate,FAR,false,,,,probable,"paper links task 'Super-resolution', dataset 'A Large-scale Dataset', and explicitly mentions metric 'False Alarm Rate'",paper_tasks.csv|paper_datasets.csv|paper_metrics.csv,0.60,metadata_join_explicit_metric
benchmark_task_classification_gfm_bench_eurosat_accuracy_unspecified_paper-2008-01635,paper_2008_01635,task_classification,Classification,GFM-Bench/EuroSAT,EuroSAT,accuracy,Accuracy,Accuracy,true,,,,probable,"paper links task 'Classification', dataset 'EuroSAT', and explicitly mentions metric 'Accuracy'",paper_tasks.csv|paper_datasets.csv|paper_metrics.csv,0.60,metadata_join_explicit_metric
benchmark_task_classification_gfm_bench_eurosat_precision_unspecified_paper-2008-01635,paper_2008_01635,task_classification,Classification,GFM-Bench/EuroSAT,EuroSAT,precision,Precision,Precision,true,,,,probable,"paper links task 'Classification', dataset 'EuroSAT', and explicitly mentions metric 'Precision'",paper_tasks.csv|paper_datasets.csv|paper_metrics.csv,0.60,metadata_join_explicit_metric
benchmark_task_classification_gfm_bench_eurosat_recall_unspecified_paper-2008-01635,paper_2008_01635,task_classification,Classification,GFM-Bench/EuroSAT,EuroSAT,recall,Recall,Recall,true,,,,probable,"paper links task 'Classification', dataset 'EuroSAT', and explicitly mentions metric 'Recall'",paper_tasks.csv|paper_datasets.csv|paper_metrics.csv,0.60,metadata_join_explicit_metric
benchmark_task_image_classification_gfm_bench_eurosat_accuracy_unspecified_paper-2008-01635,paper_2008_01635,task_image_classification,Image classification,GFM-Bench/EuroSAT,EuroSAT,accuracy,Accuracy,Accuracy,true,,,,probable,"paper links task 'Image classification', dataset 'EuroSAT', and explicitly mentions metric 'Accuracy'",paper_tasks.csv|paper_datasets.csv|paper_metrics.csv,0.60,metadata_join_explicit_metric
benchmark_task_image_classification_gfm_bench_eurosat_precision_unspecified_paper-2008-01635,paper_2008_01635,task_image_classification,Image classification,GFM-Bench/EuroSAT,EuroSAT,precision,Precision,Precision,true,,,,probable,"paper links task 'Image classification', dataset 'EuroSAT', and explicitly mentions metric 'Precision'",paper_tasks.csv|paper_datasets.csv|paper_metrics.csv,0.60,metadata_join_explicit_metric
benchmark_task_image_classification_gfm_bench_eurosat_recall_unspecified_paper-2008-01635,paper_2008_01635,task_image_classification,Image classification,GFM-Bench/EuroSAT,EuroSAT,recall,Recall,Recall,true,,,,probable,"paper links task 'Image classification', dataset 'EuroSAT', and explicitly mentions metric 'Recall'",paper_tasks.csv|paper_datasets.csv|paper_metrics.csv,0.60,metadata_join_explicit_metric
benchmark_task_land_cover_mapping_gfm_bench_eurosat_accuracy_unspecified_paper-2008-01635,paper_2008_01635,task_land_cover_mapping,Land cover mapping,GFM-Bench/EuroSAT,EuroSAT,accuracy,Accuracy,Accuracy,true,,,,probable,"paper links task 'Land cover mapping', dataset 'EuroSAT', and explicitly mentions metric 'Accuracy'",paper_tasks.csv|paper_datasets.csv|paper_metrics.csv,0.60,metadata_join_explicit_metric
benchmark_task_land_cover_mapping_gfm_bench_eurosat_precision_unspecified,paper_2008_01635,task_land_cover_mapping,Land cover mapping,GFM-Bench/EuroSAT,EuroSAT,precision,Precision,Precision,true,,,,probable,"paper links task 'Land cover mapping', dataset 'EuroSAT', and explicitly mentions metric 'Precision'",paper_tasks.csv|paper_datasets.csv|paper_metrics.csv,0.60,metadata_join_explicit_metric
benchmark_task_land_cover_mapping_gfm_bench_eurosat_recall_unspecified,paper_2008_01635,task_land_cover_mapping,Land cover mapping,GFM-Bench/EuroSAT,EuroSAT,recall,Recall,Recall,true,,,,probable,"paper links task 'Land cover mapping', dataset 'EuroSAT', and explicitly mentions metric 'Recall'",paper_tasks.csv|paper_datasets.csv|paper_metrics.csv,0.60,metadata_join_explicit_metric
benchmark_task_classification_bigearthnet_f1_score_unspecified_paper-2010-06285,paper_2010_06285,task_classification,Classification,BigEarthNet,BigEarthNet,f1_score,F1 Score,F1,true,,,,candidate,"paper links task 'Classification', dataset 'BigEarthNet', metric inferred from task family",paper_tasks.csv|paper_datasets.csv|metrics.csv defaults,0.45,metadata_join_task_default_metric
benchmark_task_classification_bigearthnet_overall_accuracy_unspecified_paper-2010-06285,paper_2010_06285,task_classification,Classification,BigEarthNet,BigEarthNet,overall_accuracy,Overall Accuracy,OA,true,,,,candidate,"paper links task 'Classification', dataset 'BigEarthNet', metric inferred from task family",paper_tasks.csv|paper_datasets.csv|metrics.csv defaults,0.45,metadata_join_task_default_metric
benchmark_task_image_classification_bigearthnet_f1_score_unspecified_paper-2010-06285,paper_2010_06285,task_image_classification,Image classification,BigEarthNet,BigEarthNet,f1_score,F1 Score,F1,true,,,,candidate,"paper links task 'Image classification', dataset 'BigEarthNet', metric inferred from task family",paper_tasks.csv|paper_datasets.csv|metrics.csv defaults,0.45,metadata_join_task_default_metric
benchmark_task_image_classification_bigearthnet_overall_accuracy_unspecified_paper-2010-06285,paper_2010_06285,task_image_classification,Image classification,BigEarthNet,BigEarthNet,overall_accuracy,Overall Accuracy,OA,true,,,,candidate,"paper links task 'Image classification', dataset 'BigEarthNet', metric inferred from task family",paper_tasks.csv|paper_datasets.csv|metrics.csv defaults,0.45,metadata_join_task_default_metric
benchmark_task_land_cover_mapping_bigearthnet_f1_score_unspecified_paper-2010-06285,paper_2010_06285,task_land_cover_mapping,Land cover mapping,BigEarthNet,BigEarthNet,f1_score,F1 Score,F1,true,,,,candidate,"paper links task 'Land cover mapping', dataset 'BigEarthNet', metric inferred from task family",paper_tasks.csv|paper_datasets.csv|metrics.csv defaults,0.45,metadata_join_task_default_metric
benchmark_task_land_cover_mapping_bigearthnet_mean_intersection_over_union_unspecified_paper-2010-06285,paper_2010_06285,task_land_cover_mapping,Land cover mapping,BigEarthNet,BigEarthNet,mean_intersection_over_union,Mean Intersection over Union,mIoU,true,,,,candidate,"paper links task 'Land cover mapping', dataset 'BigEarthNet', metric inferred from task family",paper_tasks.csv|paper_datasets.csv|metrics.csv defaults,0.45,metadata_join_task_default_metric
benchmark_task_semantic_segmentation_bigearthnet_f1_score_unspecified_paper-2010-06285,paper_2010_06285,task_semantic_segmentation,Semantic segmentation,BigEarthNet,BigEarthNet,f1_score,F1 Score,F1,true,,,,candidate,"paper links task 'Semantic segmentation', dataset 'BigEarthNet', metric inferred from task family",paper_tasks.csv|paper_datasets.csv|metrics.csv defaults,0.45,metadata_join_task_default_metric
benchmark_task_semantic_segmentation_bigearthnet_mean_intersection_over_union_unspecified_paper-2010-06285,paper_2010_06285,task_semantic_segmentation,Semantic segmentation,BigEarthNet,BigEarthNet,mean_intersection_over_union,Mean Intersection over Union,mIoU,true,,,,candidate,"paper links task 'Semantic segmentation', dataset 'BigEarthNet', metric inferred from task family",paper_tasks.csv|paper_datasets.csv|metrics.csv defaults,0.45,metadata_join_task_default_metric
benchmark_task_classification_tarek199147_nwpu_resisc45_f1_score_unspecified_paper-2010-09202,paper_2010_09202,task_classification,Classification,tarek199147/nwpu-resisc45,nwpu-resisc45,f1_score,F1 Score,F1,true,,,,candidate,"paper links task 'Classification', dataset 'nwpu-resisc45', metric inferred from task family",paper_tasks.csv|paper_datasets.csv|metrics.csv defaults,0.45,metadata_join_task_default_metric
benchmark_task_classification_tarek199147_nwpu_resisc45_overall_accuracy_unspecified_paper-2010-09202,paper_2010_09202,task_classification,Classification,tarek199147/nwpu-resisc45,nwpu-resisc45,overall_accuracy,Overall Accuracy,OA,true,,,,candidate,"paper links task 'Classification', dataset 'nwpu-resisc45', metric inferred from task family",paper_tasks.csv|paper_datasets.csv|metrics.csv defaults,0.45,metadata_join_task_default_metric
benchmark_task_image_classification_tarek199147_nwpu_resisc45_f1_score_unspecified_paper-2010-09202,paper_2010_09202,task_image_classification,Image classification,tarek199147/nwpu-resisc45,nwpu-resisc45,f1_score,F1 Score,F1,true,,,,candidate,"paper links task 'Image classification', dataset 'nwpu-resisc45', metric inferred from task family",paper_tasks.csv|paper_datasets.csv|metrics.csv defaults,0.45,metadata_join_task_default_metric
benchmark_task_image_classification_tarek199147_nwpu_resisc45_overall_accuracy_unspecified_paper-2010-09202,paper_2010_09202,task_image_classification,Image classification,tarek199147/nwpu-resisc45,nwpu-resisc45,overall_accuracy,Overall Accuracy,OA,true,,,,candidate,"paper links task 'Image classification', dataset 'nwpu-resisc45', metric inferred from task family",paper_tasks.csv|paper_datasets.csv|metrics.csv defaults,0.45,metadata_join_task_default_metric
benchmark_task_change_detection_a_large_scale_dataset_ap50_unspecified,paper_2011_03247,task_change_detection,Change detection,A Large-scale Dataset,A Large-scale Dataset,ap50,Average Precision at IoU 0.50,AP50,true,,,,candidate,"paper links task 'Change detection', dataset 'A Large-scale Dataset', metric inferred from task family",paper_tasks.csv|paper_datasets.csv|metrics.csv defaults,0.45,metadata_join_task_default_metric
benchmark_task_change_detection_a_large_scale_dataset_mean_average_precision_unspecified,paper_2011_03247,task_change_detection,Change detection,A Large-scale Dataset,A Large-scale Dataset,mean_average_precision,Mean Average Precision,mAP,true,,,,candidate,"paper links task 'Change detection', dataset 'A Large-scale Dataset', metric inferred from task family",paper_tasks.csv|paper_datasets.csv|metrics.csv defaults,0.45,metadata_join_task_default_metric
benchmark_task_land_cover_mapping_a_large_scale_dataset_f1_score_unspecified_paper-2011-03247,paper_2011_03247,task_land_cover_mapping,Land cover mapping,A Large-scale Dataset,A Large-scale Dataset,f1_score,F1 Score,F1,true,,,,candidate,"paper links task 'Land cover mapping', dataset 'A Large-scale Dataset', metric inferred from task family",paper_tasks.csv|paper_datasets.csv|metrics.csv defaults,0.45,metadata_join_task_default_metric
benchmark_task_land_cover_mapping_a_large_scale_dataset_mean_intersection_over_union_unspecified_paper-2011-03247,paper_2011_03247,task_land_cover_mapping,Land cover mapping,A Large-scale Dataset,A Large-scale Dataset,mean_intersection_over_union,Mean Intersection over Union,mIoU,true,,,,candidate,"paper links task 'Land cover mapping', dataset 'A Large-scale Dataset', metric inferred from task family",paper_tasks.csv|paper_datasets.csv|metrics.csv defaults,0.45,metadata_join_task_default_metric
benchmark_task_object_detection_a_large_scale_dataset_ap50_unspecified_paper-2011-03247,paper_2011_03247,task_object_detection,Object detection,A Large-scale Dataset,A Large-scale Dataset,ap50,Average Precision at IoU 0.50,AP50,true,,,,candidate,"paper links task 'Object detection', dataset 'A Large-scale Dataset', metric inferred from task family",paper_tasks.csv|paper_datasets.csv|metrics.csv defaults,0.45,metadata_join_task_default_metric
benchmark_task_object_detection_a_large_scale_dataset_mean_average_precision_unspecified_paper-2011-03247,paper_2011_03247,task_object_detection,Object detection,A Large-scale Dataset,A Large-scale Dataset,mean_average_precision,Mean Average Precision,mAP,true,,,,candidate,"paper links task 'Object detection', dataset 'A Large-scale Dataset', metric inferred from task family",paper_tasks.csv|paper_datasets.csv|metrics.csv defaults,0.45,metadata_join_task_default_metric
benchmark_task_classification_floodnet_f1_score_unspecified,paper_2012_02951,task_classification,Classification,FloodNet,FloodNet,f1_score,F1 Score,F1,true,,,,candidate,"paper links task 'Classification', dataset 'FloodNet', metric inferred from task family",paper_tasks.csv|paper_datasets.csv|metrics.csv defaults,0.45,metadata_join_task_default_metric
benchmark_task_classification_floodnet_overall_accuracy_unspecified,paper_2012_02951,task_classification,Classification,FloodNet,FloodNet,overall_accuracy,Overall Accuracy,OA,true,,,,candidate,"paper links task 'Classification', dataset 'FloodNet', metric inferred from task family",paper_tasks.csv|paper_datasets.csv|metrics.csv defaults,0.45,metadata_join_task_default_metric
benchmark_task_image_classification_floodnet_f1_score_unspecified,paper_2012_02951,task_image_classification,Image classification,FloodNet,FloodNet,f1_score,F1 Score,F1,true,,,,candidate,"paper links task 'Image classification', dataset 'FloodNet', metric inferred from task family",paper_tasks.csv|paper_datasets.csv|metrics.csv defaults,0.45,metadata_join_task_default_metric
benchmark_task_image_classification_floodnet_overall_accuracy_unspecified,paper_2012_02951,task_image_classification,Image classification,FloodNet,FloodNet,overall_accuracy,Overall Accuracy,OA,true,,,,candidate,"paper links task 'Image classification', dataset 'FloodNet', metric inferred from task family",paper_tasks.csv|paper_datasets.csv|metrics.csv defaults,0.45,metadata_join_task_default_metric
benchmark_task_object_detection_floodnet_ap50_unspecified,paper_2012_02951,task_object_detection,Object detection,FloodNet,FloodNet,ap50,Average Precision at IoU 0.50,AP50,true,,,,candidate,"paper links task 'Object detection', dataset 'FloodNet', metric inferred from task family",paper_tasks.csv|paper_datasets.csv|metrics.csv defaults,0.45,metadata_join_task_default_metric
benchmark_task_object_detection_floodnet_mean_average_precision_unspecified,paper_2012_02951,task_object_detection,Object detection,FloodNet,FloodNet,mean_average_precision,Mean Average Precision,mAP,true,,,,candidate,"paper links task 'Object detection', dataset 'FloodNet', metric inferred from task family",paper_tasks.csv|paper_datasets.csv|metrics.csv defaults,0.45,metadata_join_task_default_metric
benchmark_task_semantic_segmentation_floodnet_f1_score_unspecified_paper-2012-02951,paper_2012_02951,task_semantic_segmentation,Semantic segmentation,FloodNet,FloodNet,f1_score,F1 Score,F1,true,,,,candidate,"paper links task 'Semantic segmentation', dataset 'FloodNet', metric inferred from task family",paper_tasks.csv|paper_datasets.csv|metrics.csv defaults,0.45,metadata_join_task_default_metric
benchmark_task_semantic_segmentation_floodnet_mean_intersection_over_union_unspecified_paper-2012-02951,paper_2012_02951,task_semantic_segmentation,Semantic segmentation,FloodNet,FloodNet,mean_intersection_over_union,Mean Intersection over Union,mIoU,true,,,,candidate,"paper links task 'Semantic segmentation', dataset 'FloodNet', metric inferred from task family",paper_tasks.csv|paper_datasets.csv|metrics.csv defaults,0.45,metadata_join_task_default_metric
benchmark_task_visual_question_answering_floodnet_vqa_accuracy_unspecified,paper_2012_02951,task_visual_question_answering,Visual question answering,FloodNet,FloodNet,vqa_accuracy,Visual Question Answering Accuracy,VQA Acc,true,,,,candidate,"paper links task 'Visual question answering', dataset 'FloodNet', metric inferred from task family",paper_tasks.csv|paper_datasets.csv|metrics.csv defaults,0.45,metadata_join_task_default_metric
benchmark_task_object_detection_a_large_scale_dataset_precision_unspecified,paper_2101_03409,task_object_detection,Object detection,A Large-scale Dataset,A Large-scale Dataset,precision,Precision,Precision,true,,,,probable,"paper links task 'Object detection', dataset 'A Large-scale Dataset', and explicitly mentions metric 'Precision'",paper_tasks.csv|paper_datasets.csv|paper_metrics.csv,0.60,metadata_join_explicit_metric
benchmark_task_object_detection_a_large_scale_dataset_recall_unspecified,paper_2101_03409,task_object_detection,Object detection,A Large-scale Dataset,A Large-scale Dataset,recall,Recall,Recall,true,,,,probable,"paper links task 'Object detection', dataset 'A Large-scale Dataset', and explicitly mentions metric 'Recall'",paper_tasks.csv|paper_datasets.csv|paper_metrics.csv,0.60,metadata_join_explicit_metric
benchmark_task_classification_blanchon_fair1m_f1_score_unspecified,paper_2103_05569,task_classification,Classification,blanchon/FAIR1M,FAIR1M,f1_score,F1 Score,F1,true,,,,candidate,"paper links task 'Classification', dataset 'FAIR1M', metric inferred from task family",paper_tasks.csv|paper_datasets.csv|metrics.csv defaults,0.45,metadata_join_task_default_metric
benchmark_task_classification_blanchon_fair1m_overall_accuracy_unspecified,paper_2103_05569,task_classification,Classification,blanchon/FAIR1M,FAIR1M,overall_accuracy,Overall Accuracy,OA,true,,,,candidate,"paper links task 'Classification', dataset 'FAIR1M', metric inferred from task family",paper_tasks.csv|paper_datasets.csv|metrics.csv defaults,0.45,metadata_join_task_default_metric
benchmark_task_image_classification_blanchon_fair1m_f1_score_unspecified,paper_2103_05569,task_image_classification,Image classification,blanchon/FAIR1M,FAIR1M,f1_score,F1 Score,F1,true,,,,candidate,"paper links task 'Image classification', dataset 'FAIR1M', metric inferred from task family",paper_tasks.csv|paper_datasets.csv|metrics.csv defaults,0.45,metadata_join_task_default_metric
benchmark_task_image_classification_blanchon_fair1m_overall_accuracy_unspecified,paper_2103_05569,task_image_classification,Image classification,blanchon/FAIR1M,FAIR1M,overall_accuracy,Overall Accuracy,OA,true,,,,candidate,"paper links task 'Image classification', dataset 'FAIR1M', metric inferred from task family",paper_tasks.csv|paper_datasets.csv|metrics.csv defaults,0.45,metadata_join_task_default_metric
benchmark_task_object_detection_blanchon_fair1m_ap50_unspecified_paper-2103-05569,paper_2103_05569,task_object_detection,Object detection,blanchon/FAIR1M,FAIR1M,ap50,Average Precision at IoU 0.50,AP50,true,,,,candidate,"paper links task 'Object detection', dataset 'FAIR1M', metric inferred from task family",paper_tasks.csv|paper_datasets.csv|metrics.csv defaults,0.45,metadata_join_task_default_metric
benchmark_task_object_detection_blanchon_fair1m_mean_average_precision_unspecified_paper-2103-05569,paper_2103_05569,task_object_detection,Object detection,blanchon/FAIR1M,FAIR1M,mean_average_precision,Mean Average Precision,mAP,true,,,,candidate,"paper links task 'Object detection', dataset 'FAIR1M', metric inferred from task family",paper_tasks.csv|paper_datasets.csv|metrics.csv defaults,0.45,metadata_join_task_default_metric
benchmark_task_classification_gfm_bench_eurosat_accuracy_unspecified_paper-2103-10368,paper_2103_10368,task_classification,Classification,GFM-Bench/EuroSAT,EuroSAT,accuracy,Accuracy,Accuracy,true,,,,probable,"paper links task 'Classification', dataset 'EuroSAT', and explicitly mentions metric 'Accuracy'",paper_tasks.csv|paper_datasets.csv|paper_metrics.csv,0.60,metadata_join_explicit_metric
benchmark_task_classification_blanchon_eurosat_rgb_accuracy_unspecified,paper_2103_10368,task_classification,Classification,blanchon/EuroSAT_RGB,EuroSAT_RGB,accuracy,Accuracy,Accuracy,true,,,,probable,"paper links task 'Classification', dataset 'EuroSAT_RGB', and explicitly mentions metric 'Accuracy'",paper_tasks.csv|paper_datasets.csv|paper_metrics.csv,0.60,metadata_join_explicit_metric
benchmark_task_image_classification_gfm_bench_eurosat_accuracy_unspecified_paper-2103-10368,paper_2103_10368,task_image_classification,Image classification,GFM-Bench/EuroSAT,EuroSAT,accuracy,Accuracy,Accuracy,true,,,,probable,"paper links task 'Image classification', dataset 'EuroSAT', and explicitly mentions metric 'Accuracy'",paper_tasks.csv|paper_datasets.csv|paper_metrics.csv,0.60,metadata_join_explicit_metric
benchmark_task_image_classification_blanchon_eurosat_rgb_accuracy_unspecified,paper_2103_10368,task_image_classification,Image classification,blanchon/EuroSAT_RGB,EuroSAT_RGB,accuracy,Accuracy,Accuracy,true,,,,probable,"paper links task 'Image classification', dataset 'EuroSAT_RGB', and explicitly mentions metric 'Accuracy'",paper_tasks.csv|paper_datasets.csv|paper_metrics.csv,0.60,metadata_join_explicit_metric
benchmark_task_scene_classification_gfm_bench_eurosat_accuracy_unspecified_paper-2103-10368,paper_2103_10368,task_scene_classification,Scene classification,GFM-Bench/EuroSAT,EuroSAT,accuracy,Accuracy,Accuracy,true,,,,probable,"paper links task 'Scene classification', dataset 'EuroSAT', and explicitly mentions metric 'Accuracy'",paper_tasks.csv|paper_datasets.csv|paper_metrics.csv,0.60,metadata_join_explicit_metric
benchmark_task_scene_classification_blanchon_eurosat_rgb_accuracy_unspecified,paper_2103_10368,task_scene_classification,Scene classification,blanchon/EuroSAT_RGB,EuroSAT_RGB,accuracy,Accuracy,Accuracy,true,,,,probable,"paper links task 'Scene classification', dataset 'EuroSAT_RGB', and explicitly mentions metric 'Accuracy'",paper_tasks.csv|paper_datasets.csv|paper_metrics.csv,0.60,metadata_join_explicit_metric
benchmark_task_classification_tarek199147_nwpu_resisc45_f1_score_unspecified_paper-2103-15463,paper_2103_15463,task_classification,Classification,tarek199147/nwpu-resisc45,nwpu-resisc45,f1_score,F1 Score,F1,true,,,,candidate,"paper links task 'Classification', dataset 'nwpu-resisc45', metric inferred from task family",paper_tasks.csv|paper_datasets.csv|metrics.csv defaults,0.45,metadata_join_task_default_metric
benchmark_task_classification_tarek199147_nwpu_resisc45_overall_accuracy_unspecified_paper-2103-15463,paper_2103_15463,task_classification,Classification,tarek199147/nwpu-resisc45,nwpu-resisc45,overall_accuracy,Overall Accuracy,OA,true,,,,candidate,"paper links task 'Classification', dataset 'nwpu-resisc45', metric inferred from task family",paper_tasks.csv|paper_datasets.csv|metrics.csv defaults,0.45,metadata_join_task_default_metric
benchmark_task_image_classification_tarek199147_nwpu_resisc45_f1_score_unspecified_paper-2103-15463,paper_2103_15463,task_image_classification,Image classification,tarek199147/nwpu-resisc45,nwpu-resisc45,f1_score,F1 Score,F1,true,,,,candidate,"paper links task 'Image classification', dataset 'nwpu-resisc45', metric inferred from task family",paper_tasks.csv|paper_datasets.csv|metrics.csv defaults,0.45,metadata_join_task_default_metric
benchmark_task_image_classification_tarek199147_nwpu_resisc45_overall_accuracy_unspecified_paper-2103-15463,paper_2103_15463,task_image_classification,Image classification,tarek199147/nwpu-resisc45,nwpu-resisc45,overall_accuracy,Overall Accuracy,OA,true,,,,candidate,"paper links task 'Image classification', dataset 'nwpu-resisc45', metric inferred from task family",paper_tasks.csv|paper_datasets.csv|metrics.csv defaults,0.45,metadata_join_task_default_metric
benchmark_task_scene_classification_tarek199147_nwpu_resisc45_f1_score_unspecified_paper-2103-15463,paper_2103_15463,task_scene_classification,Scene classification,tarek199147/nwpu-resisc45,nwpu-resisc45,f1_score,F1 Score,F1,true,,,,candidate,"paper links task 'Scene classification', dataset 'nwpu-resisc45', metric inferred from task family",paper_tasks.csv|paper_datasets.csv|metrics.csv defaults,0.45,metadata_join_task_default_metric
benchmark_task_scene_classification_tarek199147_nwpu_resisc45_overall_accuracy_unspecified_paper-2103-15463,paper_2103_15463,task_scene_classification,Scene classification,tarek199147/nwpu-resisc45,nwpu-resisc45,overall_accuracy,Overall Accuracy,OA,true,,,,candidate,"paper links task 'Scene classification', dataset 'nwpu-resisc45', metric inferred from task family",paper_tasks.csv|paper_datasets.csv|metrics.csv defaults,0.45,metadata_join_task_default_metric
benchmark_task_classification_tarek199147_nwpu_resisc45_accuracy_unspecified_paper-2104-00222,paper_2104_00222,task_classification,Classification,tarek199147/nwpu-resisc45,nwpu-resisc45,accuracy,Accuracy,Accuracy,true,,,,probable,"paper links task 'Classification', dataset 'nwpu-resisc45', and explicitly mentions metric 'Accuracy'",paper_tasks.csv|paper_datasets.csv|paper_metrics.csv,0.60,metadata_join_explicit_metric
benchmark_task_image_classification_tarek199147_nwpu_resisc45_accuracy_unspecified_paper-2104-00222,paper_2104_00222,task_image_classification,Image classification,tarek199147/nwpu-resisc45,nwpu-resisc45,accuracy,Accuracy,Accuracy,true,,,,probable,"paper links task 'Image classification', dataset 'nwpu-resisc45', and explicitly mentions metric 'Accuracy'",paper_tasks.csv|paper_datasets.csv|paper_metrics.csv,0.60,metadata_join_explicit_metric
benchmark_task_scene_classification_tarek199147_nwpu_resisc45_accuracy_unspecified_paper-2104-00222,paper_2104_00222,task_scene_classification,Scene classification,tarek199147/nwpu-resisc45,nwpu-resisc45,accuracy,Accuracy,Accuracy,true,,,,probable,"paper links task 'Scene classification', dataset 'nwpu-resisc45', and explicitly mentions metric 'Accuracy'",paper_tasks.csv|paper_datasets.csv|paper_metrics.csv,0.60,metadata_join_explicit_metric
benchmark_task_classification_bigearthnet_f1_score_unspecified_paper-2104-01375,paper_2104_01375,task_classification,Classification,BigEarthNet,BigEarthNet,f1_score,F1 Score,F1,true,,,,candidate,"paper links task 'Classification', dataset 'BigEarthNet', metric inferred from task family",paper_tasks.csv|paper_datasets.csv|metrics.csv defaults,0.45,metadata_join_task_default_metric
benchmark_task_classification_bigearthnet_overall_accuracy_unspecified_paper-2104-01375,paper_2104_01375,task_classification,Classification,BigEarthNet,BigEarthNet,overall_accuracy,Overall Accuracy,OA,true,,,,candidate,"paper links task 'Classification', dataset 'BigEarthNet', metric inferred from task family",paper_tasks.csv|paper_datasets.csv|metrics.csv defaults,0.45,metadata_join_task_default_metric
benchmark_task_image_classification_bigearthnet_f1_score_unspecified_paper-2104-01375,paper_2104_01375,task_image_classification,Image classification,BigEarthNet,BigEarthNet,f1_score,F1 Score,F1,true,,,,candidate,"paper links task 'Image classification', dataset 'BigEarthNet', metric inferred from task family",paper_tasks.csv|paper_datasets.csv|metrics.csv defaults,0.45,metadata_join_task_default_metric
benchmark_task_image_classification_bigearthnet_overall_accuracy_unspecified_paper-2104-01375,paper_2104_01375,task_image_classification,Image classification,BigEarthNet,BigEarthNet,overall_accuracy,Overall Accuracy,OA,true,,,,candidate,"paper links task 'Image classification', dataset 'BigEarthNet', metric inferred from task family",paper_tasks.csv|paper_datasets.csv|metrics.csv defaults,0.45,metadata_join_task_default_metric
benchmark_task_forecasting_a_large_scale_dataset_mean_absolute_error_unspecified,paper_2104_10066,task_forecasting,Forecasting,A Large-scale Dataset,A Large-scale Dataset,mean_absolute_error,Mean Absolute Error,MAE,false,,,,candidate,"paper links task 'Forecasting', dataset 'A Large-scale Dataset', metric inferred from task family",paper_tasks.csv|paper_datasets.csv|metrics.csv defaults,0.45,metadata_join_task_default_metric
benchmark_task_forecasting_a_large_scale_dataset_root_mean_squared_error_unspecified,paper_2104_10066,task_forecasting,Forecasting,A Large-scale Dataset,A Large-scale Dataset,root_mean_squared_error,Root Mean Squared Error,RMSE,false,,,,candidate,"paper links task 'Forecasting', dataset 'A Large-scale Dataset', metric inferred from task family",paper_tasks.csv|paper_datasets.csv|metrics.csv defaults,0.45,metadata_join_task_default_metric
benchmark_task_object_detection_a_large_scale_dataset_ap50_unspecified_paper-2104-13923,paper_2104_13923,task_object_detection,Object detection,A Large-scale Dataset,A Large-scale Dataset,ap50,Average Precision at IoU 0.50,AP50,true,,,,candidate,"paper links task 'Object detection', dataset 'A Large-scale Dataset', metric inferred from task family",paper_tasks.csv|paper_datasets.csv|metrics.csv defaults,0.45,metadata_join_task_default_metric
benchmark_task_object_detection_a_large_scale_dataset_mean_average_precision_unspecified_paper-2104-13923,paper_2104_13923,task_object_detection,Object detection,A Large-scale Dataset,A Large-scale Dataset,mean_average_precision,Mean Average Precision,mAP,true,,,,candidate,"paper links task 'Object detection', dataset 'A Large-scale Dataset', metric inferred from task family",paper_tasks.csv|paper_datasets.csv|metrics.csv defaults,0.45,metadata_join_task_default_metric
benchmark_task_classification_bigearthnet_f1_score_unspecified_paper-2105-07921,paper_2105_07921,task_classification,Classification,BigEarthNet,BigEarthNet,f1_score,F1 Score,F1,true,,,,candidate,"paper links task 'Classification', dataset 'BigEarthNet', metric inferred from task family",paper_tasks.csv|paper_datasets.csv|metrics.csv defaults,0.45,metadata_join_task_default_metric
benchmark_task_classification_bigearthnet_overall_accuracy_unspecified_paper-2105-07921,paper_2105_07921,task_classification,Classification,BigEarthNet,BigEarthNet,overall_accuracy,Overall Accuracy,OA,true,,,,candidate,"paper links task 'Classification', dataset 'BigEarthNet', metric inferred from task family",paper_tasks.csv|paper_datasets.csv|metrics.csv defaults,0.45,metadata_join_task_default_metric
benchmark_task_image_classification_bigearthnet_f1_score_unspecified_paper-2105-07921,paper_2105_07921,task_image_classification,Image classification,BigEarthNet,BigEarthNet,f1_score,F1 Score,F1,true,,,,candidate,"paper links task 'Image classification', dataset 'BigEarthNet', metric inferred from task family",paper_tasks.csv|paper_datasets.csv|metrics.csv defaults,0.45,metadata_join_task_default_metric
benchmark_task_image_classification_bigearthnet_overall_accuracy_unspecified_paper-2105-07921,paper_2105_07921,task_image_classification,Image classification,BigEarthNet,BigEarthNet,overall_accuracy,Overall Accuracy,OA,true,,,,candidate,"paper links task 'Image classification', dataset 'BigEarthNet', metric inferred from task family",paper_tasks.csv|paper_datasets.csv|metrics.csv defaults,0.45,metadata_join_task_default_metric
benchmark_task_land_cover_mapping_bigearthnet_f1_score_unspecified_paper-2105-07921,paper_2105_07921,task_land_cover_mapping,Land cover mapping,BigEarthNet,BigEarthNet,f1_score,F1 Score,F1,true,,,,candidate,"paper links task 'Land cover mapping', dataset 'BigEarthNet', metric inferred from task family",paper_tasks.csv|paper_datasets.csv|metrics.csv defaults,0.45,metadata_join_task_default_metric
benchmark_task_land_cover_mapping_bigearthnet_mean_intersection_over_union_unspecified_paper-2105-07921,paper_2105_07921,task_land_cover_mapping,Land cover mapping,BigEarthNet,BigEarthNet,mean_intersection_over_union,Mean Intersection over Union,mIoU,true,,,,candidate,"paper links task 'Land cover mapping', dataset 'BigEarthNet', metric inferred from task family",paper_tasks.csv|paper_datasets.csv|metrics.csv defaults,0.45,metadata_join_task_default_metric
benchmark_task_scene_classification_bigearthnet_f1_score_unspecified_paper-2105-07921,paper_2105_07921,task_scene_classification,Scene classification,BigEarthNet,BigEarthNet,f1_score,F1 Score,F1,true,,,,candidate,"paper links task 'Scene classification', dataset 'BigEarthNet', metric inferred from task family",paper_tasks.csv|paper_datasets.csv|metrics.csv defaults,0.45,metadata_join_task_default_metric
benchmark_task_scene_classification_bigearthnet_overall_accuracy_unspecified_paper-2105-07921,paper_2105_07921,task_scene_classification,Scene classification,BigEarthNet,BigEarthNet,overall_accuracy,Overall Accuracy,OA,true,,,,candidate,"paper links task 'Scene classification', dataset 'BigEarthNet', metric inferred from task family",paper_tasks.csv|paper_datasets.csv|metrics.csv defaults,0.45,metadata_join_task_default_metric
benchmark_task_classification_eurosat_dataset_f1_score_unspecified_paper-2109-09484,paper_2109_09484,task_classification,Classification,EuroSAT dataset,EuroSAT dataset,f1_score,F1 Score,F1,true,,,,candidate,"paper links task 'Classification', dataset 'EuroSAT dataset', metric inferred from task family",paper_tasks.csv|paper_datasets.csv|metrics.csv defaults,0.45,metadata_join_task_default_metric
benchmark_task_classification_eurosat_dataset_overall_accuracy_unspecified_paper-2109-09484,paper_2109_09484,task_classification,Classification,EuroSAT dataset,EuroSAT dataset,overall_accuracy,Overall Accuracy,OA,true,,,,candidate,"paper links task 'Classification', dataset 'EuroSAT dataset', metric inferred from task family",paper_tasks.csv|paper_datasets.csv|metrics.csv defaults,0.45,metadata_join_task_default_metric
benchmark_task_image_classification_eurosat_dataset_f1_score_unspecified_paper-2109-09484,paper_2109_09484,task_image_classification,Image classification,EuroSAT dataset,EuroSAT dataset,f1_score,F1 Score,F1,true,,,,candidate,"paper links task 'Image classification', dataset 'EuroSAT dataset', metric inferred from task family",paper_tasks.csv|paper_datasets.csv|metrics.csv defaults,0.45,metadata_join_task_default_metric
benchmark_task_image_classification_eurosat_dataset_overall_accuracy_unspecified_paper-2109-09484,paper_2109_09484,task_image_classification,Image classification,EuroSAT dataset,EuroSAT dataset,overall_accuracy,Overall Accuracy,OA,true,,,,candidate,"paper links task 'Image classification', dataset 'EuroSAT dataset', metric inferred from task family",paper_tasks.csv|paper_datasets.csv|metrics.csv defaults,0.45,metadata_join_task_default_metric
benchmark_task_land_cover_mapping_eurosat_dataset_f1_score_unspecified_paper-2109-09484,paper_2109_09484,task_land_cover_mapping,Land cover mapping,EuroSAT dataset,EuroSAT dataset,f1_score,F1 Score,F1,true,,,,candidate,"paper links task 'Land cover mapping', dataset 'EuroSAT dataset', metric inferred from task family",paper_tasks.csv|paper_datasets.csv|metrics.csv defaults,0.45,metadata_join_task_default_metric
benchmark_task_land_cover_mapping_eurosat_dataset_mean_intersection_over_union_unspecified_paper-2109-09484,paper_2109_09484,task_land_cover_mapping,Land cover mapping,EuroSAT dataset,EuroSAT dataset,mean_intersection_over_union,Mean Intersection over Union,mIoU,true,,,,candidate,"paper links task 'Land cover mapping', dataset 'EuroSAT dataset', metric inferred from task family",paper_tasks.csv|paper_datasets.csv|metrics.csv defaults,0.45,metadata_join_task_default_metric
benchmark_task_change_detection_rmbielski_planetscope_ap50_unspecified,paper_2110_02068,task_change_detection,Change detection,rmbielski/PlanetScope,PlanetScope,ap50,Average Precision at IoU 0.50,AP50,true,,,,candidate,"paper links task 'Change detection', dataset 'PlanetScope', metric inferred from task family",paper_tasks.csv|paper_datasets.csv|metrics.csv defaults,0.45,metadata_join_task_default_metric
benchmark_task_change_detection_rmbielski_planetscope_mean_average_precision_unspecified,paper_2110_02068,task_change_detection,Change detection,rmbielski/PlanetScope,PlanetScope,mean_average_precision,Mean Average Precision,mAP,true,,,,candidate,"paper links task 'Change detection', dataset 'PlanetScope', metric inferred from task family",paper_tasks.csv|paper_datasets.csv|metrics.csv defaults,0.45,metadata_join_task_default_metric
benchmark_task_object_detection_rmbielski_planetscope_ap50_unspecified_paper-2110-02068,paper_2110_02068,task_object_detection,Object detection,rmbielski/PlanetScope,PlanetScope,ap50,Average Precision at IoU 0.50,AP50,true,,,,candidate,"paper links task 'Object detection', dataset 'PlanetScope', metric inferred from task family",paper_tasks.csv|paper_datasets.csv|metrics.csv defaults,0.45,metadata_join_task_default_metric
benchmark_task_object_detection_rmbielski_planetscope_mean_average_precision_unspecified_paper-2110-02068,paper_2110_02068,task_object_detection,Object detection,rmbielski/PlanetScope,PlanetScope,mean_average_precision,Mean Average Precision,mAP,true,,,,candidate,"paper links task 'Object detection', dataset 'PlanetScope', metric inferred from task family",paper_tasks.csv|paper_datasets.csv|metrics.csv defaults,0.45,metadata_join_task_default_metric
benchmark_task_classification_gfm_bench_eurosat_accuracy_unspecified_paper-2110-02580,paper_2110_02580,task_classification,Classification,GFM-Bench/EuroSAT,EuroSAT,accuracy,Accuracy,Accuracy,true,,,,probable,"paper links task 'Classification', dataset 'EuroSAT', and explicitly mentions metric 'Accuracy'",paper_tasks.csv|paper_datasets.csv|paper_metrics.csv,0.60,metadata_join_explicit_metric
benchmark_task_image_classification_gfm_bench_eurosat_accuracy_unspecified_paper-2110-02580,paper_2110_02580,task_image_classification,Image classification,GFM-Bench/EuroSAT,EuroSAT,accuracy,Accuracy,Accuracy,true,,,,probable,"paper links task 'Image classification', dataset 'EuroSAT', and explicitly mentions metric 'Accuracy'",paper_tasks.csv|paper_datasets.csv|paper_metrics.csv,0.60,metadata_join_explicit_metric
benchmark_task_land_cover_mapping_gfm_bench_eurosat_accuracy_unspecified_paper-2110-02580,paper_2110_02580,task_land_cover_mapping,Land cover mapping,GFM-Bench/EuroSAT,EuroSAT,accuracy,Accuracy,Accuracy,true,,,,probable,"paper links task 'Land cover mapping', dataset 'EuroSAT', and explicitly mentions metric 'Accuracy'",paper_tasks.csv|paper_datasets.csv|paper_metrics.csv,0.60,metadata_join_explicit_metric
benchmark_task_classification_tarek199147_nwpu_resisc45_f1_score_unspecified_paper-2110-04494,paper_2110_04494,task_classification,Classification,tarek199147/nwpu-resisc45,nwpu-resisc45,f1_score,F1 Score,F1,true,,,,candidate,"paper links task 'Classification', dataset 'nwpu-resisc45', metric inferred from task family",paper_tasks.csv|paper_datasets.csv|metrics.csv defaults,0.45,metadata_join_task_default_metric
benchmark_task_classification_tarek199147_nwpu_resisc45_overall_accuracy_unspecified_paper-2110-04494,paper_2110_04494,task_classification,Classification,tarek199147/nwpu-resisc45,nwpu-resisc45,overall_accuracy,Overall Accuracy,OA,true,,,,candidate,"paper links task 'Classification', dataset 'nwpu-resisc45', metric inferred from task family",paper_tasks.csv|paper_datasets.csv|metrics.csv defaults,0.45,metadata_join_task_default_metric
benchmark_task_image_classification_tarek199147_nwpu_resisc45_f1_score_unspecified_paper-2110-04494,paper_2110_04494,task_image_classification,Image classification,tarek199147/nwpu-resisc45,nwpu-resisc45,f1_score,F1 Score,F1,true,,,,candidate,"paper links task 'Image classification', dataset 'nwpu-resisc45', metric inferred from task family",paper_tasks.csv|paper_datasets.csv|metrics.csv defaults,0.45,metadata_join_task_default_metric
benchmark_task_image_classification_tarek199147_nwpu_resisc45_overall_accuracy_unspecified_paper-2110-04494,paper_2110_04494,task_image_classification,Image classification,tarek199147/nwpu-resisc45,nwpu-resisc45,overall_accuracy,Overall Accuracy,OA,true,,,,candidate,"paper links task 'Image classification', dataset 'nwpu-resisc45', metric inferred from task family",paper_tasks.csv|paper_datasets.csv|metrics.csv defaults,0.45,metadata_join_task_default_metric
benchmark_task_scene_classification_tarek199147_nwpu_resisc45_f1_score_unspecified_paper-2110-04494,paper_2110_04494,task_scene_classification,Scene classification,tarek199147/nwpu-resisc45,nwpu-resisc45,f1_score,F1 Score,F1,true,,,,candidate,"paper links task 'Scene classification', dataset 'nwpu-resisc45', metric inferred from task family",paper_tasks.csv|paper_datasets.csv|metrics.csv defaults,0.45,metadata_join_task_default_metric
benchmark_task_scene_classification_tarek199147_nwpu_resisc45_overall_accuracy_unspecified_paper-2110-04494,paper_2110_04494,task_scene_classification,Scene classification,tarek199147/nwpu-resisc45,nwpu-resisc45,overall_accuracy,Overall Accuracy,OA,true,,,,candidate,"paper links task 'Scene classification', dataset 'nwpu-resisc45', metric inferred from task family",paper_tasks.csv|paper_datasets.csv|metrics.csv defaults,0.45,metadata_join_task_default_metric
benchmark_task_semantic_segmentation_a_remote_sensing_land_cover_dataset_f1_score_unspecified,paper_2110_08733,task_semantic_segmentation,Semantic segmentation,A Remote Sensing Land-Cover Dataset,A Remote Sensing Land-Cover Dataset,f1_score,F1 Score,F1,true,,,,candidate,"paper links task 'Semantic segmentation', dataset 'A Remote Sensing Land-Cover Dataset', metric inferred from task family",paper_tasks.csv|paper_datasets.csv|metrics.csv defaults,0.45,metadata_join_task_default_metric
benchmark_task_semantic_segmentation_a_remote_sensing_land_cover_dataset_mean_intersection_over_union_unspecified,paper_2110_08733,task_semantic_segmentation,Semantic segmentation,A Remote Sensing Land-Cover Dataset,A Remote Sensing Land-Cover Dataset,mean_intersection_over_union,Mean Intersection over Union,mIoU,true,,,,candidate,"paper links task 'Semantic segmentation', dataset 'A Remote Sensing Land-Cover Dataset', metric inferred from task family",paper_tasks.csv|paper_datasets.csv|metrics.csv defaults,0.45,metadata_join_task_default_metric
benchmark_task_classification_rmbielski_planetscope_f1_score_unspecified_paper-2111-03231,paper_2111_03231,task_classification,Classification,rmbielski/PlanetScope,PlanetScope,f1_score,F1 Score,F1,true,,,,candidate,"paper links task 'Classification', dataset 'PlanetScope', metric inferred from task family",paper_tasks.csv|paper_datasets.csv|metrics.csv defaults,0.45,metadata_join_task_default_metric
benchmark_task_classification_rmbielski_planetscope_overall_accuracy_unspecified_paper-2111-03231,paper_2111_03231,task_classification,Classification,rmbielski/PlanetScope,PlanetScope,overall_accuracy,Overall Accuracy,OA,true,,,,candidate,"paper links task 'Classification', dataset 'PlanetScope', metric inferred from task family",paper_tasks.csv|paper_datasets.csv|metrics.csv defaults,0.45,metadata_join_task_default_metric
benchmark_task_image_classification_rmbielski_planetscope_f1_score_unspecified_paper-2111-03231,paper_2111_03231,task_image_classification,Image classification,rmbielski/PlanetScope,PlanetScope,f1_score,F1 Score,F1,true,,,,candidate,"paper links task 'Image classification', dataset 'PlanetScope', metric inferred from task family",paper_tasks.csv|paper_datasets.csv|metrics.csv defaults,0.45,metadata_join_task_default_metric
benchmark_task_image_classification_rmbielski_planetscope_overall_accuracy_unspecified_paper-2111-03231,paper_2111_03231,task_image_classification,Image classification,rmbielski/PlanetScope,PlanetScope,overall_accuracy,Overall Accuracy,OA,true,,,,candidate,"paper links task 'Image classification', dataset 'PlanetScope', metric inferred from task family",paper_tasks.csv|paper_datasets.csv|metrics.csv defaults,0.45,metadata_join_task_default_metric
benchmark_task_object_detection_rmbielski_planetscope_ap50_unspecified_paper-2111-03231,paper_2111_03231,task_object_detection,Object detection,rmbielski/PlanetScope,PlanetScope,ap50,Average Precision at IoU 0.50,AP50,true,,,,candidate,"paper links task 'Object detection', dataset 'PlanetScope', metric inferred from task family",paper_tasks.csv|paper_datasets.csv|metrics.csv defaults,0.45,metadata_join_task_default_metric
benchmark_task_object_detection_rmbielski_planetscope_mean_average_precision_unspecified_paper-2111-03231,paper_2111_03231,task_object_detection,Object detection,rmbielski/PlanetScope,PlanetScope,mean_average_precision,Mean Average Precision,mAP,true,,,,candidate,"paper links task 'Object detection', dataset 'PlanetScope', metric inferred from task family",paper_tasks.csv|paper_datasets.csv|metrics.csv defaults,0.45,metadata_join_task_default_metric
benchmark_task_super_resolution_rmbielski_planetscope_psnr_unspecified,paper_2111_03231,task_super_resolution,Super-resolution,rmbielski/PlanetScope,PlanetScope,psnr,Peak Signal-to-Noise Ratio,PSNR,true,,,,candidate,"paper links task 'Super-resolution', dataset 'PlanetScope', metric inferred from task family",paper_tasks.csv|paper_datasets.csv|metrics.csv defaults,0.45,metadata_join_task_default_metric
benchmark_task_super_resolution_rmbielski_planetscope_ssim_unspecified,paper_2111_03231,task_super_resolution,Super-resolution,rmbielski/PlanetScope,PlanetScope,ssim,Structural Similarity Index Measure,SSIM,true,,,,candidate,"paper links task 'Super-resolution', dataset 'PlanetScope', metric inferred from task family",paper_tasks.csv|paper_datasets.csv|metrics.csv defaults,0.45,metadata_join_task_default_metric
benchmark_task_classification_bigearthnet_accuracy_unspecified_paper-2111-09451,paper_2111_09451,task_classification,Classification,BigEarthNet,BigEarthNet,accuracy,Accuracy,Accuracy,true,,,,probable,"paper links task 'Classification', dataset 'BigEarthNet', and explicitly mentions metric 'Accuracy'",paper_tasks.csv|paper_datasets.csv|paper_metrics.csv,0.60,metadata_join_explicit_metric
benchmark_task_image_classification_bigearthnet_accuracy_unspecified_paper-2111-09451,paper_2111_09451,task_image_classification,Image classification,BigEarthNet,BigEarthNet,accuracy,Accuracy,Accuracy,true,,,,probable,"paper links task 'Image classification', dataset 'BigEarthNet', and explicitly mentions metric 'Accuracy'",paper_tasks.csv|paper_datasets.csv|paper_metrics.csv,0.60,metadata_join_explicit_metric
benchmark_task_land_cover_mapping_bigearthnet_accuracy_unspecified_paper-2111-09451,paper_2111_09451,task_land_cover_mapping,Land cover mapping,BigEarthNet,BigEarthNet,accuracy,Accuracy,Accuracy,true,,,,probable,"paper links task 'Land cover mapping', dataset 'BigEarthNet', and explicitly mentions metric 'Accuracy'",paper_tasks.csv|paper_datasets.csv|paper_metrics.csv,0.60,metadata_join_explicit_metric
benchmark_task_change_detection_changeformer_ap50_unspecified,paper_2201_01293,task_change_detection,Change detection,ChangeFormer,ChangeFormer,ap50,Average Precision at IoU 0.50,AP50,true,,,,candidate,"paper links task 'Change detection', dataset 'ChangeFormer', metric inferred from task family",paper_tasks.csv|paper_datasets.csv|metrics.csv defaults,0.45,metadata_join_task_default_metric
benchmark_task_change_detection_changeformer_mean_average_precision_unspecified,paper_2201_01293,task_change_detection,Change detection,ChangeFormer,ChangeFormer,mean_average_precision,Mean Average Precision,mAP,true,,,,candidate,"paper links task 'Change detection', dataset 'ChangeFormer', metric inferred from task family",paper_tasks.csv|paper_datasets.csv|metrics.csv defaults,0.45,metadata_join_task_default_metric
benchmark_task_object_detection_changeformer_ap50_unspecified,paper_2201_01293,task_object_detection,Object detection,ChangeFormer,ChangeFormer,ap50,Average Precision at IoU 0.50,AP50,true,,,,candidate,"paper links task 'Object detection', dataset 'ChangeFormer', metric inferred from task family",paper_tasks.csv|paper_datasets.csv|metrics.csv defaults,0.45,metadata_join_task_default_metric
benchmark_task_object_detection_changeformer_mean_average_precision_unspecified,paper_2201_01293,task_object_detection,Object detection,ChangeFormer,ChangeFormer,mean_average_precision,Mean Average Precision,mAP,true,,,,candidate,"paper links task 'Object detection', dataset 'ChangeFormer', metric inferred from task family",paper_tasks.csv|paper_datasets.csv|metrics.csv defaults,0.45,metadata_join_task_default_metric
benchmark_task_classification_tarek199147_nwpu_resisc45_f1_score_unspecified_paper-2203-01187,paper_2203_01187,task_classification,Classification,tarek199147/nwpu-resisc45,nwpu-resisc45,f1_score,F1 Score,F1,true,,,,candidate,"paper links task 'Classification', dataset 'nwpu-resisc45', metric inferred from task family",paper_tasks.csv|paper_datasets.csv|metrics.csv defaults,0.45,metadata_join_task_default_metric
benchmark_task_classification_tarek199147_nwpu_resisc45_overall_accuracy_unspecified_paper-2203-01187,paper_2203_01187,task_classification,Classification,tarek199147/nwpu-resisc45,nwpu-resisc45,overall_accuracy,Overall Accuracy,OA,true,,,,candidate,"paper links task 'Classification', dataset 'nwpu-resisc45', metric inferred from task family",paper_tasks.csv|paper_datasets.csv|metrics.csv defaults,0.45,metadata_join_task_default_metric
benchmark_task_image_classification_tarek199147_nwpu_resisc45_f1_score_unspecified_paper-2203-01187,paper_2203_01187,task_image_classification,Image classification,tarek199147/nwpu-resisc45,nwpu-resisc45,f1_score,F1 Score,F1,true,,,,candidate,"paper links task 'Image classification', dataset 'nwpu-resisc45', metric inferred from task family",paper_tasks.csv|paper_datasets.csv|metrics.csv defaults,0.45,metadata_join_task_default_metric
benchmark_task_image_classification_tarek199147_nwpu_resisc45_overall_accuracy_unspecified_paper-2203-01187,paper_2203_01187,task_image_classification,Image classification,tarek199147/nwpu-resisc45,nwpu-resisc45,overall_accuracy,Overall Accuracy,OA,true,,,,candidate,"paper links task 'Image classification', dataset 'nwpu-resisc45', metric inferred from task family",paper_tasks.csv|paper_datasets.csv|metrics.csv defaults,0.45,metadata_join_task_default_metric
benchmark_task_classification_zhu_xlab_so2sat_lcz42_accuracy_unspecified_paper-2203-08267,paper_2203_08267,task_classification,Classification,zhu-xlab/So2Sat-LCZ42,So2Sat-LCZ42,accuracy,Accuracy,Accuracy,true,,,,probable,"paper links task 'Classification', dataset 'So2Sat-LCZ42', and explicitly mentions metric 'Accuracy'",paper_tasks.csv|paper_datasets.csv|paper_metrics.csv,0.60,metadata_join_explicit_metric
benchmark_task_image_classification_zhu_xlab_so2sat_lcz42_accuracy_unspecified_paper-2203-08267,paper_2203_08267,task_image_classification,Image classification,zhu-xlab/So2Sat-LCZ42,So2Sat-LCZ42,accuracy,Accuracy,Accuracy,true,,,,probable,"paper links task 'Image classification', dataset 'So2Sat-LCZ42', and explicitly mentions metric 'Accuracy'",paper_tasks.csv|paper_datasets.csv|paper_metrics.csv,0.60,metadata_join_explicit_metric
benchmark_task_object_detection_a_large_scale_dataset_ap50_unspecified_paper-2204-00790,paper_2204_00790,task_object_detection,Object detection,A Large-scale Dataset,A Large-scale Dataset,ap50,Average Precision at IoU 0.50,AP50,true,,,,candidate,"paper links task 'Object detection', dataset 'A Large-scale Dataset', metric inferred from task family",paper_tasks.csv|paper_datasets.csv|metrics.csv defaults,0.45,metadata_join_task_default_metric
benchmark_task_object_detection_a_large_scale_dataset_mean_average_precision_unspecified_paper-2204-00790,paper_2204_00790,task_object_detection,Object detection,A Large-scale Dataset,A Large-scale Dataset,mean_average_precision,Mean Average Precision,mAP,true,,,,candidate,"paper links task 'Object detection', dataset 'A Large-scale Dataset', metric inferred from task family",paper_tasks.csv|paper_datasets.csv|metrics.csv defaults,0.45,metadata_join_task_default_metric
benchmark_task_classification_gfm_bench_eurosat_f1_score_unspecified_paper-2205-02049,paper_2205_02049,task_classification,Classification,GFM-Bench/EuroSAT,EuroSAT,f1_score,F1 Score,F1,true,,,,probable,"paper links task 'Classification', dataset 'EuroSAT', and explicitly mentions metric 'F1 Score'",paper_tasks.csv|paper_datasets.csv|paper_metrics.csv,0.60,metadata_join_explicit_metric
benchmark_task_classification_gfm_bench_eurosat_mean_intersection_over_union_unspecified,paper_2205_02049,task_classification,Classification,GFM-Bench/EuroSAT,EuroSAT,mean_intersection_over_union,Mean Intersection over Union,mIoU,true,,,,probable,"paper links task 'Classification', dataset 'EuroSAT', and explicitly mentions metric 'Mean Intersection over Union'",paper_tasks.csv|paper_datasets.csv|paper_metrics.csv,0.60,metadata_join_explicit_metric
benchmark_task_image_classification_gfm_bench_eurosat_f1_score_unspecified_paper-2205-02049,paper_2205_02049,task_image_classification,Image classification,GFM-Bench/EuroSAT,EuroSAT,f1_score,F1 Score,F1,true,,,,probable,"paper links task 'Image classification', dataset 'EuroSAT', and explicitly mentions metric 'F1 Score'",paper_tasks.csv|paper_datasets.csv|paper_metrics.csv,0.60,metadata_join_explicit_metric
benchmark_task_image_classification_gfm_bench_eurosat_mean_intersection_over_union_unspecified,paper_2205_02049,task_image_classification,Image classification,GFM-Bench/EuroSAT,EuroSAT,mean_intersection_over_union,Mean Intersection over Union,mIoU,true,,,,probable,"paper links task 'Image classification', dataset 'EuroSAT', and explicitly mentions metric 'Mean Intersection over Union'",paper_tasks.csv|paper_datasets.csv|paper_metrics.csv,0.60,metadata_join_explicit_metric
benchmark_task_semantic_segmentation_gfm_bench_eurosat_f1_score_unspecified_paper-2205-02049,paper_2205_02049,task_semantic_segmentation,Semantic segmentation,GFM-Bench/EuroSAT,EuroSAT,f1_score,F1 Score,F1,true,,,,probable,"paper links task 'Semantic segmentation', dataset 'EuroSAT', and explicitly mentions metric 'F1 Score'",paper_tasks.csv|paper_datasets.csv|paper_metrics.csv,0.60,metadata_join_explicit_metric
benchmark_task_semantic_segmentation_gfm_bench_eurosat_mean_intersection_over_union_unspecified_paper-2205-02049,paper_2205_02049,task_semantic_segmentation,Semantic segmentation,GFM-Bench/EuroSAT,EuroSAT,mean_intersection_over_union,Mean Intersection over Union,mIoU,true,,,,probable,"paper links task 'Semantic segmentation', dataset 'EuroSAT', and explicitly mentions metric 'Mean Intersection over Union'",paper_tasks.csv|paper_datasets.csv|paper_metrics.csv,0.60,metadata_join_explicit_metric
benchmark_task_classification_tarek199147_nwpu_resisc45_accuracy_unspecified_paper-2206-13392,paper_2206_13392,task_classification,Classification,tarek199147/nwpu-resisc45,nwpu-resisc45,accuracy,Accuracy,Accuracy,true,,,,probable,"paper links task 'Classification', dataset 'nwpu-resisc45', and explicitly mentions metric 'Accuracy'",paper_tasks.csv|paper_datasets.csv|paper_metrics.csv,0.60,metadata_join_explicit_metric
benchmark_task_image_classification_tarek199147_nwpu_resisc45_accuracy_unspecified_paper-2206-13392,paper_2206_13392,task_image_classification,Image classification,tarek199147/nwpu-resisc45,nwpu-resisc45,accuracy,Accuracy,Accuracy,true,,,,probable,"paper links task 'Image classification', dataset 'nwpu-resisc45', and explicitly mentions metric 'Accuracy'",paper_tasks.csv|paper_datasets.csv|paper_metrics.csv,0.60,metadata_join_explicit_metric
benchmark_task_object_detection_tarek199147_nwpu_resisc45_accuracy_unspecified,paper_2206_13392,task_object_detection,Object detection,tarek199147/nwpu-resisc45,nwpu-resisc45,accuracy,Accuracy,Accuracy,true,,,,probable,"paper links task 'Object detection', dataset 'nwpu-resisc45', and explicitly mentions metric 'Accuracy'",paper_tasks.csv|paper_datasets.csv|paper_metrics.csv,0.60,metadata_join_explicit_metric
benchmark_task_scene_classification_tarek199147_nwpu_resisc45_accuracy_unspecified_paper-2206-13392,paper_2206_13392,task_scene_classification,Scene classification,tarek199147/nwpu-resisc45,nwpu-resisc45,accuracy,Accuracy,Accuracy,true,,,,probable,"paper links task 'Scene classification', dataset 'nwpu-resisc45', and explicitly mentions metric 'Accuracy'",paper_tasks.csv|paper_datasets.csv|paper_metrics.csv,0.60,metadata_join_explicit_metric
benchmark_task_classification_an_open_source_benchmark_f1_score_unspecified,paper_2207_07189,task_classification,Classification,An open-source benchmark,An open-source benchmark,f1_score,F1 Score,F1,true,,,,candidate,"paper links task 'Classification', dataset 'An open-source benchmark', metric inferred from task family",paper_tasks.csv|paper_datasets.csv|metrics.csv defaults,0.45,metadata_join_task_default_metric
benchmark_task_classification_an_open_source_benchmark_overall_accuracy_unspecified,paper_2207_07189,task_classification,Classification,An open-source benchmark,An open-source benchmark,overall_accuracy,Overall Accuracy,OA,true,,,,candidate,"paper links task 'Classification', dataset 'An open-source benchmark', metric inferred from task family",paper_tasks.csv|paper_datasets.csv|metrics.csv defaults,0.45,metadata_join_task_default_metric
benchmark_task_image_classification_an_open_source_benchmark_f1_score_unspecified,paper_2207_07189,task_image_classification,Image classification,An open-source benchmark,An open-source benchmark,f1_score,F1 Score,F1,true,,,,candidate,"paper links task 'Image classification', dataset 'An open-source benchmark', metric inferred from task family",paper_tasks.csv|paper_datasets.csv|metrics.csv defaults,0.45,metadata_join_task_default_metric
benchmark_task_image_classification_an_open_source_benchmark_overall_accuracy_unspecified,paper_2207_07189,task_image_classification,Image classification,An open-source benchmark,An open-source benchmark,overall_accuracy,Overall Accuracy,OA,true,,,,candidate,"paper links task 'Image classification', dataset 'An open-source benchmark', metric inferred from task family",paper_tasks.csv|paper_datasets.csv|metrics.csv defaults,0.45,metadata_join_task_default_metric
benchmark_task_classification_eurosat_dataset_accuracy_unspecified_paper-2207-10368,paper_2207_10368,task_classification,Classification,EuroSAT dataset,EuroSAT dataset,accuracy,Accuracy,Accuracy,true,,,,probable,"paper links task 'Classification', dataset 'EuroSAT dataset', and explicitly mentions metric 'Accuracy'",paper_tasks.csv|paper_datasets.csv|paper_metrics.csv,0.60,metadata_join_explicit_metric
benchmark_task_image_classification_eurosat_dataset_accuracy_unspecified_paper-2207-10368,paper_2207_10368,task_image_classification,Image classification,EuroSAT dataset,EuroSAT dataset,accuracy,Accuracy,Accuracy,true,,,,probable,"paper links task 'Image classification', dataset 'EuroSAT dataset', and explicitly mentions metric 'Accuracy'",paper_tasks.csv|paper_datasets.csv|paper_metrics.csv,0.60,metadata_join_explicit_metric
benchmark_task_classification_eurosat_dataset_f1_score_unspecified_paper-2207-14580,paper_2207_14580,task_classification,Classification,EuroSAT dataset,EuroSAT dataset,f1_score,F1 Score,F1,true,,,,candidate,"paper links task 'Classification', dataset 'EuroSAT dataset', metric inferred from task family",paper_tasks.csv|paper_datasets.csv|metrics.csv defaults,0.45,metadata_join_task_default_metric
benchmark_task_classification_eurosat_dataset_overall_accuracy_unspecified_paper-2207-14580,paper_2207_14580,task_classification,Classification,EuroSAT dataset,EuroSAT dataset,overall_accuracy,Overall Accuracy,OA,true,,,,candidate,"paper links task 'Classification', dataset 'EuroSAT dataset', metric inferred from task family",paper_tasks.csv|paper_datasets.csv|metrics.csv defaults,0.45,metadata_join_task_default_metric
benchmark_task_image_classification_eurosat_dataset_f1_score_unspecified_paper-2207-14580,paper_2207_14580,task_image_classification,Image classification,EuroSAT dataset,EuroSAT dataset,f1_score,F1 Score,F1,true,,,,candidate,"paper links task 'Image classification', dataset 'EuroSAT dataset', metric inferred from task family",paper_tasks.csv|paper_datasets.csv|metrics.csv defaults,0.45,metadata_join_task_default_metric
benchmark_task_image_classification_eurosat_dataset_overall_accuracy_unspecified_paper-2207-14580,paper_2207_14580,task_image_classification,Image classification,EuroSAT dataset,EuroSAT dataset,overall_accuracy,Overall Accuracy,OA,true,,,,candidate,"paper links task 'Image classification', dataset 'EuroSAT dataset', metric inferred from task family",paper_tasks.csv|paper_datasets.csv|metrics.csv defaults,0.45,metadata_join_task_default_metric
benchmark_task_land_cover_mapping_eurosat_dataset_f1_score_unspecified_paper-2207-14580,paper_2207_14580,task_land_cover_mapping,Land cover mapping,EuroSAT dataset,EuroSAT dataset,f1_score,F1 Score,F1,true,,,,candidate,"paper links task 'Land cover mapping', dataset 'EuroSAT dataset', metric inferred from task family",paper_tasks.csv|paper_datasets.csv|metrics.csv defaults,0.45,metadata_join_task_default_metric
benchmark_task_land_cover_mapping_eurosat_dataset_mean_intersection_over_union_unspecified_paper-2207-14580,paper_2207_14580,task_land_cover_mapping,Land cover mapping,EuroSAT dataset,EuroSAT dataset,mean_intersection_over_union,Mean Intersection over Union,mIoU,true,,,,candidate,"paper links task 'Land cover mapping', dataset 'EuroSAT dataset', metric inferred from task family",paper_tasks.csv|paper_datasets.csv|metrics.csv defaults,0.45,metadata_join_task_default_metric
benchmark_task_classification_rmbielski_planetscope_f1_score_unspecified_paper-2209-00727,paper_2209_00727,task_classification,Classification,rmbielski/PlanetScope,PlanetScope,f1_score,F1 Score,F1,true,,,,candidate,"paper links task 'Classification', dataset 'PlanetScope', metric inferred from task family",paper_tasks.csv|paper_datasets.csv|metrics.csv defaults,0.45,metadata_join_task_default_metric
benchmark_task_classification_rmbielski_planetscope_overall_accuracy_unspecified_paper-2209-00727,paper_2209_00727,task_classification,Classification,rmbielski/PlanetScope,PlanetScope,overall_accuracy,Overall Accuracy,OA,true,,,,candidate,"paper links task 'Classification', dataset 'PlanetScope', metric inferred from task family",paper_tasks.csv|paper_datasets.csv|metrics.csv defaults,0.45,metadata_join_task_default_metric
benchmark_task_image_classification_rmbielski_planetscope_f1_score_unspecified_paper-2209-00727,paper_2209_00727,task_image_classification,Image classification,rmbielski/PlanetScope,PlanetScope,f1_score,F1 Score,F1,true,,,,candidate,"paper links task 'Image classification', dataset 'PlanetScope', metric inferred from task family",paper_tasks.csv|paper_datasets.csv|metrics.csv defaults,0.45,metadata_join_task_default_metric
benchmark_task_image_classification_rmbielski_planetscope_overall_accuracy_unspecified_paper-2209-00727,paper_2209_00727,task_image_classification,Image classification,rmbielski/PlanetScope,PlanetScope,overall_accuracy,Overall Accuracy,OA,true,,,,candidate,"paper links task 'Image classification', dataset 'PlanetScope', metric inferred from task family",paper_tasks.csv|paper_datasets.csv|metrics.csv defaults,0.45,metadata_join_task_default_metric
benchmark_task_land_cover_mapping_rmbielski_planetscope_f1_score_unspecified_paper-2209-00727,paper_2209_00727,task_land_cover_mapping,Land cover mapping,rmbielski/PlanetScope,PlanetScope,f1_score,F1 Score,F1,true,,,,candidate,"paper links task 'Land cover mapping', dataset 'PlanetScope', metric inferred from task family",paper_tasks.csv|paper_datasets.csv|metrics.csv defaults,0.45,metadata_join_task_default_metric
benchmark_task_land_cover_mapping_rmbielski_planetscope_mean_intersection_over_union_unspecified,paper_2209_00727,task_land_cover_mapping,Land cover mapping,rmbielski/PlanetScope,PlanetScope,mean_intersection_over_union,Mean Intersection over Union,mIoU,true,,,,candidate,"paper links task 'Land cover mapping', dataset 'PlanetScope', metric inferred from task family",paper_tasks.csv|paper_datasets.csv|metrics.csv defaults,0.45,metadata_join_task_default_metric
benchmark_task_object_detection_chad_2004_landslide4sense_accuracy_unspecified,paper_2209_02556,task_object_detection,Object detection,Chad-2004/Landslide4sense,Landslide4sense,accuracy,Accuracy,Accuracy,true,,,,probable,"paper links task 'Object detection', dataset 'Landslide4sense', and explicitly mentions metric 'Accuracy'",paper_tasks.csv|paper_datasets.csv|paper_metrics.csv,0.60,metadata_join_explicit_metric
benchmark_task_semantic_segmentation_chad_2004_landslide4sense_accuracy_unspecified,paper_2209_02556,task_semantic_segmentation,Semantic segmentation,Chad-2004/Landslide4sense,Landslide4sense,accuracy,Accuracy,Accuracy,true,,,,probable,"paper links task 'Semantic segmentation', dataset 'Landslide4sense', and explicitly mentions metric 'Accuracy'",paper_tasks.csv|paper_datasets.csv|paper_metrics.csv,0.60,metadata_join_explicit_metric
benchmark_task_object_detection_blanchon_fair1m_ap50_unspecified_paper-2209-13369,paper_2209_13369,task_object_detection,Object detection,blanchon/FAIR1M,FAIR1M,ap50,Average Precision at IoU 0.50,AP50,true,,,,candidate,"paper links task 'Object detection', dataset 'FAIR1M', metric inferred from task family",paper_tasks.csv|paper_datasets.csv|metrics.csv defaults,0.45,metadata_join_task_default_metric
benchmark_task_object_detection_blanchon_fair1m_mean_average_precision_unspecified_paper-2209-13369,paper_2209_13369,task_object_detection,Object detection,blanchon/FAIR1M,FAIR1M,mean_average_precision,Mean Average Precision,mAP,true,,,,candidate,"paper links task 'Object detection', dataset 'FAIR1M', metric inferred from task family",paper_tasks.csv|paper_datasets.csv|metrics.csv defaults,0.45,metadata_join_task_default_metric
benchmark_task_classification_rsvqaxben_f1_score_unspecified,paper_2210_04510,task_classification,Classification,RSVQAxBen,RSVQAxBen,f1_score,F1 Score,F1,true,,,,candidate,"paper links task 'Classification', dataset 'RSVQAxBen', metric inferred from task family",paper_tasks.csv|paper_datasets.csv|metrics.csv defaults,0.45,metadata_join_task_default_metric
benchmark_task_classification_rsvqaxben_overall_accuracy_unspecified,paper_2210_04510,task_classification,Classification,RSVQAxBen,RSVQAxBen,overall_accuracy,Overall Accuracy,OA,true,,,,candidate,"paper links task 'Classification', dataset 'RSVQAxBen', metric inferred from task family",paper_tasks.csv|paper_datasets.csv|metrics.csv defaults,0.45,metadata_join_task_default_metric
benchmark_task_image_classification_rsvqaxben_f1_score_unspecified,paper_2210_04510,task_image_classification,Image classification,RSVQAxBen,RSVQAxBen,f1_score,F1 Score,F1,true,,,,candidate,"paper links task 'Image classification', dataset 'RSVQAxBen', metric inferred from task family",paper_tasks.csv|paper_datasets.csv|metrics.csv defaults,0.45,metadata_join_task_default_metric
benchmark_task_image_classification_rsvqaxben_overall_accuracy_unspecified,paper_2210_04510,task_image_classification,Image classification,RSVQAxBen,RSVQAxBen,overall_accuracy,Overall Accuracy,OA,true,,,,candidate,"paper links task 'Image classification', dataset 'RSVQAxBen', metric inferred from task family",paper_tasks.csv|paper_datasets.csv|metrics.csv defaults,0.45,metadata_join_task_default_metric
benchmark_task_visual_question_answering_rsvqaxben_vqa_accuracy_unspecified_paper-2210-04510,paper_2210_04510,task_visual_question_answering,Visual question answering,RSVQAxBen,RSVQAxBen,vqa_accuracy,Visual Question Answering Accuracy,VQA Acc,true,,,,candidate,"paper links task 'Visual question answering', dataset 'RSVQAxBen', metric inferred from task family",paper_tasks.csv|paper_datasets.csv|metrics.csv defaults,0.45,metadata_join_task_default_metric
benchmark_task_classification_blanchon_resisc45_f1_score_unspecified,paper_2210_06786,task_classification,Classification,blanchon/RESISC45,RESISC45,f1_score,F1 Score,F1,true,,,,candidate,"paper links task 'Classification', dataset 'RESISC45', metric inferred from task family",paper_tasks.csv|paper_datasets.csv|metrics.csv defaults,0.45,metadata_join_task_default_metric
benchmark_task_classification_blanchon_resisc45_overall_accuracy_unspecified,paper_2210_06786,task_classification,Classification,blanchon/RESISC45,RESISC45,overall_accuracy,Overall Accuracy,OA,true,,,,candidate,"paper links task 'Classification', dataset 'RESISC45', metric inferred from task family",paper_tasks.csv|paper_datasets.csv|metrics.csv defaults,0.45,metadata_join_task_default_metric
benchmark_task_image_classification_blanchon_resisc45_f1_score_unspecified,paper_2210_06786,task_image_classification,Image classification,blanchon/RESISC45,RESISC45,f1_score,F1 Score,F1,true,,,,candidate,"paper links task 'Image classification', dataset 'RESISC45', metric inferred from task family",paper_tasks.csv|paper_datasets.csv|metrics.csv defaults,0.45,metadata_join_task_default_metric
benchmark_task_image_classification_blanchon_resisc45_overall_accuracy_unspecified,paper_2210_06786,task_image_classification,Image classification,blanchon/RESISC45,RESISC45,overall_accuracy,Overall Accuracy,OA,true,,,,candidate,"paper links task 'Image classification', dataset 'RESISC45', metric inferred from task family",paper_tasks.csv|paper_datasets.csv|metrics.csv defaults,0.45,metadata_join_task_default_metric
benchmark_task_classification_tarek199147_nwpu_resisc45_f1_score_unspecified_paper-2302-13028,paper_2302_13028,task_classification,Classification,tarek199147/nwpu-resisc45,nwpu-resisc45,f1_score,F1 Score,F1,true,,,,candidate,"paper links task 'Classification', dataset 'nwpu-resisc45', metric inferred from task family",paper_tasks.csv|paper_datasets.csv|metrics.csv defaults,0.45,metadata_join_task_default_metric
benchmark_task_classification_tarek199147_nwpu_resisc45_overall_accuracy_unspecified_paper-2302-13028,paper_2302_13028,task_classification,Classification,tarek199147/nwpu-resisc45,nwpu-resisc45,overall_accuracy,Overall Accuracy,OA,true,,,,candidate,"paper links task 'Classification', dataset 'nwpu-resisc45', metric inferred from task family",paper_tasks.csv|paper_datasets.csv|metrics.csv defaults,0.45,metadata_join_task_default_metric
benchmark_task_image_classification_tarek199147_nwpu_resisc45_f1_score_unspecified_paper-2302-13028,paper_2302_13028,task_image_classification,Image classification,tarek199147/nwpu-resisc45,nwpu-resisc45,f1_score,F1 Score,F1,true,,,,candidate,"paper links task 'Image classification', dataset 'nwpu-resisc45', metric inferred from task family",paper_tasks.csv|paper_datasets.csv|metrics.csv defaults,0.45,metadata_join_task_default_metric
benchmark_task_image_classification_tarek199147_nwpu_resisc45_overall_accuracy_unspecified_paper-2302-13028,paper_2302_13028,task_image_classification,Image classification,tarek199147/nwpu-resisc45,nwpu-resisc45,overall_accuracy,Overall Accuracy,OA,true,,,,candidate,"paper links task 'Image classification', dataset 'nwpu-resisc45', metric inferred from task family",paper_tasks.csv|paper_datasets.csv|metrics.csv defaults,0.45,metadata_join_task_default_metric
benchmark_task_object_detection_d_linknet_ap50_unspecified_paper-2302-13263,paper_2302_13263,task_object_detection,Object detection,D-LinkNet,D-LinkNet,ap50,Average Precision at IoU 0.50,AP50,true,,,,candidate,"paper links task 'Object detection', dataset 'D-LinkNet', metric inferred from task family",paper_tasks.csv|paper_datasets.csv|metrics.csv defaults,0.45,metadata_join_task_default_metric
benchmark_task_object_detection_d_linknet_mean_average_precision_unspecified_paper-2302-13263,paper_2302_13263,task_object_detection,Object detection,D-LinkNet,D-LinkNet,mean_average_precision,Mean Average Precision,mAP,true,,,,candidate,"paper links task 'Object detection', dataset 'D-LinkNet', metric inferred from task family",paper_tasks.csv|paper_datasets.csv|metrics.csv defaults,0.45,metadata_join_task_default_metric
benchmark_task_semantic_segmentation_d_linknet_f1_score_unspecified_paper-2302-13263,paper_2302_13263,task_semantic_segmentation,Semantic segmentation,D-LinkNet,D-LinkNet,f1_score,F1 Score,F1,true,,,,candidate,"paper links task 'Semantic segmentation', dataset 'D-LinkNet', metric inferred from task family",paper_tasks.csv|paper_datasets.csv|metrics.csv defaults,0.45,metadata_join_task_default_metric
benchmark_task_semantic_segmentation_d_linknet_mean_intersection_over_union_unspecified_paper-2302-13263,paper_2302_13263,task_semantic_segmentation,Semantic segmentation,D-LinkNet,D-LinkNet,mean_intersection_over_union,Mean Intersection over Union,mIoU,true,,,,candidate,"paper links task 'Semantic segmentation', dataset 'D-LinkNet', metric inferred from task family",paper_tasks.csv|paper_datasets.csv|metrics.csv defaults,0.45,metadata_join_task_default_metric
benchmark_task_object_detection_a_large_scale_dataset_ap50_unspecified_paper-2303-09310,paper_2303_09310,task_object_detection,Object detection,A Large-scale Dataset,A Large-scale Dataset,ap50,Average Precision at IoU 0.50,AP50,true,,,,candidate,"paper links task 'Object detection', dataset 'A Large-scale Dataset', metric inferred from task family",paper_tasks.csv|paper_datasets.csv|metrics.csv defaults,0.45,metadata_join_task_default_metric
benchmark_task_object_detection_a_large_scale_dataset_mean_average_precision_unspecified_paper-2303-09310,paper_2303_09310,task_object_detection,Object detection,A Large-scale Dataset,A Large-scale Dataset,mean_average_precision,Mean Average Precision,mAP,true,,,,candidate,"paper links task 'Object detection', dataset 'A Large-scale Dataset', metric inferred from task family",paper_tasks.csv|paper_datasets.csv|metrics.csv defaults,0.45,metadata_join_task_default_metric
benchmark_task_semantic_segmentation_a_large_scale_dataset_f1_score_unspecified_paper-2303-09310,paper_2303_09310,task_semantic_segmentation,Semantic segmentation,A Large-scale Dataset,A Large-scale Dataset,f1_score,F1 Score,F1,true,,,,candidate,"paper links task 'Semantic segmentation', dataset 'A Large-scale Dataset', metric inferred from task family",paper_tasks.csv|paper_datasets.csv|metrics.csv defaults,0.45,metadata_join_task_default_metric
benchmark_task_semantic_segmentation_a_large_scale_dataset_mean_intersection_over_union_unspecified_paper-2303-09310,paper_2303_09310,task_semantic_segmentation,Semantic segmentation,A Large-scale Dataset,A Large-scale Dataset,mean_intersection_over_union,Mean Intersection over Union,mIoU,true,,,,candidate,"paper links task 'Semantic segmentation', dataset 'A Large-scale Dataset', metric inferred from task family",paper_tasks.csv|paper_datasets.csv|metrics.csv defaults,0.45,metadata_join_task_default_metric
benchmark_task_object_detection_hanasyafiraihan_geoai_ap50_unspecified_paper-2303-09660,paper_2303_09660,task_object_detection,Object detection,Hanasyafiraihan/GeoAI,GeoAI,ap50,Average Precision at IoU 0.50,AP50,true,,,,candidate,"paper links task 'Object detection', dataset 'GeoAI', metric inferred from task family",paper_tasks.csv|paper_datasets.csv|metrics.csv defaults,0.45,metadata_join_task_default_metric
benchmark_task_object_detection_hanasyafiraihan_geoai_mean_average_precision_unspecified_paper-2303-09660,paper_2303_09660,task_object_detection,Object detection,Hanasyafiraihan/GeoAI,GeoAI,mean_average_precision,Mean Average Precision,mAP,true,,,,candidate,"paper links task 'Object detection', dataset 'GeoAI', metric inferred from task family",paper_tasks.csv|paper_datasets.csv|metrics.csv defaults,0.45,metadata_join_task_default_metric
benchmark_task_classification_satellite_image_deep_learning_vhr_10_intersection_over_union_unspecified,paper_2303_11694,task_classification,Classification,satellite-image-deep-learning/VHR-10,VHR-10,intersection_over_union,Intersection over Union,IoU,true,,,,probable,"paper links task 'Classification', dataset 'VHR-10', and explicitly mentions metric 'Intersection over Union'",paper_tasks.csv|paper_datasets.csv|paper_metrics.csv,0.60,metadata_join_explicit_metric
benchmark_task_image_classification_satellite_image_deep_learning_vhr_10_intersection_over_union_unspecified,paper_2303_11694,task_image_classification,Image classification,satellite-image-deep-learning/VHR-10,VHR-10,intersection_over_union,Intersection over Union,IoU,true,,,,probable,"paper links task 'Image classification', dataset 'VHR-10', and explicitly mentions metric 'Intersection over Union'",paper_tasks.csv|paper_datasets.csv|paper_metrics.csv,0.60,metadata_join_explicit_metric
benchmark_task_object_detection_satellite_image_deep_learning_vhr_10_intersection_over_union_unspecified_paper-2303-11694,paper_2303_11694,task_object_detection,Object detection,satellite-image-deep-learning/VHR-10,VHR-10,intersection_over_union,Intersection over Union,IoU,true,,,,probable,"paper links task 'Object detection', dataset 'VHR-10', and explicitly mentions metric 'Intersection over Union'",paper_tasks.csv|paper_datasets.csv|paper_metrics.csv,0.60,metadata_join_explicit_metric
benchmark_task_classification_hanasyafiraihan_geoai_f1_score_unspecified_paper-2304-06798,paper_2304_06798,task_classification,Classification,Hanasyafiraihan/GeoAI,GeoAI,f1_score,F1 Score,F1,true,,,,candidate,"paper links task 'Classification', dataset 'GeoAI', metric inferred from task family",paper_tasks.csv|paper_datasets.csv|metrics.csv defaults,0.45,metadata_join_task_default_metric
benchmark_task_classification_hanasyafiraihan_geoai_overall_accuracy_unspecified_paper-2304-06798,paper_2304_06798,task_classification,Classification,Hanasyafiraihan/GeoAI,GeoAI,overall_accuracy,Overall Accuracy,OA,true,,,,candidate,"paper links task 'Classification', dataset 'GeoAI', metric inferred from task family",paper_tasks.csv|paper_datasets.csv|metrics.csv defaults,0.45,metadata_join_task_default_metric
benchmark_task_image_classification_hanasyafiraihan_geoai_f1_score_unspecified_paper-2304-06798,paper_2304_06798,task_image_classification,Image classification,Hanasyafiraihan/GeoAI,GeoAI,f1_score,F1 Score,F1,true,,,,candidate,"paper links task 'Image classification', dataset 'GeoAI', metric inferred from task family",paper_tasks.csv|paper_datasets.csv|metrics.csv defaults,0.45,metadata_join_task_default_metric
benchmark_task_image_classification_hanasyafiraihan_geoai_overall_accuracy_unspecified_paper-2304-06798,paper_2304_06798,task_image_classification,Image classification,Hanasyafiraihan/GeoAI,GeoAI,overall_accuracy,Overall Accuracy,OA,true,,,,candidate,"paper links task 'Image classification', dataset 'GeoAI', metric inferred from task family",paper_tasks.csv|paper_datasets.csv|metrics.csv defaults,0.45,metadata_join_task_default_metric
benchmark_task_land_cover_mapping_a_large_scale_dataset_f1_score_unspecified_paper-2305-14914,paper_2305_14914,task_land_cover_mapping,Land cover mapping,A Large-scale Dataset,A Large-scale Dataset,f1_score,F1 Score,F1,true,,,,candidate,"paper links task 'Land cover mapping', dataset 'A Large-scale Dataset', metric inferred from task family",paper_tasks.csv|paper_datasets.csv|metrics.csv defaults,0.45,metadata_join_task_default_metric
benchmark_task_land_cover_mapping_a_large_scale_dataset_mean_intersection_over_union_unspecified_paper-2305-14914,paper_2305_14914,task_land_cover_mapping,Land cover mapping,A Large-scale Dataset,A Large-scale Dataset,mean_intersection_over_union,Mean Intersection over Union,mIoU,true,,,,candidate,"paper links task 'Land cover mapping', dataset 'A Large-scale Dataset', metric inferred from task family",paper_tasks.csv|paper_datasets.csv|metrics.csv defaults,0.45,metadata_join_task_default_metric
benchmark_task_semantic_segmentation_a_large_scale_dataset_f1_score_unspecified_paper-2305-14914,paper_2305_14914,task_semantic_segmentation,Semantic segmentation,A Large-scale Dataset,A Large-scale Dataset,f1_score,F1 Score,F1,true,,,,candidate,"paper links task 'Semantic segmentation', dataset 'A Large-scale Dataset', metric inferred from task family",paper_tasks.csv|paper_datasets.csv|metrics.csv defaults,0.45,metadata_join_task_default_metric
benchmark_task_semantic_segmentation_a_large_scale_dataset_mean_intersection_over_union_unspecified_paper-2305-14914,paper_2305_14914,task_semantic_segmentation,Semantic segmentation,A Large-scale Dataset,A Large-scale Dataset,mean_intersection_over_union,Mean Intersection over Union,mIoU,true,,,,candidate,"paper links task 'Semantic segmentation', dataset 'A Large-scale Dataset', metric inferred from task family",paper_tasks.csv|paper_datasets.csv|metrics.csv defaults,0.45,metadata_join_task_default_metric
benchmark_task_object_detection_torchgeo_ssl4eo_l_ap50_unspecified,paper_2306_09424,task_object_detection,Object detection,torchgeo/ssl4eo_l,SSL4EO-L,ap50,Average Precision at IoU 0.50,AP50,true,,,,candidate,"paper links task 'Object detection', dataset 'SSL4EO-L', metric inferred from task family",paper_tasks.csv|paper_datasets.csv|metrics.csv defaults,0.45,metadata_join_task_default_metric
benchmark_task_object_detection_torchgeo_ssl4eo_l_mean_average_precision_unspecified,paper_2306_09424,task_object_detection,Object detection,torchgeo/ssl4eo_l,SSL4EO-L,mean_average_precision,Mean Average Precision,mAP,true,,,,candidate,"paper links task 'Object detection', dataset 'SSL4EO-L', metric inferred from task family",paper_tasks.csv|paper_datasets.csv|metrics.csv defaults,0.45,metadata_join_task_default_metric
benchmark_task_semantic_segmentation_torchgeo_ssl4eo_l_f1_score_unspecified,paper_2306_09424,task_semantic_segmentation,Semantic segmentation,torchgeo/ssl4eo_l,SSL4EO-L,f1_score,F1 Score,F1,true,,,,candidate,"paper links task 'Semantic segmentation', dataset 'SSL4EO-L', metric inferred from task family",paper_tasks.csv|paper_datasets.csv|metrics.csv defaults,0.45,metadata_join_task_default_metric
benchmark_task_semantic_segmentation_torchgeo_ssl4eo_l_mean_intersection_over_union_unspecified,paper_2306_09424,task_semantic_segmentation,Semantic segmentation,torchgeo/ssl4eo_l,SSL4EO-L,mean_intersection_over_union,Mean Intersection over Union,mIoU,true,,,,candidate,"paper links task 'Semantic segmentation', dataset 'SSL4EO-L', metric inferred from task family",paper_tasks.csv|paper_datasets.csv|metrics.csv defaults,0.45,metadata_join_task_default_metric
benchmark_task_classification_remoteclip_accuracy_unspecified,paper_2306_11029,task_classification,Classification,RemoteCLIP,RemoteCLIP,accuracy,Accuracy,Accuracy,true,,,,probable,"paper links task 'Classification', dataset 'RemoteCLIP', and explicitly mentions metric 'Accuracy'",paper_tasks.csv|paper_datasets.csv|paper_metrics.csv,0.60,metadata_join_explicit_metric
benchmark_task_classification_remoteclip_average_accuracy_unspecified,paper_2306_11029,task_classification,Classification,RemoteCLIP,RemoteCLIP,average_accuracy,Average Accuracy,AA,true,,,,probable,"paper links task 'Classification', dataset 'RemoteCLIP', and explicitly mentions metric 'Average Accuracy'",paper_tasks.csv|paper_datasets.csv|paper_metrics.csv,0.60,metadata_join_explicit_metric
benchmark_task_classification_remoteclip_recall_unspecified,paper_2306_11029,task_classification,Classification,RemoteCLIP,RemoteCLIP,recall,Recall,Recall,true,,,,probable,"paper links task 'Classification', dataset 'RemoteCLIP', and explicitly mentions metric 'Recall'",paper_tasks.csv|paper_datasets.csv|paper_metrics.csv,0.60,metadata_join_explicit_metric
benchmark_task_image_classification_remoteclip_accuracy_unspecified,paper_2306_11029,task_image_classification,Image classification,RemoteCLIP,RemoteCLIP,accuracy,Accuracy,Accuracy,true,,,,probable,"paper links task 'Image classification', dataset 'RemoteCLIP', and explicitly mentions metric 'Accuracy'",paper_tasks.csv|paper_datasets.csv|paper_metrics.csv,0.60,metadata_join_explicit_metric
benchmark_task_image_classification_remoteclip_average_accuracy_unspecified,paper_2306_11029,task_image_classification,Image classification,RemoteCLIP,RemoteCLIP,average_accuracy,Average Accuracy,AA,true,,,,probable,"paper links task 'Image classification', dataset 'RemoteCLIP', and explicitly mentions metric 'Average Accuracy'",paper_tasks.csv|paper_datasets.csv|paper_metrics.csv,0.60,metadata_join_explicit_metric
benchmark_task_image_classification_remoteclip_recall_unspecified,paper_2306_11029,task_image_classification,Image classification,RemoteCLIP,RemoteCLIP,recall,Recall,Recall,true,,,,probable,"paper links task 'Image classification', dataset 'RemoteCLIP', and explicitly mentions metric 'Recall'",paper_tasks.csv|paper_datasets.csv|paper_metrics.csv,0.60,metadata_join_explicit_metric
benchmark_task_classification_bigearthnet_f1_score_unspecified_paper-2307-01741,paper_2307_01741,task_classification,Classification,BigEarthNet,BigEarthNet,f1_score,F1 Score,F1,true,,,,candidate,"paper links task 'Classification', dataset 'BigEarthNet', metric inferred from task family",paper_tasks.csv|paper_datasets.csv|metrics.csv defaults,0.45,metadata_join_task_default_metric
benchmark_task_classification_bigearthnet_overall_accuracy_unspecified_paper-2307-01741,paper_2307_01741,task_classification,Classification,BigEarthNet,BigEarthNet,overall_accuracy,Overall Accuracy,OA,true,,,,candidate,"paper links task 'Classification', dataset 'BigEarthNet', metric inferred from task family",paper_tasks.csv|paper_datasets.csv|metrics.csv defaults,0.45,metadata_join_task_default_metric
benchmark_task_image_classification_bigearthnet_f1_score_unspecified_paper-2307-01741,paper_2307_01741,task_image_classification,Image classification,BigEarthNet,BigEarthNet,f1_score,F1 Score,F1,true,,,,candidate,"paper links task 'Image classification', dataset 'BigEarthNet', metric inferred from task family",paper_tasks.csv|paper_datasets.csv|metrics.csv defaults,0.45,metadata_join_task_default_metric
benchmark_task_image_classification_bigearthnet_overall_accuracy_unspecified_paper-2307-01741,paper_2307_01741,task_image_classification,Image classification,BigEarthNet,BigEarthNet,overall_accuracy,Overall Accuracy,OA,true,,,,candidate,"paper links task 'Image classification', dataset 'BigEarthNet', metric inferred from task family",paper_tasks.csv|paper_datasets.csv|metrics.csv defaults,0.45,metadata_join_task_default_metric
benchmark_task_semantic_segmentation_bigearthnet_f1_score_unspecified_paper-2307-01741,paper_2307_01741,task_semantic_segmentation,Semantic segmentation,BigEarthNet,BigEarthNet,f1_score,F1 Score,F1,true,,,,candidate,"paper links task 'Semantic segmentation', dataset 'BigEarthNet', metric inferred from task family",paper_tasks.csv|paper_datasets.csv|metrics.csv defaults,0.45,metadata_join_task_default_metric
benchmark_task_semantic_segmentation_bigearthnet_mean_intersection_over_union_unspecified_paper-2307-01741,paper_2307_01741,task_semantic_segmentation,Semantic segmentation,BigEarthNet,BigEarthNet,mean_intersection_over_union,Mean Intersection over Union,mIoU,true,,,,candidate,"paper links task 'Semantic segmentation', dataset 'BigEarthNet', metric inferred from task family",paper_tasks.csv|paper_datasets.csv|metrics.csv defaults,0.45,metadata_join_task_default_metric
benchmark_task_classification_gfm_bench_eurosat_f1_score_unspecified_paper-2307-14612,paper_2307_14612,task_classification,Classification,GFM-Bench/EuroSAT,EuroSAT,f1_score,F1 Score,F1,true,,,,candidate,"paper links task 'Classification', dataset 'EuroSAT', metric inferred from task family",paper_tasks.csv|paper_datasets.csv|metrics.csv defaults,0.45,metadata_join_task_default_metric
benchmark_task_classification_gfm_bench_eurosat_overall_accuracy_unspecified_paper-2307-14612,paper_2307_14612,task_classification,Classification,GFM-Bench/EuroSAT,EuroSAT,overall_accuracy,Overall Accuracy,OA,true,,,,candidate,"paper links task 'Classification', dataset 'EuroSAT', metric inferred from task family",paper_tasks.csv|paper_datasets.csv|metrics.csv defaults,0.45,metadata_join_task_default_metric
benchmark_task_image_classification_gfm_bench_eurosat_f1_score_unspecified_paper-2307-14612,paper_2307_14612,task_image_classification,Image classification,GFM-Bench/EuroSAT,EuroSAT,f1_score,F1 Score,F1,true,,,,candidate,"paper links task 'Image classification', dataset 'EuroSAT', metric inferred from task family",paper_tasks.csv|paper_datasets.csv|metrics.csv defaults,0.45,metadata_join_task_default_metric
benchmark_task_image_classification_gfm_bench_eurosat_overall_accuracy_unspecified_paper-2307-14612,paper_2307_14612,task_image_classification,Image classification,GFM-Bench/EuroSAT,EuroSAT,overall_accuracy,Overall Accuracy,OA,true,,,,candidate,"paper links task 'Image classification', dataset 'EuroSAT', metric inferred from task family",paper_tasks.csv|paper_datasets.csv|metrics.csv defaults,0.45,metadata_join_task_default_metric
benchmark_task_semantic_segmentation_gfm_bench_eurosat_f1_score_unspecified_paper-2307-14612,paper_2307_14612,task_semantic_segmentation,Semantic segmentation,GFM-Bench/EuroSAT,EuroSAT,f1_score,F1 Score,F1,true,,,,candidate,"paper links task 'Semantic segmentation', dataset 'EuroSAT', metric inferred from task family",paper_tasks.csv|paper_datasets.csv|metrics.csv defaults,0.45,metadata_join_task_default_metric
benchmark_task_semantic_segmentation_gfm_bench_eurosat_mean_intersection_over_union_unspecified_paper-2307-14612,paper_2307_14612,task_semantic_segmentation,Semantic segmentation,GFM-Bench/EuroSAT,EuroSAT,mean_intersection_over_union,Mean Intersection over Union,mIoU,true,,,,candidate,"paper links task 'Semantic segmentation', dataset 'EuroSAT', metric inferred from task family",paper_tasks.csv|paper_datasets.csv|metrics.csv defaults,0.45,metadata_join_task_default_metric
benchmark_task_classification_gfm_bench_eurosat_f1_score_unspecified_paper-2309-01050,paper_2309_01050,task_classification,Classification,GFM-Bench/EuroSAT,EuroSAT,f1_score,F1 Score,F1,true,,,,candidate,"paper links task 'Classification', dataset 'EuroSAT', metric inferred from task family",paper_tasks.csv|paper_datasets.csv|metrics.csv defaults,0.45,metadata_join_task_default_metric
benchmark_task_classification_gfm_bench_eurosat_overall_accuracy_unspecified_paper-2309-01050,paper_2309_01050,task_classification,Classification,GFM-Bench/EuroSAT,EuroSAT,overall_accuracy,Overall Accuracy,OA,true,,,,candidate,"paper links task 'Classification', dataset 'EuroSAT', metric inferred from task family",paper_tasks.csv|paper_datasets.csv|metrics.csv defaults,0.45,metadata_join_task_default_metric
benchmark_task_image_classification_gfm_bench_eurosat_f1_score_unspecified_paper-2309-01050,paper_2309_01050,task_image_classification,Image classification,GFM-Bench/EuroSAT,EuroSAT,f1_score,F1 Score,F1,true,,,,candidate,"paper links task 'Image classification', dataset 'EuroSAT', metric inferred from task family",paper_tasks.csv|paper_datasets.csv|metrics.csv defaults,0.45,metadata_join_task_default_metric
benchmark_task_image_classification_gfm_bench_eurosat_overall_accuracy_unspecified_paper-2309-01050,paper_2309_01050,task_image_classification,Image classification,GFM-Bench/EuroSAT,EuroSAT,overall_accuracy,Overall Accuracy,OA,true,,,,candidate,"paper links task 'Image classification', dataset 'EuroSAT', metric inferred from task family",paper_tasks.csv|paper_datasets.csv|metrics.csv defaults,0.45,metadata_join_task_default_metric
benchmark_task_scene_classification_gfm_bench_eurosat_f1_score_unspecified_paper-2309-01050,paper_2309_01050,task_scene_classification,Scene classification,GFM-Bench/EuroSAT,EuroSAT,f1_score,F1 Score,F1,true,,,,candidate,"paper links task 'Scene classification', dataset 'EuroSAT', metric inferred from task family",paper_tasks.csv|paper_datasets.csv|metrics.csv defaults,0.45,metadata_join_task_default_metric
benchmark_task_scene_classification_gfm_bench_eurosat_overall_accuracy_unspecified_paper-2309-01050,paper_2309_01050,task_scene_classification,Scene classification,GFM-Bench/EuroSAT,EuroSAT,overall_accuracy,Overall Accuracy,OA,true,,,,candidate,"paper links task 'Scene classification', dataset 'EuroSAT', metric inferred from task family",paper_tasks.csv|paper_datasets.csv|metrics.csv defaults,0.45,metadata_join_task_default_metric
benchmark_task_change_detection_jtrneo_syntheworld_ap50_unspecified,paper_2309_01907,task_change_detection,Change detection,JTRNEO/SyntheWorld,SyntheWorld,ap50,Average Precision at IoU 0.50,AP50,true,,,,candidate,"paper links task 'Change detection', dataset 'SyntheWorld', metric inferred from task family",paper_tasks.csv|paper_datasets.csv|metrics.csv defaults,0.45,metadata_join_task_default_metric
benchmark_task_change_detection_jtrneo_syntheworld_mean_average_precision_unspecified,paper_2309_01907,task_change_detection,Change detection,JTRNEO/SyntheWorld,SyntheWorld,mean_average_precision,Mean Average Precision,mAP,true,,,,candidate,"paper links task 'Change detection', dataset 'SyntheWorld', metric inferred from task family",paper_tasks.csv|paper_datasets.csv|metrics.csv defaults,0.45,metadata_join_task_default_metric
benchmark_task_land_cover_mapping_jtrneo_syntheworld_f1_score_unspecified,paper_2309_01907,task_land_cover_mapping,Land cover mapping,JTRNEO/SyntheWorld,SyntheWorld,f1_score,F1 Score,F1,true,,,,candidate,"paper links task 'Land cover mapping', dataset 'SyntheWorld', metric inferred from task family",paper_tasks.csv|paper_datasets.csv|metrics.csv defaults,0.45,metadata_join_task_default_metric
benchmark_task_land_cover_mapping_jtrneo_syntheworld_mean_intersection_over_union_unspecified,paper_2309_01907,task_land_cover_mapping,Land cover mapping,JTRNEO/SyntheWorld,SyntheWorld,mean_intersection_over_union,Mean Intersection over Union,mIoU,true,,,,candidate,"paper links task 'Land cover mapping', dataset 'SyntheWorld', metric inferred from task family",paper_tasks.csv|paper_datasets.csv|metrics.csv defaults,0.45,metadata_join_task_default_metric
benchmark_task_object_detection_jtrneo_syntheworld_ap50_unspecified,paper_2309_01907,task_object_detection,Object detection,JTRNEO/SyntheWorld,SyntheWorld,ap50,Average Precision at IoU 0.50,AP50,true,,,,candidate,"paper links task 'Object detection', dataset 'SyntheWorld', metric inferred from task family",paper_tasks.csv|paper_datasets.csv|metrics.csv defaults,0.45,metadata_join_task_default_metric
benchmark_task_object_detection_jtrneo_syntheworld_mean_average_precision_unspecified,paper_2309_01907,task_object_detection,Object detection,JTRNEO/SyntheWorld,SyntheWorld,mean_average_precision,Mean Average Precision,mAP,true,,,,candidate,"paper links task 'Object detection', dataset 'SyntheWorld', metric inferred from task family",paper_tasks.csv|paper_datasets.csv|metrics.csv defaults,0.45,metadata_join_task_default_metric
benchmark_task_semantic_segmentation_d_linknet_accuracy_unspecified,paper_2309_07823,task_semantic_segmentation,Semantic segmentation,D-LinkNet,D-LinkNet,accuracy,Accuracy,Accuracy,true,,,,probable,"paper links task 'Semantic segmentation', dataset 'D-LinkNet', and explicitly mentions metric 'Accuracy'",paper_tasks.csv|paper_datasets.csv|paper_metrics.csv,0.60,metadata_join_explicit_metric
benchmark_task_visual_question_answering_hanasyafiraihan_geoai_vqa_accuracy_unspecified_paper-2309-17319,paper_2309_17319,task_visual_question_answering,Visual question answering,Hanasyafiraihan/GeoAI,GeoAI,vqa_accuracy,Visual Question Answering Accuracy,VQA Acc,true,,,,candidate,"paper links task 'Visual question answering', dataset 'GeoAI', metric inferred from task family",paper_tasks.csv|paper_datasets.csv|metrics.csv defaults,0.45,metadata_join_task_default_metric
benchmark_task_classification_a_large_scale_dataset_f1_score_unspecified_paper-2310-00022,paper_2310_00022,task_classification,Classification,A Large-scale Dataset,A Large-scale Dataset,f1_score,F1 Score,F1,true,,,,candidate,"paper links task 'Classification', dataset 'A Large-scale Dataset', metric inferred from task family",paper_tasks.csv|paper_datasets.csv|metrics.csv defaults,0.45,metadata_join_task_default_metric
benchmark_task_classification_a_large_scale_dataset_overall_accuracy_unspecified_paper-2310-00022,paper_2310_00022,task_classification,Classification,A Large-scale Dataset,A Large-scale Dataset,overall_accuracy,Overall Accuracy,OA,true,,,,candidate,"paper links task 'Classification', dataset 'A Large-scale Dataset', metric inferred from task family",paper_tasks.csv|paper_datasets.csv|metrics.csv defaults,0.45,metadata_join_task_default_metric
benchmark_task_image_classification_a_large_scale_dataset_f1_score_unspecified_paper-2310-00022,paper_2310_00022,task_image_classification,Image classification,A Large-scale Dataset,A Large-scale Dataset,f1_score,F1 Score,F1,true,,,,candidate,"paper links task 'Image classification', dataset 'A Large-scale Dataset', metric inferred from task family",paper_tasks.csv|paper_datasets.csv|metrics.csv defaults,0.45,metadata_join_task_default_metric
benchmark_task_image_classification_a_large_scale_dataset_overall_accuracy_unspecified_paper-2310-00022,paper_2310_00022,task_image_classification,Image classification,A Large-scale Dataset,A Large-scale Dataset,overall_accuracy,Overall Accuracy,OA,true,,,,candidate,"paper links task 'Image classification', dataset 'A Large-scale Dataset', metric inferred from task family",paper_tasks.csv|paper_datasets.csv|metrics.csv defaults,0.45,metadata_join_task_default_metric
benchmark_task_land_cover_mapping_a_large_scale_dataset_f1_score_unspecified_paper-2310-00022,paper_2310_00022,task_land_cover_mapping,Land cover mapping,A Large-scale Dataset,A Large-scale Dataset,f1_score,F1 Score,F1,true,,,,candidate,"paper links task 'Land cover mapping', dataset 'A Large-scale Dataset', metric inferred from task family",paper_tasks.csv|paper_datasets.csv|metrics.csv defaults,0.45,metadata_join_task_default_metric
benchmark_task_land_cover_mapping_a_large_scale_dataset_mean_intersection_over_union_unspecified_paper-2310-00022,paper_2310_00022,task_land_cover_mapping,Land cover mapping,A Large-scale Dataset,A Large-scale Dataset,mean_intersection_over_union,Mean Intersection over Union,mIoU,true,,,,candidate,"paper links task 'Land cover mapping', dataset 'A Large-scale Dataset', metric inferred from task family",paper_tasks.csv|paper_datasets.csv|metrics.csv defaults,0.45,metadata_join_task_default_metric
benchmark_task_object_detection_a_large_scale_dataset_ap50_unspecified_paper-2310-00022,paper_2310_00022,task_object_detection,Object detection,A Large-scale Dataset,A Large-scale Dataset,ap50,Average Precision at IoU 0.50,AP50,true,,,,candidate,"paper links task 'Object detection', dataset 'A Large-scale Dataset', metric inferred from task family",paper_tasks.csv|paper_datasets.csv|metrics.csv defaults,0.45,metadata_join_task_default_metric
benchmark_task_object_detection_a_large_scale_dataset_mean_average_precision_unspecified_paper-2310-00022,paper_2310_00022,task_object_detection,Object detection,A Large-scale Dataset,A Large-scale Dataset,mean_average_precision,Mean Average Precision,mAP,true,,,,candidate,"paper links task 'Object detection', dataset 'A Large-scale Dataset', metric inferred from task family",paper_tasks.csv|paper_datasets.csv|metrics.csv defaults,0.45,metadata_join_task_default_metric
benchmark_task_semantic_segmentation_a_large_scale_dataset_f1_score_unspecified_paper-2310-00022,paper_2310_00022,task_semantic_segmentation,Semantic segmentation,A Large-scale Dataset,A Large-scale Dataset,f1_score,F1 Score,F1,true,,,,candidate,"paper links task 'Semantic segmentation', dataset 'A Large-scale Dataset', metric inferred from task family",paper_tasks.csv|paper_datasets.csv|metrics.csv defaults,0.45,metadata_join_task_default_metric
benchmark_task_semantic_segmentation_a_large_scale_dataset_mean_intersection_over_union_unspecified_paper-2310-00022,paper_2310_00022,task_semantic_segmentation,Semantic segmentation,A Large-scale Dataset,A Large-scale Dataset,mean_intersection_over_union,Mean Intersection over Union,mIoU,true,,,,candidate,"paper links task 'Semantic segmentation', dataset 'A Large-scale Dataset', metric inferred from task family",paper_tasks.csv|paper_datasets.csv|metrics.csv defaults,0.45,metadata_join_task_default_metric
benchmark_task_classification_remoteclip_f1_score_unspecified_paper-2311-11646,paper_2311_11646,task_classification,Classification,RemoteCLIP,RemoteCLIP,f1_score,F1 Score,F1,true,,,,candidate,"paper links task 'Classification', dataset 'RemoteCLIP', metric inferred from task family",paper_tasks.csv|paper_datasets.csv|metrics.csv defaults,0.45,metadata_join_task_default_metric
benchmark_task_classification_remoteclip_overall_accuracy_unspecified_paper-2311-11646,paper_2311_11646,task_classification,Classification,RemoteCLIP,RemoteCLIP,overall_accuracy,Overall Accuracy,OA,true,,,,candidate,"paper links task 'Classification', dataset 'RemoteCLIP', metric inferred from task family",paper_tasks.csv|paper_datasets.csv|metrics.csv defaults,0.45,metadata_join_task_default_metric
benchmark_task_image_classification_remoteclip_f1_score_unspecified_paper-2311-11646,paper_2311_11646,task_image_classification,Image classification,RemoteCLIP,RemoteCLIP,f1_score,F1 Score,F1,true,,,,candidate,"paper links task 'Image classification', dataset 'RemoteCLIP', metric inferred from task family",paper_tasks.csv|paper_datasets.csv|metrics.csv defaults,0.45,metadata_join_task_default_metric
benchmark_task_image_classification_remoteclip_overall_accuracy_unspecified_paper-2311-11646,paper_2311_11646,task_image_classification,Image classification,RemoteCLIP,RemoteCLIP,overall_accuracy,Overall Accuracy,OA,true,,,,candidate,"paper links task 'Image classification', dataset 'RemoteCLIP', metric inferred from task family",paper_tasks.csv|paper_datasets.csv|metrics.csv defaults,0.45,metadata_join_task_default_metric
benchmark_task_object_detection_remoteclip_ap50_unspecified_paper-2311-11646,paper_2311_11646,task_object_detection,Object detection,RemoteCLIP,RemoteCLIP,ap50,Average Precision at IoU 0.50,AP50,true,,,,candidate,"paper links task 'Object detection', dataset 'RemoteCLIP', metric inferred from task family",paper_tasks.csv|paper_datasets.csv|metrics.csv defaults,0.45,metadata_join_task_default_metric
benchmark_task_object_detection_remoteclip_mean_average_precision_unspecified_paper-2311-11646,paper_2311_11646,task_object_detection,Object detection,RemoteCLIP,RemoteCLIP,mean_average_precision,Mean Average Precision,mAP,true,,,,candidate,"paper links task 'Object detection', dataset 'RemoteCLIP', metric inferred from task family",paper_tasks.csv|paper_datasets.csv|metrics.csv defaults,0.45,metadata_join_task_default_metric
benchmark_task_object_detection_blanchon_fair1m_ap50_unspecified_paper-2311-17449,paper_2311_17449,task_object_detection,Object detection,blanchon/FAIR1M,FAIR1M,ap50,Average Precision at IoU 0.50,AP50,true,,,,candidate,"paper links task 'Object detection', dataset 'FAIR1M', metric inferred from task family",paper_tasks.csv|paper_datasets.csv|metrics.csv defaults,0.45,metadata_join_task_default_metric
benchmark_task_object_detection_blanchon_fair1m_mean_average_precision_unspecified_paper-2311-17449,paper_2311_17449,task_object_detection,Object detection,blanchon/FAIR1M,FAIR1M,mean_average_precision,Mean Average Precision,mAP,true,,,,candidate,"paper links task 'Object detection', dataset 'FAIR1M', metric inferred from task family",paper_tasks.csv|paper_datasets.csv|metrics.csv defaults,0.45,metadata_join_task_default_metric
benchmark_task_object_detection_a_large_scale_dataset_ap50_unspecified_paper-2312-02481,paper_2312_02481,task_object_detection,Object detection,A Large-scale Dataset,A Large-scale Dataset,ap50,Average Precision at IoU 0.50,AP50,true,,,,candidate,"paper links task 'Object detection', dataset 'A Large-scale Dataset', metric inferred from task family",paper_tasks.csv|paper_datasets.csv|metrics.csv defaults,0.45,metadata_join_task_default_metric
benchmark_task_object_detection_a_large_scale_dataset_mean_average_precision_unspecified_paper-2312-02481,paper_2312_02481,task_object_detection,Object detection,A Large-scale Dataset,A Large-scale Dataset,mean_average_precision,Mean Average Precision,mAP,true,,,,candidate,"paper links task 'Object detection', dataset 'A Large-scale Dataset', metric inferred from task family",paper_tasks.csv|paper_datasets.csv|metrics.csv defaults,0.45,metadata_join_task_default_metric
benchmark_task_object_detection_d_linknet_ap50_unspecified_paper-2312-03519,paper_2312_03519,task_object_detection,Object detection,D-LinkNet,D-LinkNet,ap50,Average Precision at IoU 0.50,AP50,true,,,,candidate,"paper links task 'Object detection', dataset 'D-LinkNet', metric inferred from task family",paper_tasks.csv|paper_datasets.csv|metrics.csv defaults,0.45,metadata_join_task_default_metric
benchmark_task_object_detection_d_linknet_mean_average_precision_unspecified_paper-2312-03519,paper_2312_03519,task_object_detection,Object detection,D-LinkNet,D-LinkNet,mean_average_precision,Mean Average Precision,mAP,true,,,,candidate,"paper links task 'Object detection', dataset 'D-LinkNet', metric inferred from task family",paper_tasks.csv|paper_datasets.csv|metrics.csv defaults,0.45,metadata_join_task_default_metric
benchmark_task_semantic_segmentation_d_linknet_f1_score_unspecified_paper-2312-03519,paper_2312_03519,task_semantic_segmentation,Semantic segmentation,D-LinkNet,D-LinkNet,f1_score,F1 Score,F1,true,,,,candidate,"paper links task 'Semantic segmentation', dataset 'D-LinkNet', metric inferred from task family",paper_tasks.csv|paper_datasets.csv|metrics.csv defaults,0.45,metadata_join_task_default_metric
benchmark_task_semantic_segmentation_d_linknet_mean_intersection_over_union_unspecified_paper-2312-03519,paper_2312_03519,task_semantic_segmentation,Semantic segmentation,D-LinkNet,D-LinkNet,mean_intersection_over_union,Mean Intersection over Union,mIoU,true,,,,candidate,"paper links task 'Semantic segmentation', dataset 'D-LinkNet', metric inferred from task family",paper_tasks.csv|paper_datasets.csv|metrics.csv defaults,0.45,metadata_join_task_default_metric
benchmark_task_classification_fomo_bench_f1_score_unspecified,paper_2312_10114,task_classification,Classification,FoMo-Bench,FoMo-Bench,f1_score,F1 Score,F1,true,,,,candidate,"paper links task 'Classification', dataset 'FoMo-Bench', metric inferred from task family",paper_tasks.csv|paper_datasets.csv|metrics.csv defaults,0.45,metadata_join_task_default_metric
benchmark_task_classification_fomo_bench_overall_accuracy_unspecified,paper_2312_10114,task_classification,Classification,FoMo-Bench,FoMo-Bench,overall_accuracy,Overall Accuracy,OA,true,,,,candidate,"paper links task 'Classification', dataset 'FoMo-Bench', metric inferred from task family",paper_tasks.csv|paper_datasets.csv|metrics.csv defaults,0.45,metadata_join_task_default_metric
benchmark_task_image_classification_fomo_bench_f1_score_unspecified,paper_2312_10114,task_image_classification,Image classification,FoMo-Bench,FoMo-Bench,f1_score,F1 Score,F1,true,,,,candidate,"paper links task 'Image classification', dataset 'FoMo-Bench', metric inferred from task family",paper_tasks.csv|paper_datasets.csv|metrics.csv defaults,0.45,metadata_join_task_default_metric
benchmark_task_image_classification_fomo_bench_overall_accuracy_unspecified,paper_2312_10114,task_image_classification,Image classification,FoMo-Bench,FoMo-Bench,overall_accuracy,Overall Accuracy,OA,true,,,,candidate,"paper links task 'Image classification', dataset 'FoMo-Bench', metric inferred from task family",paper_tasks.csv|paper_datasets.csv|metrics.csv defaults,0.45,metadata_join_task_default_metric
benchmark_task_object_detection_fomo_bench_ap50_unspecified,paper_2312_10114,task_object_detection,Object detection,FoMo-Bench,FoMo-Bench,ap50,Average Precision at IoU 0.50,AP50,true,,,,candidate,"paper links task 'Object detection', dataset 'FoMo-Bench', metric inferred from task family",paper_tasks.csv|paper_datasets.csv|metrics.csv defaults,0.45,metadata_join_task_default_metric
benchmark_task_object_detection_fomo_bench_mean_average_precision_unspecified,paper_2312_10114,task_object_detection,Object detection,FoMo-Bench,FoMo-Bench,mean_average_precision,Mean Average Precision,mAP,true,,,,candidate,"paper links task 'Object detection', dataset 'FoMo-Bench', metric inferred from task family",paper_tasks.csv|paper_datasets.csv|metrics.csv defaults,0.45,metadata_join_task_default_metric
benchmark_task_semantic_segmentation_fomo_bench_f1_score_unspecified,paper_2312_10114,task_semantic_segmentation,Semantic segmentation,FoMo-Bench,FoMo-Bench,f1_score,F1 Score,F1,true,,,,candidate,"paper links task 'Semantic segmentation', dataset 'FoMo-Bench', metric inferred from task family",paper_tasks.csv|paper_datasets.csv|metrics.csv defaults,0.45,metadata_join_task_default_metric
benchmark_task_semantic_segmentation_fomo_bench_mean_intersection_over_union_unspecified,paper_2312_10114,task_semantic_segmentation,Semantic segmentation,FoMo-Bench,FoMo-Bench,mean_intersection_over_union,Mean Intersection over Union,mIoU,true,,,,candidate,"paper links task 'Semantic segmentation', dataset 'FoMo-Bench', metric inferred from task family",paper_tasks.csv|paper_datasets.csv|metrics.csv defaults,0.45,metadata_join_task_default_metric
benchmark_task_classification_earthvqa_f1_score_unspecified,paper_2312_12222,task_classification,Classification,EarthVQA,EarthVQA,f1_score,F1 Score,F1,true,,,,candidate,"paper links task 'Classification', dataset 'EarthVQA', metric inferred from task family",paper_tasks.csv|paper_datasets.csv|metrics.csv defaults,0.45,metadata_join_task_default_metric
benchmark_task_classification_earthvqa_overall_accuracy_unspecified,paper_2312_12222,task_classification,Classification,EarthVQA,EarthVQA,overall_accuracy,Overall Accuracy,OA,true,,,,candidate,"paper links task 'Classification', dataset 'EarthVQA', metric inferred from task family",paper_tasks.csv|paper_datasets.csv|metrics.csv defaults,0.45,metadata_join_task_default_metric
benchmark_task_image_classification_earthvqa_f1_score_unspecified,paper_2312_12222,task_image_classification,Image classification,EarthVQA,EarthVQA,f1_score,F1 Score,F1,true,,,,candidate,"paper links task 'Image classification', dataset 'EarthVQA', metric inferred from task family",paper_tasks.csv|paper_datasets.csv|metrics.csv defaults,0.45,metadata_join_task_default_metric
benchmark_task_image_classification_earthvqa_overall_accuracy_unspecified,paper_2312_12222,task_image_classification,Image classification,EarthVQA,EarthVQA,overall_accuracy,Overall Accuracy,OA,true,,,,candidate,"paper links task 'Image classification', dataset 'EarthVQA', metric inferred from task family",paper_tasks.csv|paper_datasets.csv|metrics.csv defaults,0.45,metadata_join_task_default_metric
benchmark_task_semantic_segmentation_earthvqa_f1_score_unspecified,paper_2312_12222,task_semantic_segmentation,Semantic segmentation,EarthVQA,EarthVQA,f1_score,F1 Score,F1,true,,,,candidate,"paper links task 'Semantic segmentation', dataset 'EarthVQA', metric inferred from task family",paper_tasks.csv|paper_datasets.csv|metrics.csv defaults,0.45,metadata_join_task_default_metric
benchmark_task_semantic_segmentation_earthvqa_mean_intersection_over_union_unspecified,paper_2312_12222,task_semantic_segmentation,Semantic segmentation,EarthVQA,EarthVQA,mean_intersection_over_union,Mean Intersection over Union,mIoU,true,,,,candidate,"paper links task 'Semantic segmentation', dataset 'EarthVQA', metric inferred from task family",paper_tasks.csv|paper_datasets.csv|metrics.csv defaults,0.45,metadata_join_task_default_metric
benchmark_task_visual_question_answering_earthvqa_vqa_accuracy_unspecified,paper_2312_12222,task_visual_question_answering,Visual question answering,EarthVQA,EarthVQA,vqa_accuracy,Visual Question Answering Accuracy,VQA Acc,true,,,,candidate,"paper links task 'Visual question answering', dataset 'EarthVQA', metric inferred from task family",paper_tasks.csv|paper_datasets.csv|metrics.csv defaults,0.45,metadata_join_task_default_metric
benchmark_task_object_detection_chad_2004_landslide4sense_f1_score_unspecified,paper_2312_16717,task_object_detection,Object detection,Chad-2004/Landslide4sense,Landslide4sense,f1_score,F1 Score,F1,true,,,,probable,"paper links task 'Object detection', dataset 'Landslide4sense', and explicitly mentions metric 'F1 Score'",paper_tasks.csv|paper_datasets.csv|paper_metrics.csv,0.60,metadata_join_explicit_metric
benchmark_task_object_detection_chad_2004_landslide4sense_intersection_over_union_unspecified,paper_2312_16717,task_object_detection,Object detection,Chad-2004/Landslide4sense,Landslide4sense,intersection_over_union,Intersection over Union,IoU,true,,,,probable,"paper links task 'Object detection', dataset 'Landslide4sense', and explicitly mentions metric 'Intersection over Union'",paper_tasks.csv|paper_datasets.csv|paper_metrics.csv,0.60,metadata_join_explicit_metric
benchmark_task_object_detection_chad_2004_landslide4sense_log_loss_unspecified,paper_2312_16717,task_object_detection,Object detection,Chad-2004/Landslide4sense,Landslide4sense,log_loss,Log Loss,LogLoss,false,,,,probable,"paper links task 'Object detection', dataset 'Landslide4sense', and explicitly mentions metric 'Log Loss'",paper_tasks.csv|paper_datasets.csv|paper_metrics.csv,0.60,metadata_join_explicit_metric
benchmark_task_object_detection_chad_2004_landslide4sense_mean_intersection_over_union_unspecified,paper_2312_16717,task_object_detection,Object detection,Chad-2004/Landslide4sense,Landslide4sense,mean_intersection_over_union,Mean Intersection over Union,mIoU,true,,,,probable,"paper links task 'Object detection', dataset 'Landslide4sense', and explicitly mentions metric 'Mean Intersection over Union'",paper_tasks.csv|paper_datasets.csv|paper_metrics.csv,0.60,metadata_join_explicit_metric
benchmark_task_semantic_segmentation_chad_2004_landslide4sense_f1_score_unspecified_paper-2312-16717,paper_2312_16717,task_semantic_segmentation,Semantic segmentation,Chad-2004/Landslide4sense,Landslide4sense,f1_score,F1 Score,F1,true,,,,probable,"paper links task 'Semantic segmentation', dataset 'Landslide4sense', and explicitly mentions metric 'F1 Score'",paper_tasks.csv|paper_datasets.csv|paper_metrics.csv,0.60,metadata_join_explicit_metric
benchmark_task_semantic_segmentation_chad_2004_landslide4sense_intersection_over_union_unspecified,paper_2312_16717,task_semantic_segmentation,Semantic segmentation,Chad-2004/Landslide4sense,Landslide4sense,intersection_over_union,Intersection over Union,IoU,true,,,,probable,"paper links task 'Semantic segmentation', dataset 'Landslide4sense', and explicitly mentions metric 'Intersection over Union'",paper_tasks.csv|paper_datasets.csv|paper_metrics.csv,0.60,metadata_join_explicit_metric
benchmark_task_semantic_segmentation_chad_2004_landslide4sense_log_loss_unspecified,paper_2312_16717,task_semantic_segmentation,Semantic segmentation,Chad-2004/Landslide4sense,Landslide4sense,log_loss,Log Loss,LogLoss,false,,,,probable,"paper links task 'Semantic segmentation', dataset 'Landslide4sense', and explicitly mentions metric 'Log Loss'",paper_tasks.csv|paper_datasets.csv|paper_metrics.csv,0.60,metadata_join_explicit_metric
benchmark_task_semantic_segmentation_chad_2004_landslide4sense_mean_intersection_over_union_unspecified_paper-2312-16717,paper_2312_16717,task_semantic_segmentation,Semantic segmentation,Chad-2004/Landslide4sense,Landslide4sense,mean_intersection_over_union,Mean Intersection over Union,mIoU,true,,,,probable,"paper links task 'Semantic segmentation', dataset 'Landslide4sense', and explicitly mentions metric 'Mean Intersection over Union'",paper_tasks.csv|paper_datasets.csv|paper_metrics.csv,0.60,metadata_join_explicit_metric
benchmark_task_object_detection_d_linknet_ap50_unspecified_paper-2312-17040,paper_2312_17040,task_object_detection,Object detection,D-LinkNet,D-LinkNet,ap50,Average Precision at IoU 0.50,AP50,true,,,,candidate,"paper links task 'Object detection', dataset 'D-LinkNet', metric inferred from task family",paper_tasks.csv|paper_datasets.csv|metrics.csv defaults,0.45,metadata_join_task_default_metric
benchmark_task_object_detection_d_linknet_mean_average_precision_unspecified_paper-2312-17040,paper_2312_17040,task_object_detection,Object detection,D-LinkNet,D-LinkNet,mean_average_precision,Mean Average Precision,mAP,true,,,,candidate,"paper links task 'Object detection', dataset 'D-LinkNet', metric inferred from task family",paper_tasks.csv|paper_datasets.csv|metrics.csv defaults,0.45,metadata_join_task_default_metric
benchmark_task_semantic_segmentation_d_linknet_f1_score_unspecified_paper-2312-17040,paper_2312_17040,task_semantic_segmentation,Semantic segmentation,D-LinkNet,D-LinkNet,f1_score,F1 Score,F1,true,,,,candidate,"paper links task 'Semantic segmentation', dataset 'D-LinkNet', metric inferred from task family",paper_tasks.csv|paper_datasets.csv|metrics.csv defaults,0.45,metadata_join_task_default_metric
benchmark_task_semantic_segmentation_d_linknet_mean_intersection_over_union_unspecified_paper-2312-17040,paper_2312_17040,task_semantic_segmentation,Semantic segmentation,D-LinkNet,D-LinkNet,mean_intersection_over_union,Mean Intersection over Union,mIoU,true,,,,candidate,"paper links task 'Semantic segmentation', dataset 'D-LinkNet', metric inferred from task family",paper_tasks.csv|paper_datasets.csv|metrics.csv defaults,0.45,metadata_join_task_default_metric
benchmark_task_land_cover_mapping_gfm_bench_eurosat_accuracy_unspecified_paper-2401-02424,paper_2401_02424,task_land_cover_mapping,Land cover mapping,GFM-Bench/EuroSAT,EuroSAT,accuracy,Accuracy,Accuracy,true,,,,probable,"paper links task 'Land cover mapping', dataset 'EuroSAT', and explicitly mentions metric 'Accuracy'",paper_tasks.csv|paper_datasets.csv|paper_metrics.csv,0.60,metadata_join_explicit_metric
benchmark_task_land_cover_mapping_chatearthnet_accuracy_unspecified,paper_2402_11325,task_land_cover_mapping,Land cover mapping,ChatEarthNet,ChatEarthNet,accuracy,Accuracy,Accuracy,true,,,,probable,"paper links task 'Land cover mapping', dataset 'ChatEarthNet', and explicitly mentions metric 'Accuracy'",paper_tasks.csv|paper_datasets.csv|paper_metrics.csv,0.60,metadata_join_explicit_metric
benchmark_task_semantic_segmentation_chatearthnet_accuracy_unspecified,paper_2402_11325,task_semantic_segmentation,Semantic segmentation,ChatEarthNet,ChatEarthNet,accuracy,Accuracy,Accuracy,true,,,,probable,"paper links task 'Semantic segmentation', dataset 'ChatEarthNet', and explicitly mentions metric 'Accuracy'",paper_tasks.csv|paper_datasets.csv|paper_metrics.csv,0.60,metadata_join_explicit_metric
benchmark_task_classification_bigearthnet_average_precision_unspecified,paper_2403_05419,task_classification,Classification,BigEarthNet,BigEarthNet,average_precision,Average Precision,AP,true,,,,probable,"paper links task 'Classification', dataset 'BigEarthNet', and explicitly mentions metric 'Average Precision'",paper_tasks.csv|paper_datasets.csv|paper_metrics.csv,0.60,metadata_join_explicit_metric
benchmark_task_classification_bigearthnet_mean_average_precision_unspecified,paper_2403_05419,task_classification,Classification,BigEarthNet,BigEarthNet,mean_average_precision,Mean Average Precision,mAP,true,,,,probable,"paper links task 'Classification', dataset 'BigEarthNet', and explicitly mentions metric 'Mean Average Precision'",paper_tasks.csv|paper_datasets.csv|paper_metrics.csv,0.60,metadata_join_explicit_metric
benchmark_task_classification_bigearthnet_precision_unspecified,paper_2403_05419,task_classification,Classification,BigEarthNet,BigEarthNet,precision,Precision,Precision,true,,,,probable,"paper links task 'Classification', dataset 'BigEarthNet', and explicitly mentions metric 'Precision'",paper_tasks.csv|paper_datasets.csv|paper_metrics.csv,0.60,metadata_join_explicit_metric
benchmark_task_image_classification_bigearthnet_average_precision_unspecified,paper_2403_05419,task_image_classification,Image classification,BigEarthNet,BigEarthNet,average_precision,Average Precision,AP,true,,,,probable,"paper links task 'Image classification', dataset 'BigEarthNet', and explicitly mentions metric 'Average Precision'",paper_tasks.csv|paper_datasets.csv|paper_metrics.csv,0.60,metadata_join_explicit_metric
benchmark_task_image_classification_bigearthnet_mean_average_precision_unspecified,paper_2403_05419,task_image_classification,Image classification,BigEarthNet,BigEarthNet,mean_average_precision,Mean Average Precision,mAP,true,,,,probable,"paper links task 'Image classification', dataset 'BigEarthNet', and explicitly mentions metric 'Mean Average Precision'",paper_tasks.csv|paper_datasets.csv|paper_metrics.csv,0.60,metadata_join_explicit_metric
benchmark_task_image_classification_bigearthnet_precision_unspecified,paper_2403_05419,task_image_classification,Image classification,BigEarthNet,BigEarthNet,precision,Precision,Precision,true,,,,probable,"paper links task 'Image classification', dataset 'BigEarthNet', and explicitly mentions metric 'Precision'",paper_tasks.csv|paper_datasets.csv|paper_metrics.csv,0.60,metadata_join_explicit_metric
benchmark_task_object_detection_rmbielski_planetscope_ap50_unspecified_paper-2404-07607,paper_2404_07607,task_object_detection,Object detection,rmbielski/PlanetScope,PlanetScope,ap50,Average Precision at IoU 0.50,AP50,true,,,,candidate,"paper links task 'Object detection', dataset 'PlanetScope', metric inferred from task family",paper_tasks.csv|paper_datasets.csv|metrics.csv defaults,0.45,metadata_join_task_default_metric
benchmark_task_object_detection_rmbielski_planetscope_mean_average_precision_unspecified_paper-2404-07607,paper_2404_07607,task_object_detection,Object detection,rmbielski/PlanetScope,PlanetScope,mean_average_precision,Mean Average Precision,mAP,true,,,,candidate,"paper links task 'Object detection', dataset 'PlanetScope', metric inferred from task family",paper_tasks.csv|paper_datasets.csv|metrics.csv defaults,0.45,metadata_join_task_default_metric
benchmark_task_semantic_segmentation_rmbielski_planetscope_precision_unspecified,paper_2404_12487,task_semantic_segmentation,Semantic segmentation,rmbielski/PlanetScope,PlanetScope,precision,Precision,Precision,true,,,,probable,"paper links task 'Semantic segmentation', dataset 'PlanetScope', and explicitly mentions metric 'Precision'",paper_tasks.csv|paper_datasets.csv|paper_metrics.csv,0.60,metadata_join_explicit_metric
benchmark_task_semantic_segmentation_oli2msi_mean_squared_error_unspecified,paper_2404_18924,task_semantic_segmentation,Semantic segmentation,OLI2MSI,OLI2MSI,mean_squared_error,Mean Squared Error,MSE,false,,,,probable,"paper links task 'Semantic segmentation', dataset 'OLI2MSI', and explicitly mentions metric 'Mean Squared Error'",paper_tasks.csv|paper_datasets.csv|paper_metrics.csv,0.60,metadata_join_explicit_metric
benchmark_task_semantic_segmentation_oli2msi_psnr_unspecified,paper_2404_18924,task_semantic_segmentation,Semantic segmentation,OLI2MSI,OLI2MSI,psnr,Peak Signal-to-Noise Ratio,PSNR,true,,,,probable,"paper links task 'Semantic segmentation', dataset 'OLI2MSI', and explicitly mentions metric 'Peak Signal-to-Noise Ratio'",paper_tasks.csv|paper_datasets.csv|paper_metrics.csv,0.60,metadata_join_explicit_metric
benchmark_task_semantic_segmentation_oli2msi_ssim_unspecified,paper_2404_18924,task_semantic_segmentation,Semantic segmentation,OLI2MSI,OLI2MSI,ssim,Structural Similarity Index Measure,SSIM,true,,,,probable,"paper links task 'Semantic segmentation', dataset 'OLI2MSI', and explicitly mentions metric 'Structural Similarity Index Measure'",paper_tasks.csv|paper_datasets.csv|paper_metrics.csv,0.60,metadata_join_explicit_metric
benchmark_task_super_resolution_oli2msi_mean_squared_error_unspecified,paper_2404_18924,task_super_resolution,Super-resolution,OLI2MSI,OLI2MSI,mean_squared_error,Mean Squared Error,MSE,false,,,,probable,"paper links task 'Super-resolution', dataset 'OLI2MSI', and explicitly mentions metric 'Mean Squared Error'",paper_tasks.csv|paper_datasets.csv|paper_metrics.csv,0.60,metadata_join_explicit_metric
benchmark_task_super_resolution_oli2msi_psnr_unspecified,paper_2404_18924,task_super_resolution,Super-resolution,OLI2MSI,OLI2MSI,psnr,Peak Signal-to-Noise Ratio,PSNR,true,,,,probable,"paper links task 'Super-resolution', dataset 'OLI2MSI', and explicitly mentions metric 'Peak Signal-to-Noise Ratio'",paper_tasks.csv|paper_datasets.csv|paper_metrics.csv,0.60,metadata_join_explicit_metric
benchmark_task_super_resolution_oli2msi_ssim_unspecified,paper_2404_18924,task_super_resolution,Super-resolution,OLI2MSI,OLI2MSI,ssim,Structural Similarity Index Measure,SSIM,true,,,,probable,"paper links task 'Super-resolution', dataset 'OLI2MSI', and explicitly mentions metric 'Structural Similarity Index Measure'",paper_tasks.csv|paper_datasets.csv|paper_metrics.csv,0.60,metadata_join_explicit_metric
benchmark_task_classification_a_large_scale_dataset_f1_score_unspecified_paper-2405-01656,paper_2405_01656,task_classification,Classification,A Large-scale Dataset,A Large-scale Dataset,f1_score,F1 Score,F1,true,,,,candidate,"paper links task 'Classification', dataset 'A Large-scale Dataset', metric inferred from task family",paper_tasks.csv|paper_datasets.csv|metrics.csv defaults,0.45,metadata_join_task_default_metric
benchmark_task_classification_a_large_scale_dataset_overall_accuracy_unspecified_paper-2405-01656,paper_2405_01656,task_classification,Classification,A Large-scale Dataset,A Large-scale Dataset,overall_accuracy,Overall Accuracy,OA,true,,,,candidate,"paper links task 'Classification', dataset 'A Large-scale Dataset', metric inferred from task family",paper_tasks.csv|paper_datasets.csv|metrics.csv defaults,0.45,metadata_join_task_default_metric
benchmark_task_image_classification_a_large_scale_dataset_f1_score_unspecified_paper-2405-01656,paper_2405_01656,task_image_classification,Image classification,A Large-scale Dataset,A Large-scale Dataset,f1_score,F1 Score,F1,true,,,,candidate,"paper links task 'Image classification', dataset 'A Large-scale Dataset', metric inferred from task family",paper_tasks.csv|paper_datasets.csv|metrics.csv defaults,0.45,metadata_join_task_default_metric
benchmark_task_image_classification_a_large_scale_dataset_overall_accuracy_unspecified_paper-2405-01656,paper_2405_01656,task_image_classification,Image classification,A Large-scale Dataset,A Large-scale Dataset,overall_accuracy,Overall Accuracy,OA,true,,,,candidate,"paper links task 'Image classification', dataset 'A Large-scale Dataset', metric inferred from task family",paper_tasks.csv|paper_datasets.csv|metrics.csv defaults,0.45,metadata_join_task_default_metric
benchmark_task_land_cover_mapping_a_large_scale_dataset_f1_score_unspecified_paper-2405-01656,paper_2405_01656,task_land_cover_mapping,Land cover mapping,A Large-scale Dataset,A Large-scale Dataset,f1_score,F1 Score,F1,true,,,,candidate,"paper links task 'Land cover mapping', dataset 'A Large-scale Dataset', metric inferred from task family",paper_tasks.csv|paper_datasets.csv|metrics.csv defaults,0.45,metadata_join_task_default_metric
benchmark_task_land_cover_mapping_a_large_scale_dataset_mean_intersection_over_union_unspecified_paper-2405-01656,paper_2405_01656,task_land_cover_mapping,Land cover mapping,A Large-scale Dataset,A Large-scale Dataset,mean_intersection_over_union,Mean Intersection over Union,mIoU,true,,,,candidate,"paper links task 'Land cover mapping', dataset 'A Large-scale Dataset', metric inferred from task family",paper_tasks.csv|paper_datasets.csv|metrics.csv defaults,0.45,metadata_join_task_default_metric
benchmark_task_semantic_segmentation_a_large_scale_dataset_f1_score_unspecified_paper-2405-01656,paper_2405_01656,task_semantic_segmentation,Semantic segmentation,A Large-scale Dataset,A Large-scale Dataset,f1_score,F1 Score,F1,true,,,,candidate,"paper links task 'Semantic segmentation', dataset 'A Large-scale Dataset', metric inferred from task family",paper_tasks.csv|paper_datasets.csv|metrics.csv defaults,0.45,metadata_join_task_default_metric
benchmark_task_semantic_segmentation_a_large_scale_dataset_mean_intersection_over_union_unspecified_paper-2405-01656,paper_2405_01656,task_semantic_segmentation,Semantic segmentation,A Large-scale Dataset,A Large-scale Dataset,mean_intersection_over_union,Mean Intersection over Union,mIoU,true,,,,candidate,"paper links task 'Semantic segmentation', dataset 'A Large-scale Dataset', metric inferred from task family",paper_tasks.csv|paper_datasets.csv|metrics.csv defaults,0.45,metadata_join_task_default_metric
benchmark_task_classification_gfm_bench_eurosat_f1_score_unspecified_paper-2405-02634,paper_2405_02634,task_classification,Classification,GFM-Bench/EuroSAT,EuroSAT,f1_score,F1 Score,F1,true,,,,candidate,"paper links task 'Classification', dataset 'EuroSAT', metric inferred from task family",paper_tasks.csv|paper_datasets.csv|metrics.csv defaults,0.45,metadata_join_task_default_metric
benchmark_task_classification_gfm_bench_eurosat_overall_accuracy_unspecified_paper-2405-02634,paper_2405_02634,task_classification,Classification,GFM-Bench/EuroSAT,EuroSAT,overall_accuracy,Overall Accuracy,OA,true,,,,candidate,"paper links task 'Classification', dataset 'EuroSAT', metric inferred from task family",paper_tasks.csv|paper_datasets.csv|metrics.csv defaults,0.45,metadata_join_task_default_metric
benchmark_task_image_classification_gfm_bench_eurosat_f1_score_unspecified_paper-2405-02634,paper_2405_02634,task_image_classification,Image classification,GFM-Bench/EuroSAT,EuroSAT,f1_score,F1 Score,F1,true,,,,candidate,"paper links task 'Image classification', dataset 'EuroSAT', metric inferred from task family",paper_tasks.csv|paper_datasets.csv|metrics.csv defaults,0.45,metadata_join_task_default_metric
benchmark_task_image_classification_gfm_bench_eurosat_overall_accuracy_unspecified_paper-2405-02634,paper_2405_02634,task_image_classification,Image classification,GFM-Bench/EuroSAT,EuroSAT,overall_accuracy,Overall Accuracy,OA,true,,,,candidate,"paper links task 'Image classification', dataset 'EuroSAT', metric inferred from task family",paper_tasks.csv|paper_datasets.csv|metrics.csv defaults,0.45,metadata_join_task_default_metric
benchmark_task_object_detection_gfm_bench_eurosat_ap50_unspecified_paper-2405-02634,paper_2405_02634,task_object_detection,Object detection,GFM-Bench/EuroSAT,EuroSAT,ap50,Average Precision at IoU 0.50,AP50,true,,,,candidate,"paper links task 'Object detection', dataset 'EuroSAT', metric inferred from task family",paper_tasks.csv|paper_datasets.csv|metrics.csv defaults,0.45,metadata_join_task_default_metric
benchmark_task_object_detection_gfm_bench_eurosat_mean_average_precision_unspecified_paper-2405-02634,paper_2405_02634,task_object_detection,Object detection,GFM-Bench/EuroSAT,EuroSAT,mean_average_precision,Mean Average Precision,mAP,true,,,,candidate,"paper links task 'Object detection', dataset 'EuroSAT', metric inferred from task family",paper_tasks.csv|paper_datasets.csv|metrics.csv defaults,0.45,metadata_join_task_default_metric
benchmark_task_object_detection_satellite_image_deep_learning_vhr_10_ap50_unspecified_paper-2405-11293,paper_2405_11293,task_object_detection,Object detection,satellite-image-deep-learning/VHR-10,VHR-10,ap50,Average Precision at IoU 0.50,AP50,true,,,,candidate,"paper links task 'Object detection', dataset 'VHR-10', metric inferred from task family",paper_tasks.csv|paper_datasets.csv|metrics.csv defaults,0.45,metadata_join_task_default_metric
benchmark_task_object_detection_satellite_image_deep_learning_vhr_10_mean_average_precision_unspecified_paper-2405-11293,paper_2405_11293,task_object_detection,Object detection,satellite-image-deep-learning/VHR-10,VHR-10,mean_average_precision,Mean Average Precision,mAP,true,,,,candidate,"paper links task 'Object detection', dataset 'VHR-10', metric inferred from task family",paper_tasks.csv|paper_datasets.csv|metrics.csv defaults,0.45,metadata_join_task_default_metric
benchmark_task_classification_gfm_bench_eurosat_accuracy_unspecified_paper-2405-13285,paper_2405_13285,task_classification,Classification,GFM-Bench/EuroSAT,EuroSAT,accuracy,Accuracy,Accuracy,true,,,,probable,"paper links task 'Classification', dataset 'EuroSAT', and explicitly mentions metric 'Accuracy'",paper_tasks.csv|paper_datasets.csv|paper_metrics.csv,0.60,metadata_join_explicit_metric
benchmark_task_image_classification_gfm_bench_eurosat_accuracy_unspecified_paper-2405-13285,paper_2405_13285,task_image_classification,Image classification,GFM-Bench/EuroSAT,EuroSAT,accuracy,Accuracy,Accuracy,true,,,,probable,"paper links task 'Image classification', dataset 'EuroSAT', and explicitly mentions metric 'Accuracy'",paper_tasks.csv|paper_datasets.csv|paper_metrics.csv,0.60,metadata_join_explicit_metric
benchmark_task_semantic_segmentation_a_large_scale_dataset_f1_score_unspecified_paper-2405-20109,paper_2405_20109,task_semantic_segmentation,Semantic segmentation,A Large-scale Dataset,A Large-scale Dataset,f1_score,F1 Score,F1,true,,,,candidate,"paper links task 'Semantic segmentation', dataset 'A Large-scale Dataset', metric inferred from task family",paper_tasks.csv|paper_datasets.csv|metrics.csv defaults,0.45,metadata_join_task_default_metric
benchmark_task_semantic_segmentation_a_large_scale_dataset_mean_intersection_over_union_unspecified_paper-2405-20109,paper_2405_20109,task_semantic_segmentation,Semantic segmentation,A Large-scale Dataset,A Large-scale Dataset,mean_intersection_over_union,Mean Intersection over Union,mIoU,true,,,,candidate,"paper links task 'Semantic segmentation', dataset 'A Large-scale Dataset', metric inferred from task family",paper_tasks.csv|paper_datasets.csv|metrics.csv defaults,0.45,metadata_join_task_default_metric
benchmark_task_classification_gfm_bench_eurosat_accuracy_unspecified_paper-2406-00600,paper_2406_00600,task_classification,Classification,GFM-Bench/EuroSAT,EuroSAT,accuracy,Accuracy,Accuracy,true,,,,probable,"paper links task 'Classification', dataset 'EuroSAT', and explicitly mentions metric 'Accuracy'",paper_tasks.csv|paper_datasets.csv|paper_metrics.csv,0.60,metadata_join_explicit_metric
benchmark_task_image_classification_gfm_bench_eurosat_accuracy_unspecified_paper-2406-00600,paper_2406_00600,task_image_classification,Image classification,GFM-Bench/EuroSAT,EuroSAT,accuracy,Accuracy,Accuracy,true,,,,probable,"paper links task 'Image classification', dataset 'EuroSAT', and explicitly mentions metric 'Accuracy'",paper_tasks.csv|paper_datasets.csv|paper_metrics.csv,0.60,metadata_join_explicit_metric
benchmark_task_scene_classification_gfm_bench_eurosat_accuracy_unspecified_paper-2406-00600,paper_2406_00600,task_scene_classification,Scene classification,GFM-Bench/EuroSAT,EuroSAT,accuracy,Accuracy,Accuracy,true,,,,probable,"paper links task 'Scene classification', dataset 'EuroSAT', and explicitly mentions metric 'Accuracy'",paper_tasks.csv|paper_datasets.csv|paper_metrics.csv,0.60,metadata_join_explicit_metric
benchmark_task_object_detection_blanchon_fair1m_ap50_unspecified_paper-2406-06028,paper_2406_06028,task_object_detection,Object detection,blanchon/FAIR1M,FAIR1M,ap50,Average Precision at IoU 0.50,AP50,true,,,,candidate,"paper links task 'Object detection', dataset 'FAIR1M', metric inferred from task family",paper_tasks.csv|paper_datasets.csv|metrics.csv defaults,0.45,metadata_join_task_default_metric
benchmark_task_object_detection_blanchon_fair1m_mean_average_precision_unspecified_paper-2406-06028,paper_2406_06028,task_object_detection,Object detection,blanchon/FAIR1M,FAIR1M,mean_average_precision,Mean Average Precision,mAP,true,,,,candidate,"paper links task 'Object detection', dataset 'FAIR1M', metric inferred from task family",paper_tasks.csv|paper_datasets.csv|metrics.csv defaults,0.45,metadata_join_task_default_metric
benchmark_task_object_detection_a_large_scale_dataset_ap50_unspecified_paper-2406-09410,paper_2406_09410,task_object_detection,Object detection,A Large-scale Dataset,A Large-scale Dataset,ap50,Average Precision at IoU 0.50,AP50,true,,,,candidate,"paper links task 'Object detection', dataset 'A Large-scale Dataset', metric inferred from task family",paper_tasks.csv|paper_datasets.csv|metrics.csv defaults,0.45,metadata_join_task_default_metric
benchmark_task_object_detection_a_large_scale_dataset_mean_average_precision_unspecified_paper-2406-09410,paper_2406_09410,task_object_detection,Object detection,A Large-scale Dataset,A Large-scale Dataset,mean_average_precision,Mean Average Precision,mAP,true,,,,candidate,"paper links task 'Object detection', dataset 'A Large-scale Dataset', metric inferred from task family",paper_tasks.csv|paper_datasets.csv|metrics.csv defaults,0.45,metadata_join_task_default_metric
benchmark_task_classification_hanasyafiraihan_geoai_f1_score_unspecified_paper-2406-15658,paper_2406_15658,task_classification,Classification,Hanasyafiraihan/GeoAI,GeoAI,f1_score,F1 Score,F1,true,,,,candidate,"paper links task 'Classification', dataset 'GeoAI', metric inferred from task family",paper_tasks.csv|paper_datasets.csv|metrics.csv defaults,0.45,metadata_join_task_default_metric
benchmark_task_classification_hanasyafiraihan_geoai_overall_accuracy_unspecified_paper-2406-15658,paper_2406_15658,task_classification,Classification,Hanasyafiraihan/GeoAI,GeoAI,overall_accuracy,Overall Accuracy,OA,true,,,,candidate,"paper links task 'Classification', dataset 'GeoAI', metric inferred from task family",paper_tasks.csv|paper_datasets.csv|metrics.csv defaults,0.45,metadata_join_task_default_metric
benchmark_task_image_classification_hanasyafiraihan_geoai_f1_score_unspecified_paper-2406-15658,paper_2406_15658,task_image_classification,Image classification,Hanasyafiraihan/GeoAI,GeoAI,f1_score,F1 Score,F1,true,,,,candidate,"paper links task 'Image classification', dataset 'GeoAI', metric inferred from task family",paper_tasks.csv|paper_datasets.csv|metrics.csv defaults,0.45,metadata_join_task_default_metric
benchmark_task_image_classification_hanasyafiraihan_geoai_overall_accuracy_unspecified_paper-2406-15658,paper_2406_15658,task_image_classification,Image classification,Hanasyafiraihan/GeoAI,GeoAI,overall_accuracy,Overall Accuracy,OA,true,,,,candidate,"paper links task 'Image classification', dataset 'GeoAI', metric inferred from task family",paper_tasks.csv|paper_datasets.csv|metrics.csv defaults,0.45,metadata_join_task_default_metric
benchmark_task_visual_question_answering_hanasyafiraihan_geoai_vqa_accuracy_unspecified_paper-2406-15658,paper_2406_15658,task_visual_question_answering,Visual question answering,Hanasyafiraihan/GeoAI,GeoAI,vqa_accuracy,Visual Question Answering Accuracy,VQA Acc,true,,,,candidate,"paper links task 'Visual question answering', dataset 'GeoAI', metric inferred from task family",paper_tasks.csv|paper_datasets.csv|metrics.csv defaults,0.45,metadata_join_task_default_metric
benchmark_task_change_detection_rmbielski_planetscope_f1_score_unspecified,paper_2406_17458,task_change_detection,Change detection,rmbielski/PlanetScope,PlanetScope,f1_score,F1 Score,F1,true,,,,probable,"paper links task 'Change detection', dataset 'PlanetScope', and explicitly mentions metric 'F1 Score'",paper_tasks.csv|paper_datasets.csv|paper_metrics.csv,0.60,metadata_join_explicit_metric
benchmark_task_object_detection_rmbielski_planetscope_f1_score_unspecified_paper-2406-17458,paper_2406_17458,task_object_detection,Object detection,rmbielski/PlanetScope,PlanetScope,f1_score,F1 Score,F1,true,,,,probable,"paper links task 'Object detection', dataset 'PlanetScope', and explicitly mentions metric 'F1 Score'",paper_tasks.csv|paper_datasets.csv|paper_metrics.csv,0.60,metadata_join_explicit_metric
benchmark_task_semantic_segmentation_rmbielski_planetscope_f1_score_unspecified_paper-2406-17458,paper_2406_17458,task_semantic_segmentation,Semantic segmentation,rmbielski/PlanetScope,PlanetScope,f1_score,F1 Score,F1,true,,,,probable,"paper links task 'Semantic segmentation', dataset 'PlanetScope', and explicitly mentions metric 'F1 Score'",paper_tasks.csv|paper_datasets.csv|paper_metrics.csv,0.60,metadata_join_explicit_metric
benchmark_task_land_cover_mapping_jtrneo_synrs3d_f1_score_unspecified,paper_2406_18151,task_land_cover_mapping,Land cover mapping,JTRNEO/SynRS3D,SynRS3D,f1_score,F1 Score,F1,true,,,,candidate,"paper links task 'Land cover mapping', dataset 'SynRS3D', metric inferred from task family",paper_tasks.csv|paper_datasets.csv|metrics.csv defaults,0.45,metadata_join_task_default_metric
benchmark_task_land_cover_mapping_jtrneo_synrs3d_mean_intersection_over_union_unspecified,paper_2406_18151,task_land_cover_mapping,Land cover mapping,JTRNEO/SynRS3D,SynRS3D,mean_intersection_over_union,Mean Intersection over Union,mIoU,true,,,,candidate,"paper links task 'Land cover mapping', dataset 'SynRS3D', metric inferred from task family",paper_tasks.csv|paper_datasets.csv|metrics.csv defaults,0.45,metadata_join_task_default_metric
benchmark_task_classification_bigearthnet_f1_score_unspecified_paper-2407-03653,paper_2407_03653,task_classification,Classification,BigEarthNet,BigEarthNet,f1_score,F1 Score,F1,true,,,,candidate,"paper links task 'Classification', dataset 'BigEarthNet', metric inferred from task family",paper_tasks.csv|paper_datasets.csv|metrics.csv defaults,0.45,metadata_join_task_default_metric
benchmark_task_classification_bigearthnet_overall_accuracy_unspecified_paper-2407-03653,paper_2407_03653,task_classification,Classification,BigEarthNet,BigEarthNet,overall_accuracy,Overall Accuracy,OA,true,,,,candidate,"paper links task 'Classification', dataset 'BigEarthNet', metric inferred from task family",paper_tasks.csv|paper_datasets.csv|metrics.csv defaults,0.45,metadata_join_task_default_metric
benchmark_task_image_classification_bigearthnet_f1_score_unspecified_paper-2407-03653,paper_2407_03653,task_image_classification,Image classification,BigEarthNet,BigEarthNet,f1_score,F1 Score,F1,true,,,,candidate,"paper links task 'Image classification', dataset 'BigEarthNet', metric inferred from task family",paper_tasks.csv|paper_datasets.csv|metrics.csv defaults,0.45,metadata_join_task_default_metric
benchmark_task_image_classification_bigearthnet_overall_accuracy_unspecified_paper-2407-03653,paper_2407_03653,task_image_classification,Image classification,BigEarthNet,BigEarthNet,overall_accuracy,Overall Accuracy,OA,true,,,,candidate,"paper links task 'Image classification', dataset 'BigEarthNet', metric inferred from task family",paper_tasks.csv|paper_datasets.csv|metrics.csv defaults,0.45,metadata_join_task_default_metric
benchmark_task_land_cover_mapping_bigearthnet_f1_score_unspecified_paper-2407-03653,paper_2407_03653,task_land_cover_mapping,Land cover mapping,BigEarthNet,BigEarthNet,f1_score,F1 Score,F1,true,,,,candidate,"paper links task 'Land cover mapping', dataset 'BigEarthNet', metric inferred from task family",paper_tasks.csv|paper_datasets.csv|metrics.csv defaults,0.45,metadata_join_task_default_metric
benchmark_task_land_cover_mapping_bigearthnet_mean_intersection_over_union_unspecified_paper-2407-03653,paper_2407_03653,task_land_cover_mapping,Land cover mapping,BigEarthNet,BigEarthNet,mean_intersection_over_union,Mean Intersection over Union,mIoU,true,,,,candidate,"paper links task 'Land cover mapping', dataset 'BigEarthNet', metric inferred from task family",paper_tasks.csv|paper_datasets.csv|metrics.csv defaults,0.45,metadata_join_task_default_metric
benchmark_task_classification_hanasyafiraihan_geoai_accuracy_unspecified,paper_2408_05891,task_classification,Classification,Hanasyafiraihan/GeoAI,GeoAI,accuracy,Accuracy,Accuracy,true,,,,probable,"paper links task 'Classification', dataset 'GeoAI', and explicitly mentions metric 'Accuracy'",paper_tasks.csv|paper_datasets.csv|paper_metrics.csv,0.60,metadata_join_explicit_metric
benchmark_task_classification_hanasyafiraihan_geoai_f1_score_unspecified_paper-2408-05891,paper_2408_05891,task_classification,Classification,Hanasyafiraihan/GeoAI,GeoAI,f1_score,F1 Score,F1,true,,,,probable,"paper links task 'Classification', dataset 'GeoAI', and explicitly mentions metric 'F1 Score'",paper_tasks.csv|paper_datasets.csv|paper_metrics.csv,0.60,metadata_join_explicit_metric
benchmark_task_image_classification_hanasyafiraihan_geoai_accuracy_unspecified,paper_2408_05891,task_image_classification,Image classification,Hanasyafiraihan/GeoAI,GeoAI,accuracy,Accuracy,Accuracy,true,,,,probable,"paper links task 'Image classification', dataset 'GeoAI', and explicitly mentions metric 'Accuracy'",paper_tasks.csv|paper_datasets.csv|paper_metrics.csv,0.60,metadata_join_explicit_metric
benchmark_task_image_classification_hanasyafiraihan_geoai_f1_score_unspecified_paper-2408-05891,paper_2408_05891,task_image_classification,Image classification,Hanasyafiraihan/GeoAI,GeoAI,f1_score,F1 Score,F1,true,,,,probable,"paper links task 'Image classification', dataset 'GeoAI', and explicitly mentions metric 'F1 Score'",paper_tasks.csv|paper_datasets.csv|paper_metrics.csv,0.60,metadata_join_explicit_metric
benchmark_task_classification_hanasyafiraihan_geoai_f1_score_unspecified_paper-2408-06761,paper_2408_06761,task_classification,Classification,Hanasyafiraihan/GeoAI,GeoAI,f1_score,F1 Score,F1,true,,,,candidate,"paper links task 'Classification', dataset 'GeoAI', metric inferred from task family",paper_tasks.csv|paper_datasets.csv|metrics.csv defaults,0.45,metadata_join_task_default_metric
benchmark_task_classification_hanasyafiraihan_geoai_overall_accuracy_unspecified_paper-2408-06761,paper_2408_06761,task_classification,Classification,Hanasyafiraihan/GeoAI,GeoAI,overall_accuracy,Overall Accuracy,OA,true,,,,candidate,"paper links task 'Classification', dataset 'GeoAI', metric inferred from task family",paper_tasks.csv|paper_datasets.csv|metrics.csv defaults,0.45,metadata_join_task_default_metric
benchmark_task_image_classification_hanasyafiraihan_geoai_f1_score_unspecified_paper-2408-06761,paper_2408_06761,task_image_classification,Image classification,Hanasyafiraihan/GeoAI,GeoAI,f1_score,F1 Score,F1,true,,,,candidate,"paper links task 'Image classification', dataset 'GeoAI', metric inferred from task family",paper_tasks.csv|paper_datasets.csv|metrics.csv defaults,0.45,metadata_join_task_default_metric
benchmark_task_image_classification_hanasyafiraihan_geoai_overall_accuracy_unspecified_paper-2408-06761,paper_2408_06761,task_image_classification,Image classification,Hanasyafiraihan/GeoAI,GeoAI,overall_accuracy,Overall Accuracy,OA,true,,,,candidate,"paper links task 'Image classification', dataset 'GeoAI', metric inferred from task family",paper_tasks.csv|paper_datasets.csv|metrics.csv defaults,0.45,metadata_join_task_default_metric
benchmark_task_object_detection_jaychempan_lae_1m_ap50_unspecified,paper_2408_09110,task_object_detection,Object detection,jaychempan/LAE-1M,LAE-1M,ap50,Average Precision at IoU 0.50,AP50,true,,,,candidate,"paper links task 'Object detection', dataset 'LAE-1M', metric inferred from task family",paper_tasks.csv|paper_datasets.csv|metrics.csv defaults,0.45,metadata_join_task_default_metric
benchmark_task_object_detection_jaychempan_lae_1m_mean_average_precision_unspecified,paper_2408_09110,task_object_detection,Object detection,jaychempan/LAE-1M,LAE-1M,mean_average_precision,Mean Average Precision,mAP,true,,,,candidate,"paper links task 'Object detection', dataset 'LAE-1M', metric inferred from task family",paper_tasks.csv|paper_datasets.csv|metrics.csv defaults,0.45,metadata_join_task_default_metric
benchmark_task_object_tracking_a_large_scale_dataset_idf1_unspecified,paper_2408_12232,task_object_tracking,Object tracking,A Large-scale Dataset,A Large-scale Dataset,idf1,ID F1 Score,IDF1,true,,,,candidate,"paper links task 'Object tracking', dataset 'A Large-scale Dataset', metric inferred from task family",paper_tasks.csv|paper_datasets.csv|metrics.csv defaults,0.45,metadata_join_task_default_metric
benchmark_task_object_tracking_a_large_scale_dataset_mota_unspecified,paper_2408_12232,task_object_tracking,Object tracking,A Large-scale Dataset,A Large-scale Dataset,mota,Multiple Object Tracking Accuracy,MOTA,true,,,,candidate,"paper links task 'Object tracking', dataset 'A Large-scale Dataset', metric inferred from task family",paper_tasks.csv|paper_datasets.csv|metrics.csv defaults,0.45,metadata_join_task_default_metric
benchmark_task_semantic_segmentation_a_large_scale_dataset_f1_score_unspecified_paper-2410-06194,paper_2410_06194,task_semantic_segmentation,Semantic segmentation,A Large-scale Dataset,A Large-scale Dataset,f1_score,F1 Score,F1,true,,,,candidate,"paper links task 'Semantic segmentation', dataset 'A Large-scale Dataset', metric inferred from task family",paper_tasks.csv|paper_datasets.csv|metrics.csv defaults,0.45,metadata_join_task_default_metric
benchmark_task_semantic_segmentation_a_large_scale_dataset_mean_intersection_over_union_unspecified_paper-2410-06194,paper_2410_06194,task_semantic_segmentation,Semantic segmentation,A Large-scale Dataset,A Large-scale Dataset,mean_intersection_over_union,Mean Intersection over Union,mIoU,true,,,,candidate,"paper links task 'Semantic segmentation', dataset 'A Large-scale Dataset', metric inferred from task family",paper_tasks.csv|paper_datasets.csv|metrics.csv defaults,0.45,metadata_join_task_default_metric
benchmark_task_object_detection_rmbielski_planetscope_accuracy_unspecified,paper_2410_14698,task_object_detection,Object detection,rmbielski/PlanetScope,PlanetScope,accuracy,Accuracy,Accuracy,true,,,,probable,"paper links task 'Object detection', dataset 'PlanetScope', and explicitly mentions metric 'Accuracy'",paper_tasks.csv|paper_datasets.csv|paper_metrics.csv,0.60,metadata_join_explicit_metric
benchmark_task_object_detection_rmbielski_planetscope_average_precision_unspecified,paper_2410_14698,task_object_detection,Object detection,rmbielski/PlanetScope,PlanetScope,average_precision,Average Precision,AP,true,,,,probable,"paper links task 'Object detection', dataset 'PlanetScope', and explicitly mentions metric 'Average Precision'",paper_tasks.csv|paper_datasets.csv|paper_metrics.csv,0.60,metadata_join_explicit_metric
benchmark_task_object_detection_rmbielski_planetscope_mean_average_precision_unspecified_paper-2410-14698,paper_2410_14698,task_object_detection,Object detection,rmbielski/PlanetScope,PlanetScope,mean_average_precision,Mean Average Precision,mAP,true,,,,probable,"paper links task 'Object detection', dataset 'PlanetScope', and explicitly mentions metric 'Mean Average Precision'",paper_tasks.csv|paper_datasets.csv|paper_metrics.csv,0.60,metadata_join_explicit_metric
benchmark_task_object_detection_rmbielski_planetscope_precision_unspecified,paper_2410_14698,task_object_detection,Object detection,rmbielski/PlanetScope,PlanetScope,precision,Precision,Precision,true,,,,probable,"paper links task 'Object detection', dataset 'PlanetScope', and explicitly mentions metric 'Precision'",paper_tasks.csv|paper_datasets.csv|paper_metrics.csv,0.60,metadata_join_explicit_metric
benchmark_task_classification_remoteclip_f1_score_unspecified_paper-2411-02057,paper_2411_02057,task_classification,Classification,RemoteCLIP,RemoteCLIP,f1_score,F1 Score,F1,true,,,,candidate,"paper links task 'Classification', dataset 'RemoteCLIP', metric inferred from task family",paper_tasks.csv|paper_datasets.csv|metrics.csv defaults,0.45,metadata_join_task_default_metric
benchmark_task_classification_remoteclip_overall_accuracy_unspecified_paper-2411-02057,paper_2411_02057,task_classification,Classification,RemoteCLIP,RemoteCLIP,overall_accuracy,Overall Accuracy,OA,true,,,,candidate,"paper links task 'Classification', dataset 'RemoteCLIP', metric inferred from task family",paper_tasks.csv|paper_datasets.csv|metrics.csv defaults,0.45,metadata_join_task_default_metric
benchmark_task_image_classification_remoteclip_f1_score_unspecified_paper-2411-02057,paper_2411_02057,task_image_classification,Image classification,RemoteCLIP,RemoteCLIP,f1_score,F1 Score,F1,true,,,,candidate,"paper links task 'Image classification', dataset 'RemoteCLIP', metric inferred from task family",paper_tasks.csv|paper_datasets.csv|metrics.csv defaults,0.45,metadata_join_task_default_metric
benchmark_task_image_classification_remoteclip_overall_accuracy_unspecified_paper-2411-02057,paper_2411_02057,task_image_classification,Image classification,RemoteCLIP,RemoteCLIP,overall_accuracy,Overall Accuracy,OA,true,,,,candidate,"paper links task 'Image classification', dataset 'RemoteCLIP', metric inferred from task family",paper_tasks.csv|paper_datasets.csv|metrics.csv defaults,0.45,metadata_join_task_default_metric
benchmark_task_object_detection_remoteclip_ap50_unspecified_paper-2411-02057,paper_2411_02057,task_object_detection,Object detection,RemoteCLIP,RemoteCLIP,ap50,Average Precision at IoU 0.50,AP50,true,,,,candidate,"paper links task 'Object detection', dataset 'RemoteCLIP', metric inferred from task family",paper_tasks.csv|paper_datasets.csv|metrics.csv defaults,0.45,metadata_join_task_default_metric
benchmark_task_object_detection_remoteclip_mean_average_precision_unspecified_paper-2411-02057,paper_2411_02057,task_object_detection,Object detection,RemoteCLIP,RemoteCLIP,mean_average_precision,Mean Average Precision,mAP,true,,,,candidate,"paper links task 'Object detection', dataset 'RemoteCLIP', metric inferred from task family",paper_tasks.csv|paper_datasets.csv|metrics.csv defaults,0.45,metadata_join_task_default_metric
benchmark_task_visual_question_answering_rsvqaxben_vqa_accuracy_unspecified_paper-2411-10857,paper_2411_10857,task_visual_question_answering,Visual question answering,RSVQAxBen,RSVQAxBen,vqa_accuracy,Visual Question Answering Accuracy,VQA Acc,true,,,,candidate,"paper links task 'Visual question answering', dataset 'RSVQAxBen', metric inferred from task family",paper_tasks.csv|paper_datasets.csv|metrics.csv defaults,0.45,metadata_join_task_default_metric
benchmark_task_semantic_segmentation_rmbielski_planetscope_intersection_over_union_unspecified_paper-2411-15923,paper_2411_15923,task_semantic_segmentation,Semantic segmentation,rmbielski/PlanetScope,PlanetScope,intersection_over_union,Intersection over Union,IoU,true,,,,probable,"paper links task 'Semantic segmentation', dataset 'PlanetScope', and explicitly mentions metric 'Intersection over Union'",paper_tasks.csv|paper_datasets.csv|paper_metrics.csv,0.60,metadata_join_explicit_metric
benchmark_task_classification_bigearthnet_accuracy_unspecified_paper-2412-08536,paper_2412_08536,task_classification,Classification,BigEarthNet,BigEarthNet,accuracy,Accuracy,Accuracy,true,,,,probable,"paper links task 'Classification', dataset 'BigEarthNet', and explicitly mentions metric 'Accuracy'",paper_tasks.csv|paper_datasets.csv|paper_metrics.csv,0.60,metadata_join_explicit_metric
benchmark_task_classification_gfm_bench_eurosat_accuracy_unspecified_paper-2412-08536,paper_2412_08536,task_classification,Classification,GFM-Bench/EuroSAT,EuroSAT,accuracy,Accuracy,Accuracy,true,,,,probable,"paper links task 'Classification', dataset 'EuroSAT', and explicitly mentions metric 'Accuracy'",paper_tasks.csv|paper_datasets.csv|paper_metrics.csv,0.60,metadata_join_explicit_metric
benchmark_task_image_classification_bigearthnet_accuracy_unspecified_paper-2412-08536,paper_2412_08536,task_image_classification,Image classification,BigEarthNet,BigEarthNet,accuracy,Accuracy,Accuracy,true,,,,probable,"paper links task 'Image classification', dataset 'BigEarthNet', and explicitly mentions metric 'Accuracy'",paper_tasks.csv|paper_datasets.csv|paper_metrics.csv,0.60,metadata_join_explicit_metric
benchmark_task_image_classification_gfm_bench_eurosat_accuracy_unspecified_paper-2412-08536,paper_2412_08536,task_image_classification,Image classification,GFM-Bench/EuroSAT,EuroSAT,accuracy,Accuracy,Accuracy,true,,,,probable,"paper links task 'Image classification', dataset 'EuroSAT', and explicitly mentions metric 'Accuracy'",paper_tasks.csv|paper_datasets.csv|paper_metrics.csv,0.60,metadata_join_explicit_metric
benchmark_task_object_detection_gfm_bench_eurosat_ap50_unspecified_paper-2412-13394,paper_2412_13394,task_object_detection,Object detection,GFM-Bench/EuroSAT,EuroSAT,ap50,Average Precision at IoU 0.50,AP50,true,,,,candidate,"paper links task 'Object detection', dataset 'EuroSAT', metric inferred from task family",paper_tasks.csv|paper_datasets.csv|metrics.csv defaults,0.45,metadata_join_task_default_metric
benchmark_task_object_detection_gfm_bench_eurosat_mean_average_precision_unspecified_paper-2412-13394,paper_2412_13394,task_object_detection,Object detection,GFM-Bench/EuroSAT,EuroSAT,mean_average_precision,Mean Average Precision,mAP,true,,,,candidate,"paper links task 'Object detection', dataset 'EuroSAT', metric inferred from task family",paper_tasks.csv|paper_datasets.csv|metrics.csv defaults,0.45,metadata_join_task_default_metric
benchmark_task_instance_segmentation_satellite_image_deep_learning_vhr_10_average_precision_unspecified,paper_2501_00360,task_instance_segmentation,Instance segmentation,satellite-image-deep-learning/VHR-10,VHR-10,average_precision,Average Precision,AP,true,,,,probable,"paper links task 'Instance segmentation', dataset 'VHR-10', and explicitly mentions metric 'Average Precision'",paper_tasks.csv|paper_datasets.csv|paper_metrics.csv,0.60,metadata_join_explicit_metric
benchmark_task_instance_segmentation_satellite_image_deep_learning_vhr_10_precision_unspecified,paper_2501_00360,task_instance_segmentation,Instance segmentation,satellite-image-deep-learning/VHR-10,VHR-10,precision,Precision,Precision,true,,,,probable,"paper links task 'Instance segmentation', dataset 'VHR-10', and explicitly mentions metric 'Precision'",paper_tasks.csv|paper_datasets.csv|paper_metrics.csv,0.60,metadata_join_explicit_metric
benchmark_task_semantic_segmentation_satellite_image_deep_learning_vhr_10_average_precision_unspecified,paper_2501_00360,task_semantic_segmentation,Semantic segmentation,satellite-image-deep-learning/VHR-10,VHR-10,average_precision,Average Precision,AP,true,,,,probable,"paper links task 'Semantic segmentation', dataset 'VHR-10', and explicitly mentions metric 'Average Precision'",paper_tasks.csv|paper_datasets.csv|paper_metrics.csv,0.60,metadata_join_explicit_metric
benchmark_task_semantic_segmentation_satellite_image_deep_learning_vhr_10_precision_unspecified,paper_2501_00360,task_semantic_segmentation,Semantic segmentation,satellite-image-deep-learning/VHR-10,VHR-10,precision,Precision,Precision,true,,,,probable,"paper links task 'Semantic segmentation', dataset 'VHR-10', and explicitly mentions metric 'Precision'",paper_tasks.csv|paper_datasets.csv|paper_metrics.csv,0.60,metadata_join_explicit_metric
benchmark_task_classification_satellite_image_deep_learning_vhr_10_f1_score_unspecified,paper_2501_02474,task_classification,Classification,satellite-image-deep-learning/VHR-10,VHR-10,f1_score,F1 Score,F1,true,,,,candidate,"paper links task 'Classification', dataset 'VHR-10', metric inferred from task family",paper_tasks.csv|paper_datasets.csv|metrics.csv defaults,0.45,metadata_join_task_default_metric
benchmark_task_classification_satellite_image_deep_learning_vhr_10_overall_accuracy_unspecified,paper_2501_02474,task_classification,Classification,satellite-image-deep-learning/VHR-10,VHR-10,overall_accuracy,Overall Accuracy,OA,true,,,,candidate,"paper links task 'Classification', dataset 'VHR-10', metric inferred from task family",paper_tasks.csv|paper_datasets.csv|metrics.csv defaults,0.45,metadata_join_task_default_metric
benchmark_task_image_classification_satellite_image_deep_learning_vhr_10_f1_score_unspecified,paper_2501_02474,task_image_classification,Image classification,satellite-image-deep-learning/VHR-10,VHR-10,f1_score,F1 Score,F1,true,,,,candidate,"paper links task 'Image classification', dataset 'VHR-10', metric inferred from task family",paper_tasks.csv|paper_datasets.csv|metrics.csv defaults,0.45,metadata_join_task_default_metric
benchmark_task_image_classification_satellite_image_deep_learning_vhr_10_overall_accuracy_unspecified,paper_2501_02474,task_image_classification,Image classification,satellite-image-deep-learning/VHR-10,VHR-10,overall_accuracy,Overall Accuracy,OA,true,,,,candidate,"paper links task 'Image classification', dataset 'VHR-10', metric inferred from task family",paper_tasks.csv|paper_datasets.csv|metrics.csv defaults,0.45,metadata_join_task_default_metric
benchmark_task_object_detection_satellite_image_deep_learning_vhr_10_ap50_unspecified_paper-2501-02474,paper_2501_02474,task_object_detection,Object detection,satellite-image-deep-learning/VHR-10,VHR-10,ap50,Average Precision at IoU 0.50,AP50,true,,,,candidate,"paper links task 'Object detection', dataset 'VHR-10', metric inferred from task family",paper_tasks.csv|paper_datasets.csv|metrics.csv defaults,0.45,metadata_join_task_default_metric
benchmark_task_object_detection_satellite_image_deep_learning_vhr_10_mean_average_precision_unspecified_paper-2501-02474,paper_2501_02474,task_object_detection,Object detection,satellite-image-deep-learning/VHR-10,VHR-10,mean_average_precision,Mean Average Precision,mAP,true,,,,candidate,"paper links task 'Object detection', dataset 'VHR-10', metric inferred from task family",paper_tasks.csv|paper_datasets.csv|metrics.csv defaults,0.45,metadata_join_task_default_metric
benchmark_task_classification_bigearthnet_f1_score_unspecified_paper-2501-10144,paper_2501_10144,task_classification,Classification,BigEarthNet,BigEarthNet,f1_score,F1 Score,F1,true,,,,candidate,"paper links task 'Classification', dataset 'BigEarthNet', metric inferred from task family",paper_tasks.csv|paper_datasets.csv|metrics.csv defaults,0.45,metadata_join_task_default_metric
benchmark_task_classification_bigearthnet_overall_accuracy_unspecified_paper-2501-10144,paper_2501_10144,task_classification,Classification,BigEarthNet,BigEarthNet,overall_accuracy,Overall Accuracy,OA,true,,,,candidate,"paper links task 'Classification', dataset 'BigEarthNet', metric inferred from task family",paper_tasks.csv|paper_datasets.csv|metrics.csv defaults,0.45,metadata_join_task_default_metric
benchmark_task_image_classification_bigearthnet_f1_score_unspecified_paper-2501-10144,paper_2501_10144,task_image_classification,Image classification,BigEarthNet,BigEarthNet,f1_score,F1 Score,F1,true,,,,candidate,"paper links task 'Image classification', dataset 'BigEarthNet', metric inferred from task family",paper_tasks.csv|paper_datasets.csv|metrics.csv defaults,0.45,metadata_join_task_default_metric
benchmark_task_image_classification_bigearthnet_overall_accuracy_unspecified_paper-2501-10144,paper_2501_10144,task_image_classification,Image classification,BigEarthNet,BigEarthNet,overall_accuracy,Overall Accuracy,OA,true,,,,candidate,"paper links task 'Image classification', dataset 'BigEarthNet', metric inferred from task family",paper_tasks.csv|paper_datasets.csv|metrics.csv defaults,0.45,metadata_join_task_default_metric
benchmark_task_scene_classification_bigearthnet_f1_score_unspecified_paper-2501-10144,paper_2501_10144,task_scene_classification,Scene classification,BigEarthNet,BigEarthNet,f1_score,F1 Score,F1,true,,,,candidate,"paper links task 'Scene classification', dataset 'BigEarthNet', metric inferred from task family",paper_tasks.csv|paper_datasets.csv|metrics.csv defaults,0.45,metadata_join_task_default_metric
benchmark_task_scene_classification_bigearthnet_overall_accuracy_unspecified_paper-2501-10144,paper_2501_10144,task_scene_classification,Scene classification,BigEarthNet,BigEarthNet,overall_accuracy,Overall Accuracy,OA,true,,,,candidate,"paper links task 'Scene classification', dataset 'BigEarthNet', metric inferred from task family",paper_tasks.csv|paper_datasets.csv|metrics.csv defaults,0.45,metadata_join_task_default_metric
benchmark_task_change_detection_circlelzy_jl1_cd_ap50_unspecified,paper_2502_13407,task_change_detection,Change detection,circleLZY/JL1-CD,JL1-CD,ap50,Average Precision at IoU 0.50,AP50,true,,,,candidate,"paper links task 'Change detection', dataset 'JL1-CD', metric inferred from task family",paper_tasks.csv|paper_datasets.csv|metrics.csv defaults,0.45,metadata_join_task_default_metric
benchmark_task_change_detection_circlelzy_jl1_cd_mean_average_precision_unspecified,paper_2502_13407,task_change_detection,Change detection,circleLZY/JL1-CD,JL1-CD,mean_average_precision,Mean Average Precision,mAP,true,,,,candidate,"paper links task 'Change detection', dataset 'JL1-CD', metric inferred from task family",paper_tasks.csv|paper_datasets.csv|metrics.csv defaults,0.45,metadata_join_task_default_metric
benchmark_task_object_detection_circlelzy_jl1_cd_ap50_unspecified,paper_2502_13407,task_object_detection,Object detection,circleLZY/JL1-CD,JL1-CD,ap50,Average Precision at IoU 0.50,AP50,true,,,,candidate,"paper links task 'Object detection', dataset 'JL1-CD', metric inferred from task family",paper_tasks.csv|paper_datasets.csv|metrics.csv defaults,0.45,metadata_join_task_default_metric
benchmark_task_object_detection_circlelzy_jl1_cd_mean_average_precision_unspecified,paper_2502_13407,task_object_detection,Object detection,circleLZY/JL1-CD,JL1-CD,mean_average_precision,Mean Average Precision,mAP,true,,,,candidate,"paper links task 'Object detection', dataset 'JL1-CD', metric inferred from task family",paper_tasks.csv|paper_datasets.csv|metrics.csv defaults,0.45,metadata_join_task_default_metric
benchmark_task_object_detection_satellite_image_deep_learning_vhr_10_accuracy_unspecified_paper-2503-00545,paper_2503_00545,task_object_detection,Object detection,satellite-image-deep-learning/VHR-10,VHR-10,accuracy,Accuracy,Accuracy,true,,,,probable,"paper links task 'Object detection', dataset 'VHR-10', and explicitly mentions metric 'Accuracy'",paper_tasks.csv|paper_datasets.csv|paper_metrics.csv,0.60,metadata_join_explicit_metric
benchmark_task_object_detection_satellite_image_deep_learning_vhr_10_average_precision_unspecified,paper_2503_00545,task_object_detection,Object detection,satellite-image-deep-learning/VHR-10,VHR-10,average_precision,Average Precision,AP,true,,,,probable,"paper links task 'Object detection', dataset 'VHR-10', and explicitly mentions metric 'Average Precision'",paper_tasks.csv|paper_datasets.csv|paper_metrics.csv,0.60,metadata_join_explicit_metric
benchmark_task_object_detection_satellite_image_deep_learning_vhr_10_intersection_over_union_unspecified_paper-2503-00545,paper_2503_00545,task_object_detection,Object detection,satellite-image-deep-learning/VHR-10,VHR-10,intersection_over_union,Intersection over Union,IoU,true,,,,probable,"paper links task 'Object detection', dataset 'VHR-10', and explicitly mentions metric 'Intersection over Union'",paper_tasks.csv|paper_datasets.csv|paper_metrics.csv,0.60,metadata_join_explicit_metric
benchmark_task_object_detection_satellite_image_deep_learning_vhr_10_mean_average_precision_unspecified_paper-2503-00545,paper_2503_00545,task_object_detection,Object detection,satellite-image-deep-learning/VHR-10,VHR-10,mean_average_precision,Mean Average Precision,mAP,true,,,,probable,"paper links task 'Object detection', dataset 'VHR-10', and explicitly mentions metric 'Mean Average Precision'",paper_tasks.csv|paper_datasets.csv|paper_metrics.csv,0.60,metadata_join_explicit_metric
benchmark_task_object_detection_satellite_image_deep_learning_vhr_10_precision_unspecified,paper_2503_00545,task_object_detection,Object detection,satellite-image-deep-learning/VHR-10,VHR-10,precision,Precision,Precision,true,,,,probable,"paper links task 'Object detection', dataset 'VHR-10', and explicitly mentions metric 'Precision'",paper_tasks.csv|paper_datasets.csv|paper_metrics.csv,0.60,metadata_join_explicit_metric
benchmark_task_object_detection_satellite_image_deep_learning_vhr_10_recall_unspecified,paper_2503_00545,task_object_detection,Object detection,satellite-image-deep-learning/VHR-10,VHR-10,recall,Recall,Recall,true,,,,probable,"paper links task 'Object detection', dataset 'VHR-10', and explicitly mentions metric 'Recall'",paper_tasks.csv|paper_datasets.csv|paper_metrics.csv,0.60,metadata_join_explicit_metric
benchmark_task_land_cover_mapping_dragon7_landcover_ai_intersection_over_union_unspecified_paper-2503-22909,paper_2503_22909,task_land_cover_mapping,Land cover mapping,dragon7/LandCover.ai,LandCover.ai,intersection_over_union,Intersection over Union,IoU,true,,,,probable,"paper links task 'Land cover mapping', dataset 'LandCover.ai', and explicitly mentions metric 'Intersection over Union'",paper_tasks.csv|paper_datasets.csv|paper_metrics.csv,0.60,metadata_join_explicit_metric
benchmark_task_land_cover_mapping_dragon7_landcover_ai_mean_intersection_over_union_unspecified_paper-2503-22909,paper_2503_22909,task_land_cover_mapping,Land cover mapping,dragon7/LandCover.ai,LandCover.ai,mean_intersection_over_union,Mean Intersection over Union,mIoU,true,,,,probable,"paper links task 'Land cover mapping', dataset 'LandCover.ai', and explicitly mentions metric 'Mean Intersection over Union'",paper_tasks.csv|paper_datasets.csv|paper_metrics.csv,0.60,metadata_join_explicit_metric
benchmark_task_semantic_segmentation_dragon7_landcover_ai_intersection_over_union_unspecified_paper-2503-22909,paper_2503_22909,task_semantic_segmentation,Semantic segmentation,dragon7/LandCover.ai,LandCover.ai,intersection_over_union,Intersection over Union,IoU,true,,,,probable,"paper links task 'Semantic segmentation', dataset 'LandCover.ai', and explicitly mentions metric 'Intersection over Union'",paper_tasks.csv|paper_datasets.csv|paper_metrics.csv,0.60,metadata_join_explicit_metric
benchmark_task_semantic_segmentation_dragon7_landcover_ai_mean_intersection_over_union_unspecified_paper-2503-22909,paper_2503_22909,task_semantic_segmentation,Semantic segmentation,dragon7/LandCover.ai,LandCover.ai,mean_intersection_over_union,Mean Intersection over Union,mIoU,true,,,,probable,"paper links task 'Semantic segmentation', dataset 'LandCover.ai', and explicitly mentions metric 'Mean Intersection over Union'",paper_tasks.csv|paper_datasets.csv|paper_metrics.csv,0.60,metadata_join_explicit_metric
benchmark_task_object_detection_a_large_scale_dataset_ap50_unspecified_paper-2504-06920,paper_2504_06920,task_object_detection,Object detection,A Large-scale Dataset,A Large-scale Dataset,ap50,Average Precision at IoU 0.50,AP50,true,,,,candidate,"paper links task 'Object detection', dataset 'A Large-scale Dataset', metric inferred from task family",paper_tasks.csv|paper_datasets.csv|metrics.csv defaults,0.45,metadata_join_task_default_metric
benchmark_task_object_detection_a_large_scale_dataset_mean_average_precision_unspecified_paper-2504-06920,paper_2504_06920,task_object_detection,Object detection,A Large-scale Dataset,A Large-scale Dataset,mean_average_precision,Mean Average Precision,mAP,true,,,,candidate,"paper links task 'Object detection', dataset 'A Large-scale Dataset', metric inferred from task family",paper_tasks.csv|paper_datasets.csv|metrics.csv defaults,0.45,metadata_join_task_default_metric
benchmark_task_classification_a_large_scale_dataset_f1_score_unspecified_paper-2504-09416,paper_2504_09416,task_classification,Classification,A Large-scale Dataset,A Large-scale Dataset,f1_score,F1 Score,F1,true,,,,candidate,"paper links task 'Classification', dataset 'A Large-scale Dataset', metric inferred from task family",paper_tasks.csv|paper_datasets.csv|metrics.csv defaults,0.45,metadata_join_task_default_metric
benchmark_task_classification_a_large_scale_dataset_overall_accuracy_unspecified_paper-2504-09416,paper_2504_09416,task_classification,Classification,A Large-scale Dataset,A Large-scale Dataset,overall_accuracy,Overall Accuracy,OA,true,,,,candidate,"paper links task 'Classification', dataset 'A Large-scale Dataset', metric inferred from task family",paper_tasks.csv|paper_datasets.csv|metrics.csv defaults,0.45,metadata_join_task_default_metric
benchmark_task_image_classification_a_large_scale_dataset_f1_score_unspecified_paper-2504-09416,paper_2504_09416,task_image_classification,Image classification,A Large-scale Dataset,A Large-scale Dataset,f1_score,F1 Score,F1,true,,,,candidate,"paper links task 'Image classification', dataset 'A Large-scale Dataset', metric inferred from task family",paper_tasks.csv|paper_datasets.csv|metrics.csv defaults,0.45,metadata_join_task_default_metric
benchmark_task_image_classification_a_large_scale_dataset_overall_accuracy_unspecified_paper-2504-09416,paper_2504_09416,task_image_classification,Image classification,A Large-scale Dataset,A Large-scale Dataset,overall_accuracy,Overall Accuracy,OA,true,,,,candidate,"paper links task 'Image classification', dataset 'A Large-scale Dataset', metric inferred from task family",paper_tasks.csv|paper_datasets.csv|metrics.csv defaults,0.45,metadata_join_task_default_metric
benchmark_task_change_detection_floodnet_accuracy_unspecified,paper_2504_10834,task_change_detection,Change detection,FloodNet,FloodNet,accuracy,Accuracy,Accuracy,true,,,,probable,"paper links task 'Change detection', dataset 'FloodNet', and explicitly mentions metric 'Accuracy'",paper_tasks.csv|paper_datasets.csv|paper_metrics.csv,0.60,metadata_join_explicit_metric
benchmark_task_change_detection_floodnet_mean_intersection_over_union_unspecified,paper_2504_10834,task_change_detection,Change detection,FloodNet,FloodNet,mean_intersection_over_union,Mean Intersection over Union,mIoU,true,,,,probable,"paper links task 'Change detection', dataset 'FloodNet', and explicitly mentions metric 'Mean Intersection over Union'",paper_tasks.csv|paper_datasets.csv|paper_metrics.csv,0.60,metadata_join_explicit_metric
benchmark_task_change_detection_floodnet_precision_unspecified,paper_2504_10834,task_change_detection,Change detection,FloodNet,FloodNet,precision,Precision,Precision,true,,,,probable,"paper links task 'Change detection', dataset 'FloodNet', and explicitly mentions metric 'Precision'",paper_tasks.csv|paper_datasets.csv|paper_metrics.csv,0.60,metadata_join_explicit_metric
benchmark_task_object_detection_floodnet_accuracy_unspecified,paper_2504_10834,task_object_detection,Object detection,FloodNet,FloodNet,accuracy,Accuracy,Accuracy,true,,,,probable,"paper links task 'Object detection', dataset 'FloodNet', and explicitly mentions metric 'Accuracy'",paper_tasks.csv|paper_datasets.csv|paper_metrics.csv,0.60,metadata_join_explicit_metric
benchmark_task_object_detection_floodnet_mean_intersection_over_union_unspecified,paper_2504_10834,task_object_detection,Object detection,FloodNet,FloodNet,mean_intersection_over_union,Mean Intersection over Union,mIoU,true,,,,probable,"paper links task 'Object detection', dataset 'FloodNet', and explicitly mentions metric 'Mean Intersection over Union'",paper_tasks.csv|paper_datasets.csv|paper_metrics.csv,0.60,metadata_join_explicit_metric
benchmark_task_object_detection_floodnet_precision_unspecified,paper_2504_10834,task_object_detection,Object detection,FloodNet,FloodNet,precision,Precision,Precision,true,,,,probable,"paper links task 'Object detection', dataset 'FloodNet', and explicitly mentions metric 'Precision'",paper_tasks.csv|paper_datasets.csv|paper_metrics.csv,0.60,metadata_join_explicit_metric
benchmark_task_semantic_segmentation_floodnet_accuracy_unspecified,paper_2504_10834,task_semantic_segmentation,Semantic segmentation,FloodNet,FloodNet,accuracy,Accuracy,Accuracy,true,,,,probable,"paper links task 'Semantic segmentation', dataset 'FloodNet', and explicitly mentions metric 'Accuracy'",paper_tasks.csv|paper_datasets.csv|paper_metrics.csv,0.60,metadata_join_explicit_metric
benchmark_task_semantic_segmentation_floodnet_mean_intersection_over_union_unspecified_paper-2504-10834,paper_2504_10834,task_semantic_segmentation,Semantic segmentation,FloodNet,FloodNet,mean_intersection_over_union,Mean Intersection over Union,mIoU,true,,,,probable,"paper links task 'Semantic segmentation', dataset 'FloodNet', and explicitly mentions metric 'Mean Intersection over Union'",paper_tasks.csv|paper_datasets.csv|paper_metrics.csv,0.60,metadata_join_explicit_metric
benchmark_task_semantic_segmentation_floodnet_precision_unspecified,paper_2504_10834,task_semantic_segmentation,Semantic segmentation,FloodNet,FloodNet,precision,Precision,Precision,true,,,,probable,"paper links task 'Semantic segmentation', dataset 'FloodNet', and explicitly mentions metric 'Precision'",paper_tasks.csv|paper_datasets.csv|paper_metrics.csv,0.60,metadata_join_explicit_metric
benchmark_task_classification_gfm_bench_eurosat_accuracy_unspecified_paper-2504-12484,paper_2504_12484,task_classification,Classification,GFM-Bench/EuroSAT,EuroSAT,accuracy,Accuracy,Accuracy,true,,,,probable,"paper links task 'Classification', dataset 'EuroSAT', and explicitly mentions metric 'Accuracy'",paper_tasks.csv|paper_datasets.csv|paper_metrics.csv,0.60,metadata_join_explicit_metric
benchmark_task_classification_blanchon_patternnet_accuracy_unspecified,paper_2504_12484,task_classification,Classification,blanchon/PatternNet,PatternNet,accuracy,Accuracy,Accuracy,true,,,,probable,"paper links task 'Classification', dataset 'PatternNet', and explicitly mentions metric 'Accuracy'",paper_tasks.csv|paper_datasets.csv|paper_metrics.csv,0.60,metadata_join_explicit_metric
benchmark_task_image_classification_gfm_bench_eurosat_accuracy_unspecified_paper-2504-12484,paper_2504_12484,task_image_classification,Image classification,GFM-Bench/EuroSAT,EuroSAT,accuracy,Accuracy,Accuracy,true,,,,probable,"paper links task 'Image classification', dataset 'EuroSAT', and explicitly mentions metric 'Accuracy'",paper_tasks.csv|paper_datasets.csv|paper_metrics.csv,0.60,metadata_join_explicit_metric
benchmark_task_image_classification_blanchon_patternnet_accuracy_unspecified,paper_2504_12484,task_image_classification,Image classification,blanchon/PatternNet,PatternNet,accuracy,Accuracy,Accuracy,true,,,,probable,"paper links task 'Image classification', dataset 'PatternNet', and explicitly mentions metric 'Accuracy'",paper_tasks.csv|paper_datasets.csv|paper_metrics.csv,0.60,metadata_join_explicit_metric
benchmark_task_classification_a_large_scale_dataset_accuracy_unspecified_paper-2504-13442,paper_2504_13442,task_classification,Classification,A Large-scale Dataset,A Large-scale Dataset,accuracy,Accuracy,Accuracy,true,,,,probable,"paper links task 'Classification', dataset 'A Large-scale Dataset', and explicitly mentions metric 'Accuracy'",paper_tasks.csv|paper_datasets.csv|paper_metrics.csv,0.60,metadata_join_explicit_metric
benchmark_task_image_classification_a_large_scale_dataset_accuracy_unspecified_paper-2504-13442,paper_2504_13442,task_image_classification,Image classification,A Large-scale Dataset,A Large-scale Dataset,accuracy,Accuracy,Accuracy,true,,,,probable,"paper links task 'Image classification', dataset 'A Large-scale Dataset', and explicitly mentions metric 'Accuracy'",paper_tasks.csv|paper_datasets.csv|paper_metrics.csv,0.60,metadata_join_explicit_metric
benchmark_task_semantic_segmentation_a_large_scale_dataset_accuracy_unspecified,paper_2504_13442,task_semantic_segmentation,Semantic segmentation,A Large-scale Dataset,A Large-scale Dataset,accuracy,Accuracy,Accuracy,true,,,,probable,"paper links task 'Semantic segmentation', dataset 'A Large-scale Dataset', and explicitly mentions metric 'Accuracy'",paper_tasks.csv|paper_datasets.csv|paper_metrics.csv,0.60,metadata_join_explicit_metric
benchmark_task_classification_a_large_scale_dataset_f1_score_unspecified_paper-2505-08723,paper_2505_08723,task_classification,Classification,A Large-scale Dataset,A Large-scale Dataset,f1_score,F1 Score,F1,true,,,,candidate,"paper links task 'Classification', dataset 'A Large-scale Dataset', metric inferred from task family",paper_tasks.csv|paper_datasets.csv|metrics.csv defaults,0.45,metadata_join_task_default_metric
benchmark_task_classification_a_large_scale_dataset_overall_accuracy_unspecified_paper-2505-08723,paper_2505_08723,task_classification,Classification,A Large-scale Dataset,A Large-scale Dataset,overall_accuracy,Overall Accuracy,OA,true,,,,candidate,"paper links task 'Classification', dataset 'A Large-scale Dataset', metric inferred from task family",paper_tasks.csv|paper_datasets.csv|metrics.csv defaults,0.45,metadata_join_task_default_metric
benchmark_task_image_classification_a_large_scale_dataset_f1_score_unspecified_paper-2505-08723,paper_2505_08723,task_image_classification,Image classification,A Large-scale Dataset,A Large-scale Dataset,f1_score,F1 Score,F1,true,,,,candidate,"paper links task 'Image classification', dataset 'A Large-scale Dataset', metric inferred from task family",paper_tasks.csv|paper_datasets.csv|metrics.csv defaults,0.45,metadata_join_task_default_metric
benchmark_task_image_classification_a_large_scale_dataset_overall_accuracy_unspecified_paper-2505-08723,paper_2505_08723,task_image_classification,Image classification,A Large-scale Dataset,A Large-scale Dataset,overall_accuracy,Overall Accuracy,OA,true,,,,candidate,"paper links task 'Image classification', dataset 'A Large-scale Dataset', metric inferred from task family",paper_tasks.csv|paper_datasets.csv|metrics.csv defaults,0.45,metadata_join_task_default_metric
benchmark_task_land_cover_mapping_a_large_scale_dataset_f1_score_unspecified_paper-2505-08723,paper_2505_08723,task_land_cover_mapping,Land cover mapping,A Large-scale Dataset,A Large-scale Dataset,f1_score,F1 Score,F1,true,,,,candidate,"paper links task 'Land cover mapping', dataset 'A Large-scale Dataset', metric inferred from task family",paper_tasks.csv|paper_datasets.csv|metrics.csv defaults,0.45,metadata_join_task_default_metric
benchmark_task_land_cover_mapping_a_large_scale_dataset_mean_intersection_over_union_unspecified_paper-2505-08723,paper_2505_08723,task_land_cover_mapping,Land cover mapping,A Large-scale Dataset,A Large-scale Dataset,mean_intersection_over_union,Mean Intersection over Union,mIoU,true,,,,candidate,"paper links task 'Land cover mapping', dataset 'A Large-scale Dataset', metric inferred from task family",paper_tasks.csv|paper_datasets.csv|metrics.csv defaults,0.45,metadata_join_task_default_metric
benchmark_task_object_detection_a_large_scale_dataset_ap50_unspecified_paper-2505-08723,paper_2505_08723,task_object_detection,Object detection,A Large-scale Dataset,A Large-scale Dataset,ap50,Average Precision at IoU 0.50,AP50,true,,,,candidate,"paper links task 'Object detection', dataset 'A Large-scale Dataset', metric inferred from task family",paper_tasks.csv|paper_datasets.csv|metrics.csv defaults,0.45,metadata_join_task_default_metric
benchmark_task_object_detection_a_large_scale_dataset_mean_average_precision_unspecified_paper-2505-08723,paper_2505_08723,task_object_detection,Object detection,A Large-scale Dataset,A Large-scale Dataset,mean_average_precision,Mean Average Precision,mAP,true,,,,candidate,"paper links task 'Object detection', dataset 'A Large-scale Dataset', metric inferred from task family",paper_tasks.csv|paper_datasets.csv|metrics.csv defaults,0.45,metadata_join_task_default_metric
benchmark_task_semantic_segmentation_a_large_scale_dataset_f1_score_unspecified_paper-2505-08723,paper_2505_08723,task_semantic_segmentation,Semantic segmentation,A Large-scale Dataset,A Large-scale Dataset,f1_score,F1 Score,F1,true,,,,candidate,"paper links task 'Semantic segmentation', dataset 'A Large-scale Dataset', metric inferred from task family",paper_tasks.csv|paper_datasets.csv|metrics.csv defaults,0.45,metadata_join_task_default_metric
benchmark_task_semantic_segmentation_a_large_scale_dataset_mean_intersection_over_union_unspecified_paper-2505-08723,paper_2505_08723,task_semantic_segmentation,Semantic segmentation,A Large-scale Dataset,A Large-scale Dataset,mean_intersection_over_union,Mean Intersection over Union,mIoU,true,,,,candidate,"paper links task 'Semantic segmentation', dataset 'A Large-scale Dataset', metric inferred from task family",paper_tasks.csv|paper_datasets.csv|metrics.csv defaults,0.45,metadata_join_task_default_metric
benchmark_task_super_resolution_blanchon_resisc45_learned_perceptual_image_patch_similarity_unspecified,paper_2505_10027,task_super_resolution,Super-resolution,blanchon/RESISC45,RESISC45,learned_perceptual_image_patch_similarity,Learned Perceptual Image Patch Similarity,LPIPS,false,,,,probable,"paper links task 'Super-resolution', dataset 'RESISC45', and explicitly mentions metric 'Learned Perceptual Image Patch Similarity'",paper_tasks.csv|paper_datasets.csv|paper_metrics.csv,0.60,metadata_join_explicit_metric
benchmark_task_super_resolution_blanchon_resisc45_psnr_unspecified,paper_2505_10027,task_super_resolution,Super-resolution,blanchon/RESISC45,RESISC45,psnr,Peak Signal-to-Noise Ratio,PSNR,true,,,,probable,"paper links task 'Super-resolution', dataset 'RESISC45', and explicitly mentions metric 'Peak Signal-to-Noise Ratio'",paper_tasks.csv|paper_datasets.csv|paper_metrics.csv,0.60,metadata_join_explicit_metric
benchmark_task_super_resolution_blanchon_resisc45_ssim_unspecified,paper_2505_10027,task_super_resolution,Super-resolution,blanchon/RESISC45,RESISC45,ssim,Structural Similarity Index Measure,SSIM,true,,,,probable,"paper links task 'Super-resolution', dataset 'RESISC45', and explicitly mentions metric 'Structural Similarity Index Measure'",paper_tasks.csv|paper_datasets.csv|paper_metrics.csv,0.60,metadata_join_explicit_metric
benchmark_task_classification_jaychempan_earthsynth_180k_f1_score_unspecified,paper_2505_12108,task_classification,Classification,jaychempan/EarthSynth-180K,EarthSynth-180K,f1_score,F1 Score,F1,true,,,,candidate,"paper links task 'Classification', dataset 'EarthSynth-180K', metric inferred from task family",paper_tasks.csv|paper_datasets.csv|metrics.csv defaults,0.45,metadata_join_task_default_metric
benchmark_task_classification_jaychempan_earthsynth_180k_overall_accuracy_unspecified,paper_2505_12108,task_classification,Classification,jaychempan/EarthSynth-180K,EarthSynth-180K,overall_accuracy,Overall Accuracy,OA,true,,,,candidate,"paper links task 'Classification', dataset 'EarthSynth-180K', metric inferred from task family",paper_tasks.csv|paper_datasets.csv|metrics.csv defaults,0.45,metadata_join_task_default_metric
benchmark_task_image_classification_jaychempan_earthsynth_180k_f1_score_unspecified,paper_2505_12108,task_image_classification,Image classification,jaychempan/EarthSynth-180K,EarthSynth-180K,f1_score,F1 Score,F1,true,,,,candidate,"paper links task 'Image classification', dataset 'EarthSynth-180K', metric inferred from task family",paper_tasks.csv|paper_datasets.csv|metrics.csv defaults,0.45,metadata_join_task_default_metric
benchmark_task_image_classification_jaychempan_earthsynth_180k_overall_accuracy_unspecified,paper_2505_12108,task_image_classification,Image classification,jaychempan/EarthSynth-180K,EarthSynth-180K,overall_accuracy,Overall Accuracy,OA,true,,,,candidate,"paper links task 'Image classification', dataset 'EarthSynth-180K', metric inferred from task family",paper_tasks.csv|paper_datasets.csv|metrics.csv defaults,0.45,metadata_join_task_default_metric
benchmark_task_object_detection_jaychempan_earthsynth_180k_ap50_unspecified,paper_2505_12108,task_object_detection,Object detection,jaychempan/EarthSynth-180K,EarthSynth-180K,ap50,Average Precision at IoU 0.50,AP50,true,,,,candidate,"paper links task 'Object detection', dataset 'EarthSynth-180K', metric inferred from task family",paper_tasks.csv|paper_datasets.csv|metrics.csv defaults,0.45,metadata_join_task_default_metric
benchmark_task_object_detection_jaychempan_earthsynth_180k_mean_average_precision_unspecified,paper_2505_12108,task_object_detection,Object detection,jaychempan/EarthSynth-180K,EarthSynth-180K,mean_average_precision,Mean Average Precision,mAP,true,,,,candidate,"paper links task 'Object detection', dataset 'EarthSynth-180K', metric inferred from task family",paper_tasks.csv|paper_datasets.csv|metrics.csv defaults,0.45,metadata_join_task_default_metric
benchmark_task_semantic_segmentation_jaychempan_earthsynth_180k_f1_score_unspecified,paper_2505_12108,task_semantic_segmentation,Semantic segmentation,jaychempan/EarthSynth-180K,EarthSynth-180K,f1_score,F1 Score,F1,true,,,,candidate,"paper links task 'Semantic segmentation', dataset 'EarthSynth-180K', metric inferred from task family",paper_tasks.csv|paper_datasets.csv|metrics.csv defaults,0.45,metadata_join_task_default_metric
benchmark_task_semantic_segmentation_jaychempan_earthsynth_180k_mean_intersection_over_union_unspecified,paper_2505_12108,task_semantic_segmentation,Semantic segmentation,jaychempan/EarthSynth-180K,EarthSynth-180K,mean_intersection_over_union,Mean Intersection over Union,mIoU,true,,,,candidate,"paper links task 'Semantic segmentation', dataset 'EarthSynth-180K', metric inferred from task family",paper_tasks.csv|paper_datasets.csv|metrics.csv defaults,0.45,metadata_join_task_default_metric
benchmark_task_classification_cindycui_globalgeotree_f1_score_unspecified,paper_2505_12513,task_classification,Classification,cindycui/GlobalGeoTree,GlobalGeoTree,f1_score,F1 Score,F1,true,,,,candidate,"paper links task 'Classification', dataset 'GlobalGeoTree', metric inferred from task family",paper_tasks.csv|paper_datasets.csv|metrics.csv defaults,0.45,metadata_join_task_default_metric
benchmark_task_classification_cindycui_globalgeotree_overall_accuracy_unspecified,paper_2505_12513,task_classification,Classification,cindycui/GlobalGeoTree,GlobalGeoTree,overall_accuracy,Overall Accuracy,OA,true,,,,candidate,"paper links task 'Classification', dataset 'GlobalGeoTree', metric inferred from task family",paper_tasks.csv|paper_datasets.csv|metrics.csv defaults,0.45,metadata_join_task_default_metric
benchmark_task_image_classification_cindycui_globalgeotree_f1_score_unspecified,paper_2505_12513,task_image_classification,Image classification,cindycui/GlobalGeoTree,GlobalGeoTree,f1_score,F1 Score,F1,true,,,,candidate,"paper links task 'Image classification', dataset 'GlobalGeoTree', metric inferred from task family",paper_tasks.csv|paper_datasets.csv|metrics.csv defaults,0.45,metadata_join_task_default_metric
benchmark_task_image_classification_cindycui_globalgeotree_overall_accuracy_unspecified,paper_2505_12513,task_image_classification,Image classification,cindycui/GlobalGeoTree,GlobalGeoTree,overall_accuracy,Overall Accuracy,OA,true,,,,candidate,"paper links task 'Image classification', dataset 'GlobalGeoTree', metric inferred from task family",paper_tasks.csv|paper_datasets.csv|metrics.csv defaults,0.45,metadata_join_task_default_metric
benchmark_task_object_detection_satellite_image_deep_learning_vhr_10_ap50_unspecified_paper-2505-21370,paper_2505_21370,task_object_detection,Object detection,satellite-image-deep-learning/VHR-10,VHR-10,ap50,Average Precision at IoU 0.50,AP50,true,,,,candidate,"paper links task 'Object detection', dataset 'VHR-10', metric inferred from task family",paper_tasks.csv|paper_datasets.csv|metrics.csv defaults,0.45,metadata_join_task_default_metric
benchmark_task_object_detection_satellite_image_deep_learning_vhr_10_mean_average_precision_unspecified_paper-2505-21370,paper_2505_21370,task_object_detection,Object detection,satellite-image-deep-learning/VHR-10,VHR-10,mean_average_precision,Mean Average Precision,mAP,true,,,,candidate,"paper links task 'Object detection', dataset 'VHR-10', metric inferred from task family",paper_tasks.csv|paper_datasets.csv|metrics.csv defaults,0.45,metadata_join_task_default_metric
benchmark_task_object_detection_a_large_scale_dataset_ap50_unspecified_paper-2505-23283,paper_2505_23283,task_object_detection,Object detection,A Large-scale Dataset,A Large-scale Dataset,ap50,Average Precision at IoU 0.50,AP50,true,,,,candidate,"paper links task 'Object detection', dataset 'A Large-scale Dataset', metric inferred from task family",paper_tasks.csv|paper_datasets.csv|metrics.csv defaults,0.45,metadata_join_task_default_metric
benchmark_task_object_detection_a_large_scale_dataset_mean_average_precision_unspecified_paper-2505-23283,paper_2505_23283,task_object_detection,Object detection,A Large-scale Dataset,A Large-scale Dataset,mean_average_precision,Mean Average Precision,mAP,true,,,,candidate,"paper links task 'Object detection', dataset 'A Large-scale Dataset', metric inferred from task family",paper_tasks.csv|paper_datasets.csv|metrics.csv defaults,0.45,metadata_join_task_default_metric
benchmark_task_semantic_segmentation_remoteclip_f1_score_unspecified,paper_2506_03388,task_semantic_segmentation,Semantic segmentation,RemoteCLIP,RemoteCLIP,f1_score,F1 Score,F1,true,,,,candidate,"paper links task 'Semantic segmentation', dataset 'RemoteCLIP', metric inferred from task family",paper_tasks.csv|paper_datasets.csv|metrics.csv defaults,0.45,metadata_join_task_default_metric
benchmark_task_semantic_segmentation_remoteclip_mean_intersection_over_union_unspecified,paper_2506_03388,task_semantic_segmentation,Semantic segmentation,RemoteCLIP,RemoteCLIP,mean_intersection_over_union,Mean Intersection over Union,mIoU,true,,,,candidate,"paper links task 'Semantic segmentation', dataset 'RemoteCLIP', metric inferred from task family",paper_tasks.csv|paper_datasets.csv|metrics.csv defaults,0.45,metadata_join_task_default_metric
benchmark_task_classification_a_large_scale_dataset_accuracy_unspecified_paper-2506-06155,paper_2506_06155,task_classification,Classification,A Large-scale Dataset,A Large-scale Dataset,accuracy,Accuracy,Accuracy,true,,,,probable,"paper links task 'Classification', dataset 'A Large-scale Dataset', and explicitly mentions metric 'Accuracy'",paper_tasks.csv|paper_datasets.csv|paper_metrics.csv,0.60,metadata_join_explicit_metric
benchmark_task_image_classification_a_large_scale_dataset_accuracy_unspecified_paper-2506-06155,paper_2506_06155,task_image_classification,Image classification,A Large-scale Dataset,A Large-scale Dataset,accuracy,Accuracy,Accuracy,true,,,,probable,"paper links task 'Image classification', dataset 'A Large-scale Dataset', and explicitly mentions metric 'Accuracy'",paper_tasks.csv|paper_datasets.csv|paper_metrics.csv,0.60,metadata_join_explicit_metric
benchmark_task_object_detection_cnyagaka_satellite_data_auc_roc_unspecified,paper_2506_13902,task_object_detection,Object detection,cnyagaka/satellite-data,satellite-data,auc_roc,Area Under the Receiver Operating Characteristic Curve,AUROC,true,,,,probable,"paper links task 'Object detection', dataset 'satellite-data', and explicitly mentions metric 'Area Under the Receiver Operating Characteristic Curve'",paper_tasks.csv|paper_datasets.csv|paper_metrics.csv,0.60,metadata_join_explicit_metric
benchmark_task_classification_nigo1973_earth_observation_accuracy_unspecified,paper_2506_20380,task_classification,Classification,nigo1973/earth-observation,earth-observation,accuracy,Accuracy,Accuracy,true,,,,probable,"paper links task 'Classification', dataset 'earth-observation', and explicitly mentions metric 'Accuracy'",paper_tasks.csv|paper_datasets.csv|paper_metrics.csv,0.60,metadata_join_explicit_metric
benchmark_task_image_classification_nigo1973_earth_observation_accuracy_unspecified,paper_2506_20380,task_image_classification,Image classification,nigo1973/earth-observation,earth-observation,accuracy,Accuracy,Accuracy,true,,,,probable,"paper links task 'Image classification', dataset 'earth-observation', and explicitly mentions metric 'Accuracy'",paper_tasks.csv|paper_datasets.csv|paper_metrics.csv,0.60,metadata_join_explicit_metric
benchmark_task_semantic_segmentation_nigo1973_earth_observation_accuracy_unspecified_paper-2506-20380,paper_2506_20380,task_semantic_segmentation,Semantic segmentation,nigo1973/earth-observation,earth-observation,accuracy,Accuracy,Accuracy,true,,,,probable,"paper links task 'Semantic segmentation', dataset 'earth-observation', and explicitly mentions metric 'Accuracy'",paper_tasks.csv|paper_datasets.csv|paper_metrics.csv,0.60,metadata_join_explicit_metric
benchmark_task_classification_eurosat_dataset_accuracy_unspecified_paper-2507-10381,paper_2507_10381,task_classification,Classification,EuroSAT dataset,EuroSAT dataset,accuracy,Accuracy,Accuracy,true,,,,probable,"paper links task 'Classification', dataset 'EuroSAT dataset', and explicitly mentions metric 'Accuracy'",paper_tasks.csv|paper_datasets.csv|paper_metrics.csv,0.60,metadata_join_explicit_metric
benchmark_task_classification_blanchon_resisc45_accuracy_unspecified,paper_2507_10381,task_classification,Classification,blanchon/RESISC45,RESISC45,accuracy,Accuracy,Accuracy,true,,,,probable,"paper links task 'Classification', dataset 'RESISC45', and explicitly mentions metric 'Accuracy'",paper_tasks.csv|paper_datasets.csv|paper_metrics.csv,0.60,metadata_join_explicit_metric
benchmark_task_image_classification_eurosat_dataset_accuracy_unspecified_paper-2507-10381,paper_2507_10381,task_image_classification,Image classification,EuroSAT dataset,EuroSAT dataset,accuracy,Accuracy,Accuracy,true,,,,probable,"paper links task 'Image classification', dataset 'EuroSAT dataset', and explicitly mentions metric 'Accuracy'",paper_tasks.csv|paper_datasets.csv|paper_metrics.csv,0.60,metadata_join_explicit_metric
benchmark_task_image_classification_blanchon_resisc45_accuracy_unspecified,paper_2507_10381,task_image_classification,Image classification,blanchon/RESISC45,RESISC45,accuracy,Accuracy,Accuracy,true,,,,probable,"paper links task 'Image classification', dataset 'RESISC45', and explicitly mentions metric 'Accuracy'",paper_tasks.csv|paper_datasets.csv|paper_metrics.csv,0.60,metadata_join_explicit_metric
benchmark_task_scene_classification_eurosat_dataset_accuracy_unspecified,paper_2507_10381,task_scene_classification,Scene classification,EuroSAT dataset,EuroSAT dataset,accuracy,Accuracy,Accuracy,true,,,,probable,"paper links task 'Scene classification', dataset 'EuroSAT dataset', and explicitly mentions metric 'Accuracy'",paper_tasks.csv|paper_datasets.csv|paper_metrics.csv,0.60,metadata_join_explicit_metric
benchmark_task_scene_classification_blanchon_resisc45_accuracy_unspecified,paper_2507_10381,task_scene_classification,Scene classification,blanchon/RESISC45,RESISC45,accuracy,Accuracy,Accuracy,true,,,,probable,"paper links task 'Scene classification', dataset 'RESISC45', and explicitly mentions metric 'Accuracy'",paper_tasks.csv|paper_datasets.csv|paper_metrics.csv,0.60,metadata_join_explicit_metric
benchmark_task_land_cover_mapping_rmbielski_planetscope_f1_score_unspecified_paper-2507-19818,paper_2507_19818,task_land_cover_mapping,Land cover mapping,rmbielski/PlanetScope,PlanetScope,f1_score,F1 Score,F1,true,,,,probable,"paper links task 'Land cover mapping', dataset 'PlanetScope', and explicitly mentions metric 'F1 Score'",paper_tasks.csv|paper_datasets.csv|paper_metrics.csv,0.60,metadata_join_explicit_metric
benchmark_task_semantic_segmentation_rmbielski_planetscope_f1_score_unspecified_paper-2507-19818,paper_2507_19818,task_semantic_segmentation,Semantic segmentation,rmbielski/PlanetScope,PlanetScope,f1_score,F1 Score,F1,true,,,,probable,"paper links task 'Semantic segmentation', dataset 'PlanetScope', and explicitly mentions metric 'F1 Score'",paper_tasks.csv|paper_datasets.csv|paper_metrics.csv,0.60,metadata_join_explicit_metric
benchmark_task_image_captioning_supermarkioner_landsat30_au_accuracy_unspecified,paper_2508_03127,task_image_captioning,Image captioning,supermarkioner/Landsat30-AU,Landsat30-AU,accuracy,Accuracy,Accuracy,true,,,,probable,"paper links task 'Image captioning', dataset 'Landsat30-AU', and explicitly mentions metric 'Accuracy'",paper_tasks.csv|paper_datasets.csv|paper_metrics.csv,0.60,metadata_join_explicit_metric
benchmark_task_image_captioning_supermarkioner_landsat30_au_vqa_accuracy_unspecified,paper_2508_03127,task_image_captioning,Image captioning,supermarkioner/Landsat30-AU,Landsat30-AU,vqa_accuracy,Visual Question Answering Accuracy,VQA Acc,true,,,,probable,"paper links task 'Image captioning', dataset 'Landsat30-AU', and explicitly mentions metric 'Visual Question Answering Accuracy'",paper_tasks.csv|paper_datasets.csv|paper_metrics.csv,0.60,metadata_join_explicit_metric
benchmark_task_visual_question_answering_supermarkioner_landsat30_au_accuracy_unspecified,paper_2508_03127,task_visual_question_answering,Visual question answering,supermarkioner/Landsat30-AU,Landsat30-AU,accuracy,Accuracy,Accuracy,true,,,,probable,"paper links task 'Visual question answering', dataset 'Landsat30-AU', and explicitly mentions metric 'Accuracy'",paper_tasks.csv|paper_datasets.csv|paper_metrics.csv,0.60,metadata_join_explicit_metric
benchmark_task_visual_question_answering_supermarkioner_landsat30_au_vqa_accuracy_unspecified,paper_2508_03127,task_visual_question_answering,Visual question answering,supermarkioner/Landsat30-AU,Landsat30-AU,vqa_accuracy,Visual Question Answering Accuracy,VQA Acc,true,,,,probable,"paper links task 'Visual question answering', dataset 'Landsat30-AU', and explicitly mentions metric 'Visual Question Answering Accuracy'",paper_tasks.csv|paper_datasets.csv|paper_metrics.csv,0.60,metadata_join_explicit_metric
benchmark_task_classification_gfm_bench_eurosat_f1_score_unspecified_paper-2508-06256,paper_2508_06256,task_classification,Classification,GFM-Bench/EuroSAT,EuroSAT,f1_score,F1 Score,F1,true,,,,candidate,"paper links task 'Classification', dataset 'EuroSAT', metric inferred from task family",paper_tasks.csv|paper_datasets.csv|metrics.csv defaults,0.45,metadata_join_task_default_metric
benchmark_task_classification_gfm_bench_eurosat_overall_accuracy_unspecified_paper-2508-06256,paper_2508_06256,task_classification,Classification,GFM-Bench/EuroSAT,EuroSAT,overall_accuracy,Overall Accuracy,OA,true,,,,candidate,"paper links task 'Classification', dataset 'EuroSAT', metric inferred from task family",paper_tasks.csv|paper_datasets.csv|metrics.csv defaults,0.45,metadata_join_task_default_metric
benchmark_task_image_classification_gfm_bench_eurosat_f1_score_unspecified_paper-2508-06256,paper_2508_06256,task_image_classification,Image classification,GFM-Bench/EuroSAT,EuroSAT,f1_score,F1 Score,F1,true,,,,candidate,"paper links task 'Image classification', dataset 'EuroSAT', metric inferred from task family",paper_tasks.csv|paper_datasets.csv|metrics.csv defaults,0.45,metadata_join_task_default_metric
benchmark_task_image_classification_gfm_bench_eurosat_overall_accuracy_unspecified_paper-2508-06256,paper_2508_06256,task_image_classification,Image classification,GFM-Bench/EuroSAT,EuroSAT,overall_accuracy,Overall Accuracy,OA,true,,,,candidate,"paper links task 'Image classification', dataset 'EuroSAT', metric inferred from task family",paper_tasks.csv|paper_datasets.csv|metrics.csv defaults,0.45,metadata_join_task_default_metric
benchmark_task_scene_classification_gfm_bench_eurosat_f1_score_unspecified_paper-2508-06256,paper_2508_06256,task_scene_classification,Scene classification,GFM-Bench/EuroSAT,EuroSAT,f1_score,F1 Score,F1,true,,,,candidate,"paper links task 'Scene classification', dataset 'EuroSAT', metric inferred from task family",paper_tasks.csv|paper_datasets.csv|metrics.csv defaults,0.45,metadata_join_task_default_metric
benchmark_task_scene_classification_gfm_bench_eurosat_overall_accuracy_unspecified_paper-2508-06256,paper_2508_06256,task_scene_classification,Scene classification,GFM-Bench/EuroSAT,EuroSAT,overall_accuracy,Overall Accuracy,OA,true,,,,candidate,"paper links task 'Scene classification', dataset 'EuroSAT', metric inferred from task family",paper_tasks.csv|paper_datasets.csv|metrics.csv defaults,0.45,metadata_join_task_default_metric
benchmark_task_classification_gfm_bench_eurosat_accuracy_unspecified_paper-2508-18206,paper_2508_18206,task_classification,Classification,GFM-Bench/EuroSAT,EuroSAT,accuracy,Accuracy,Accuracy,true,,,,probable,"paper links task 'Classification', dataset 'EuroSAT', and explicitly mentions metric 'Accuracy'",paper_tasks.csv|paper_datasets.csv|paper_metrics.csv,0.60,metadata_join_explicit_metric
benchmark_task_image_classification_gfm_bench_eurosat_accuracy_unspecified_paper-2508-18206,paper_2508_18206,task_image_classification,Image classification,GFM-Bench/EuroSAT,EuroSAT,accuracy,Accuracy,Accuracy,true,,,,probable,"paper links task 'Image classification', dataset 'EuroSAT', and explicitly mentions metric 'Accuracy'",paper_tasks.csv|paper_datasets.csv|paper_metrics.csv,0.60,metadata_join_explicit_metric
benchmark_task_land_cover_mapping_gfm_bench_eurosat_accuracy_unspecified_paper-2508-18206,paper_2508_18206,task_land_cover_mapping,Land cover mapping,GFM-Bench/EuroSAT,EuroSAT,accuracy,Accuracy,Accuracy,true,,,,probable,"paper links task 'Land cover mapping', dataset 'EuroSAT', and explicitly mentions metric 'Accuracy'",paper_tasks.csv|paper_datasets.csv|paper_metrics.csv,0.60,metadata_join_explicit_metric
benchmark_task_object_detection_hanasyafiraihan_geoai_ap50_unspecified_paper-2509-05881,paper_2509_05881,task_object_detection,Object detection,Hanasyafiraihan/GeoAI,GeoAI,ap50,Average Precision at IoU 0.50,AP50,true,,,,candidate,"paper links task 'Object detection', dataset 'GeoAI', metric inferred from task family",paper_tasks.csv|paper_datasets.csv|metrics.csv defaults,0.45,metadata_join_task_default_metric
benchmark_task_object_detection_hanasyafiraihan_geoai_mean_average_precision_unspecified_paper-2509-05881,paper_2509_05881,task_object_detection,Object detection,Hanasyafiraihan/GeoAI,GeoAI,mean_average_precision,Mean Average Precision,mAP,true,,,,candidate,"paper links task 'Object detection', dataset 'GeoAI', metric inferred from task family",paper_tasks.csv|paper_datasets.csv|metrics.csv defaults,0.45,metadata_join_task_default_metric
benchmark_task_classification_ssl4eo_s12_f1_score_unspecified,paper_2509_06993,task_classification,Classification,SSL4EO-S12,SSL4EO-S12,f1_score,F1 Score,F1,true,,,,candidate,"paper links task 'Classification', dataset 'SSL4EO-S12', metric inferred from task family",paper_tasks.csv|paper_datasets.csv|metrics.csv defaults,0.45,metadata_join_task_default_metric
benchmark_task_classification_ssl4eo_s12_overall_accuracy_unspecified,paper_2509_06993,task_classification,Classification,SSL4EO-S12,SSL4EO-S12,overall_accuracy,Overall Accuracy,OA,true,,,,candidate,"paper links task 'Classification', dataset 'SSL4EO-S12', metric inferred from task family",paper_tasks.csv|paper_datasets.csv|metrics.csv defaults,0.45,metadata_join_task_default_metric
benchmark_task_image_classification_ssl4eo_s12_f1_score_unspecified,paper_2509_06993,task_image_classification,Image classification,SSL4EO-S12,SSL4EO-S12,f1_score,F1 Score,F1,true,,,,candidate,"paper links task 'Image classification', dataset 'SSL4EO-S12', metric inferred from task family",paper_tasks.csv|paper_datasets.csv|metrics.csv defaults,0.45,metadata_join_task_default_metric
benchmark_task_image_classification_ssl4eo_s12_overall_accuracy_unspecified,paper_2509_06993,task_image_classification,Image classification,SSL4EO-S12,SSL4EO-S12,overall_accuracy,Overall Accuracy,OA,true,,,,candidate,"paper links task 'Image classification', dataset 'SSL4EO-S12', metric inferred from task family",paper_tasks.csv|paper_datasets.csv|metrics.csv defaults,0.45,metadata_join_task_default_metric
benchmark_task_land_cover_mapping_hanasyafiraihan_geoai_accuracy_unspecified,paper_2509_08303,task_land_cover_mapping,Land cover mapping,Hanasyafiraihan/GeoAI,GeoAI,accuracy,Accuracy,Accuracy,true,,,,probable,"paper links task 'Land cover mapping', dataset 'GeoAI', and explicitly mentions metric 'Accuracy'",paper_tasks.csv|paper_datasets.csv|paper_metrics.csv,0.60,metadata_join_explicit_metric
benchmark_task_classification_a_large_scale_dataset_f1_score_unspecified_paper-2509-12926,paper_2509_12926,task_classification,Classification,A Large-scale Dataset,A Large-scale Dataset,f1_score,F1 Score,F1,true,,,,probable,"paper links task 'Classification', dataset 'A Large-scale Dataset', and explicitly mentions metric 'F1 Score'",paper_tasks.csv|paper_datasets.csv|paper_metrics.csv,0.60,metadata_join_explicit_metric
benchmark_task_image_classification_a_large_scale_dataset_f1_score_unspecified_paper-2509-12926,paper_2509_12926,task_image_classification,Image classification,A Large-scale Dataset,A Large-scale Dataset,f1_score,F1 Score,F1,true,,,,probable,"paper links task 'Image classification', dataset 'A Large-scale Dataset', and explicitly mentions metric 'F1 Score'",paper_tasks.csv|paper_datasets.csv|paper_metrics.csv,0.60,metadata_join_explicit_metric
benchmark_task_classification_a_large_scale_dataset_accuracy_unspecified_paper-2509-23105,paper_2509_23105,task_classification,Classification,A Large-scale Dataset,A Large-scale Dataset,accuracy,Accuracy,Accuracy,true,,,,probable,"paper links task 'Classification', dataset 'A Large-scale Dataset', and explicitly mentions metric 'Accuracy'",paper_tasks.csv|paper_datasets.csv|paper_metrics.csv,0.60,metadata_join_explicit_metric
benchmark_task_image_captioning_a_large_scale_dataset_accuracy_unspecified_paper-2509-23105,paper_2509_23105,task_image_captioning,Image captioning,A Large-scale Dataset,A Large-scale Dataset,accuracy,Accuracy,Accuracy,true,,,,probable,"paper links task 'Image captioning', dataset 'A Large-scale Dataset', and explicitly mentions metric 'Accuracy'",paper_tasks.csv|paper_datasets.csv|paper_metrics.csv,0.60,metadata_join_explicit_metric
benchmark_task_image_classification_a_large_scale_dataset_accuracy_unspecified_paper-2509-23105,paper_2509_23105,task_image_classification,Image classification,A Large-scale Dataset,A Large-scale Dataset,accuracy,Accuracy,Accuracy,true,,,,probable,"paper links task 'Image classification', dataset 'A Large-scale Dataset', and explicitly mentions metric 'Accuracy'",paper_tasks.csv|paper_datasets.csv|paper_metrics.csv,0.60,metadata_join_explicit_metric
benchmark_task_image_captioning_a_large_scale_dataset_accuracy_unspecified_paper-2509-25654,paper_2509_25654,task_image_captioning,Image captioning,A Large-scale Dataset,A Large-scale Dataset,accuracy,Accuracy,Accuracy,true,,,,probable,"paper links task 'Image captioning', dataset 'A Large-scale Dataset', and explicitly mentions metric 'Accuracy'",paper_tasks.csv|paper_datasets.csv|paper_metrics.csv,0.60,metadata_join_explicit_metric
benchmark_task_semantic_segmentation_tacofoundation_cloudsen12_accuracy_unspecified,paper_2510_10802,task_semantic_segmentation,Semantic segmentation,tacofoundation/cloudsen12,cloudsen12,accuracy,Accuracy,Accuracy,true,,,,probable,"paper links task 'Semantic segmentation', dataset 'cloudsen12', and explicitly mentions metric 'Accuracy'",paper_tasks.csv|paper_datasets.csv|paper_metrics.csv,0.60,metadata_join_explicit_metric
benchmark_task_forecasting_hanasyafiraihan_geoai_mean_absolute_error_unspecified,paper_2510_13774,task_forecasting,Forecasting,Hanasyafiraihan/GeoAI,GeoAI,mean_absolute_error,Mean Absolute Error,MAE,false,,,,candidate,"paper links task 'Forecasting', dataset 'GeoAI', metric inferred from task family",paper_tasks.csv|paper_datasets.csv|metrics.csv defaults,0.45,metadata_join_task_default_metric
benchmark_task_forecasting_hanasyafiraihan_geoai_root_mean_squared_error_unspecified,paper_2510_13774,task_forecasting,Forecasting,Hanasyafiraihan/GeoAI,GeoAI,root_mean_squared_error,Root Mean Squared Error,RMSE,false,,,,candidate,"paper links task 'Forecasting', dataset 'GeoAI', metric inferred from task family",paper_tasks.csv|paper_datasets.csv|metrics.csv defaults,0.45,metadata_join_task_default_metric
benchmark_task_classification_eurosat_dataset_accuracy_unspecified_paper-2510-15527,paper_2510_15527,task_classification,Classification,EuroSAT dataset,EuroSAT dataset,accuracy,Accuracy,Accuracy,true,,,,probable,"paper links task 'Classification', dataset 'EuroSAT dataset', and explicitly mentions metric 'Accuracy'",paper_tasks.csv|paper_datasets.csv|paper_metrics.csv,0.60,metadata_join_explicit_metric
benchmark_task_image_classification_eurosat_dataset_accuracy_unspecified_paper-2510-15527,paper_2510_15527,task_image_classification,Image classification,EuroSAT dataset,EuroSAT dataset,accuracy,Accuracy,Accuracy,true,,,,probable,"paper links task 'Image classification', dataset 'EuroSAT dataset', and explicitly mentions metric 'Accuracy'",paper_tasks.csv|paper_datasets.csv|paper_metrics.csv,0.60,metadata_join_explicit_metric
benchmark_task_super_resolution_nigo1973_earth_observation_psnr_unspecified,paper_2511_10461,task_super_resolution,Super-resolution,nigo1973/earth-observation,earth-observation,psnr,Peak Signal-to-Noise Ratio,PSNR,true,,,,candidate,"paper links task 'Super-resolution', dataset 'earth-observation', metric inferred from task family",paper_tasks.csv|paper_datasets.csv|metrics.csv defaults,0.45,metadata_join_task_default_metric
benchmark_task_super_resolution_nigo1973_earth_observation_ssim_unspecified,paper_2511_10461,task_super_resolution,Super-resolution,nigo1973/earth-observation,earth-observation,ssim,Structural Similarity Index Measure,SSIM,true,,,,candidate,"paper links task 'Super-resolution', dataset 'earth-observation', metric inferred from task family",paper_tasks.csv|paper_datasets.csv|metrics.csv defaults,0.45,metadata_join_task_default_metric
benchmark_task_object_detection_satellite_image_deep_learning_vhr_10_accuracy_unspecified_paper-2511-17147,paper_2511_17147,task_object_detection,Object detection,satellite-image-deep-learning/VHR-10,VHR-10,accuracy,Accuracy,Accuracy,true,,,,probable,"paper links task 'Object detection', dataset 'VHR-10', and explicitly mentions metric 'Accuracy'",paper_tasks.csv|paper_datasets.csv|paper_metrics.csv,0.60,metadata_join_explicit_metric
benchmark_task_classification_floodnet_accuracy_unspecified,paper_2511_19557,task_classification,Classification,FloodNet,FloodNet,accuracy,Accuracy,Accuracy,true,,,,probable,"paper links task 'Classification', dataset 'FloodNet', and explicitly mentions metric 'Accuracy'",paper_tasks.csv|paper_datasets.csv|paper_metrics.csv,0.60,metadata_join_explicit_metric
benchmark_task_image_classification_floodnet_accuracy_unspecified,paper_2511_19557,task_image_classification,Image classification,FloodNet,FloodNet,accuracy,Accuracy,Accuracy,true,,,,probable,"paper links task 'Image classification', dataset 'FloodNet', and explicitly mentions metric 'Accuracy'",paper_tasks.csv|paper_datasets.csv|paper_metrics.csv,0.60,metadata_join_explicit_metric
benchmark_task_visual_question_answering_floodnet_accuracy_unspecified,paper_2511_19557,task_visual_question_answering,Visual question answering,FloodNet,FloodNet,accuracy,Accuracy,Accuracy,true,,,,probable,"paper links task 'Visual question answering', dataset 'FloodNet', and explicitly mentions metric 'Accuracy'",paper_tasks.csv|paper_datasets.csv|paper_metrics.csv,0.60,metadata_join_explicit_metric
benchmark_task_classification_gfm_bench_eurosat_accuracy_unspecified_paper-2512-06877,paper_2512_06877,task_classification,Classification,GFM-Bench/EuroSAT,EuroSAT,accuracy,Accuracy,Accuracy,true,,,,probable,"paper links task 'Classification', dataset 'EuroSAT', and explicitly mentions metric 'Accuracy'",paper_tasks.csv|paper_datasets.csv|paper_metrics.csv,0.60,metadata_join_explicit_metric
benchmark_task_classification_gfm_bench_eurosat_average_accuracy_unspecified,paper_2512_06877,task_classification,Classification,GFM-Bench/EuroSAT,EuroSAT,average_accuracy,Average Accuracy,AA,true,,,,probable,"paper links task 'Classification', dataset 'EuroSAT', and explicitly mentions metric 'Average Accuracy'",paper_tasks.csv|paper_datasets.csv|paper_metrics.csv,0.60,metadata_join_explicit_metric
benchmark_task_classification_gfm_bench_eurosat_overall_accuracy_unspecified_paper-2512-06877,paper_2512_06877,task_classification,Classification,GFM-Bench/EuroSAT,EuroSAT,overall_accuracy,Overall Accuracy,OA,true,,,,probable,"paper links task 'Classification', dataset 'EuroSAT', and explicitly mentions metric 'Overall Accuracy'",paper_tasks.csv|paper_datasets.csv|paper_metrics.csv,0.60,metadata_join_explicit_metric
benchmark_task_image_classification_gfm_bench_eurosat_accuracy_unspecified_paper-2512-06877,paper_2512_06877,task_image_classification,Image classification,GFM-Bench/EuroSAT,EuroSAT,accuracy,Accuracy,Accuracy,true,,,,probable,"paper links task 'Image classification', dataset 'EuroSAT', and explicitly mentions metric 'Accuracy'",paper_tasks.csv|paper_datasets.csv|paper_metrics.csv,0.60,metadata_join_explicit_metric
benchmark_task_image_classification_gfm_bench_eurosat_average_accuracy_unspecified,paper_2512_06877,task_image_classification,Image classification,GFM-Bench/EuroSAT,EuroSAT,average_accuracy,Average Accuracy,AA,true,,,,probable,"paper links task 'Image classification', dataset 'EuroSAT', and explicitly mentions metric 'Average Accuracy'",paper_tasks.csv|paper_datasets.csv|paper_metrics.csv,0.60,metadata_join_explicit_metric
benchmark_task_image_classification_gfm_bench_eurosat_overall_accuracy_unspecified_paper-2512-06877,paper_2512_06877,task_image_classification,Image classification,GFM-Bench/EuroSAT,EuroSAT,overall_accuracy,Overall Accuracy,OA,true,,,,probable,"paper links task 'Image classification', dataset 'EuroSAT', and explicitly mentions metric 'Overall Accuracy'",paper_tasks.csv|paper_datasets.csv|paper_metrics.csv,0.60,metadata_join_explicit_metric
benchmark_task_land_cover_mapping_gfm_bench_eurosat_accuracy_unspecified_paper-2512-06877,paper_2512_06877,task_land_cover_mapping,Land cover mapping,GFM-Bench/EuroSAT,EuroSAT,accuracy,Accuracy,Accuracy,true,,,,probable,"paper links task 'Land cover mapping', dataset 'EuroSAT', and explicitly mentions metric 'Accuracy'",paper_tasks.csv|paper_datasets.csv|paper_metrics.csv,0.60,metadata_join_explicit_metric
benchmark_task_land_cover_mapping_gfm_bench_eurosat_average_accuracy_unspecified,paper_2512_06877,task_land_cover_mapping,Land cover mapping,GFM-Bench/EuroSAT,EuroSAT,average_accuracy,Average Accuracy,AA,true,,,,probable,"paper links task 'Land cover mapping', dataset 'EuroSAT', and explicitly mentions metric 'Average Accuracy'",paper_tasks.csv|paper_datasets.csv|paper_metrics.csv,0.60,metadata_join_explicit_metric
benchmark_task_land_cover_mapping_gfm_bench_eurosat_overall_accuracy_unspecified,paper_2512_06877,task_land_cover_mapping,Land cover mapping,GFM-Bench/EuroSAT,EuroSAT,overall_accuracy,Overall Accuracy,OA,true,,,,probable,"paper links task 'Land cover mapping', dataset 'EuroSAT', and explicitly mentions metric 'Overall Accuracy'",paper_tasks.csv|paper_datasets.csv|paper_metrics.csv,0.60,metadata_join_explicit_metric
benchmark_task_scene_classification_gfm_bench_eurosat_accuracy_unspecified_paper-2512-06877,paper_2512_06877,task_scene_classification,Scene classification,GFM-Bench/EuroSAT,EuroSAT,accuracy,Accuracy,Accuracy,true,,,,probable,"paper links task 'Scene classification', dataset 'EuroSAT', and explicitly mentions metric 'Accuracy'",paper_tasks.csv|paper_datasets.csv|paper_metrics.csv,0.60,metadata_join_explicit_metric
benchmark_task_scene_classification_gfm_bench_eurosat_average_accuracy_unspecified,paper_2512_06877,task_scene_classification,Scene classification,GFM-Bench/EuroSAT,EuroSAT,average_accuracy,Average Accuracy,AA,true,,,,probable,"paper links task 'Scene classification', dataset 'EuroSAT', and explicitly mentions metric 'Average Accuracy'",paper_tasks.csv|paper_datasets.csv|paper_metrics.csv,0.60,metadata_join_explicit_metric
benchmark_task_scene_classification_gfm_bench_eurosat_overall_accuracy_unspecified_paper-2512-06877,paper_2512_06877,task_scene_classification,Scene classification,GFM-Bench/EuroSAT,EuroSAT,overall_accuracy,Overall Accuracy,OA,true,,,,probable,"paper links task 'Scene classification', dataset 'EuroSAT', and explicitly mentions metric 'Overall Accuracy'",paper_tasks.csv|paper_datasets.csv|paper_metrics.csv,0.60,metadata_join_explicit_metric
benchmark_task_semantic_segmentation_hanasyafiraihan_geoai_f1_score_unspecified,paper_2512_11896,task_semantic_segmentation,Semantic segmentation,Hanasyafiraihan/GeoAI,GeoAI,f1_score,F1 Score,F1,true,,,,candidate,"paper links task 'Semantic segmentation', dataset 'GeoAI', metric inferred from task family",paper_tasks.csv|paper_datasets.csv|metrics.csv defaults,0.45,metadata_join_task_default_metric
benchmark_task_semantic_segmentation_hanasyafiraihan_geoai_mean_intersection_over_union_unspecified,paper_2512_11896,task_semantic_segmentation,Semantic segmentation,Hanasyafiraihan/GeoAI,GeoAI,mean_intersection_over_union,Mean Intersection over Union,mIoU,true,,,,candidate,"paper links task 'Semantic segmentation', dataset 'GeoAI', metric inferred from task family",paper_tasks.csv|paper_datasets.csv|metrics.csv defaults,0.45,metadata_join_task_default_metric
benchmark_task_temperature_estimation_hanasyafiraihan_geoai_mean_absolute_error_unspecified,paper_2512_11896,task_temperature_estimation,Temperature estimation,Hanasyafiraihan/GeoAI,GeoAI,mean_absolute_error,Mean Absolute Error,MAE,false,,,,candidate,"paper links task 'Temperature estimation', dataset 'GeoAI', metric inferred from task family",paper_tasks.csv|paper_datasets.csv|metrics.csv defaults,0.45,metadata_join_task_default_metric
benchmark_task_temperature_estimation_hanasyafiraihan_geoai_root_mean_squared_error_unspecified,paper_2512_11896,task_temperature_estimation,Temperature estimation,Hanasyafiraihan/GeoAI,GeoAI,root_mean_squared_error,Root Mean Squared Error,RMSE,false,,,,candidate,"paper links task 'Temperature estimation', dataset 'GeoAI', metric inferred from task family",paper_tasks.csv|paper_datasets.csv|metrics.csv defaults,0.45,metadata_join_task_default_metric
benchmark_task_thermal_infrared_temperature_estimation_hanasyafiraihan_geoai_mean_absolute_error_unspecified,paper_2512_11896,task_thermal_infrared_temperature_estimation,Thermal infrared temperature estimation,Hanasyafiraihan/GeoAI,GeoAI,mean_absolute_error,Mean Absolute Error,MAE,false,,,,candidate,"paper links task 'Thermal infrared temperature estimation', dataset 'GeoAI', metric inferred from task family",paper_tasks.csv|paper_datasets.csv|metrics.csv defaults,0.45,metadata_join_task_default_metric
benchmark_task_thermal_infrared_temperature_estimation_hanasyafiraihan_geoai_root_mean_squared_error_unspecified,paper_2512_11896,task_thermal_infrared_temperature_estimation,Thermal infrared temperature estimation,Hanasyafiraihan/GeoAI,GeoAI,root_mean_squared_error,Root Mean Squared Error,RMSE,false,,,,candidate,"paper links task 'Thermal infrared temperature estimation', dataset 'GeoAI', metric inferred from task family",paper_tasks.csv|paper_datasets.csv|metrics.csv defaults,0.45,metadata_join_task_default_metric
benchmark_task_super_resolution_an_open_source_benchmark_accuracy_unspecified,paper_2512_18128,task_super_resolution,Super-resolution,An open-source benchmark,An open-source benchmark,accuracy,Accuracy,Accuracy,true,,,,probable,"paper links task 'Super-resolution', dataset 'An open-source benchmark', and explicitly mentions metric 'Accuracy'",paper_tasks.csv|paper_datasets.csv|paper_metrics.csv,0.60,metadata_join_explicit_metric
benchmark_task_super_resolution_an_open_source_benchmark_mean_absolute_error_unspecified,paper_2512_18128,task_super_resolution,Super-resolution,An open-source benchmark,An open-source benchmark,mean_absolute_error,Mean Absolute Error,MAE,false,,,,probable,"paper links task 'Super-resolution', dataset 'An open-source benchmark', and explicitly mentions metric 'Mean Absolute Error'",paper_tasks.csv|paper_datasets.csv|paper_metrics.csv,0.60,metadata_join_explicit_metric
benchmark_task_semantic_segmentation_kingdrone_junjue_earthvlset_recall_unspecified,paper_2601_02783,task_semantic_segmentation,Semantic segmentation,Kingdrone-Junjue/EarthVLSet,EarthVLSet,recall,Recall,Recall,true,,,,probable,"paper links task 'Semantic segmentation', dataset 'EarthVLSet', and explicitly mentions metric 'Recall'",paper_tasks.csv|paper_datasets.csv|paper_metrics.csv,0.60,metadata_join_explicit_metric
benchmark_task_visual_question_answering_kingdrone_junjue_earthvlset_recall_unspecified,paper_2601_02783,task_visual_question_answering,Visual question answering,Kingdrone-Junjue/EarthVLSet,EarthVLSet,recall,Recall,Recall,true,,,,probable,"paper links task 'Visual question answering', dataset 'EarthVLSet', and explicitly mentions metric 'Recall'",paper_tasks.csv|paper_datasets.csv|paper_metrics.csv,0.60,metadata_join_explicit_metric
benchmark_task_classification_gfm_bench_eurosat_f1_score_unspecified_paper-2601-04127,paper_2601_04127,task_classification,Classification,GFM-Bench/EuroSAT,EuroSAT,f1_score,F1 Score,F1,true,,,,candidate,"paper links task 'Classification', dataset 'EuroSAT', metric inferred from task family",paper_tasks.csv|paper_datasets.csv|metrics.csv defaults,0.45,metadata_join_task_default_metric
benchmark_task_classification_gfm_bench_eurosat_overall_accuracy_unspecified_paper-2601-04127,paper_2601_04127,task_classification,Classification,GFM-Bench/EuroSAT,EuroSAT,overall_accuracy,Overall Accuracy,OA,true,,,,candidate,"paper links task 'Classification', dataset 'EuroSAT', metric inferred from task family",paper_tasks.csv|paper_datasets.csv|metrics.csv defaults,0.45,metadata_join_task_default_metric
benchmark_task_forecasting_gfm_bench_eurosat_mean_absolute_error_unspecified,paper_2601_04127,task_forecasting,Forecasting,GFM-Bench/EuroSAT,EuroSAT,mean_absolute_error,Mean Absolute Error,MAE,false,,,,candidate,"paper links task 'Forecasting', dataset 'EuroSAT', metric inferred from task family",paper_tasks.csv|paper_datasets.csv|metrics.csv defaults,0.45,metadata_join_task_default_metric
benchmark_task_forecasting_gfm_bench_eurosat_root_mean_squared_error_unspecified,paper_2601_04127,task_forecasting,Forecasting,GFM-Bench/EuroSAT,EuroSAT,root_mean_squared_error,Root Mean Squared Error,RMSE,false,,,,candidate,"paper links task 'Forecasting', dataset 'EuroSAT', metric inferred from task family",paper_tasks.csv|paper_datasets.csv|metrics.csv defaults,0.45,metadata_join_task_default_metric
benchmark_task_image_classification_gfm_bench_eurosat_f1_score_unspecified_paper-2601-04127,paper_2601_04127,task_image_classification,Image classification,GFM-Bench/EuroSAT,EuroSAT,f1_score,F1 Score,F1,true,,,,candidate,"paper links task 'Image classification', dataset 'EuroSAT', metric inferred from task family",paper_tasks.csv|paper_datasets.csv|metrics.csv defaults,0.45,metadata_join_task_default_metric
benchmark_task_image_classification_gfm_bench_eurosat_overall_accuracy_unspecified_paper-2601-04127,paper_2601_04127,task_image_classification,Image classification,GFM-Bench/EuroSAT,EuroSAT,overall_accuracy,Overall Accuracy,OA,true,,,,candidate,"paper links task 'Image classification', dataset 'EuroSAT', metric inferred from task family",paper_tasks.csv|paper_datasets.csv|metrics.csv defaults,0.45,metadata_join_task_default_metric
benchmark_task_land_cover_mapping_gfm_bench_eurosat_f1_score_unspecified,paper_2601_04127,task_land_cover_mapping,Land cover mapping,GFM-Bench/EuroSAT,EuroSAT,f1_score,F1 Score,F1,true,,,,candidate,"paper links task 'Land cover mapping', dataset 'EuroSAT', metric inferred from task family",paper_tasks.csv|paper_datasets.csv|metrics.csv defaults,0.45,metadata_join_task_default_metric
benchmark_task_land_cover_mapping_gfm_bench_eurosat_mean_intersection_over_union_unspecified,paper_2601_04127,task_land_cover_mapping,Land cover mapping,GFM-Bench/EuroSAT,EuroSAT,mean_intersection_over_union,Mean Intersection over Union,mIoU,true,,,,candidate,"paper links task 'Land cover mapping', dataset 'EuroSAT', metric inferred from task family",paper_tasks.csv|paper_datasets.csv|metrics.csv defaults,0.45,metadata_join_task_default_metric
benchmark_task_classification_gfm_bench_eurosat_f1_score_unspecified_paper-2601-07335,paper_2601_07335,task_classification,Classification,GFM-Bench/EuroSAT,EuroSAT,f1_score,F1 Score,F1,true,,,,candidate,"paper links task 'Classification', dataset 'EuroSAT', metric inferred from task family",paper_tasks.csv|paper_datasets.csv|metrics.csv defaults,0.45,metadata_join_task_default_metric
benchmark_task_classification_gfm_bench_eurosat_overall_accuracy_unspecified_paper-2601-07335,paper_2601_07335,task_classification,Classification,GFM-Bench/EuroSAT,EuroSAT,overall_accuracy,Overall Accuracy,OA,true,,,,candidate,"paper links task 'Classification', dataset 'EuroSAT', metric inferred from task family",paper_tasks.csv|paper_datasets.csv|metrics.csv defaults,0.45,metadata_join_task_default_metric
benchmark_task_classification_blanchon_patternnet_f1_score_unspecified,paper_2601_07335,task_classification,Classification,blanchon/PatternNet,PatternNet,f1_score,F1 Score,F1,true,,,,candidate,"paper links task 'Classification', dataset 'PatternNet', metric inferred from task family",paper_tasks.csv|paper_datasets.csv|metrics.csv defaults,0.45,metadata_join_task_default_metric
benchmark_task_classification_blanchon_patternnet_overall_accuracy_unspecified,paper_2601_07335,task_classification,Classification,blanchon/PatternNet,PatternNet,overall_accuracy,Overall Accuracy,OA,true,,,,candidate,"paper links task 'Classification', dataset 'PatternNet', metric inferred from task family",paper_tasks.csv|paper_datasets.csv|metrics.csv defaults,0.45,metadata_join_task_default_metric
benchmark_task_image_classification_gfm_bench_eurosat_f1_score_unspecified_paper-2601-07335,paper_2601_07335,task_image_classification,Image classification,GFM-Bench/EuroSAT,EuroSAT,f1_score,F1 Score,F1,true,,,,candidate,"paper links task 'Image classification', dataset 'EuroSAT', metric inferred from task family",paper_tasks.csv|paper_datasets.csv|metrics.csv defaults,0.45,metadata_join_task_default_metric
benchmark_task_image_classification_gfm_bench_eurosat_overall_accuracy_unspecified_paper-2601-07335,paper_2601_07335,task_image_classification,Image classification,GFM-Bench/EuroSAT,EuroSAT,overall_accuracy,Overall Accuracy,OA,true,,,,candidate,"paper links task 'Image classification', dataset 'EuroSAT', metric inferred from task family",paper_tasks.csv|paper_datasets.csv|metrics.csv defaults,0.45,metadata_join_task_default_metric
benchmark_task_image_classification_blanchon_patternnet_f1_score_unspecified,paper_2601_07335,task_image_classification,Image classification,blanchon/PatternNet,PatternNet,f1_score,F1 Score,F1,true,,,,candidate,"paper links task 'Image classification', dataset 'PatternNet', metric inferred from task family",paper_tasks.csv|paper_datasets.csv|metrics.csv defaults,0.45,metadata_join_task_default_metric
benchmark_task_image_classification_blanchon_patternnet_overall_accuracy_unspecified,paper_2601_07335,task_image_classification,Image classification,blanchon/PatternNet,PatternNet,overall_accuracy,Overall Accuracy,OA,true,,,,candidate,"paper links task 'Image classification', dataset 'PatternNet', metric inferred from task family",paper_tasks.csv|paper_datasets.csv|metrics.csv defaults,0.45,metadata_join_task_default_metric
benchmark_task_visual_question_answering_mapeval_mapeval_api_vqa_accuracy_unspecified,paper_2601_16965,task_visual_question_answering,Visual question answering,MapEval/MapEval-API,MapEval-API,vqa_accuracy,Visual Question Answering Accuracy,VQA Acc,true,,,,candidate,"paper links task 'Visual question answering', dataset 'MapEval-API', metric inferred from task family",paper_tasks.csv|paper_datasets.csv|metrics.csv defaults,0.45,metadata_join_task_default_metric
benchmark_task_object_detection_rmbielski_planetscope_f1_score_unspecified_paper-2602-19608,paper_2602_19608,task_object_detection,Object detection,rmbielski/PlanetScope,PlanetScope,f1_score,F1 Score,F1,true,,,,probable,"paper links task 'Object detection', dataset 'PlanetScope', and explicitly mentions metric 'F1 Score'",paper_tasks.csv|paper_datasets.csv|paper_metrics.csv,0.60,metadata_join_explicit_metric
benchmark_task_object_detection_a_large_scale_dataset_ap50_unspecified_paper-2603-02541,paper_2603_02541,task_object_detection,Object detection,A Large-scale Dataset,A Large-scale Dataset,ap50,Average Precision at IoU 0.50,AP50,true,,,,candidate,"paper links task 'Object detection', dataset 'A Large-scale Dataset', metric inferred from task family",paper_tasks.csv|paper_datasets.csv|metrics.csv defaults,0.45,metadata_join_task_default_metric
benchmark_task_object_detection_a_large_scale_dataset_mean_average_precision_unspecified_paper-2603-02541,paper_2603_02541,task_object_detection,Object detection,A Large-scale Dataset,A Large-scale Dataset,mean_average_precision,Mean Average Precision,mAP,true,,,,candidate,"paper links task 'Object detection', dataset 'A Large-scale Dataset', metric inferred from task family",paper_tasks.csv|paper_datasets.csv|metrics.csv defaults,0.45,metadata_join_task_default_metric
benchmark_task_classification_zhu_xlab_so2sat_lcz42_accuracy_unspecified_paper-2603-04562,paper_2603_04562,task_classification,Classification,zhu-xlab/So2Sat-LCZ42,So2Sat-LCZ42,accuracy,Accuracy,Accuracy,true,,,,probable,"paper links task 'Classification', dataset 'So2Sat-LCZ42', and explicitly mentions metric 'Accuracy'",paper_tasks.csv|paper_datasets.csv|paper_metrics.csv,0.60,metadata_join_explicit_metric
benchmark_task_classification_zhu_xlab_so2sat_lcz42_overall_accuracy_unspecified_paper-2603-04562,paper_2603_04562,task_classification,Classification,zhu-xlab/So2Sat-LCZ42,So2Sat-LCZ42,overall_accuracy,Overall Accuracy,OA,true,,,,probable,"paper links task 'Classification', dataset 'So2Sat-LCZ42', and explicitly mentions metric 'Overall Accuracy'",paper_tasks.csv|paper_datasets.csv|paper_metrics.csv,0.60,metadata_join_explicit_metric
benchmark_task_image_classification_zhu_xlab_so2sat_lcz42_accuracy_unspecified_paper-2603-04562,paper_2603_04562,task_image_classification,Image classification,zhu-xlab/So2Sat-LCZ42,So2Sat-LCZ42,accuracy,Accuracy,Accuracy,true,,,,probable,"paper links task 'Image classification', dataset 'So2Sat-LCZ42', and explicitly mentions metric 'Accuracy'",paper_tasks.csv|paper_datasets.csv|paper_metrics.csv,0.60,metadata_join_explicit_metric
benchmark_task_image_classification_zhu_xlab_so2sat_lcz42_overall_accuracy_unspecified_paper-2603-04562,paper_2603_04562,task_image_classification,Image classification,zhu-xlab/So2Sat-LCZ42,So2Sat-LCZ42,overall_accuracy,Overall Accuracy,OA,true,,,,probable,"paper links task 'Image classification', dataset 'So2Sat-LCZ42', and explicitly mentions metric 'Overall Accuracy'",paper_tasks.csv|paper_datasets.csv|paper_metrics.csv,0.60,metadata_join_explicit_metric
benchmark_task_classification_gfm_bench_eurosat_f1_score_unspecified_paper-2603-06002,paper_2603_06002,task_classification,Classification,GFM-Bench/EuroSAT,EuroSAT,f1_score,F1 Score,F1,true,,,,candidate,"paper links task 'Classification', dataset 'EuroSAT', metric inferred from task family",paper_tasks.csv|paper_datasets.csv|metrics.csv defaults,0.45,metadata_join_task_default_metric
benchmark_task_classification_gfm_bench_eurosat_overall_accuracy_unspecified_paper-2603-06002,paper_2603_06002,task_classification,Classification,GFM-Bench/EuroSAT,EuroSAT,overall_accuracy,Overall Accuracy,OA,true,,,,candidate,"paper links task 'Classification', dataset 'EuroSAT', metric inferred from task family",paper_tasks.csv|paper_datasets.csv|metrics.csv defaults,0.45,metadata_join_task_default_metric
benchmark_task_classification_tarek199147_nwpu_resisc45_f1_score_unspecified_paper-2603-06002,paper_2603_06002,task_classification,Classification,tarek199147/nwpu-resisc45,nwpu-resisc45,f1_score,F1 Score,F1,true,,,,candidate,"paper links task 'Classification', dataset 'nwpu-resisc45', metric inferred from task family",paper_tasks.csv|paper_datasets.csv|metrics.csv defaults,0.45,metadata_join_task_default_metric
benchmark_task_classification_tarek199147_nwpu_resisc45_overall_accuracy_unspecified_paper-2603-06002,paper_2603_06002,task_classification,Classification,tarek199147/nwpu-resisc45,nwpu-resisc45,overall_accuracy,Overall Accuracy,OA,true,,,,candidate,"paper links task 'Classification', dataset 'nwpu-resisc45', metric inferred from task family",paper_tasks.csv|paper_datasets.csv|metrics.csv defaults,0.45,metadata_join_task_default_metric
benchmark_task_image_classification_gfm_bench_eurosat_f1_score_unspecified_paper-2603-06002,paper_2603_06002,task_image_classification,Image classification,GFM-Bench/EuroSAT,EuroSAT,f1_score,F1 Score,F1,true,,,,candidate,"paper links task 'Image classification', dataset 'EuroSAT', metric inferred from task family",paper_tasks.csv|paper_datasets.csv|metrics.csv defaults,0.45,metadata_join_task_default_metric
benchmark_task_image_classification_gfm_bench_eurosat_overall_accuracy_unspecified_paper-2603-06002,paper_2603_06002,task_image_classification,Image classification,GFM-Bench/EuroSAT,EuroSAT,overall_accuracy,Overall Accuracy,OA,true,,,,candidate,"paper links task 'Image classification', dataset 'EuroSAT', metric inferred from task family",paper_tasks.csv|paper_datasets.csv|metrics.csv defaults,0.45,metadata_join_task_default_metric
benchmark_task_image_classification_tarek199147_nwpu_resisc45_f1_score_unspecified_paper-2603-06002,paper_2603_06002,task_image_classification,Image classification,tarek199147/nwpu-resisc45,nwpu-resisc45,f1_score,F1 Score,F1,true,,,,candidate,"paper links task 'Image classification', dataset 'nwpu-resisc45', metric inferred from task family",paper_tasks.csv|paper_datasets.csv|metrics.csv defaults,0.45,metadata_join_task_default_metric
benchmark_task_image_classification_tarek199147_nwpu_resisc45_overall_accuracy_unspecified_paper-2603-06002,paper_2603_06002,task_image_classification,Image classification,tarek199147/nwpu-resisc45,nwpu-resisc45,overall_accuracy,Overall Accuracy,OA,true,,,,candidate,"paper links task 'Image classification', dataset 'nwpu-resisc45', metric inferred from task family",paper_tasks.csv|paper_datasets.csv|metrics.csv defaults,0.45,metadata_join_task_default_metric
benchmark_task_image_captioning_sjeeudd_omniearth_bleu_unspecified,paper_2603_09471,task_image_captioning,Image captioning,sjeeudd/OmniEarth,OmniEarth,bleu,Bilingual Evaluation Understudy,BLEU,true,,,,candidate,"paper links task 'Image captioning', dataset 'OmniEarth', metric inferred from task family",paper_tasks.csv|paper_datasets.csv|metrics.csv defaults,0.45,metadata_join_task_default_metric
benchmark_task_image_captioning_sjeeudd_omniearth_cider_unspecified,paper_2603_09471,task_image_captioning,Image captioning,sjeeudd/OmniEarth,OmniEarth,cider,Consensus-based Image Description Evaluation,CIDEr,true,,,,candidate,"paper links task 'Image captioning', dataset 'OmniEarth', metric inferred from task family",paper_tasks.csv|paper_datasets.csv|metrics.csv defaults,0.45,metadata_join_task_default_metric
benchmark_task_semantic_segmentation_sjeeudd_omniearth_f1_score_unspecified,paper_2603_09471,task_semantic_segmentation,Semantic segmentation,sjeeudd/OmniEarth,OmniEarth,f1_score,F1 Score,F1,true,,,,candidate,"paper links task 'Semantic segmentation', dataset 'OmniEarth', metric inferred from task family",paper_tasks.csv|paper_datasets.csv|metrics.csv defaults,0.45,metadata_join_task_default_metric
benchmark_task_semantic_segmentation_sjeeudd_omniearth_mean_intersection_over_union_unspecified,paper_2603_09471,task_semantic_segmentation,Semantic segmentation,sjeeudd/OmniEarth,OmniEarth,mean_intersection_over_union,Mean Intersection over Union,mIoU,true,,,,candidate,"paper links task 'Semantic segmentation', dataset 'OmniEarth', metric inferred from task family",paper_tasks.csv|paper_datasets.csv|metrics.csv defaults,0.45,metadata_join_task_default_metric
benchmark_task_visual_question_answering_sjeeudd_omniearth_vqa_accuracy_unspecified,paper_2603_09471,task_visual_question_answering,Visual question answering,sjeeudd/OmniEarth,OmniEarth,vqa_accuracy,Visual Question Answering Accuracy,VQA Acc,true,,,,candidate,"paper links task 'Visual question answering', dataset 'OmniEarth', metric inferred from task family",paper_tasks.csv|paper_datasets.csv|metrics.csv defaults,0.45,metadata_join_task_default_metric
benchmark_task_object_detection_sirbastiano94_anomaly_detection_ap50_unspecified,paper_2603_25132,task_object_detection,Object detection,sirbastiano94/anomaly-detection,anomaly-detection,ap50,Average Precision at IoU 0.50,AP50,true,,,,candidate,"paper links task 'Object detection', dataset 'anomaly-detection', metric inferred from task family",paper_tasks.csv|paper_datasets.csv|metrics.csv defaults,0.45,metadata_join_task_default_metric
benchmark_task_object_detection_sirbastiano94_anomaly_detection_mean_average_precision_unspecified,paper_2603_25132,task_object_detection,Object detection,sirbastiano94/anomaly-detection,anomaly-detection,mean_average_precision,Mean Average Precision,mAP,true,,,,candidate,"paper links task 'Object detection', dataset 'anomaly-detection', metric inferred from task family",paper_tasks.csv|paper_datasets.csv|metrics.csv defaults,0.45,metadata_join_task_default_metric
benchmark_task_inpainting_hani6999_university_1652_psnr_unspecified,paper_2604_01581,task_inpainting,Inpainting,Hani6999/university-1652,university-1652,psnr,Peak Signal-to-Noise Ratio,PSNR,true,,,,candidate,"paper links task 'Inpainting', dataset 'university-1652', metric inferred from task family",paper_tasks.csv|paper_datasets.csv|metrics.csv defaults,0.45,metadata_join_task_default_metric
benchmark_task_inpainting_hani6999_university_1652_ssim_unspecified,paper_2604_01581,task_inpainting,Inpainting,Hani6999/university-1652,university-1652,ssim,Structural Similarity Index Measure,SSIM,true,,,,candidate,"paper links task 'Inpainting', dataset 'university-1652', metric inferred from task family",paper_tasks.csv|paper_datasets.csv|metrics.csv defaults,0.45,metadata_join_task_default_metric
benchmark_task_semantic_segmentation_nigo1973_earth_observation_accuracy_unspecified_paper-2604-10306,paper_2604_10306,task_semantic_segmentation,Semantic segmentation,nigo1973/earth-observation,earth-observation,accuracy,Accuracy,Accuracy,true,,,,probable,"paper links task 'Semantic segmentation', dataset 'earth-observation', and explicitly mentions metric 'Accuracy'",paper_tasks.csv|paper_datasets.csv|paper_metrics.csv,0.60,metadata_join_explicit_metric
benchmark_task_semantic_segmentation_nigo1973_earth_observation_mean_intersection_over_union_unspecified,paper_2604_10306,task_semantic_segmentation,Semantic segmentation,nigo1973/earth-observation,earth-observation,mean_intersection_over_union,Mean Intersection over Union,mIoU,true,,,,probable,"paper links task 'Semantic segmentation', dataset 'earth-observation', and explicitly mentions metric 'Mean Intersection over Union'",paper_tasks.csv|paper_datasets.csv|paper_metrics.csv,0.60,metadata_join_explicit_metric
benchmark_task_image_captioning_vimageiitb_geomeld_bleu_unspecified,paper_2604_10591,task_image_captioning,Image captioning,vimageiitb/GeoMeld,GeoMeld,bleu,Bilingual Evaluation Understudy,BLEU,true,,,,candidate,"paper links task 'Image captioning', dataset 'GeoMeld', metric inferred from task family",paper_tasks.csv|paper_datasets.csv|metrics.csv defaults,0.45,metadata_join_task_default_metric
benchmark_task_image_captioning_vimageiitb_geomeld_cider_unspecified,paper_2604_10591,task_image_captioning,Image captioning,vimageiitb/GeoMeld,GeoMeld,cider,Consensus-based Image Description Evaluation,CIDEr,true,,,,candidate,"paper links task 'Image captioning', dataset 'GeoMeld', metric inferred from task family",paper_tasks.csv|paper_datasets.csv|metrics.csv defaults,0.45,metadata_join_task_default_metric
benchmark_task_classification_gfm_bench_eurosat_f1_score_unspecified_paper-2604-11817,paper_2604_11817,task_classification,Classification,GFM-Bench/EuroSAT,EuroSAT,f1_score,F1 Score,F1,true,,,,candidate,"paper links task 'Classification', dataset 'EuroSAT', metric inferred from task family",paper_tasks.csv|paper_datasets.csv|metrics.csv defaults,0.45,metadata_join_task_default_metric
benchmark_task_classification_gfm_bench_eurosat_overall_accuracy_unspecified_paper-2604-11817,paper_2604_11817,task_classification,Classification,GFM-Bench/EuroSAT,EuroSAT,overall_accuracy,Overall Accuracy,OA,true,,,,candidate,"paper links task 'Classification', dataset 'EuroSAT', metric inferred from task family",paper_tasks.csv|paper_datasets.csv|metrics.csv defaults,0.45,metadata_join_task_default_metric
benchmark_task_image_classification_gfm_bench_eurosat_f1_score_unspecified_paper-2604-11817,paper_2604_11817,task_image_classification,Image classification,GFM-Bench/EuroSAT,EuroSAT,f1_score,F1 Score,F1,true,,,,candidate,"paper links task 'Image classification', dataset 'EuroSAT', metric inferred from task family",paper_tasks.csv|paper_datasets.csv|metrics.csv defaults,0.45,metadata_join_task_default_metric
benchmark_task_image_classification_gfm_bench_eurosat_overall_accuracy_unspecified_paper-2604-11817,paper_2604_11817,task_image_classification,Image classification,GFM-Bench/EuroSAT,EuroSAT,overall_accuracy,Overall Accuracy,OA,true,,,,candidate,"paper links task 'Image classification', dataset 'EuroSAT', metric inferred from task family",paper_tasks.csv|paper_datasets.csv|metrics.csv defaults,0.45,metadata_join_task_default_metric
benchmark_task_object_detection_eve_esa_hallucination_detection_false_alarm_rate_unspecified,paper_2604_13071,task_object_detection,Object detection,eve-esa/hallucination-detection,hallucination-detection,false_alarm_rate,False Alarm Rate,FAR,false,,,,probable,"paper links task 'Object detection', dataset 'hallucination-detection', and explicitly mentions metric 'False Alarm Rate'",paper_tasks.csv|paper_datasets.csv|paper_metrics.csv,0.60,metadata_join_explicit_metric
benchmark_task_visual_question_answering_eve_esa_hallucination_detection_false_alarm_rate_unspecified,paper_2604_13071,task_visual_question_answering,Visual question answering,eve-esa/hallucination-detection,hallucination-detection,false_alarm_rate,False Alarm Rate,FAR,false,,,,probable,"paper links task 'Visual question answering', dataset 'hallucination-detection', and explicitly mentions metric 'False Alarm Rate'",paper_tasks.csv|paper_datasets.csv|paper_metrics.csv,0.60,metadata_join_explicit_metric
benchmark_task_super_resolution_safouaneelg_symtrs_psnr_unspecified,paper_2604_21801,task_super_resolution,Super-resolution,safouaneelg/SyMTRS,SyMTRS,psnr,Peak Signal-to-Noise Ratio,PSNR,true,,,,candidate,"paper links task 'Super-resolution', dataset 'SyMTRS', metric inferred from task family",paper_tasks.csv|paper_datasets.csv|metrics.csv defaults,0.45,metadata_join_task_default_metric
benchmark_task_super_resolution_safouaneelg_symtrs_ssim_unspecified,paper_2604_21801,task_super_resolution,Super-resolution,safouaneelg/SyMTRS,SyMTRS,ssim,Structural Similarity Index Measure,SSIM,true,,,,candidate,"paper links task 'Super-resolution', dataset 'SyMTRS', metric inferred from task family",paper_tasks.csv|paper_datasets.csv|metrics.csv defaults,0.45,metadata_join_task_default_metric
benchmark_task_semantic_segmentation_rmbielski_planetscope_intersection_over_union_unspecified_paper-2604-23066,paper_2604_23066,task_semantic_segmentation,Semantic segmentation,rmbielski/PlanetScope,PlanetScope,intersection_over_union,Intersection over Union,IoU,true,,,,probable,"paper links task 'Semantic segmentation', dataset 'PlanetScope', and explicitly mentions metric 'Intersection over Union'",paper_tasks.csv|paper_datasets.csv|paper_metrics.csv,0.60,metadata_join_explicit_metric
benchmark_task_semantic_segmentation_rmbielski_planetscope_mean_intersection_over_union_unspecified,paper_2604_23066,task_semantic_segmentation,Semantic segmentation,rmbielski/PlanetScope,PlanetScope,mean_intersection_over_union,Mean Intersection over Union,mIoU,true,,,,probable,"paper links task 'Semantic segmentation', dataset 'PlanetScope', and explicitly mentions metric 'Mean Intersection over Union'",paper_tasks.csv|paper_datasets.csv|paper_metrics.csv,0.60,metadata_join_explicit_metric
benchmark_task_semantic_segmentation_dragon7_landcover_ai_accuracy_unspecified,paper_2604_27206,task_semantic_segmentation,Semantic segmentation,dragon7/LandCover.ai,LandCover.ai,accuracy,Accuracy,Accuracy,true,,,,probable,"paper links task 'Semantic segmentation', dataset 'LandCover.ai', and explicitly mentions metric 'Accuracy'",paper_tasks.csv|paper_datasets.csv|paper_metrics.csv,0.60,metadata_join_explicit_metric
benchmark_task_semantic_segmentation_dragon7_landcover_ai_intersection_over_union_unspecified_paper-2604-27206,paper_2604_27206,task_semantic_segmentation,Semantic segmentation,dragon7/LandCover.ai,LandCover.ai,intersection_over_union,Intersection over Union,IoU,true,,,,probable,"paper links task 'Semantic segmentation', dataset 'LandCover.ai', and explicitly mentions metric 'Intersection over Union'",paper_tasks.csv|paper_datasets.csv|paper_metrics.csv,0.60,metadata_join_explicit_metric
benchmark_task_semantic_segmentation_dragon7_landcover_ai_mean_intersection_over_union_unspecified_paper-2604-27206,paper_2604_27206,task_semantic_segmentation,Semantic segmentation,dragon7/LandCover.ai,LandCover.ai,mean_intersection_over_union,Mean Intersection over Union,mIoU,true,,,,probable,"paper links task 'Semantic segmentation', dataset 'LandCover.ai', and explicitly mentions metric 'Mean Intersection over Union'",paper_tasks.csv|paper_datasets.csv|paper_metrics.csv,0.60,metadata_join_explicit_metric
benchmark_task_semantic_segmentation_dragon7_landcover_ai_overall_accuracy_unspecified,paper_2604_27206,task_semantic_segmentation,Semantic segmentation,dragon7/LandCover.ai,LandCover.ai,overall_accuracy,Overall Accuracy,OA,true,,,,probable,"paper links task 'Semantic segmentation', dataset 'LandCover.ai', and explicitly mentions metric 'Overall Accuracy'",paper_tasks.csv|paper_datasets.csv|paper_metrics.csv,0.60,metadata_join_explicit_metric
benchmark_task_classification_hc_85_flood_prediction_accuracy_unspecified,paper_2604_27606,task_classification,Classification,HC-85/flood-prediction,flood-prediction,accuracy,Accuracy,Accuracy,true,,,,probable,"paper links task 'Classification', dataset 'flood-prediction', and explicitly mentions metric 'Accuracy'",paper_tasks.csv|paper_datasets.csv|paper_metrics.csv,0.60,metadata_join_explicit_metric
benchmark_task_image_classification_hc_85_flood_prediction_accuracy_unspecified,paper_2604_27606,task_image_classification,Image classification,HC-85/flood-prediction,flood-prediction,accuracy,Accuracy,Accuracy,true,,,,probable,"paper links task 'Image classification', dataset 'flood-prediction', and explicitly mentions metric 'Accuracy'",paper_tasks.csv|paper_datasets.csv|paper_metrics.csv,0.60,metadata_join_explicit_metric
benchmark_task_classification_nigo1973_earth_observation_f1_score_unspecified,paper_2605_03610,task_classification,Classification,nigo1973/earth-observation,earth-observation,f1_score,F1 Score,F1,true,,,,candidate,"paper links task 'Classification', dataset 'earth-observation', metric inferred from task family",paper_tasks.csv|paper_datasets.csv|metrics.csv defaults,0.45,metadata_join_task_default_metric
benchmark_task_classification_nigo1973_earth_observation_overall_accuracy_unspecified,paper_2605_03610,task_classification,Classification,nigo1973/earth-observation,earth-observation,overall_accuracy,Overall Accuracy,OA,true,,,,candidate,"paper links task 'Classification', dataset 'earth-observation', metric inferred from task family",paper_tasks.csv|paper_datasets.csv|metrics.csv defaults,0.45,metadata_join_task_default_metric
benchmark_task_image_classification_nigo1973_earth_observation_f1_score_unspecified,paper_2605_03610,task_image_classification,Image classification,nigo1973/earth-observation,earth-observation,f1_score,F1 Score,F1,true,,,,candidate,"paper links task 'Image classification', dataset 'earth-observation', metric inferred from task family",paper_tasks.csv|paper_datasets.csv|metrics.csv defaults,0.45,metadata_join_task_default_metric
benchmark_task_image_classification_nigo1973_earth_observation_overall_accuracy_unspecified,paper_2605_03610,task_image_classification,Image classification,nigo1973/earth-observation,earth-observation,overall_accuracy,Overall Accuracy,OA,true,,,,candidate,"paper links task 'Image classification', dataset 'earth-observation', metric inferred from task family",paper_tasks.csv|paper_datasets.csv|metrics.csv defaults,0.45,metadata_join_task_default_metric
benchmark_task_object_detection_nigo1973_earth_observation_ap50_unspecified,paper_2605_03610,task_object_detection,Object detection,nigo1973/earth-observation,earth-observation,ap50,Average Precision at IoU 0.50,AP50,true,,,,candidate,"paper links task 'Object detection', dataset 'earth-observation', metric inferred from task family",paper_tasks.csv|paper_datasets.csv|metrics.csv defaults,0.45,metadata_join_task_default_metric
benchmark_task_object_detection_nigo1973_earth_observation_mean_average_precision_unspecified,paper_2605_03610,task_object_detection,Object detection,nigo1973/earth-observation,earth-observation,mean_average_precision,Mean Average Precision,mAP,true,,,,candidate,"paper links task 'Object detection', dataset 'earth-observation', metric inferred from task family",paper_tasks.csv|paper_datasets.csv|metrics.csv defaults,0.45,metadata_join_task_default_metric
benchmark_task_change_detection_rmbielski_planetscope_recall_unspecified,paper_2605_08160,task_change_detection,Change detection,rmbielski/PlanetScope,PlanetScope,recall,Recall,Recall,true,,,,probable,"paper links task 'Change detection', dataset 'PlanetScope', and explicitly mentions metric 'Recall'",paper_tasks.csv|paper_datasets.csv|paper_metrics.csv,0.60,metadata_join_explicit_metric
benchmark_task_object_detection_rmbielski_planetscope_recall_unspecified,paper_2605_08160,task_object_detection,Object detection,rmbielski/PlanetScope,PlanetScope,recall,Recall,Recall,true,,,,probable,"paper links task 'Object detection', dataset 'PlanetScope', and explicitly mentions metric 'Recall'",paper_tasks.csv|paper_datasets.csv|paper_metrics.csv,0.60,metadata_join_explicit_metric
benchmark_task_semantic_segmentation_floodnet_f1_score_unspecified_paper-2605-08521,paper_2605_08521,task_semantic_segmentation,Semantic segmentation,FloodNet,FloodNet,f1_score,F1 Score,F1,true,,,,candidate,"paper links task 'Semantic segmentation', dataset 'FloodNet', metric inferred from task family",paper_tasks.csv|paper_datasets.csv|metrics.csv defaults,0.45,metadata_join_task_default_metric
benchmark_task_semantic_segmentation_floodnet_mean_intersection_over_union_unspecified_paper-2605-08521,paper_2605_08521,task_semantic_segmentation,Semantic segmentation,FloodNet,FloodNet,mean_intersection_over_union,Mean Intersection over Union,mIoU,true,,,,candidate,"paper links task 'Semantic segmentation', dataset 'FloodNet', metric inferred from task family",paper_tasks.csv|paper_datasets.csv|metrics.csv defaults,0.45,metadata_join_task_default_metric
benchmark_task_object_detection_chad_2004_landslide4sense_ap50_unspecified,paper_2605_09746,task_object_detection,Object detection,Chad-2004/Landslide4sense,Landslide4sense,ap50,Average Precision at IoU 0.50,AP50,true,,,,candidate,"paper links task 'Object detection', dataset 'Landslide4sense', metric inferred from task family",paper_tasks.csv|paper_datasets.csv|metrics.csv defaults,0.45,metadata_join_task_default_metric
benchmark_task_object_detection_chad_2004_landslide4sense_mean_average_precision_unspecified,paper_2605_09746,task_object_detection,Object detection,Chad-2004/Landslide4sense,Landslide4sense,mean_average_precision,Mean Average Precision,mAP,true,,,,candidate,"paper links task 'Object detection', dataset 'Landslide4sense', metric inferred from task family",paper_tasks.csv|paper_datasets.csv|metrics.csv defaults,0.45,metadata_join_task_default_metric
benchmark_task_semantic_segmentation_chad_2004_landslide4sense_f1_score_unspecified_paper-2605-09746,paper_2605_09746,task_semantic_segmentation,Semantic segmentation,Chad-2004/Landslide4sense,Landslide4sense,f1_score,F1 Score,F1,true,,,,candidate,"paper links task 'Semantic segmentation', dataset 'Landslide4sense', metric inferred from task family",paper_tasks.csv|paper_datasets.csv|metrics.csv defaults,0.45,metadata_join_task_default_metric
benchmark_task_semantic_segmentation_chad_2004_landslide4sense_mean_intersection_over_union_unspecified_paper-2605-09746,paper_2605_09746,task_semantic_segmentation,Semantic segmentation,Chad-2004/Landslide4sense,Landslide4sense,mean_intersection_over_union,Mean Intersection over Union,mIoU,true,,,,candidate,"paper links task 'Semantic segmentation', dataset 'Landslide4sense', metric inferred from task family",paper_tasks.csv|paper_datasets.csv|metrics.csv defaults,0.45,metadata_join_task_default_metric
benchmark_task_image_registration_remoteclip_absolute_trajectory_error_unspecified,paper_2605_12064,task_image_registration,Image registration,RemoteCLIP,RemoteCLIP,absolute_trajectory_error,Absolute Trajectory Error,ATE,false,,,,candidate,"paper links task 'Image registration', dataset 'RemoteCLIP', metric inferred from task family",paper_tasks.csv|paper_datasets.csv|metrics.csv defaults,0.45,metadata_join_task_default_metric
benchmark_task_image_registration_remoteclip_registration_recall_unspecified,paper_2605_12064,task_image_registration,Image registration,RemoteCLIP,RemoteCLIP,registration_recall,Registration Recall,RR,true,,,,candidate,"paper links task 'Image registration', dataset 'RemoteCLIP', metric inferred from task family",paper_tasks.csv|paper_datasets.csv|metrics.csv defaults,0.45,metadata_join_task_default_metric
benchmark_task_classification_gfm_bench_eurosat_accuracy_unspecified_paper-2605-21268,paper_2605_21268,task_classification,Classification,GFM-Bench/EuroSAT,EuroSAT,accuracy,Accuracy,Accuracy,true,,,,probable,"paper links task 'Classification', dataset 'EuroSAT', and explicitly mentions metric 'Accuracy'",paper_tasks.csv|paper_datasets.csv|paper_metrics.csv,0.60,metadata_join_explicit_metric
benchmark_task_classification_gfm_bench_eurosat_f1_score_unspecified_paper-2605-21268,paper_2605_21268,task_classification,Classification,GFM-Bench/EuroSAT,EuroSAT,f1_score,F1 Score,F1,true,,,,probable,"paper links task 'Classification', dataset 'EuroSAT', and explicitly mentions metric 'F1 Score'",paper_tasks.csv|paper_datasets.csv|paper_metrics.csv,0.60,metadata_join_explicit_metric
benchmark_task_classification_gfm_bench_eurosat_precision_unspecified_paper-2605-21268,paper_2605_21268,task_classification,Classification,GFM-Bench/EuroSAT,EuroSAT,precision,Precision,Precision,true,,,,probable,"paper links task 'Classification', dataset 'EuroSAT', and explicitly mentions metric 'Precision'",paper_tasks.csv|paper_datasets.csv|paper_metrics.csv,0.60,metadata_join_explicit_metric
benchmark_task_classification_gfm_bench_eurosat_recall_unspecified_paper-2605-21268,paper_2605_21268,task_classification,Classification,GFM-Bench/EuroSAT,EuroSAT,recall,Recall,Recall,true,,,,probable,"paper links task 'Classification', dataset 'EuroSAT', and explicitly mentions metric 'Recall'",paper_tasks.csv|paper_datasets.csv|paper_metrics.csv,0.60,metadata_join_explicit_metric
benchmark_task_image_classification_gfm_bench_eurosat_accuracy_unspecified_paper-2605-21268,paper_2605_21268,task_image_classification,Image classification,GFM-Bench/EuroSAT,EuroSAT,accuracy,Accuracy,Accuracy,true,,,,probable,"paper links task 'Image classification', dataset 'EuroSAT', and explicitly mentions metric 'Accuracy'",paper_tasks.csv|paper_datasets.csv|paper_metrics.csv,0.60,metadata_join_explicit_metric
benchmark_task_image_classification_gfm_bench_eurosat_f1_score_unspecified_paper-2605-21268,paper_2605_21268,task_image_classification,Image classification,GFM-Bench/EuroSAT,EuroSAT,f1_score,F1 Score,F1,true,,,,probable,"paper links task 'Image classification', dataset 'EuroSAT', and explicitly mentions metric 'F1 Score'",paper_tasks.csv|paper_datasets.csv|paper_metrics.csv,0.60,metadata_join_explicit_metric
benchmark_task_image_classification_gfm_bench_eurosat_precision_unspecified_paper-2605-21268,paper_2605_21268,task_image_classification,Image classification,GFM-Bench/EuroSAT,EuroSAT,precision,Precision,Precision,true,,,,probable,"paper links task 'Image classification', dataset 'EuroSAT', and explicitly mentions metric 'Precision'",paper_tasks.csv|paper_datasets.csv|paper_metrics.csv,0.60,metadata_join_explicit_metric
benchmark_task_image_classification_gfm_bench_eurosat_recall_unspecified_paper-2605-21268,paper_2605_21268,task_image_classification,Image classification,GFM-Bench/EuroSAT,EuroSAT,recall,Recall,Recall,true,,,,probable,"paper links task 'Image classification', dataset 'EuroSAT', and explicitly mentions metric 'Recall'",paper_tasks.csv|paper_datasets.csv|paper_metrics.csv,0.60,metadata_join_explicit_metric
benchmark_task_scene_classification_gfm_bench_eurosat_accuracy_unspecified_paper-2605-21268,paper_2605_21268,task_scene_classification,Scene classification,GFM-Bench/EuroSAT,EuroSAT,accuracy,Accuracy,Accuracy,true,,,,probable,"paper links task 'Scene classification', dataset 'EuroSAT', and explicitly mentions metric 'Accuracy'",paper_tasks.csv|paper_datasets.csv|paper_metrics.csv,0.60,metadata_join_explicit_metric
benchmark_task_scene_classification_gfm_bench_eurosat_f1_score_unspecified_paper-2605-21268,paper_2605_21268,task_scene_classification,Scene classification,GFM-Bench/EuroSAT,EuroSAT,f1_score,F1 Score,F1,true,,,,probable,"paper links task 'Scene classification', dataset 'EuroSAT', and explicitly mentions metric 'F1 Score'",paper_tasks.csv|paper_datasets.csv|paper_metrics.csv,0.60,metadata_join_explicit_metric
benchmark_task_scene_classification_gfm_bench_eurosat_precision_unspecified,paper_2605_21268,task_scene_classification,Scene classification,GFM-Bench/EuroSAT,EuroSAT,precision,Precision,Precision,true,,,,probable,"paper links task 'Scene classification', dataset 'EuroSAT', and explicitly mentions metric 'Precision'",paper_tasks.csv|paper_datasets.csv|paper_metrics.csv,0.60,metadata_join_explicit_metric
benchmark_task_scene_classification_gfm_bench_eurosat_recall_unspecified,paper_2605_21268,task_scene_classification,Scene classification,GFM-Bench/EuroSAT,EuroSAT,recall,Recall,Recall,true,,,,probable,"paper links task 'Scene classification', dataset 'EuroSAT', and explicitly mentions metric 'Recall'",paper_tasks.csv|paper_datasets.csv|paper_metrics.csv,0.60,metadata_join_explicit_metric
source_benchmark_meter-ml-a-multi-sensor-earth-observation-benchmar_aaeb6287ce,,source_task_combined-sentinel,Combined Sentinel,,METER-ML: A Multi-sensor Earth Observation Benchmark for Automated Methane Source Mapping,,,,,,,,source-derived,Source-derived benchmark from satellite-image-deep-learning/datasets README section 'Combined Sentinel'. * METER-ML: A Multi-sensor Earth Observation Benchmark for Automated Methane Source Mapping -> data on Zenodo,source_repo:https://github.com/satellite-image-deep-learning/datasets|source_name:satellite-image-deep-learning/datasets|readme:https://raw.githubusercontent.com/satellite-image-deep-learning/datasets/main/README.md|source_line:140|source_section:Combined Sentinel|source:source_repo_link_audit|needs-review|link_url:https://stanfordmlgroup.github.io/projects/meter-ml/,0.35,source_repo_link_audit
source_benchmark_cryo-bench_484282ac6c,,source_task_combined-sentinel,Combined Sentinel,,Cryo-Bench,,,,,,,,source-derived,Source-derived benchmark from satellite-image-deep-learning/datasets README section 'Combined Sentinel'. * Cryo-Bench -> A Benchmark for Evaluating Geospatial Foundation Models on Cryosphere Applications,source_repo:https://github.com/satellite-image-deep-learning/datasets|source_name:satellite-image-deep-learning/datasets|readme:https://raw.githubusercontent.com/satellite-image-deep-learning/datasets/main/README.md|source_line:161|source_section:Combined Sentinel|source:source_repo_link_audit|needs-review|link_url:https://github.com/Sk-2103/Cryo-Bench,0.35,source_repo_link_audit
source_benchmark_detecting-cars-from-aerial-imagery-for-the-nato-in_9c6e2a0ff8,,source_task_cars-overhead-with-context-cowc,Cars Overhead With Context (COWC),,Detecting cars from aerial imagery for the NATO Innovation Challenge,,,,,,,,source-derived,Source-derived benchmark from satellite-image-deep-learning/datasets README section 'Cars Overhead With Context (COWC)'. * Detecting cars from aerial imagery for the NATO Innovation Challenge,source_repo:https://github.com/satellite-image-deep-learning/datasets|source_name:satellite-image-deep-learning/datasets|readme:https://raw.githubusercontent.com/satellite-image-deep-learning/datasets/main/README.md|source_line:326|source_section:Cars Overhead With Context (COWC)|source:source_repo_link_audit|needs-review|link_url:https://web.archive.org/web/20241110114250/https://arthurdouillard.com/post/nato-challenge/,0.35,source_repo_link_audit
source_benchmark_challenge-on-codalab_f49ce5506f,,source_task_flair,FLAIR,,Challenge on codalab,,,,,,,,source-derived,Source-derived benchmark from satellite-image-deep-learning/datasets README section 'FLAIR'. * Challenge on codalab,source_repo:https://github.com/satellite-image-deep-learning/datasets|source_name:satellite-image-deep-learning/datasets|readme:https://raw.githubusercontent.com/satellite-image-deep-learning/datasets/main/README.md|source_line:412|source_section:FLAIR|source:source_repo_link_audit|needs-review|link_url:https://codalab.lisn.upsaclay.fr/competitions/13447,0.35,source_repo_link_audit
source_benchmark_nwpu-moc_30be1f62d2,,source_task_object-detection-classification,Object Detection & Classification,,NWPU-MOC,,,,,,,,source-derived,Source-derived benchmark from satellite-image-deep-learning/datasets README section 'Object Detection & Classification'. * NWPU-MOC -> A Benchmark for Fine-grained Multi-category Object Counting in Aerial Images,source_repo:https://github.com/satellite-image-deep-learning/datasets|source_name:satellite-image-deep-learning/datasets|readme:https://raw.githubusercontent.com/satellite-image-deep-learning/datasets/main/README.md|source_line:588|source_section:Object Detection & Classification|source:source_repo_link_audit|needs-review|link_url:https://github.com/lyongo/NWPU-MOC,0.35,source_repo_link_audit
source_benchmark_gamus_c2ac3c8102,,source_task_land-use-land-cover,Land Use & Land Cover,,GAMUS,,,,,,,,source-derived,Source-derived benchmark from satellite-image-deep-learning/datasets README section 'Land Use & Land Cover'. * GAMUS -> A Geometry-aware Multi-modal Semantic Segmentation Benchmark for Remote Sensing Data,source_repo:https://github.com/satellite-image-deep-learning/datasets|source_name:satellite-image-deep-learning/datasets|readme:https://raw.githubusercontent.com/satellite-image-deep-learning/datasets/main/README.md|source_line:604|source_section:Land Use & Land Cover|source:source_repo_link_audit|needs-review|link_url:https://github.com/EarthNets/RSI-MMSegmentation,0.35,source_repo_link_audit
source_benchmark_university1652-baseline_a24fb73eaf,,source_task_benchmark-foundation-models,Benchmark & Foundation Models,,University1652-Baseline,,,,,,,,source-derived,Source-derived benchmark from satellite-image-deep-learning/datasets README section 'Benchmark & Foundation Models'. * University1652-Baseline -> A Multi-view Multi-source Benchmark for Drone-based Geo-localization,source_repo:https://github.com/satellite-image-deep-learning/datasets|source_name:satellite-image-deep-learning/datasets|readme:https://raw.githubusercontent.com/satellite-image-deep-learning/datasets/main/README.md|source_line:687|source_section:Benchmark & Foundation Models|source:source_repo_link_audit|needs-review|link_url:https://github.com/layumi/University1652-Baseline,0.35,source_repo_link_audit
source_benchmark_whu-stereo_19bd9595e3,,source_task_benchmark-foundation-models,Benchmark & Foundation Models,,WHU-Stereo,,,,,,,,source-derived,Source-derived benchmark from satellite-image-deep-learning/datasets README section 'Benchmark & Foundation Models'. * WHU-Stereo -> A Challenging Benchmark for Stereo Matching of High-Resolution Satellite Images,source_repo:https://github.com/satellite-image-deep-learning/datasets|source_name:satellite-image-deep-learning/datasets|readme:https://raw.githubusercontent.com/satellite-image-deep-learning/datasets/main/README.md|source_line:689|source_section:Benchmark & Foundation Models|source:source_repo_link_audit|needs-review|link_url:https://github.com/Sheng029/WHU-Stereo,0.35,source_repo_link_audit
source_benchmark_pangaea-bench_41b6559448,,source_task_benchmark-foundation-models,Benchmark & Foundation Models,,pangaea-bench,,,,,,,,source-derived,Source-derived benchmark from satellite-image-deep-learning/datasets README section 'Benchmark & Foundation Models'. * pangaea-bench -> A Global and Inclusive Benchmark for Geospatial Foundation Models,source_repo:https://github.com/satellite-image-deep-learning/datasets|source_name:satellite-image-deep-learning/datasets|readme:https://raw.githubusercontent.com/satellite-image-deep-learning/datasets/main/README.md|source_line:691|source_section:Benchmark & Foundation Models|source:source_repo_link_audit|needs-review|link_url:https://github.com/yurujaja/pangaea-bench,0.35,source_repo_link_audit
source_benchmark_fastai-multi-label-image-classification_197826439f,,source_task_kaggle-amazon-from-space-classification-challeng,Kaggle - Amazon from space - classification challenge,,FastAI Multi-label image classification,,,,,,,,source-derived,Source-derived benchmark from satellite-image-deep-learning/datasets README section 'Kaggle - Amazon from space - classification challenge'. * FastAI Multi-label image classification,source_repo:https://github.com/satellite-image-deep-learning/datasets|source_name:satellite-image-deep-learning/datasets|readme:https://raw.githubusercontent.com/satellite-image-deep-learning/datasets/main/README.md|source_line:705|source_section:Kaggle - Amazon from space - classification challenge|source:source_repo_link_audit|needs-review|link_url:https://towardsdatascience.com/fastai-multi-label-image-classification-8034be646e95,0.35,source_repo_link_audit
source_benchmark_multi-label-classification-of-satellite-photos-of_f4359e115d,,source_task_kaggle-amazon-from-space-classification-challeng,Kaggle - Amazon from space - classification challenge,,Multi-Label Classification of Satellite Photos of the Amazon Rainforest,,,,,,,,source-derived,Source-derived benchmark from satellite-image-deep-learning/datasets README section 'Kaggle - Amazon from space - classification challenge'. * Multi-Label Classification of Satellite Photos of the Amazon Rainforest,source_repo:https://github.com/satellite-image-deep-learning/datasets|source_name:satellite-image-deep-learning/datasets|readme:https://raw.githubusercontent.com/satellite-image-deep-learning/datasets/main/README.md|source_line:706|source_section:Kaggle - Amazon from space - classification challenge|source:source_repo_link_audit|needs-review|link_url:https://machinelearningmastery.com/how-to-develop-a-convolutional-neural-network-to-classify-satellite-photos-of-the-amazon-rainforest/,0.35,source_repo_link_audit
source_benchmark_understanding-the-amazon-rainforest-with-multi-lab_30febeb19e,,source_task_kaggle-amazon-from-space-classification-challeng,Kaggle - Amazon from space - classification challenge,,"Understanding the Amazon Rainforest with Multi-Label Classification + VGG-19, Inceptionv3, AlexNet & Transfer Learning",,,,,,,,source-derived,"Source-derived benchmark from satellite-image-deep-learning/datasets README section 'Kaggle - Amazon from space - classification challenge'. * Understanding the Amazon Rainforest with Multi-Label Classification + VGG-19, Inceptionv3, AlexNet & Transfer Learning",source_repo:https://github.com/satellite-image-deep-learning/datasets|source_name:satellite-image-deep-learning/datasets|readme:https://raw.githubusercontent.com/satellite-image-deep-learning/datasets/main/README.md|source_line:707|source_section:Kaggle - Amazon from space - classification challenge|source:source_repo_link_audit|needs-review|link_url:https://towardsdatascience.com/understanding-the-amazon-rainforest-with-multi-label-classification-vgg-19-inceptionv3-5084544fb655,0.35,source_repo_link_audit
source_benchmark_amazon-classifier_977071e9ad,,source_task_kaggle-amazon-from-space-classification-challeng,Kaggle - Amazon from space - classification challenge,,amazon-classifier,,,,,,,,source-derived,Source-derived benchmark from satellite-image-deep-learning/datasets README section 'Kaggle - Amazon from space - classification challenge'. * amazon-classifier -> compares random forest with CNN,source_repo:https://github.com/satellite-image-deep-learning/datasets|source_name:satellite-image-deep-learning/datasets|readme:https://raw.githubusercontent.com/satellite-image-deep-learning/datasets/main/README.md|source_line:708|source_section:Kaggle - Amazon from space - classification challenge|source:source_repo_link_audit|needs-review|link_url:https://github.com/mikeskaug/amazon-classifier,0.35,source_repo_link_audit
source_benchmark_multilabel-classification_f7b877fc54,,source_task_kaggle-amazon-from-space-classification-challeng,Kaggle - Amazon from space - classification challenge,,multilabel-classification,,,,,,,,source-derived,Source-derived benchmark from satellite-image-deep-learning/datasets README section 'Kaggle - Amazon from space - classification challenge'. * multilabel-classification -> compares various CNN architecutres,source_repo:https://github.com/satellite-image-deep-learning/datasets|source_name:satellite-image-deep-learning/datasets|readme:https://raw.githubusercontent.com/satellite-image-deep-learning/datasets/main/README.md|source_line:709|source_section:Kaggle - Amazon from space - classification challenge|source:source_repo_link_audit|needs-review|link_url:https://github.com/muneeb706/multilabel-classification,0.35,source_repo_link_audit
source_benchmark_planet-amazon-kaggle_2ce2036ac6,,source_task_kaggle-amazon-from-space-classification-challeng,Kaggle - Amazon from space - classification challenge,,Planet-Amazon-Kaggle,,,,,,,,source-derived,Source-derived benchmark from satellite-image-deep-learning/datasets README section 'Kaggle - Amazon from space - classification challenge'. * Planet-Amazon-Kaggle -> uses fast.ai,source_repo:https://github.com/satellite-image-deep-learning/datasets|source_name:satellite-image-deep-learning/datasets|readme:https://raw.githubusercontent.com/satellite-image-deep-learning/datasets/main/README.md|source_line:710|source_section:Kaggle - Amazon from space - classification challenge|source:source_repo_link_audit|needs-review|link_url:https://github.com/Skumarr53/Planet-Amazon-Kaggle,0.35,source_repo_link_audit
source_benchmark_deforestation-deep-learning_f6db6e23e3,,source_task_kaggle-amazon-from-space-classification-challeng,Kaggle - Amazon from space - classification challenge,,deforestation_deep_learning,,,,,,,,source-derived,Source-derived benchmark from satellite-image-deep-learning/datasets README section 'Kaggle - Amazon from space - classification challenge'. * deforestation_deep_learning,source_repo:https://github.com/satellite-image-deep-learning/datasets|source_name:satellite-image-deep-learning/datasets|readme:https://raw.githubusercontent.com/satellite-image-deep-learning/datasets/main/README.md|source_line:711|source_section:Kaggle - Amazon from space - classification challenge|source:source_repo_link_audit|needs-review|link_url:https://github.com/schumanzhang/deforestation_deep_learning,0.35,source_repo_link_audit
source_benchmark_track-human-footprint-in-amazon-using-deep-learnin_fc242838b4,,source_task_kaggle-amazon-from-space-classification-challeng,Kaggle - Amazon from space - classification challenge,,Track-Human-Footprint-in-Amazon-using-Deep-Learning,,,,,,,,source-derived,Source-derived benchmark from satellite-image-deep-learning/datasets README section 'Kaggle - Amazon from space - classification challenge'. * Track-Human-Footprint-in-Amazon-using-Deep-Learning,source_repo:https://github.com/satellite-image-deep-learning/datasets|source_name:satellite-image-deep-learning/datasets|readme:https://raw.githubusercontent.com/satellite-image-deep-learning/datasets/main/README.md|source_line:712|source_section:Kaggle - Amazon from space - classification challenge|source:source_repo_link_audit|needs-review|link_url:https://github.com/sahanasub/Track-Human-Footprint-in-Amazon-using-Deep-Learning,0.35,source_repo_link_audit
source_benchmark_amazon-rainforest-cnn_3824574a75,,source_task_kaggle-amazon-from-space-classification-challeng,Kaggle - Amazon from space - classification challenge,,Amazon-Rainforest-CNN,,,,,,,,source-derived,Source-derived benchmark from satellite-image-deep-learning/datasets README section 'Kaggle - Amazon from space - classification challenge'. * Amazon-Rainforest-CNN -> uses a 3-layer CNN in Tensorflow,source_repo:https://github.com/satellite-image-deep-learning/datasets|source_name:satellite-image-deep-learning/datasets|readme:https://raw.githubusercontent.com/satellite-image-deep-learning/datasets/main/README.md|source_line:713|source_section:Kaggle - Amazon from space - classification challenge|source:source_repo_link_audit|needs-review|link_url:https://github.com/cldowdy/Amazon-Rainforest-CNN,0.35,source_repo_link_audit
source_benchmark_rainforest-tagging_190c91abc2,,source_task_kaggle-amazon-from-space-classification-challeng,Kaggle - Amazon from space - classification challenge,,rainforest-tagging,,,,,,,,source-derived,Source-derived benchmark from satellite-image-deep-learning/datasets README section 'Kaggle - Amazon from space - classification challenge'. * rainforest-tagging -> Convolutional Neural Net and Recurrent Neural Net in Tensorflow for satellite images multi-label classification,source_repo:https://github.com/satellite-image-deep-learning/datasets|source_name:satellite-image-deep-learning/datasets|readme:https://raw.githubusercontent.com/satellite-image-deep-learning/datasets/main/README.md|source_line:714|source_section:Kaggle - Amazon from space - classification challenge|source:source_repo_link_audit|needs-review|link_url:https://github.com/minggli/rainforest-tagging,0.35,source_repo_link_audit
source_benchmark_satellite-deforestation_482c117ec3,,source_task_kaggle-amazon-from-space-classification-challeng,Kaggle - Amazon from space - classification challenge,,satellite-deforestation,,,,,,,,source-derived,"Source-derived benchmark from satellite-image-deep-learning/datasets README section 'Kaggle - Amazon from space - classification challenge'. * satellite-deforestation -> Using Satellite Imagery to Identify the Leading Indicators of Deforestation, applied to the Kaggle Challenge Understanding the Amazon from Space",source_repo:https://github.com/satellite-image-deep-learning/datasets|source_name:satellite-image-deep-learning/datasets|readme:https://raw.githubusercontent.com/satellite-image-deep-learning/datasets/main/README.md|source_line:715|source_section:Kaggle - Amazon from space - classification challenge|source:source_repo_link_audit|needs-review|link_url:https://github.com/drewhibbard/satellite-deforestation,0.35,source_repo_link_audit
source_benchmark_zf-unet-224-pretrained-model-2nd-place-solution_aa6f070367,,source_task_kaggle-dstl-segmentation-challenge,Kaggle - DSTL segmentation challenge,,ZF_UNET_224_Pretrained_Model 2nd place solution,,,,,,,,source-derived,Source-derived benchmark from satellite-image-deep-learning/datasets README section 'Kaggle - DSTL segmentation challenge'. * ZF_UNET_224_Pretrained_Model 2nd place solution ->,source_repo:https://github.com/satellite-image-deep-learning/datasets|source_name:satellite-image-deep-learning/datasets|readme:https://raw.githubusercontent.com/satellite-image-deep-learning/datasets/main/README.md|source_line:723|source_section:Kaggle - DSTL segmentation challenge|source:source_repo_link_audit|needs-review|link_url:https://github.com/ZFTurbo/ZF_UNET_224_Pretrained_Model,0.35,source_repo_link_audit
source_benchmark_3rd-place-soluton_6bee7b450b,,source_task_kaggle-dstl-segmentation-challenge,Kaggle - DSTL segmentation challenge,,3rd place soluton,,,,,,,,source-derived,"Source-derived benchmark from satellite-image-deep-learning/datasets README section 'Kaggle - DSTL segmentation challenge'. * 3rd place soluton -> which explored pansharpening & calculating reflectance indices, with arxiv paper",source_repo:https://github.com/satellite-image-deep-learning/datasets|source_name:satellite-image-deep-learning/datasets|readme:https://raw.githubusercontent.com/satellite-image-deep-learning/datasets/main/README.md|source_line:724|source_section:Kaggle - DSTL segmentation challenge|source:source_repo_link_audit|needs-review|link_url:https://github.com/osin-vladimir/kaggle-satellite-imagery-feature-detection,0.35,source_repo_link_audit
source_benchmark_deepsense-4th-place-solution_1c2b65820b,,source_task_kaggle-dstl-segmentation-challenge,Kaggle - DSTL segmentation challenge,,Deepsense 4th place solution,,,,,,,,source-derived,Source-derived benchmark from satellite-image-deep-learning/datasets README section 'Kaggle - DSTL segmentation challenge'. * Deepsense 4th place solution,source_repo:https://github.com/satellite-image-deep-learning/datasets|source_name:satellite-image-deep-learning/datasets|readme:https://raw.githubusercontent.com/satellite-image-deep-learning/datasets/main/README.md|source_line:725|source_section:Kaggle - DSTL segmentation challenge|source:source_repo_link_audit|needs-review|link_url:https://deepsense.ai/deep-learning-for-satellite-imagery-via-image-segmentation/,0.35,source_repo_link_audit
source_benchmark_entry-by-lopuhin_f5520da4cc,,source_task_kaggle-dstl-segmentation-challenge,Kaggle - DSTL segmentation challenge,,Entry by lopuhin,,,,,,,,source-derived,Source-derived benchmark from satellite-image-deep-learning/datasets README section 'Kaggle - DSTL segmentation challenge'. * Entry by lopuhin using UNet with batch-normalization,source_repo:https://github.com/satellite-image-deep-learning/datasets|source_name:satellite-image-deep-learning/datasets|readme:https://raw.githubusercontent.com/satellite-image-deep-learning/datasets/main/README.md|source_line:726|source_section:Kaggle - DSTL segmentation challenge|source:source_repo_link_audit|needs-review|link_url:https://github.com/lopuhin/kaggle-dstl,0.35,source_repo_link_audit
source_benchmark_deep-satellite-image-segmentation_709a27cd39,,source_task_kaggle-dstl-segmentation-challenge,Kaggle - DSTL segmentation challenge,,Deep-Satellite-Image-Segmentation,,,,,,,,source-derived,Source-derived benchmark from satellite-image-deep-learning/datasets README section 'Kaggle - DSTL segmentation challenge'. * Deep-Satellite-Image-Segmentation,source_repo:https://github.com/satellite-image-deep-learning/datasets|source_name:satellite-image-deep-learning/datasets|readme:https://raw.githubusercontent.com/satellite-image-deep-learning/datasets/main/README.md|source_line:728|source_section:Kaggle - DSTL segmentation challenge|source:source_repo_link_audit|needs-review|link_url:https://github.com/antoine-spahr/Deep-Satellite-Image-Segmentation,0.35,source_repo_link_audit
source_benchmark_dstl-satellite-imagery-feature-detection-improved_7f4a165cfc,,source_task_kaggle-dstl-segmentation-challenge,Kaggle - DSTL segmentation challenge,,Dstl-Satellite-Imagery-Feature-Detection-Improved,,,,,,,,source-derived,Source-derived benchmark from satellite-image-deep-learning/datasets README section 'Kaggle - DSTL segmentation challenge'. * Dstl-Satellite-Imagery-Feature-Detection-Improved,source_repo:https://github.com/satellite-image-deep-learning/datasets|source_name:satellite-image-deep-learning/datasets|readme:https://raw.githubusercontent.com/satellite-image-deep-learning/datasets/main/README.md|source_line:729|source_section:Kaggle - DSTL segmentation challenge|source:source_repo_link_audit|needs-review|link_url:https://github.com/cuulee/Dstl-Satellite-Imagery-Feature-Detection-Improved,0.35,source_repo_link_audit
source_benchmark_satellite-imagery-feature-detection_0b91db8b76,,source_task_kaggle-dstl-segmentation-challenge,Kaggle - DSTL segmentation challenge,,Satellite-imagery-feature-detection,,,,,,,,source-derived,Source-derived benchmark from satellite-image-deep-learning/datasets README section 'Kaggle - DSTL segmentation challenge'. * Satellite-imagery-feature-detection,source_repo:https://github.com/satellite-image-deep-learning/datasets|source_name:satellite-image-deep-learning/datasets|readme:https://raw.githubusercontent.com/satellite-image-deep-learning/datasets/main/README.md|source_line:730|source_section:Kaggle - DSTL segmentation challenge|source:source_repo_link_audit|needs-review|link_url:https://github.com/ArangurenAndres/Satellite-imagery-feature-detection,0.35,source_repo_link_audit
source_benchmark_satellite-image-classification_984cd6e711,,source_task_kaggle-dstl-segmentation-challenge,Kaggle - DSTL segmentation challenge,,Satellite_Image_Classification,,,,,,,,source-derived,Source-derived benchmark from satellite-image-deep-learning/datasets README section 'Kaggle - DSTL segmentation challenge'. * Satellite_Image_Classification -> using XGBoost and ensemble classification methods,source_repo:https://github.com/satellite-image-deep-learning/datasets|source_name:satellite-image-deep-learning/datasets|readme:https://raw.githubusercontent.com/satellite-image-deep-learning/datasets/main/README.md|source_line:731|source_section:Kaggle - DSTL segmentation challenge|source:source_repo_link_audit|needs-review|link_url:https://github.com/aditya-sawadh/Satellite_Image_Classification,0.35,source_repo_link_audit
source_benchmark_unet-for-satellite_5f16b484db,,source_task_kaggle-dstl-segmentation-challenge,Kaggle - DSTL segmentation challenge,,Unet-for-Satellite,,,,,,,,source-derived,Source-derived benchmark from satellite-image-deep-learning/datasets README section 'Kaggle - DSTL segmentation challenge'. * Unet-for-Satellite,source_repo:https://github.com/satellite-image-deep-learning/datasets|source_name:satellite-image-deep-learning/datasets|readme:https://raw.githubusercontent.com/satellite-image-deep-learning/datasets/main/README.md|source_line:732|source_section:Kaggle - DSTL segmentation challenge|source:source_repo_link_audit|needs-review|link_url:https://github.com/justinishikawa/Unet-for-Satellite,0.35,source_repo_link_audit
source_benchmark_building-segmentation_2696a9663c,,source_task_kaggle-dstl-segmentation-challenge,Kaggle - DSTL segmentation challenge,,building-segmentation,,,,,,,,source-derived,Source-derived benchmark from satellite-image-deep-learning/datasets README section 'Kaggle - DSTL segmentation challenge'. * building-segmentation -> TensorFlow U-Net implementation trained to segment buildings in satellite imagery,source_repo:https://github.com/satellite-image-deep-learning/datasets|source_name:satellite-image-deep-learning/datasets|readme:https://raw.githubusercontent.com/satellite-image-deep-learning/datasets/main/README.md|source_line:733|source_section:Kaggle - DSTL segmentation challenge|source:source_repo_link_audit|needs-review|link_url:https://github.com/jimpala/building-segmentation,0.35,source_repo_link_audit
source_benchmark_good-example-kernel_c14772307c,,source_task_kaggle-airbus-ship-detection-challenge,Kaggle - Airbus ship detection challenge,,good example kernel,,,,,,,,source-derived,"Source-derived benchmark from satellite-image-deep-learning/datasets README section 'Kaggle - Airbus ship detection challenge'. * Rating - medium, most solutions using deep-learning, many kernels, good example kernel",source_repo:https://github.com/satellite-image-deep-learning/datasets|source_name:satellite-image-deep-learning/datasets|readme:https://raw.githubusercontent.com/satellite-image-deep-learning/datasets/main/README.md|source_line:742|source_section:Kaggle - Airbus ship detection challenge|source:source_repo_link_audit|needs-review|link_url:https://www.kaggle.com/kmader/baseline-u-net-model-part-1,0.35,source_repo_link_audit
source_benchmark_detecting-ships-in-satellite-imagery-five-years-la_a3d1ebfa28,,source_task_kaggle-airbus-ship-detection-challenge,Kaggle - Airbus ship detection challenge,,Detecting ships in satellite imagery: five years later…,,,,,,,,source-derived,Source-derived benchmark from satellite-image-deep-learning/datasets README section 'Kaggle - Airbus ship detection challenge'. * Detecting ships in satellite imagery: five years later…,source_repo:https://github.com/satellite-image-deep-learning/datasets|source_name:satellite-image-deep-learning/datasets|readme:https://raw.githubusercontent.com/satellite-image-deep-learning/datasets/main/README.md|source_line:743|source_section:Kaggle - Airbus ship detection challenge|source:source_repo_link_audit|needs-review|link_url:https://medium.com/artificialis/detecting-ships-in-satellite-imagery-five-years-later-28df2e83f987,0.35,source_repo_link_audit
source_benchmark_lessons-learned-from-kaggle-s-airbus-challenge_79ccca3aa9,,source_task_kaggle-airbus-ship-detection-challenge,Kaggle - Airbus ship detection challenge,,Lessons Learned from Kaggle’s Airbus Challenge,,,,,,,,source-derived,Source-derived benchmark from satellite-image-deep-learning/datasets README section 'Kaggle - Airbus ship detection challenge'. * Lessons Learned from Kaggle’s Airbus Challenge,source_repo:https://github.com/satellite-image-deep-learning/datasets|source_name:satellite-image-deep-learning/datasets|readme:https://raw.githubusercontent.com/satellite-image-deep-learning/datasets/main/README.md|source_line:745|source_section:Kaggle - Airbus ship detection challenge|source:source_repo_link_audit|needs-review|link_url:https://web.archive.org/web/20241002082610/https://towardsdatascience.com/lessons-learned-from-kaggles-airbus-challenge-252e25c5efac,0.35,source_repo_link_audit
source_benchmark_airbus-ship-detection_83eb8f7731,,source_task_kaggle-airbus-ship-detection-challenge,Kaggle - Airbus ship detection challenge,,Airbus-Ship-Detection,,,,,,,,source-derived,"Source-derived benchmark from satellite-image-deep-learning/datasets README section 'Kaggle - Airbus ship detection challenge'. * Airbus-Ship-Detection -> This solution scored 139 out of 884 for the competition, combines ResNeXt50 based classifier and a U-net segmentation model",source_repo:https://github.com/satellite-image-deep-learning/datasets|source_name:satellite-image-deep-learning/datasets|readme:https://raw.githubusercontent.com/satellite-image-deep-learning/datasets/main/README.md|source_line:746|source_section:Kaggle - Airbus ship detection challenge|source:source_repo_link_audit|needs-review|link_url:https://github.com/kheyer/Airbus-Ship-Detection,0.35,source_repo_link_audit
source_benchmark_ship-detection-project_0a95da4ea5,,source_task_kaggle-airbus-ship-detection-challenge,Kaggle - Airbus ship detection challenge,,Ship-Detection-Project,,,,,,,,source-derived,Source-derived benchmark from satellite-image-deep-learning/datasets README section 'Kaggle - Airbus ship detection challenge'. * Ship-Detection-Project -> uses Mask R-CNN and UNet model,source_repo:https://github.com/satellite-image-deep-learning/datasets|source_name:satellite-image-deep-learning/datasets|readme:https://raw.githubusercontent.com/satellite-image-deep-learning/datasets/main/README.md|source_line:747|source_section:Kaggle - Airbus ship detection challenge|source:source_repo_link_audit|needs-review|link_url:https://github.com/ZTong1201/Ship-Detection-Project,0.35,source_repo_link_audit
source_benchmark_airbus-sdc_bffa517eba,,source_task_kaggle-airbus-ship-detection-challenge,Kaggle - Airbus ship detection challenge,,Airbus_SDC,,,,,,,,source-derived,Source-derived benchmark from satellite-image-deep-learning/datasets README section 'Kaggle - Airbus ship detection challenge'. * Airbus_SDC,source_repo:https://github.com/satellite-image-deep-learning/datasets|source_name:satellite-image-deep-learning/datasets|readme:https://raw.githubusercontent.com/satellite-image-deep-learning/datasets/main/README.md|source_line:748|source_section:Kaggle - Airbus ship detection challenge|source:source_repo_link_audit|needs-review|link_url:https://github.com/WillieMaddox/Airbus_SDC,0.35,source_repo_link_audit
source_benchmark_airbus-ship-detection_370d8d5622,,source_task_kaggle-airbus-ship-detection-challenge,Kaggle - Airbus ship detection challenge,,airbus-ship-detection,,,,,,,,source-derived,Source-derived benchmark from satellite-image-deep-learning/datasets README section 'Kaggle - Airbus ship detection challenge'. * airbus-ship-detection -> CNN with REST API,source_repo:https://github.com/satellite-image-deep-learning/datasets|source_name:satellite-image-deep-learning/datasets|readme:https://raw.githubusercontent.com/satellite-image-deep-learning/datasets/main/README.md|source_line:750|source_section:Kaggle - Airbus ship detection challenge|source:source_repo_link_audit|needs-review|link_url:https://github.com/jancervenka/airbus-ship-detection,0.35,source_repo_link_audit
source_benchmark_image-segmentation-kaggle-experience_818023ba28,,source_task_kaggle-airbus-ship-detection-challenge,Kaggle - Airbus ship detection challenge,,Image Segmentation: Kaggle experience,,,,,,,,source-derived,Source-derived benchmark from satellite-image-deep-learning/datasets README section 'Kaggle - Airbus ship detection challenge'. * Image Segmentation: Kaggle experience -> Medium article by gold medal winner Vlad Shmyhlo,source_repo:https://github.com/satellite-image-deep-learning/datasets|source_name:satellite-image-deep-learning/datasets|readme:https://raw.githubusercontent.com/satellite-image-deep-learning/datasets/main/README.md|source_line:752|source_section:Kaggle - Airbus ship detection challenge|source:source_repo_link_audit|needs-review|link_url:https://web.archive.org/web/20240929194243/https://towardsdatascience.com/image-segmentation-kaggle-experience-9a41cb8924f0,0.35,source_repo_link_audit
source_benchmark_deep-cnn-sat-image-time-series_5e2bf30371,,source_task_kaggle-draper-challenge-to-place-images-in-order,Kaggle - Draper challenge to place images in order of time,,deep-cnn-sat-image-time-series,,,,,,,,source-derived,Source-derived benchmark from satellite-image-deep-learning/datasets README section 'Kaggle - Draper challenge to place images in order of time'. * deep-cnn-sat-image-time-series -> uses LSTM,source_repo:https://github.com/satellite-image-deep-learning/datasets|source_name:satellite-image-deep-learning/datasets|readme:https://raw.githubusercontent.com/satellite-image-deep-learning/datasets/main/README.md|source_line:790|source_section:Kaggle - Draper challenge to place images in order of time|source:source_repo_link_audit|needs-review|link_url:https://github.com/MickyDowns/deep-cnn-sat-image-time-series,0.35,source_repo_link_audit
source_benchmark_an-interview-with-david-austin-1st-place-winner_1ea0bdc09a,,source_task_kaggle-statoil-c-core-iceberg-classifier-challen,Kaggle - Statoil/C-CORE Iceberg Classifier Challenge,,An interview with David Austin: 1st place winner,,,,,,,,source-derived,Source-derived benchmark from satellite-image-deep-learning/datasets README section 'Kaggle - Statoil/C-CORE Iceberg Classifier Challenge'. * An interview with David Austin: 1st place winner,source_repo:https://github.com/satellite-image-deep-learning/datasets|source_name:satellite-image-deep-learning/datasets|readme:https://raw.githubusercontent.com/satellite-image-deep-learning/datasets/main/README.md|source_line:871|source_section:Kaggle - Statoil/C-CORE Iceberg Classifier Challenge|source:source_repo_link_audit|needs-review|link_url:https://pyimagesearch.com/2018/03/26/interview-david-austin-1st-place-25000-kaggles-popular-competition/,0.35,source_repo_link_audit
source_benchmark_radar-image-recognition_d3b4c844ff,,source_task_kaggle-statoil-c-core-iceberg-classifier-challen,Kaggle - Statoil/C-CORE Iceberg Classifier Challenge,,radar-image-recognition,,,,,,,,source-derived,Source-derived benchmark from satellite-image-deep-learning/datasets README section 'Kaggle - Statoil/C-CORE Iceberg Classifier Challenge'. * radar-image-recognition,source_repo:https://github.com/satellite-image-deep-learning/datasets|source_name:satellite-image-deep-learning/datasets|readme:https://raw.githubusercontent.com/satellite-image-deep-learning/datasets/main/README.md|source_line:872|source_section:Kaggle - Statoil/C-CORE Iceberg Classifier Challenge|source:source_repo_link_audit|needs-review|link_url:https://github.com/siarez/radar-image-recognition,0.35,source_repo_link_audit
source_benchmark_iceberg-classification-using-deep-learning_5972d3154f,,source_task_kaggle-statoil-c-core-iceberg-classifier-challen,Kaggle - Statoil/C-CORE Iceberg Classifier Challenge,,Iceberg-Classification-Using-Deep-Learning,,,,,,,,source-derived,Source-derived benchmark from satellite-image-deep-learning/datasets README section 'Kaggle - Statoil/C-CORE Iceberg Classifier Challenge'. * Iceberg-Classification-Using-Deep-Learning -> uses keras,source_repo:https://github.com/satellite-image-deep-learning/datasets|source_name:satellite-image-deep-learning/datasets|readme:https://raw.githubusercontent.com/satellite-image-deep-learning/datasets/main/README.md|source_line:873|source_section:Kaggle - Statoil/C-CORE Iceberg Classifier Challenge|source:source_repo_link_audit|needs-review|link_url:https://github.com/mankadronit/Iceberg-Classification-Using-Deep-Learning,0.35,source_repo_link_audit
source_benchmark_deep-learning-project_68b57ab83e,,source_task_kaggle-statoil-c-core-iceberg-classifier-challen,Kaggle - Statoil/C-CORE Iceberg Classifier Challenge,,Deep-Learning-Project,,,,,,,,source-derived,Source-derived benchmark from satellite-image-deep-learning/datasets README section 'Kaggle - Statoil/C-CORE Iceberg Classifier Challenge'. * Deep-Learning-Project -> uses keras,source_repo:https://github.com/satellite-image-deep-learning/datasets|source_name:satellite-image-deep-learning/datasets|readme:https://raw.githubusercontent.com/satellite-image-deep-learning/datasets/main/README.md|source_line:874|source_section:Kaggle - Statoil/C-CORE Iceberg Classifier Challenge|source:source_repo_link_audit|needs-review|link_url:https://github.com/singh-shakti94/Deep-Learning-Project,0.35,source_repo_link_audit
source_benchmark_iceberg-classifier-challenge-solution-by-shehabsun_d7180870c4,,source_task_kaggle-statoil-c-core-iceberg-classifier-challen,Kaggle - Statoil/C-CORE Iceberg Classifier Challenge,,iceberg-classifier-challenge solution by ShehabSunny,,,,,,,,source-derived,Source-derived benchmark from satellite-image-deep-learning/datasets README section 'Kaggle - Statoil/C-CORE Iceberg Classifier Challenge'. * iceberg-classifier-challenge solution by ShehabSunny -> uses keras,source_repo:https://github.com/satellite-image-deep-learning/datasets|source_name:satellite-image-deep-learning/datasets|readme:https://raw.githubusercontent.com/satellite-image-deep-learning/datasets/main/README.md|source_line:875|source_section:Kaggle - Statoil/C-CORE Iceberg Classifier Challenge|source:source_repo_link_audit|needs-review|link_url:https://github.com/ShehabSunny/iceberg-classifier-challenge,0.35,source_repo_link_audit
source_benchmark_analyzing-satellite-radar-imagery-with-deep-learni_9eecdc0e51,,source_task_kaggle-statoil-c-core-iceberg-classifier-challen,Kaggle - Statoil/C-CORE Iceberg Classifier Challenge,,Analyzing Satellite Radar Imagery with Deep Learning,,,,,,,,source-derived,"Source-derived benchmark from satellite-image-deep-learning/datasets README section 'Kaggle - Statoil/C-CORE Iceberg Classifier Challenge'. * Analyzing Satellite Radar Imagery with Deep Learning -> by Matlab, uses ensemble with greedy search",source_repo:https://github.com/satellite-image-deep-learning/datasets|source_name:satellite-image-deep-learning/datasets|readme:https://raw.githubusercontent.com/satellite-image-deep-learning/datasets/main/README.md|source_line:876|source_section:Kaggle - Statoil/C-CORE Iceberg Classifier Challenge|source:source_repo_link_audit|needs-review|link_url:https://uk.mathworks.com/company/newsletters/articles/analyzing-satellite-radar-imagery-with-deep-learning.html,0.35,source_repo_link_audit
source_benchmark_16th-place-solution_6341debb32,,source_task_kaggle-statoil-c-core-iceberg-classifier-challen,Kaggle - Statoil/C-CORE Iceberg Classifier Challenge,,16th place solution,,,,,,,,source-derived,Source-derived benchmark from satellite-image-deep-learning/datasets README section 'Kaggle - Statoil/C-CORE Iceberg Classifier Challenge'. * 16th place solution,source_repo:https://github.com/satellite-image-deep-learning/datasets|source_name:satellite-image-deep-learning/datasets|readme:https://raw.githubusercontent.com/satellite-image-deep-learning/datasets/main/README.md|source_line:877|source_section:Kaggle - Statoil/C-CORE Iceberg Classifier Challenge|source:source_repo_link_audit|needs-review|link_url:https://github.com/sergeyshilin/kaggle-statoil-iceberg-classifier-challenge,0.35,source_repo_link_audit
source_benchmark_fastai-solution_9b9628b7fa,,source_task_kaggle-statoil-c-core-iceberg-classifier-challen,Kaggle - Statoil/C-CORE Iceberg Classifier Challenge,,fastai solution,,,,,,,,source-derived,Source-derived benchmark from satellite-image-deep-learning/datasets README section 'Kaggle - Statoil/C-CORE Iceberg Classifier Challenge'. * fastai solution,source_repo:https://github.com/satellite-image-deep-learning/datasets|source_name:satellite-image-deep-learning/datasets|readme:https://raw.githubusercontent.com/satellite-image-deep-learning/datasets/main/README.md|source_line:878|source_section:Kaggle - Statoil/C-CORE Iceberg Classifier Challenge|source:source_repo_link_audit|needs-review|link_url:https://github.com/smarkochev/ds_notebooks/blob/master/Statoil_Kaggle_competition_google_colab_notebook.ipynb,0.35,source_repo_link_audit
source_benchmark_spacenet6-sar-buildings_dc79ef6413,,source_task_sar,SAR,,Spacenet6 - SAR buildings,,,,,,,,source-derived,Source-derived benchmark from acgeospatial/awesome-earthobservation-code README section 'SAR'. - Spacenet6 - SAR buildings - The winning solutions for the SpaceNet 6 Challenge `Python`,source_repo:https://github.com/acgeospatial/awesome-earthobservation-code|source_name:acgeospatial/awesome-earthobservation-code|readme:https://raw.githubusercontent.com/acgeospatial/awesome-earthobservation-code/master/README.md|source_line:586|source_section:SAR|source:source_repo_link_audit|needs-review|link_url:https://github.com/SpaceNetChallenge/SpaceNet_SAR_Buildings_Solutions,0.35,source_repo_link_audit
source_benchmark_deepglobe-building-extraction-challenge_9f0e10b0ff,,source_task_eo-code-competitions,EO code Competitions,,DeepGlobe Building Extraction Challenge,,,,,,,,source-derived,Source-derived benchmark from acgeospatial/awesome-earthobservation-code README section 'EO code Competitions'. - DeepGlobe Building Extraction Challenge - We would like to pose the challenge of automatically detecting buildings from satellite images.,source_repo:https://github.com/acgeospatial/awesome-earthobservation-code|source_name:acgeospatial/awesome-earthobservation-code|readme:https://raw.githubusercontent.com/acgeospatial/awesome-earthobservation-code/master/README.md|source_line:658|source_section:EO code Competitions|source:source_repo_link_audit|needs-review|link_url:https://competitions.codalab.org/competitions/18544,0.35,source_repo_link_audit
source_benchmark_crowdai-misisng-maps-challenge_bd73b0dde0,,source_task_eo-code-competitions,EO code Competitions,,crowdAI misisng maps challenge,,,,,,,,source-derived,Source-derived benchmark from acgeospatial/awesome-earthobservation-code README section 'EO code Competitions'. - crowdAI misisng maps challenge - Building Missing Maps with Machine Learning,source_repo:https://github.com/acgeospatial/awesome-earthobservation-code|source_name:acgeospatial/awesome-earthobservation-code|readme:https://raw.githubusercontent.com/acgeospatial/awesome-earthobservation-code/master/README.md|source_line:660|source_section:EO code Competitions|source:source_repo_link_audit|needs-review|link_url:https://www.aicrowd.com/challenges/mapping-challenge,0.35,source_repo_link_audit
source_benchmark_openai-solution_3eabbaa913,,source_task_eo-code-competitions,EO code Competitions,,openAI solution,,,,,,,,source-derived,Source-derived benchmark from acgeospatial/awesome-earthobservation-code README section 'EO code Competitions'. - openAI solution - Open solution to the Mapping Challenge,source_repo:https://github.com/acgeospatial/awesome-earthobservation-code|source_name:acgeospatial/awesome-earthobservation-code|readme:https://raw.githubusercontent.com/acgeospatial/awesome-earthobservation-code/master/README.md|source_line:661|source_section:EO code Competitions|source:source_repo_link_audit|needs-review|link_url:https://github.com/neptune-ai/open-solution-mapping-challenge,0.35,source_repo_link_audit
source_benchmark_drivendataorg-cloud-cover-winners_64f3ac0e27,,source_task_eo-code-competitions,EO code Competitions,,drivendataorg - cloud-cover-winners,,,,,,,,source-derived,Source-derived benchmark from acgeospatial/awesome-earthobservation-code README section 'EO code Competitions'. - drivendataorg - cloud-cover-winners - Code from the winning submissions for the On Cloud N: Cloud Cover Detection Challenge,source_repo:https://github.com/acgeospatial/awesome-earthobservation-code|source_name:acgeospatial/awesome-earthobservation-code|readme:https://raw.githubusercontent.com/acgeospatial/awesome-earthobservation-code/master/README.md|source_line:663|source_section:EO code Competitions|source:source_repo_link_audit|needs-review|link_url:https://github.com/drivendataorg/cloud-cover-winners,0.35,source_repo_link_audit
source_benchmark_github_f7d50eb45c,,source_task_multimodal-large-language-models-for-remote-sens,Multimodal Large Language Models for Remote Sensing,,Github,,,,,,,,source-derived,"Source-derived benchmark from ZhanYang-nwpu/Awesome-Remote-Sensing-Multimodal-Large-Language-Model README section 'Multimodal Large Language Models for Remote Sensing'. | !Star **RSGPT: A Remote Sensing Vision Language Model and Benchmark** Y. Hu, J. Yuan, and C. Wen. | arXiv | 2023-07-28 | Github | accepted by ISPRS-25 |",source_repo:https://github.com/ZhanYang-nwpu/Awesome-Remote-Sensing-Multimodal-Large-Language-Model|source_name:ZhanYang-nwpu/Awesome-Remote-Sensing-Multimodal-Large-Language-Model|readme:https://raw.githubusercontent.com/ZhanYang-nwpu/Awesome-Remote-Sensing-Multimodal-Large-Language-Model/main/README.md|source_line:121|source_section:Multimodal Large Language Models for Remote Sensing|source:source_repo_link_audit|needs-review|link_url:https://github.com/Lavender105/RSGPT,0.35,source_repo_link_audit
source_benchmark_ucas-aod_4373d6e189,,source_task_detection,Detection,,UCAS-AOD,,,,,,,,source-derived,Source-derived benchmark from VisionXLab/Awesome-RS-VL-Data README section 'Detection'. |2015|ICIP| |UCAS-AOD|![Star](https://github.com/ming71/UCAS-AOD-benchmark)|,source_repo:https://github.com/VisionXLab/Awesome-RS-VL-Data|source_name:VisionXLab/Awesome-RS-VL-Data|readme:https://raw.githubusercontent.com/VisionXLab/Awesome-RS-VL-Data/main/README.md|source_line:274|source_section:Detection|source:source_repo_link_audit|needs-review|link_url:https://ieeexplore.ieee.org/document/7351502,0.35,source_repo_link_audit
source_benchmark_fair1m_2873cc3494,,source_task_detection,Detection,,FAIR1M,,,,,,,,source-derived,Source-derived benchmark from VisionXLab/Awesome-RS-VL-Data README section 'Detection'. |2022|ISPRS| |FAIR1M|link|,source_repo:https://github.com/VisionXLab/Awesome-RS-VL-Data|source_name:VisionXLab/Awesome-RS-VL-Data|readme:https://raw.githubusercontent.com/VisionXLab/Awesome-RS-VL-Data/main/README.md|source_line:309|source_section:Detection|source:source_repo_link_audit|needs-review|link_url:https://www.sciencedirect.com/science/article/abs/pii/S0924271621003269,0.35,source_repo_link_audit
source_benchmark_cvprw_e5a79d73e8,,source_task_image-to-image-translation-restoration,Image-to-Image Translation & Restoration,,CVPRW,,,,,,,,source-derived,Source-derived benchmark from Bili-Sakura/awesome-remote-sensing-visual-generative-models README section 'Image-to-Image Translation & Restoration'. | 3rd Multi-modal Aerial View Image Challenge: Sensor Domain Translation - PBVS 2025 | 2025 | CVPRW (PBVS) | CVPRW | N/A |,source_repo:https://github.com/Bili-Sakura/awesome-remote-sensing-visual-generative-models|source_name:Bili-Sakura/awesome-remote-sensing-visual-generative-models|readme:https://raw.githubusercontent.com/Bili-Sakura/awesome-remote-sensing-visual-generative-models/main/README.md|source_line:103|source_section:Image-to-Image Translation & Restoration|source:source_repo_link_audit|needs-review|link_url:https://openaccess.thecvf.com/content/CVPR2025W/PBVS/html/Bowald_3rd_Multi-modal_Aerial_View_Image_Challenge_Sensor_Domain_Translation_-_CVPRW_2025_paper.html,0.35,source_repo_link_audit
source_benchmark_github_08b87fbbf2,,source_task_image-to-image-translation-restoration,Image-to-Image Translation & Restoration,,GitHub,,,,,,,,source-derived,Source-derived benchmark from Bili-Sakura/awesome-remote-sensing-visual-generative-models README section 'Image-to-Image Translation & Restoration'. | EarthBridge: A Solution for 4th Multi-Modal Aerial View Image Challenge Translation Track | 2026 | CVPRW | DOI | GitHub |,source_repo:https://github.com/Bili-Sakura/awesome-remote-sensing-visual-generative-models|source_name:Bili-Sakura/awesome-remote-sensing-visual-generative-models|readme:https://raw.githubusercontent.com/Bili-Sakura/awesome-remote-sensing-visual-generative-models/main/README.md|source_line:104|source_section:Image-to-Image Translation & Restoration|source:source_repo_link_audit|needs-review|link_url:https://github.com/Bili-Sakura/EarthBridge-Preview,0.35,source_repo_link_audit
source_benchmark_foba_77d755c6ec,,source_task_transformers,Transformers,,FoBa,,,,,,,,source-derived,"Source-derived benchmark from wenhwu/awesome-remote-sensing-change-detection README section 'Transformers'. |2025|FoBa|FoBa: A Foreground-Background co-Guided Method and New Benchmark for Remote Sensing Semantic Change Detection|arXiv2025| foreground background co-guided, bi-temporal interaction, mamba, new benchmark|SECOND, JL1, and the proposed LevirSCD|!Last Commit!GitHub stars|",source_repo:https://github.com/wenhwu/awesome-remote-sensing-change-detection|source_name:wenhwu/awesome-remote-sensing-change-detection|readme:https://raw.githubusercontent.com/wenhwu/awesome-remote-sensing-change-detection/master/README.md|source_line:176|source_section:Transformers|source:source_repo_link_audit|needs-review|link_url:https://github.com/zmoka-zht/FoBa,0.35,source_repo_link_audit
source_benchmark_isprs_470af1b381,,source_task_competitions,Competitions,,ISPRS第一技术委员会多模态遥感应用算法智能解译大赛,,,,,,,,source-derived,"Source-derived benchmark from wenhwu/awesome-remote-sensing-change-detection README section 'Competitions'. | 2024 | Land cover| ISPRS第一技术委员会多模态遥感应用算法智能解译大赛 |基于高分辨率可见光图像的感兴趣区域内部变化智能检测| 4,000 | 512×512 | 2m |-|",source_repo:https://github.com/wenhwu/awesome-remote-sensing-change-detection|source_name:wenhwu/awesome-remote-sensing-change-detection|readme:https://raw.githubusercontent.com/wenhwu/awesome-remote-sensing-change-detection/master/README.md|source_line:316|source_section:Competitions|source:source_repo_link_audit|needs-review|link_url:https://www.gaofen-challenge.com/challenge,0.35,source_repo_link_audit
source_benchmark_pastis-panoptic-agricultural-satellite-time-series_bfef342b2d,,source_task_recent-additions-and-ongoing-competitions,Recent additions and ongoing competitions,,**PASTIS : Panoptic Agricultural Satellite TIme Series**,,,,,,,,source-derived,"Source-derived benchmark from chrieke/awesome-satellite-imagery-datasets README section 'Recent additions and ongoing competitions'. - **PASTIS : Panoptic Agricultural Satellite TIme Series** *(IGN, July 2021)*",source_repo:https://github.com/chrieke/awesome-satellite-imagery-datasets|source_name:chrieke/awesome-satellite-imagery-datasets|readme:https://raw.githubusercontent.com/chrieke/awesome-satellite-imagery-datasets/master/README.md|source_line:17|source_section:Recent additions and ongoing competitions|source:source_repo_link_audit|needs-review|link_url:https://github.com/VSainteuf/pastis-benchmark,0.35,source_repo_link_audit
source_benchmark_pastis-panoptic-agricultural-satellite-time-series_8b83a3999b,,source_task_1-instance-segmentation,1. Instance Segmentation,,**PASTIS: Panoptic Agricultural Satellite TIme Series**,,,,,,,,source-derived,"Source-derived benchmark from chrieke/awesome-satellite-imagery-datasets README section '1. Instance Segmentation'. - **PASTIS: Panoptic Agricultural Satellite TIme Series** *(IGN, July 2021)*",source_repo:https://github.com/chrieke/awesome-satellite-imagery-datasets|source_name:chrieke/awesome-satellite-imagery-datasets|readme:https://raw.githubusercontent.com/chrieke/awesome-satellite-imagery-datasets/master/README.md|source_line:29|source_section:1. Instance Segmentation|source:source_repo_link_audit|needs-review|link_url:https://github.com/VSainteuf/pastis-benchmark,0.35,source_repo_link_audit
source_benchmark_spacenet-7-multi-temporal-urban-development-challe_fc06609478,,source_task_1-instance-segmentation,1. Instance Segmentation,,**SpaceNet 7: Multi-Temporal Urban Development Challenge**,,,,,,,,source-derived,"Source-derived benchmark from chrieke/awesome-satellite-imagery-datasets README section '1. Instance Segmentation'. - **SpaceNet 7: Multi-Temporal Urban Development Challenge** *(CosmiQ Works, Planet, Aug 2020)*",source_repo:https://github.com/chrieke/awesome-satellite-imagery-datasets|source_name:chrieke/awesome-satellite-imagery-datasets|readme:https://raw.githubusercontent.com/chrieke/awesome-satellite-imagery-datasets/master/README.md|source_line:33|source_section:1. Instance Segmentation|source:source_repo_link_audit|needs-review|link_url:https://spacenet.ai/sn7-challenge/,0.35,source_repo_link_audit
source_benchmark_spacenet-multi-sensor-all-weather-mapping_1bcd174638,,source_task_1-instance-segmentation,1. Instance Segmentation,,**SpaceNet: Multi-Sensor All-Weather Mapping**,,,,,,,,source-derived,"Source-derived benchmark from chrieke/awesome-satellite-imagery-datasets README section '1. Instance Segmentation'. - **SpaceNet: Multi-Sensor All-Weather Mapping** *(CosmiQ Works, Capella Space, Maxar, AWS, Intel, Feb 2020)*",source_repo:https://github.com/chrieke/awesome-satellite-imagery-datasets|source_name:chrieke/awesome-satellite-imagery-datasets|readme:https://raw.githubusercontent.com/chrieke/awesome-satellite-imagery-datasets/master/README.md|source_line:39|source_section:1. Instance Segmentation|source:source_repo_link_audit|needs-review|link_url:https://spacenet.ai/sn6-challenge/,0.35,source_repo_link_audit
source_benchmark_xview-2-building-damage-asessment-challenge_0893b6cba4,,source_task_1-instance-segmentation,1. Instance Segmentation,,**xView 2 Building Damage Asessment Challenge**,,,,,,,,source-derived,"Source-derived benchmark from chrieke/awesome-satellite-imagery-datasets README section '1. Instance Segmentation'. - **xView 2 Building Damage Asessment Challenge** *(DIUx, Nov 2019)* .",source_repo:https://github.com/chrieke/awesome-satellite-imagery-datasets|source_name:chrieke/awesome-satellite-imagery-datasets|readme:https://raw.githubusercontent.com/chrieke/awesome-satellite-imagery-datasets/master/README.md|source_line:49|source_section:1. Instance Segmentation|source:source_repo_link_audit|needs-review|link_url:https://xview2.org,0.35,source_repo_link_audit
source_benchmark_airbus-ship-detection-challenge_e9fe6ed2f1,,source_task_1-instance-segmentation,1. Instance Segmentation,,**Airbus Ship Detection Challenge**,,,,,,,,source-derived,"Source-derived benchmark from chrieke/awesome-satellite-imagery-datasets README section '1. Instance Segmentation'. - **Airbus Ship Detection Challenge** *(Airbus, Nov 2018)*",source_repo:https://github.com/chrieke/awesome-satellite-imagery-datasets|source_name:chrieke/awesome-satellite-imagery-datasets|readme:https://raw.githubusercontent.com/chrieke/awesome-satellite-imagery-datasets/master/README.md|source_line:61|source_section:1. Instance Segmentation|source:source_repo_link_audit|needs-review|link_url:https://www.kaggle.com/c/airbus-ship-detection,0.35,source_repo_link_audit
source_benchmark_open-ai-challenge-tanzania_7f51283418,,source_task_1-instance-segmentation,1. Instance Segmentation,,**Open AI Challenge: Tanzania**,,,,,,,,source-derived,"Source-derived benchmark from chrieke/awesome-satellite-imagery-datasets README section '1. Instance Segmentation'. - **Open AI Challenge: Tanzania** *(WeRobotics & Wordlbank, Nov 2018)*",source_repo:https://github.com/chrieke/awesome-satellite-imagery-datasets|source_name:chrieke/awesome-satellite-imagery-datasets|readme:https://raw.githubusercontent.com/chrieke/awesome-satellite-imagery-datasets/master/README.md|source_line:64|source_section:1. Instance Segmentation|source:source_repo_link_audit|needs-review|link_url:https://competitions.codalab.org/competitions/20100#learn_the_details-overview,0.35,source_repo_link_audit
source_benchmark_crowdai-mapping-challenge_2736fcd1e0,,source_task_1-instance-segmentation,1. Instance Segmentation,,**CrowdAI Mapping Challenge**,,,,,,,,source-derived,"Source-derived benchmark from chrieke/awesome-satellite-imagery-datasets README section '1. Instance Segmentation'. - **CrowdAI Mapping Challenge** *(Humanity & Inclusion NGO, May 2018)*",source_repo:https://github.com/chrieke/awesome-satellite-imagery-datasets|source_name:chrieke/awesome-satellite-imagery-datasets|readme:https://raw.githubusercontent.com/chrieke/awesome-satellite-imagery-datasets/master/README.md|source_line:70|source_section:1. Instance Segmentation|source:source_repo_link_audit|needs-review|link_url:https://www.crowdai.org/challenges/mapping-challenge,0.35,source_repo_link_audit
source_benchmark_xview-2018-detection-challenge_95269dd18c,,source_task_2-object-detection,2. Object Detection,,**xView 2018 Detection Challenge**,,,,,,,,source-derived,"Source-derived benchmark from chrieke/awesome-satellite-imagery-datasets README section '2. Object Detection'. - **xView 2018 Detection Challenge** *(DIUx, Jul 2018)*",source_repo:https://github.com/chrieke/awesome-satellite-imagery-datasets|source_name:chrieke/awesome-satellite-imagery-datasets|readme:https://raw.githubusercontent.com/chrieke/awesome-satellite-imagery-datasets/master/README.md|source_line:97|source_section:2. Object Detection|source:source_repo_link_audit|needs-review|link_url:http://xviewdataset.org,0.35,source_repo_link_audit
source_benchmark_open-ai-challenge-aerial-imagery-of-south-pacific_328ae7749e,,source_task_2-object-detection,2. Object Detection,,**Open AI Challenge: Aerial Imagery of South Pacific Islands**,,,,,,,,source-derived,"Source-derived benchmark from chrieke/awesome-satellite-imagery-datasets README section '2. Object Detection'. - **Open AI Challenge: Aerial Imagery of South Pacific Islands** *(WeRobotics & Worldbank, May 2018)*",source_repo:https://github.com/chrieke/awesome-satellite-imagery-datasets|source_name:chrieke/awesome-satellite-imagery-datasets|readme:https://raw.githubusercontent.com/chrieke/awesome-satellite-imagery-datasets/master/README.md|source_line:100|source_section:2. Object Detection|source:source_repo_link_audit|needs-review|link_url:https://docs.google.com/document/d/16kKik2clGutKejU8uqZevNY6JALf4aVk2ELxLeR-msQ/edit,0.35,source_repo_link_audit
source_benchmark_floodnet-challenge_6446ffb04b,,source_task_3-semantic-segmentation,3. Semantic Segmentation,,**FloodNet Challenge**,,,,,,,,source-derived,"Source-derived benchmark from chrieke/awesome-satellite-imagery-datasets README section '3. Semantic Segmentation'. - **FloodNet Challenge** *(UMBC, Microsoft, Texas A&M, Dewberry, May 2021)*",source_repo:https://github.com/chrieke/awesome-satellite-imagery-datasets|source_name:chrieke/awesome-satellite-imagery-datasets|readme:https://raw.githubusercontent.com/chrieke/awesome-satellite-imagery-datasets/master/README.md|source_line:125|source_section:3. Semantic Segmentation|source:source_repo_link_audit|needs-review|link_url:http://www.classic.grss-ieee.org/earthvision2021/challenge.html,0.35,source_repo_link_audit
source_benchmark_dynamic-earthnet-challenge_12cb61f281,,source_task_3-semantic-segmentation,3. Semantic Segmentation,,**Dynamic EarthNet Challenge**,,,,,,,,source-derived,"Source-derived benchmark from chrieke/awesome-satellite-imagery-datasets README section '3. Semantic Segmentation'. - **Dynamic EarthNet Challenge** *(Planet, DLR, TUM, April 2021)*",source_repo:https://github.com/chrieke/awesome-satellite-imagery-datasets|source_name:chrieke/awesome-satellite-imagery-datasets|readme:https://raw.githubusercontent.com/chrieke/awesome-satellite-imagery-datasets/master/README.md|source_line:128|source_section:3. Semantic Segmentation|source:source_repo_link_audit|needs-review|link_url:http://www.classic.grss-ieee.org/earthvision2021/challenge.html,0.35,source_repo_link_audit
source_benchmark_open-cities-ai-challenge_e963d81c7f,,source_task_3-semantic-segmentation,3. Semantic Segmentation,,**Open Cities AI Challenge**,,,,,,,,source-derived,"Source-derived benchmark from chrieke/awesome-satellite-imagery-datasets README section '3. Semantic Segmentation'. - **Open Cities AI Challenge** *(GFDRR, Mar 2020)* .",source_repo:https://github.com/chrieke/awesome-satellite-imagery-datasets|source_name:chrieke/awesome-satellite-imagery-datasets|readme:https://raw.githubusercontent.com/chrieke/awesome-satellite-imagery-datasets/master/README.md|source_line:146|source_section:3. Semantic Segmentation|source:source_repo_link_audit|needs-review|link_url:https://www.drivendata.org/competitions/60/building-segmentation-disaster-resilience/page/150/,0.35,source_repo_link_audit
source_benchmark_open-ai-challenge-caribbean_ace5c458ce,,source_task_3-semantic-segmentation,3. Semantic Segmentation,,**Open AI Challenge: Caribbean**,,,,,,,,source-derived,"Source-derived benchmark from chrieke/awesome-satellite-imagery-datasets README section '3. Semantic Segmentation'. - **Open AI Challenge: Caribbean** *(MathWorks, WeRobotics, Wordlbank, DrivenData, Dec 2019)*",source_repo:https://github.com/chrieke/awesome-satellite-imagery-datasets|source_name:chrieke/awesome-satellite-imagery-datasets|readme:https://raw.githubusercontent.com/chrieke/awesome-satellite-imagery-datasets/master/README.md|source_line:155|source_section:3. Semantic Segmentation|source:source_repo_link_audit|needs-review|link_url:https://www.drivendata.org/competitions/58/disaster-response-roof-type/page/143/,0.35,source_repo_link_audit
source_benchmark_spacenet-5-automated-road-network-extraction-route_2d4733ab73,,source_task_3-semantic-segmentation,3. Semantic Segmentation,,**SpaceNet 5: Automated Road Network Extraction & Route Travel Time Estimation**,,,,,,,,source-derived,"Source-derived benchmark from chrieke/awesome-satellite-imagery-datasets README section '3. Semantic Segmentation'. - **SpaceNet 5: Automated Road Network Extraction & Route Travel Time Estimation** *(CosmiQ Works, Maxar, Intel, AWS, Sep 2019)*",source_repo:https://github.com/chrieke/awesome-satellite-imagery-datasets|source_name:chrieke/awesome-satellite-imagery-datasets|readme:https://raw.githubusercontent.com/chrieke/awesome-satellite-imagery-datasets/master/README.md|source_line:158|source_section:3. Semantic Segmentation|source:source_repo_link_audit|needs-review|link_url:https://spacenet.ai/sn5-challenge/,0.35,source_repo_link_audit
source_benchmark_apls_65d1fd2967,,source_task_3-semantic-segmentation,3. Semantic Segmentation,,APLS,,,,,,,,source-derived,"Source-derived benchmark from chrieke/awesome-satellite-imagery-datasets README section '3. Semantic Segmentation'. 2300 image chips, street geometries with location, shape and estimated travel time, 3/8band Worldview-3 imagery (0.3m res.), 4 global cities, 1 holdout city for leaderboard evaluation, APLS metric, baseline model",source_repo:https://github.com/chrieke/awesome-satellite-imagery-datasets|source_name:chrieke/awesome-satellite-imagery-datasets|readme:https://raw.githubusercontent.com/chrieke/awesome-satellite-imagery-datasets/master/README.md|source_line:159|source_section:3. Semantic Segmentation|source:source_repo_link_audit|needs-review|link_url:https://github.com/CosmiQ/apls,0.35,source_repo_link_audit
source_benchmark_baseline-model_19af59e6b5,,source_task_3-semantic-segmentation,3. Semantic Segmentation,,baseline model,,,,,,,,source-derived,"Source-derived benchmark from chrieke/awesome-satellite-imagery-datasets README section '3. Semantic Segmentation'. 2300 image chips, street geometries with location, shape and estimated travel time, 3/8band Worldview-3 imagery (0.3m res.), 4 global cities, 1 holdout city for leaderboard evaluation, APLS metric, baseline model",source_repo:https://github.com/chrieke/awesome-satellite-imagery-datasets|source_name:chrieke/awesome-satellite-imagery-datasets|readme:https://raw.githubusercontent.com/chrieke/awesome-satellite-imagery-datasets/master/README.md|source_line:159|source_section:3. Semantic Segmentation|source:source_repo_link_audit|needs-review|link_url:https://github.com/CosmiQ/cresi,0.35,source_repo_link_audit
source_benchmark_agricultural-crop-cover-classification-challenge_87986dc619,,source_task_3-semantic-segmentation,3. Semantic Segmentation,,**Agricultural Crop Cover Classification Challenge**,,,,,,,,source-derived,"Source-derived benchmark from chrieke/awesome-satellite-imagery-datasets README section '3. Semantic Segmentation'. - **Agricultural Crop Cover Classification Challenge** *(CrowdANALYTIX, Jul 2018)*",source_repo:https://github.com/chrieke/awesome-satellite-imagery-datasets|source_name:chrieke/awesome-satellite-imagery-datasets|readme:https://raw.githubusercontent.com/chrieke/awesome-satellite-imagery-datasets/master/README.md|source_line:171|source_section:3. Semantic Segmentation|source:source_repo_link_audit|needs-review|link_url:https://crowdanalytix.com/contests/agricultural-crop-cover-classification-challenge,0.35,source_repo_link_audit
source_benchmark_urban-3d-challenge_2e8ed7d560,,source_task_3-semantic-segmentation,3. Semantic Segmentation,,**Urban 3D Challenge**,,,,,,,,source-derived,"Source-derived benchmark from chrieke/awesome-satellite-imagery-datasets README section '3. Semantic Segmentation'. - **Urban 3D Challenge** *(USSOCOM, Dec 2017)*",source_repo:https://github.com/chrieke/awesome-satellite-imagery-datasets|source_name:chrieke/awesome-satellite-imagery-datasets|readme:https://raw.githubusercontent.com/chrieke/awesome-satellite-imagery-datasets/master/README.md|source_line:180|source_section:3. Semantic Segmentation|source:source_repo_link_audit|needs-review|link_url:https://spacenet.ai/the-ussocom-urban-3d-competition/,0.35,source_repo_link_audit
source_benchmark_dstl-satellite-imagery-feature-detection-challenge_cdc7d0fc55,,source_task_3-semantic-segmentation,3. Semantic Segmentation,,**DSTL Satellite Imagery Feature Detection Challenge**,,,,,,,,source-derived,"Source-derived benchmark from chrieke/awesome-satellite-imagery-datasets README section '3. Semantic Segmentation'. - **DSTL Satellite Imagery Feature Detection Challenge** *(Dstl, Feb 2017)*",source_repo:https://github.com/chrieke/awesome-satellite-imagery-datasets|source_name:chrieke/awesome-satellite-imagery-datasets|readme:https://raw.githubusercontent.com/chrieke/awesome-satellite-imagery-datasets/master/README.md|source_line:183|source_section:3. Semantic Segmentation|source:source_repo_link_audit|needs-review|link_url:https://www.kaggle.com/c/dstl-satellite-imagery-feature-detection,0.35,source_repo_link_audit
source_benchmark_bigearthnet-large-scale-sentinel-2-benchmark_01eefbe4b1,,source_task_4-scene-classification,4. Scene classification,,**BigEarthNet: Large-Scale Sentinel-2 Benchmark**,,,,,,,,source-derived,"Source-derived benchmark from chrieke/awesome-satellite-imagery-datasets README section '4. Scene classification'. - **BigEarthNet: Large-Scale Sentinel-2 Benchmark** *(TU Berlin, Jan 2019)*",source_repo:https://github.com/chrieke/awesome-satellite-imagery-datasets|source_name:chrieke/awesome-satellite-imagery-datasets|readme:https://raw.githubusercontent.com/chrieke/awesome-satellite-imagery-datasets/master/README.md|source_line:204|source_section:4. Scene classification|source:source_repo_link_audit|needs-review|link_url:http://bigearth.net,0.35,source_repo_link_audit
source_benchmark_statoil-c-core-iceberg-classifier-challenge_e3d18dbf2e,,source_task_4-scene-classification,4. Scene classification,,**Statoil/C-CORE Iceberg Classifier Challenge**,,,,,,,,source-derived,"Source-derived benchmark from chrieke/awesome-satellite-imagery-datasets README section '4. Scene classification'. - **Statoil/C-CORE Iceberg Classifier Challenge** *(Statoil/C-CORE, Jan 2018)*",source_repo:https://github.com/chrieke/awesome-satellite-imagery-datasets|source_name:chrieke/awesome-satellite-imagery-datasets|readme:https://raw.githubusercontent.com/chrieke/awesome-satellite-imagery-datasets/master/README.md|source_line:216|source_section:4. Scene classification|source:source_repo_link_audit|needs-review|link_url:https://www.kaggle.com/c/statoil-iceberg-classifier-challenge,0.35,source_repo_link_audit
source_benchmark_functional-map-of-the-world-challenge_d8bb985729,,source_task_4-scene-classification,4. Scene classification,,**Functional Map of the World Challenge**,,,,,,,,source-derived,"Source-derived benchmark from chrieke/awesome-satellite-imagery-datasets README section '4. Scene classification'. - **Functional Map of the World Challenge** *(IARPA, Dec 2017)*",source_repo:https://github.com/chrieke/awesome-satellite-imagery-datasets|source_name:chrieke/awesome-satellite-imagery-datasets|readme:https://raw.githubusercontent.com/chrieke/awesome-satellite-imagery-datasets/master/README.md|source_line:219|source_section:4. Scene classification|source:source_repo_link_audit|needs-review|link_url:https://www.iarpa.gov/challenges/fmow.html,0.35,source_repo_link_audit
source_benchmark_ieee-data-fusion-contest-2018_46ebb1e1cb,,source_task_5-other-focus-multiple-tasks,5. Other Focus / Multiple Tasks,,**IEEE Data Fusion Contest 2018**,,,,,,,,source-derived,"Source-derived benchmark from chrieke/awesome-satellite-imagery-datasets README section '5. Other Focus / Multiple Tasks'. - **IEEE Data Fusion Contest 2018** *(IEEE, Mar 2018)*",source_repo:https://github.com/chrieke/awesome-satellite-imagery-datasets|source_name:chrieke/awesome-satellite-imagery-datasets|readme:https://raw.githubusercontent.com/chrieke/awesome-satellite-imagery-datasets/master/README.md|source_line:261|source_section:5. Other Focus / Multiple Tasks|source:source_repo_link_audit|needs-review|link_url:https://ieee-dataport.org/open-access/2018-ieee-grss-data-fusion-challenge-%E2%80%93-fusion-multispectral-lidar-and-hyperspectral-data,0.35,source_repo_link_audit
source_benchmark_tiselac-time-series-land-cover-classification-chal_cdb52f90e1,,source_task_5-other-focus-multiple-tasks,5. Other Focus / Multiple Tasks,,**TiSeLaC: Time Series Land Cover Classification Challenge**,,,,,,,,source-derived,"Source-derived benchmark from chrieke/awesome-satellite-imagery-datasets README section '5. Other Focus / Multiple Tasks'. - **TiSeLaC: Time Series Land Cover Classification Challenge** *(UMR TETIS, Jul 2017)*",source_repo:https://github.com/chrieke/awesome-satellite-imagery-datasets|source_name:chrieke/awesome-satellite-imagery-datasets|readme:https://raw.githubusercontent.com/chrieke/awesome-satellite-imagery-datasets/master/README.md|source_line:267|source_section:5. Other Focus / Multiple Tasks|source:source_repo_link_audit|needs-review|link_url:https://sites.google.com/site/dinoienco/tiselac-time-series-land-cover-classification-challenge?authuser=0,0.35,source_repo_link_audit
source_benchmark_multi-view-stereo-3d-mapping-challenge_050fdefaef,,source_task_5-other-focus-multiple-tasks,5. Other Focus / Multiple Tasks,,**Multi-View Stereo 3D Mapping Challenge**,,,,,,,,source-derived,"Source-derived benchmark from chrieke/awesome-satellite-imagery-datasets README section '5. Other Focus / Multiple Tasks'. - **Multi-View Stereo 3D Mapping Challenge** *(IARPA, Nov 2016)*",source_repo:https://github.com/chrieke/awesome-satellite-imagery-datasets|source_name:chrieke/awesome-satellite-imagery-datasets|readme:https://raw.githubusercontent.com/chrieke/awesome-satellite-imagery-datasets/master/README.md|source_line:270|source_section:5. Other Focus / Multiple Tasks|source:source_repo_link_audit|needs-review|link_url:https://www.iarpa.gov/challenges/3dchallenge.html,0.35,source_repo_link_audit
source_benchmark_proj_3bce99db38,,source_task_overview,Overview,,Proj,,,,,,,,source-derived,"Source-derived benchmark from visionxiang/awesome-object-detection-in-aerial-images README section 'Overview'. 07 | 2021 | **PAMI** | Object Detection in Aerial Images: A Large-Scale Benchmark and Challenges `DOTA` &emsp;&emsp; *Jian Ding, Nan Xue, Gui-Song Xia, Xiang Bai, et al.* | Paper/Proj",source_repo:https://github.com/visionxiang/awesome-object-detection-in-aerial-images|source_name:visionxiang/awesome-object-detection-in-aerial-images|readme:https://raw.githubusercontent.com/visionxiang/awesome-object-detection-in-aerial-images/main/README.md|source_line:35|source_section:Overview|source:source_repo_link_audit|needs-review|link_url:https://captain-whu.github.io/DOTA/,0.35,source_repo_link_audit
source_benchmark_proj_3b16f42573,,source_task_uav-object-detection,UAV Object Detection,,Proj,,,,,,,,source-derived,"Source-derived benchmark from visionxiang/awesome-object-detection-in-aerial-images README section 'UAV Object Detection'. 2020 | IJCV | The Unmanned Aerial Vehicle Benchmark: Object Detection, Tracking and Baseline | Hongyang Yu, Dawei Du, et al. | Paper/ProjECCV18|",source_repo:https://github.com/visionxiang/awesome-object-detection-in-aerial-images|source_name:visionxiang/awesome-object-detection-in-aerial-images|readme:https://raw.githubusercontent.com/visionxiang/awesome-object-detection-in-aerial-images/main/README.md|source_line:292|source_section:UAV Object Detection|source:source_repo_link_audit|needs-review|link_url:https://sites.google.com/view/daweidu/projects/uavdt,0.35,source_repo_link_audit
source_benchmark_eccv18_c8c7ad163a,,source_task_uav-object-detection,UAV Object Detection,,ECCV18,,,,,,,,source-derived,"Source-derived benchmark from visionxiang/awesome-object-detection-in-aerial-images README section 'UAV Object Detection'. 2020 | IJCV | The Unmanned Aerial Vehicle Benchmark: Object Detection, Tracking and Baseline | Hongyang Yu, Dawei Du, et al. | Paper/ProjECCV18|",source_repo:https://github.com/visionxiang/awesome-object-detection-in-aerial-images|source_name:visionxiang/awesome-object-detection-in-aerial-images|readme:https://raw.githubusercontent.com/visionxiang/awesome-object-detection-in-aerial-images/main/README.md|source_line:292|source_section:UAV Object Detection|source:source_repo_link_audit|needs-review|link_url:https://openaccess.thecvf.com/content_ECCV_2018/papers/Dawei_Du_The_Unmanned_Aerial_ECCV_2018_paper.pdf,0.35,source_repo_link_audit
source_benchmark_yuan-et-al-2016_809ef0ee2d,,source_task_6-super-resolution-enhancement,6. Super Resolution Enhancement,,Yuan et al.2016,,,,,,,,source-derived,"Source-derived benchmark from px39n/Awesome-Data-Fusion-for-Remote-Sensing README section '6. Super Resolution Enhancement'. ||CNN|Yuan et al.2016|Code | End-to-End,Transfer Model from CV, hyperspectrum",source_repo:https://github.com/px39n/Awesome-Data-Fusion-for-Remote-Sensing|source_name:px39n/Awesome-Data-Fusion-for-Remote-Sensing|readme:https://raw.githubusercontent.com/px39n/Awesome-Data-Fusion-for-Remote-Sensing/main/README.md|source_line:342|source_section:6. Super Resolution Enhancement|source:source_repo_link_audit|needs-review|link_url:https://scholar.google.com/scholar?as_q=Pansharpening+by+convolutional+neural+networks&as_occt=title&hl=en&as_sdt=0%2C31,0.35,source_repo_link_audit
source_benchmark_wang-et-al-2017_cc03811500,,source_task_6-super-resolution-enhancement,6. Super Resolution Enhancement,,Wang et al 2017,,,,,,,,source-derived,"Source-derived benchmark from px39n/Awesome-Data-Fusion-for-Remote-Sensing README section '6. Super Resolution Enhancement'. ||Low&High |Deep Residual Convolutional Neural Network|Wang et al 2017|Code | End-to-End,Transfer Model from CV, hyperspectrum",source_repo:https://github.com/px39n/Awesome-Data-Fusion-for-Remote-Sensing|source_name:px39n/Awesome-Data-Fusion-for-Remote-Sensing|readme:https://raw.githubusercontent.com/px39n/Awesome-Data-Fusion-for-Remote-Sensing/main/README.md|source_line:343|source_section:6. Super Resolution Enhancement|source:source_repo_link_audit|needs-review|link_url:http://www.ict.griffith.edu.au/~junzhou/papers/C_ICIG_2017.pdf,0.35,source_repo_link_audit
source_benchmark_x-han-et-al-2018_58ea43590b,,source_task_6-super-resolution-enhancement,6. Super Resolution Enhancement,,X. Han et al 2018,,,,,,,,source-derived,"Source-derived benchmark from px39n/Awesome-Data-Fusion-for-Remote-Sensing README section '6. Super Resolution Enhancement'. ||Low&High |SSF-CNN|X. Han et al 2018|Code | End-to-End,Transfer Model from CV, hyperspectrum",source_repo:https://github.com/px39n/Awesome-Data-Fusion-for-Remote-Sensing|source_name:px39n/Awesome-Data-Fusion-for-Remote-Sensing|readme:https://raw.githubusercontent.com/px39n/Awesome-Data-Fusion-for-Remote-Sensing/main/README.md|source_line:344|source_section:6. Super Resolution Enhancement|source:source_repo_link_audit|needs-review|link_url:https://ieeexplore.ieee.org/stamp/stamp.jsp?tp=&arnumber=8451142,0.35,source_repo_link_audit
source_benchmark_computer-code_87924f1f94,,source_task_segmentation-models,Segmentation Models,,:computer: Code,,,,,,,,source-derived,Source-derived benchmark from KyanChen/Awesome-Referring-Remote-Sensing-Image-Segmentation README section 'Segmentation Models'. |SAARN | 2025 | Arxiv | RIS-LAD: A Benchmark and Model for Referring Low-Altitude Drone Image Segmentation | :computer: Code |,source_repo:https://github.com/KyanChen/Awesome-Referring-Remote-Sensing-Image-Segmentation|source_name:KyanChen/Awesome-Referring-Remote-Sensing-Image-Segmentation|readme:https://raw.githubusercontent.com/KyanChen/Awesome-Referring-Remote-Sensing-Image-Segmentation/release/README.md|source_line:32|source_section:Segmentation Models|source:source_repo_link_audit|needs-review|link_url:https://github.com/AHideoKuzeA/RIS-LAD-A-Benchmark-and-Model-for-Referring-Low-Altitude-Drone-Image-Segmentation,0.35,source_repo_link_audit
source_benchmark_download_276efe9130,,source_task_single-source,Single-Source,,Download,,,,,,,,source-derived,Source-derived benchmark from sxf118/Awesome-Building-Extraction README section 'Single-Source'. | AiCrowd Mapping Challenge | Polygon | Download |,source_repo:https://github.com/sxf118/Awesome-Building-Extraction|source_name:sxf118/Awesome-Building-Extraction|readme:https://raw.githubusercontent.com/sxf118/Awesome-Building-Extraction/main/README.md|source_line:14|source_section:Single-Source|source:source_repo_link_audit|needs-review|link_url:https://www.aicrowd.com/challenges/mapping-challenge,0.35,source_repo_link_audit
source_benchmark_embed2scalewinner_7a089811f5,,source_task_5-evaluation-and-analysis-of-embeddings,🧠 5. Evaluation and Analysis of Embeddings,,Embed2ScaleWinner,,,,,,,,source-derived,Source-derived benchmark from hfangcat/Awesome-Geospatial-Embeddings README section '🧠 5. Evaluation and Analysis of Embeddings'. | **Embed2ScaleWinner** | **Fused Foundation Model Embeddings for Earth Observation Compression: A Winning Solution to the Embed2Scale Challenge** | Eurips REO 2025 | Embed2ScaleWinner | Code |,source_repo:https://github.com/hfangcat/Awesome-Geospatial-Embeddings|source_name:hfangcat/Awesome-Geospatial-Embeddings|readme:https://raw.githubusercontent.com/hfangcat/Awesome-Geospatial-Embeddings/main/README.md|source_line:77|source_section:🧠 5. Evaluation and Analysis of Embeddings|source:source_repo_link_audit|needs-review|link_url:https://github.com/REO-workshop/2025-EurIPS-REO-workshop/blob/main/papers/Fused_Kerekes.pdf,0.35,source_repo_link_audit
source_benchmark_embed2scale_46181a3a44,,source_task_6-open-challenges-and-competitions,🏆 6. Open Challenges and Competitions,,Embed2Scale,,,,,,,,source-derived,Source-derived benchmark from hfangcat/Awesome-Geospatial-Embeddings README section '🏆 6. Open Challenges and Competitions'. | 2025 | **CVPR EARTHVISION: Embed2Scale Challenge** | CVPR EarthVision 2025 | Embed2Scale |,source_repo:https://github.com/hfangcat/Awesome-Geospatial-Embeddings|source_name:hfangcat/Awesome-Geospatial-Embeddings|readme:https://raw.githubusercontent.com/hfangcat/Awesome-Geospatial-Embeddings/main/README.md|source_line:90|source_section:🏆 6. Open Challenges and Competitions|source:source_repo_link_audit|needs-review|link_url:https://eval.ai/web/challenges/challenge-page/2465/overview,0.35,source_repo_link_audit
source_benchmark_terramind-challenge_18dd27f73f,,source_task_6-open-challenges-and-competitions,🏆 6. Open Challenges and Competitions,,TerraMind Challenge,,,,,,,,source-derived,Source-derived benchmark from hfangcat/Awesome-Geospatial-Embeddings README section '🏆 6. Open Challenges and Competitions'. | 2025 | **TerraMind Blue-Sky Challenge Round 2: Team Urban Embeddings** | IBM & ESA Φ-lab | TerraMind Challenge |,source_repo:https://github.com/hfangcat/Awesome-Geospatial-Embeddings|source_name:hfangcat/Awesome-Geospatial-Embeddings|readme:https://raw.githubusercontent.com/hfangcat/Awesome-Geospatial-Embeddings/main/README.md|source_line:91|source_section:🏆 6. Open Challenges and Competitions|source:source_repo_link_audit|needs-review|link_url:https://huggingface.co/spaces/ibm-esa-geospatial/challenge,0.35,source_repo_link_audit
source_benchmark_broad-bioimage-benchmark-collection-bbbc-the-broad_e48ae601e8,,source_task_biology,Biology,,Broad Bioimage Benchmark Collection (BBBC) - The Broad Bioimage Benchmark,,,,,,,,source-derived,Source-derived benchmark from okhosting/awesome-open-data README section 'Biology'. * Broad Bioimage Benchmark Collection (BBBC) - The Broad Bioimage Benchmark,source_repo:https://github.com/okhosting/awesome-open-data|source_name:okhosting/awesome-open-data|readme:https://raw.githubusercontent.com/okhosting/awesome-open-data/master/README.md|source_line:13|source_section:Biology|source:source_repo_link_audit|needs-review|link_url:https://www.broadinstitute.org/bbbc,0.35,source_repo_link_audit
source_benchmark_d4d-challenge-of-orange_bb5b655278,,source_task_data-challenges,Data challenges,,D4D Challenge of Orange,,,,,,,,source-derived,Source-derived benchmark from okhosting/awesome-open-data README section 'Data challenges'. * D4D Challenge of Orange,source_repo:https://github.com/okhosting/awesome-open-data|source_name:okhosting/awesome-open-data|readme:https://raw.githubusercontent.com/okhosting/awesome-open-data/master/README.md|source_line:121|source_section:Data challenges|source:source_repo_link_audit|needs-review|link_url:http://www.d4d.orange.com/en/home,0.35,source_repo_link_audit
source_benchmark_localytics-data-visualization-challenge_b0f305ee08,,source_task_data-challenges,Data challenges,,Localytics Data Visualization Challenge,,,,,,,,source-derived,Source-derived benchmark from okhosting/awesome-open-data README section 'Data challenges'. * Localytics Data Visualization Challenge,source_repo:https://github.com/okhosting/awesome-open-data|source_name:okhosting/awesome-open-data|readme:https://raw.githubusercontent.com/okhosting/awesome-open-data/master/README.md|source_line:126|source_section:Data challenges|source:source_repo_link_audit|needs-review|link_url:https://github.com/localytics/data-viz-challenge,0.35,source_repo_link_audit
source_benchmark_netflix-prize_0449652c15,,source_task_data-challenges,Data challenges,,Netflix Prize,,,,,,,,source-derived,Source-derived benchmark from okhosting/awesome-open-data README section 'Data challenges'. * Netflix Prize,source_repo:https://github.com/okhosting/awesome-open-data|source_name:okhosting/awesome-open-data|readme:https://raw.githubusercontent.com/okhosting/awesome-open-data/master/README.md|source_line:127|source_section:Data challenges|source:source_repo_link_audit|needs-review|link_url:http://netflixprize.com/leaderboard.html,0.35,source_repo_link_audit
source_benchmark_space-apps-challenge_570f2fe270,,source_task_data-challenges,Data challenges,,Space Apps Challenge,,,,,,,,source-derived,Source-derived benchmark from okhosting/awesome-open-data README section 'Data challenges'. * Space Apps Challenge,source_repo:https://github.com/okhosting/awesome-open-data|source_name:okhosting/awesome-open-data|readme:https://raw.githubusercontent.com/okhosting/awesome-open-data/master/README.md|source_line:128|source_section:Data challenges|source:source_repo_link_audit|needs-review|link_url:https://2015.spaceappschallenge.org,0.35,source_repo_link_audit
source_benchmark_telecom-italia-big-data-challenge_c1d593f8c7,,source_task_data-challenges,Data challenges,,Telecom Italia Big Data Challenge,,,,,,,,source-derived,Source-derived benchmark from okhosting/awesome-open-data README section 'Data challenges'. * Telecom Italia Big Data Challenge,source_repo:https://github.com/okhosting/awesome-open-data|source_name:okhosting/awesome-open-data|readme:https://raw.githubusercontent.com/okhosting/awesome-open-data/master/README.md|source_line:129|source_section:Data challenges|source:source_repo_link_audit|needs-review|link_url:https://dandelion.eu/datamine/open-big-data/,0.35,source_repo_link_audit
source_benchmark_caltech-pedestrian-detection-benchmark_742915b464,,source_task_image-processing,Image processing,,Caltech Pedestrian Detection Benchmark,,,,,,,,source-derived,Source-derived benchmark from okhosting/awesome-open-data README section 'Image processing'. * Caltech Pedestrian Detection Benchmark,source_repo:https://github.com/okhosting/awesome-open-data|source_name:okhosting/awesome-open-data|readme:https://raw.githubusercontent.com/okhosting/awesome-open-data/master/README.md|source_line:444|source_section:Image processing|source:source_repo_link_audit|needs-review|link_url:http://www.vision.caltech.edu/Image_Datasets/CaltechPedestrians/,0.35,source_repo_link_audit
source_benchmark_face-recognition-benchmark_8285f544ce,,source_task_image-processing,Image processing,,Face Recognition Benchmark,,,,,,,,source-derived,Source-derived benchmark from okhosting/awesome-open-data README section 'Image processing'. * Face Recognition Benchmark,source_repo:https://github.com/okhosting/awesome-open-data|source_name:okhosting/awesome-open-data|readme:https://raw.githubusercontent.com/okhosting/awesome-open-data/master/README.md|source_line:448|source_section:Image processing|source:source_repo_link_audit|needs-review|link_url:http://www.face-rec.org/databases/,0.35,source_repo_link_audit
source_benchmark_the-action-similarity-labeling-aslan-challenge_31dc699ad1,,source_task_image-processing,Image processing,,The Action Similarity Labeling (ASLAN) Challenge,,,,,,,,source-derived,Source-derived benchmark from okhosting/awesome-open-data README section 'Image processing'. * The Action Similarity Labeling (ASLAN) Challenge,source_repo:https://github.com/okhosting/awesome-open-data|source_name:okhosting/awesome-open-data|readme:https://raw.githubusercontent.com/okhosting/awesome-open-data/master/README.md|source_line:464|source_section:Image processing|source:source_repo_link_audit|needs-review|link_url:http://www.openu.ac.il/home/hassner/data/ASLAN/ASLAN.html,0.35,source_repo_link_audit
source_benchmark_violent-flows-crowd-violence-non-violence-database_88a2a62a0a,,source_task_image-processing,Image processing,,Violent-Flows - Crowd Violence / Non-violence Database and benchmark,,,,,,,,source-derived,Source-derived benchmark from okhosting/awesome-open-data README section 'Image processing'. * Violent-Flows - Crowd Violence / Non-violence Database and benchmark,source_repo:https://github.com/okhosting/awesome-open-data|source_name:okhosting/awesome-open-data|readme:https://raw.githubusercontent.com/okhosting/awesome-open-data/master/README.md|source_line:466|source_section:Image processing|source:source_repo_link_audit|needs-review|link_url:http://www.openu.ac.il/home/hassner/data/violentflows/,0.35,source_repo_link_audit
source_benchmark_making-sense-of-microposts-2013-concept-extraction_58a8821a2d,,source_task_natural-language,Natural language,,Making Sense of Microposts 2013 - Concept Extraction,,,,,,,,source-derived,Source-derived benchmark from okhosting/awesome-open-data README section 'Natural language'. * Making Sense of Microposts 2013 - Concept Extraction,source_repo:https://github.com/okhosting/awesome-open-data|source_name:okhosting/awesome-open-data|readme:https://raw.githubusercontent.com/okhosting/awesome-open-data/master/README.md|source_line:540|source_section:Natural language|source:source_repo_link_audit|needs-review|link_url:http://oak.dcs.shef.ac.uk/msm2013/challenge.html,0.35,source_repo_link_audit
source_benchmark_making-sense-of-microposts-2016-named-entity-recog_fca595a4d4,,source_task_natural-language,Natural language,,Making Sense of Microposts 2016 - Named Entity rEcognition and Linking,,,,,,,,source-derived,Source-derived benchmark from okhosting/awesome-open-data README section 'Natural language'. * Making Sense of Microposts 2016 - Named Entity rEcognition and Linking,source_repo:https://github.com/okhosting/awesome-open-data|source_name:okhosting/awesome-open-data|readme:https://raw.githubusercontent.com/okhosting/awesome-open-data/master/README.md|source_line:541|source_section:Natural language|source:source_repo_link_audit|needs-review|link_url:http://microposts2016.seas.upenn.edu/challenge.html,0.35,source_repo_link_audit
source_benchmark_prostatex-challenge-retrospective-set-of-prostate_4b876287a0,,source_task_prostate-cancer,Prostate cancer,,PROSTATEx-Challenge - Retrospective set of prostate MR studies. All,,,,,,,,source-derived,Source-derived benchmark from okhosting/awesome-open-data README section 'Prostate cancer'. * PROSTATEx-Challenge - Retrospective set of prostate MR studies. All,source_repo:https://github.com/okhosting/awesome-open-data|source_name:okhosting/awesome-open-data|readme:https://raw.githubusercontent.com/okhosting/awesome-open-data/master/README.md|source_line:606|source_section:Prostate cancer|source:source_repo_link_audit|needs-review|link_url:https://wiki.cancerimagingarchive.net/display/Public/SPIE-AAPM-NCI+PROSTATEx+Challenges,0.35,source_repo_link_audit
source_benchmark_geoai-challenge_c1e9fff713,,source_task_competitions,Competitions,,GeoAI Challenge,,,,,,,,source-derived,Source-derived benchmark from ESIPFed/Awesome-Earth-Artificial-Intelligence README section 'Competitions'. * :sunglasses::sparkling_heart: GeoAI Challenge - aimed at providing solutions for collaboratively addressing real-world geospatial problems by applying artificial intelligence (AI)/machine learning (ML),source_repo:https://github.com/ESIPFed/Awesome-Earth-Artificial-Intelligence|source_name:ESIPFed/Awesome-Earth-Artificial-Intelligence|readme:https://raw.githubusercontent.com/ESIPFed/Awesome-Earth-Artificial-Intelligence/master/README.md|source_line:269|source_section:Competitions|source:source_repo_link_audit|needs-review|link_url:https://aiforgood.itu.int/about-ai-for-good/geoai-challenge/,0.35,source_repo_link_audit
source_benchmark_paper2video_ec4b1189e2,,source_task_video-media-generation,Video & Media Generation,,Paper2Video,,,,,,,,source-derived,Source-derived benchmark from ai-boost/awesome-ai-for-science README section 'Video & Media Generation'. - Paper2Video - First benchmark for automatic video generation from scientific papers (NeurIPS 2025),source_repo:https://github.com/ai-boost/awesome-ai-for-science|source_name:ai-boost/awesome-ai-for-science|readme:https://raw.githubusercontent.com/ai-boost/awesome-ai-for-science/master/README.md|source_line:103|source_section:Video & Media Generation|source:source_repo_link_audit|needs-review|link_url:https://github.com/showlab/Paper2Video,0.35,source_repo_link_audit
source_benchmark_marker_c31dc724ab,,source_task_high-performance-document-processing,High-Performance Document Processing,,Marker,,,,,,,,source-derived,"Source-derived benchmark from ai-boost/awesome-ai-for-science README section 'High-Performance Document Processing'. - Marker - High-accuracy PDF→Markdown/JSON/HTML conversion, specialized for tables/formulas/code blocks with benchmark scripts",source_repo:https://github.com/ai-boost/awesome-ai-for-science|source_name:ai-boost/awesome-ai-for-science|readme:https://raw.githubusercontent.com/ai-boost/awesome-ai-for-science/master/README.md|source_line:155|source_section:High-Performance Document Processing|source:source_repo_link_audit|needs-review|link_url:https://github.com/datalab-to/marker,0.35,source_repo_link_audit
source_benchmark_aide-wecoai-arxiv-2025_3598333688,,source_task_autonomous-research-systems-2023-2025-breakthrou,Autonomous Research Systems (2023-2025 Breakthroughs),,"AIDE (WecoAI, arXiv 2025)",,,,,,,,source-derived,"Source-derived benchmark from ai-boost/awesome-ai-for-science README section 'Autonomous Research Systems (2023-2025 Breakthroughs)'. - AIDE (WecoAI, arXiv 2025) - LLM-driven machine learning engineering agent using agentic tree search to autonomously draft, debug and benchmark ML code; wins 4× more medals than the best linear agent on OpenAI's MLE-Bench (75 Kaggle competitions) (1.3K+ stars, MIT License)",source_repo:https://github.com/ai-boost/awesome-ai-for-science|source_name:ai-boost/awesome-ai-for-science|readme:https://raw.githubusercontent.com/ai-boost/awesome-ai-for-science/master/README.md|source_line:228|source_section:Autonomous Research Systems (2023-2025 Breakthroughs)|source:source_repo_link_audit|needs-review|link_url:https://github.com/WecoAI/aideml,0.35,source_repo_link_audit
source_benchmark_paperbench-openai-2025_4583088fe6,,source_task_evaluation-benchmarking,Evaluation & Benchmarking,,"PaperBench (OpenAI, 2025)",,,,,,,,source-derived,"Source-derived benchmark from ai-boost/awesome-ai-for-science README section 'Evaluation & Benchmarking'. - PaperBench (OpenAI, 2025) - Benchmark evaluating AI agents' ability to replicate 20 ICML 2024 Spotlight/Oral papers from scratch, with 8,316 gradable tasks and author-co-developed rubrics",source_repo:https://github.com/ai-boost/awesome-ai-for-science|source_name:ai-boost/awesome-ai-for-science|readme:https://raw.githubusercontent.com/ai-boost/awesome-ai-for-science/master/README.md|source_line:246|source_section:Evaluation & Benchmarking|source:source_repo_link_audit|needs-review|link_url:https://github.com/openai/preparedness/tree/main/project/paperbench,0.35,source_repo_link_audit
source_benchmark_mle-bench-openai-2024_6ad82d7f21,,source_task_evaluation-benchmarking,Evaluation & Benchmarking,,"MLE-Bench (OpenAI, 2024)",,,,,,,,source-derived,"Source-derived benchmark from ai-boost/awesome-ai-for-science README section 'Evaluation & Benchmarking'. - MLE-Bench (OpenAI, 2024) - Benchmark evaluating AI agents on 75 curated Kaggle-style ML engineering competitions with reproducible Docker-based grading harness, human baselines, and end-to-end task lifecycle, used as a primary benchmark for autonomous ML research agents (e.g., InternAgent #1 at 36.44%)",source_repo:https://github.com/ai-boost/awesome-ai-for-science|source_name:ai-boost/awesome-ai-for-science|readme:https://raw.githubusercontent.com/ai-boost/awesome-ai-for-science/master/README.md|source_line:247|source_section:Evaluation & Benchmarking|source:source_repo_link_audit|needs-review|link_url:https://github.com/openai/mle-bench,0.35,source_repo_link_audit
source_benchmark_buildarena_ea1d367f9d,,source_task_evaluation-benchmarking,Evaluation & Benchmarking,,BuildArena,,,,,,,,source-derived,"Source-derived benchmark from ai-boost/awesome-ai-for-science README section 'Evaluation & Benchmarking'. - BuildArena - First physics-aligned interactive benchmark for LLM agents in engineering construction, designing rockets/cars/bridges in physics simulator with 3D spatial geometry library",source_repo:https://github.com/ai-boost/awesome-ai-for-science|source_name:ai-boost/awesome-ai-for-science|readme:https://raw.githubusercontent.com/ai-boost/awesome-ai-for-science/master/README.md|source_line:249|source_section:Evaluation & Benchmarking|source:source_repo_link_audit|needs-review|link_url:https://github.com/AI4Science-WestlakeU/BuildArena,0.35,source_repo_link_audit
source_benchmark_scicode_1c82a2c56c,,source_task_evaluation-benchmarking,Evaluation & Benchmarking,,SciCode,,,,,,,,source-derived,"Source-derived benchmark from ai-boost/awesome-ai-for-science README section 'Evaluation & Benchmarking'. - SciCode - Research coding benchmark curated by scientists with 338 subproblems across 16 subdomains (physics, math, materials, biology, chemistry), evaluating LLMs on realistic scientific programming tasks with gold-standard solutions (NeurIPS 2024)",source_repo:https://github.com/ai-boost/awesome-ai-for-science|source_name:ai-boost/awesome-ai-for-science|readme:https://raw.githubusercontent.com/ai-boost/awesome-ai-for-science/master/README.md|source_line:251|source_section:Evaluation & Benchmarking|source:source_repo_link_audit|needs-review|link_url:https://github.com/scicode-bench/SciCode,0.35,source_repo_link_audit
source_benchmark_newtonbench-iclr-2026_da2c6e3fb9,,source_task_evaluation-benchmarking,Evaluation & Benchmarking,,NewtonBench (ICLR 2026),,,,,,,,source-derived,"Source-derived benchmark from ai-boost/awesome-ai-for-science README section 'Evaluation & Benchmarking'. - NewtonBench (ICLR 2026) - First benchmark evaluating LLMs' ability to rediscover scientific laws through interactive experimentation across 324 tasks in 12 physics domains, featuring memorization-resistant metaphysical shifts of canonical laws (HKUST)",source_repo:https://github.com/ai-boost/awesome-ai-for-science|source_name:ai-boost/awesome-ai-for-science|readme:https://raw.githubusercontent.com/ai-boost/awesome-ai-for-science/master/README.md|source_line:253|source_section:Evaluation & Benchmarking|source:source_repo_link_audit|needs-review|link_url:https://github.com/HKUST-KnowComp/NewtonBench,0.35,source_repo_link_audit
source_benchmark_scientist-bench_46184b20c3,,source_task_evaluation-benchmarking,📈 Evaluation & Benchmarking,,Scientist-Bench,,,,,,,,source-derived,Source-derived benchmark from ai-boost/awesome-ai-for-science README section '📈 Evaluation & Benchmarking'. - Scientist-Bench - Comprehensive benchmark for comparing LLM Agent-generated research outcomes with high-quality scientific work,source_repo:https://github.com/ai-boost/awesome-ai-for-science|source_name:ai-boost/awesome-ai-for-science|readme:https://raw.githubusercontent.com/ai-boost/awesome-ai-for-science/master/README.md|source_line:406|source_section:📈 Evaluation & Benchmarking|source:source_repo_link_audit|needs-review|link_url:https://github.com/HKUDS/AI-Researcher,0.35,source_repo_link_audit
source_benchmark_state-arc-institute-biorxiv-2025_0851cb9376,,source_task_genomics-bioinformatics,Genomics & Bioinformatics,,"State (Arc Institute, bioRxiv 2025)",,,,,,,,source-derived,"Source-derived benchmark from ai-boost/awesome-ai-for-science README section 'Genomics & Bioinformatics'. - State (Arc Institute, bioRxiv 2025) - Machine learning model predicting cellular perturbation response across diverse contexts with State Transition (ST) and State Embedding (SE) variants, featuring CLI tooling, PyPI distribution, and Virtual Cell Challenge integration (575+ stars)",source_repo:https://github.com/ai-boost/awesome-ai-for-science|source_name:ai-boost/awesome-ai-for-science|readme:https://raw.githubusercontent.com/ai-boost/awesome-ai-for-science/master/README.md|source_line:499|source_section:Genomics & Bioinformatics|source:source_repo_link_audit|needs-review|link_url:https://github.com/ArcInstitute/state,0.35,source_repo_link_audit
source_benchmark_dnabert-2-iclr-2024_9269a4e1e6,,source_task_genomics-bioinformatics,Genomics & Bioinformatics,,DNABERT-2 (ICLR 2024),,,,,,,,source-derived,"Source-derived benchmark from ai-boost/awesome-ai-for-science README section 'Genomics & Bioinformatics'. - DNABERT-2 (ICLR 2024) - Efficient foundation model and benchmark for multi-species genome understanding with context-aware nucleotide representations, improving upon DNABERT for diverse genomic task transfer learning (UIUC MAGICS Lab, 484+ stars)",source_repo:https://github.com/ai-boost/awesome-ai-for-science|source_name:ai-boost/awesome-ai-for-science|readme:https://raw.githubusercontent.com/ai-boost/awesome-ai-for-science/master/README.md|source_line:512|source_section:Genomics & Bioinformatics|source:source_repo_link_audit|needs-review|link_url:https://github.com/MAGICS-LAB/DNABERT_2,0.35,source_repo_link_audit
source_benchmark_matbench_678838454b,,source_task_materials-discovery,Materials Discovery,,MatBench,,,,,,,,source-derived,Source-derived benchmark from ai-boost/awesome-ai-for-science README section 'Materials Discovery'. - MatBench - Materials informatics benchmark,source_repo:https://github.com/ai-boost/awesome-ai-for-science|source_name:ai-boost/awesome-ai-for-science|readme:https://raw.githubusercontent.com/ai-boost/awesome-ai-for-science/master/README.md|source_line:586|source_section:Materials Discovery|source:source_repo_link_audit|needs-review|link_url:https://github.com/materialsproject/matbench,0.35,source_repo_link_audit
source_benchmark_climatebench_1e957a8b70,,source_task_climate-modeling,Climate Modeling,,ClimateBench,,,,,,,,source-derived,Source-derived benchmark from ai-boost/awesome-ai-for-science README section 'Climate Modeling'. - ClimateBench - Climate data benchmark for ML models,source_repo:https://github.com/ai-boost/awesome-ai-for-science|source_name:ai-boost/awesome-ai-for-science|readme:https://raw.githubusercontent.com/ai-boost/awesome-ai-for-science/master/README.md|source_line:631|source_section:Climate Modeling|source:source_repo_link_audit|needs-review|link_url:https://github.com/duncanwp/ClimateBench,0.35,source_repo_link_audit
source_benchmark_weatherbench_1e42bafdfe,,source_task_climate-modeling,Climate Modeling,,WeatherBench,,,,,,,,source-derived,Source-derived benchmark from ai-boost/awesome-ai-for-science README section 'Climate Modeling'. - WeatherBench - Weather prediction benchmark,source_repo:https://github.com/ai-boost/awesome-ai-for-science|source_name:ai-boost/awesome-ai-for-science|readme:https://raw.githubusercontent.com/ai-boost/awesome-ai-for-science/master/README.md|source_line:632|source_section:Climate Modeling|source:source_repo_link_audit|needs-review|link_url:https://github.com/pangeo-data/WeatherBench,0.35,source_repo_link_audit
source_benchmark_llemma_422392c47d,,source_task_general-science-models,General Science Models,,Llemma,,,,,,,,source-derived,"Source-derived benchmark from ai-boost/awesome-ai-for-science README section 'General Science Models'. - Llemma - Open language model for mathematics (7B/34B) trained on Proof-Pile-2, outperforming Minerva at equal scale on MATH benchmark, with tool use and formal theorem proving in Lean without finetuning (EleutherAI, ICLR 2024)",source_repo:https://github.com/ai-boost/awesome-ai-for-science|source_name:ai-boost/awesome-ai-for-science|readme:https://raw.githubusercontent.com/ai-boost/awesome-ai-for-science/master/README.md|source_line:680|source_section:General Science Models|source:source_repo_link_audit|needs-review|link_url:https://github.com/EleutherAI/math-lm,0.35,source_repo_link_audit
source_benchmark_rsi-cb_7eec31606d,,source_task_classification,Classification,,RSI-CB,,,,,,,,source-derived,Source-derived benchmark from satellite-image-deep-learning/techniques README section 'Classification'. - RSI-CB -> A Large Scale Remote Sensing Image Classification Benchmark via Crowdsource Data. See also Remote-sensing-image-classification,source_repo:https://github.com/satellite-image-deep-learning/techniques|source_name:satellite-image-deep-learning/techniques|readme:https://raw.githubusercontent.com/satellite-image-deep-learning/techniques/master/README.md|source_line:60|source_section:Classification|source:source_repo_link_audit|needs-review|link_url:https://github.com/lehaifeng/RSI-CB,0.35,source_repo_link_audit
source_benchmark_remote-sensing-image-classification_174e663700,,source_task_classification,Classification,,Remote-sensing-image-classification,,,,,,,,source-derived,Source-derived benchmark from satellite-image-deep-learning/techniques README section 'Classification'. - RSI-CB -> A Large Scale Remote Sensing Image Classification Benchmark via Crowdsource Data. See also Remote-sensing-image-classification,source_repo:https://github.com/satellite-image-deep-learning/techniques|source_name:satellite-image-deep-learning/techniques|readme:https://raw.githubusercontent.com/satellite-image-deep-learning/techniques/master/README.md|source_line:60|source_section:Classification|source:source_repo_link_audit|needs-review|link_url:https://github.com/aashishrai3799/Remote-sensing-image-classification,0.35,source_repo_link_audit
benchmark_scene_classification_brazilian_coffee_scenes_overall_accuracy_unspecified,,task_scene_classification,Scene classification,scene-classification/brazilian-coffee-scenes,Brazilian Coffee Scenes,overall_accuracy,Overall Accuracy,OA,true,,,,verified,Verified benchmark dataset from the provided Scholar review citations.,manual:scholar_citations,0.70,manual_review_table
benchmark_scene_classification_rsc11_overall_accuracy_unspecified,,task_scene_classification,Scene classification,scene-classification/rsc11,RSC11,overall_accuracy,Overall Accuracy,OA,true,,,,verified,Verified benchmark dataset from the provided Scholar review citations.,manual:scholar_citations,0.70,manual_review_table
benchmark_scene_classification_rsi_cb128_overall_accuracy_unspecified,,task_scene_classification,Scene classification,scene-classification/rsi-cb128,RSI-CB128,overall_accuracy,Overall Accuracy,OA,true,,,,verified,Verified benchmark dataset from the provided Scholar review citations.,manual:scholar_citations,0.70,manual_review_table
benchmark_scene_classification_rsi_cb256_overall_accuracy_unspecified,,task_scene_classification,Scene classification,scene-classification/rsi-cb256,RSI-CB256,overall_accuracy,Overall Accuracy,OA,true,,,,verified,Verified benchmark dataset from the provided Scholar review citations.,manual:scholar_citations,0.70,manual_review_table
benchmark_scene_classification_planet_uas_f1_score_unspecified,,task_scene_classification,Scene classification,scene-classification/planet-uas,Planet-UAS,f1_score,F1 Score,F1,true,,,,verified,Verified multi-label benchmark dataset from the provided Scholar review citations.,manual:scholar_citations,0.70,manual_review_table
benchmark_scene_classification_masati_overall_accuracy_unspecified,,task_scene_classification,Scene classification,scene-classification/masati,MASATI,overall_accuracy,Overall Accuracy,OA,true,,,,verified,Verified maritime remote sensing benchmark dataset from the provided Scholar review citations.,manual:scholar_citations,0.70,manual_review_table
benchmark_satellite_classification_wids_datathon_2019_auc_roc_unspecified,,task_image_classification,Image classification,scene-classification/wids-datathon-2019,WiDS Datathon 2019 Oil Palm Plantation,auc_roc,Area Under the Receiver Operating Characteristic Curve,AUROC,true,,,,verified,Verified satellite classification challenge dataset from WiDS Datathon 2019.,manual:scholar_citations,0.70,manual_review_table
source_benchmark_aitlas-arena_00112d18ce,,source_task_classification,Classification,,aitlas-arena,,,,,,,,source-derived,Source-derived benchmark from satellite-image-deep-learning/techniques README section 'Classification'. - aitlas-arena -> An open-source benchmark framework for evaluating state-of-the-art deep learning approaches for image classification in Earth Observation (EO),source_repo:https://github.com/satellite-image-deep-learning/techniques|source_name:satellite-image-deep-learning/techniques|readme:https://raw.githubusercontent.com/satellite-image-deep-learning/techniques/master/README.md|source_line:106|source_section:Classification|source:source_repo_link_audit|needs-review|link_url:https://github.com/biasvariancelabs/aitlas-arena,0.35,source_repo_link_audit
source_benchmark_deepglobe-land-cover-classification-challenge-solu_56c448c80b,,source_task_segmentation-land-use-land-cover,Segmentation - Land use & land cover,,DeepGlobe Land Cover Classification Challenge solution,,,,,,,,source-derived,Source-derived benchmark from satellite-image-deep-learning/techniques README section 'Segmentation - Land use & land cover'. - DeepGlobe Land Cover Classification Challenge solution,source_repo:https://github.com/satellite-image-deep-learning/techniques|source_name:satellite-image-deep-learning/techniques|readme:https://raw.githubusercontent.com/satellite-image-deep-learning/techniques/master/README.md|source_line:169|source_section:Segmentation - Land use & land cover|source:source_repo_link_audit|needs-review|link_url:https://github.com/GeneralLi95/deepglobe_land_cover_classification_with_deeplabv3plus,0.35,source_repo_link_audit
source_benchmark_flair-2-challenge_6a2611b3b3,,source_task_segmentation-land-use-land-cover,Segmentation - Land use & land cover,,FLAIR-2 challenge,,,,,,,,source-derived,Source-derived benchmark from satellite-image-deep-learning/techniques README section 'Segmentation - Land use & land cover'. - FLAIR-2 challenge -> Semantic segmentation and domain adaptation challenge proposed by the French National Institute of Geographical and Forest Information (IGN),source_repo:https://github.com/satellite-image-deep-learning/techniques|source_name:satellite-image-deep-learning/techniques|readme:https://raw.githubusercontent.com/satellite-image-deep-learning/techniques/master/README.md|source_line:208|source_section:Segmentation - Land use & land cover|source:source_repo_link_audit|needs-review|link_url:https://github.com/IGNF/FLAIR-2,0.35,source_repo_link_audit
source_benchmark_official-repository-for-the-identifying-trees-on-s_de275382d2,,source_task_segmentation-vegetation-deforestation-crops-fiel,"Segmentation - Vegetation, deforestation, crops & field boundaries",,"Official repository for the ""Identifying trees on satellite images"" challenge from Omdena",,,,,,,,source-derived,"Source-derived benchmark from satellite-image-deep-learning/techniques README section 'Segmentation - Vegetation, deforestation, crops & field boundaries'. - Official repository for the ""Identifying trees on satellite images"" challenge from Omdena","source_repo:https://github.com/satellite-image-deep-learning/techniques|source_name:satellite-image-deep-learning/techniques|readme:https://raw.githubusercontent.com/satellite-image-deep-learning/techniques/master/README.md|source_line:270|source_section:Segmentation - Vegetation, deforestation, crops & field boundaries|source:source_repo_link_audit|needs-review|link_url:https://github.com/cienciaydatos/ai-challenge-trees",0.35,source_repo_link_audit
source_benchmark_biomassters-baseline_570408e258,,source_task_segmentation-vegetation-deforestation-crops-fiel,"Segmentation - Vegetation, deforestation, crops & field boundaries",,BioMassters_baseline,,,,,,,,source-derived,"Source-derived benchmark from satellite-image-deep-learning/techniques README section 'Segmentation - Vegetation, deforestation, crops & field boundaries'. - BioMassters_baseline -> a basic pytorch lightning baseline using a UNet for getting started with the BioMassters challenge (biomass estimation)","source_repo:https://github.com/satellite-image-deep-learning/techniques|source_name:satellite-image-deep-learning/techniques|readme:https://raw.githubusercontent.com/satellite-image-deep-learning/techniques/master/README.md|source_line:276|source_section:Segmentation - Vegetation, deforestation, crops & field boundaries|source:source_repo_link_audit|needs-review|link_url:https://github.com/fnands/BioMassters_baseline",0.35,source_repo_link_audit
source_benchmark_biomassters-challenge_a5e059f466,,source_task_segmentation-vegetation-deforestation-crops-fiel,"Segmentation - Vegetation, deforestation, crops & field boundaries",,BioMassters challenge,,,,,,,,source-derived,"Source-derived benchmark from satellite-image-deep-learning/techniques README section 'Segmentation - Vegetation, deforestation, crops & field boundaries'. - BioMassters_baseline -> a basic pytorch lightning baseline using a UNet for getting started with the BioMassters challenge (biomass estimation)","source_repo:https://github.com/satellite-image-deep-learning/techniques|source_name:satellite-image-deep-learning/techniques|readme:https://raw.githubusercontent.com/satellite-image-deep-learning/techniques/master/README.md|source_line:276|source_section:Segmentation - Vegetation, deforestation, crops & field boundaries|source:source_repo_link_audit|needs-review|link_url:https://www.drivendata.org/competitions/99/biomass-estimation/",0.35,source_repo_link_audit
source_benchmark_cvpr-multiearth-deforestation-segmentation_f136de56d0,,source_task_segmentation-vegetation-deforestation-crops-fiel,"Segmentation - Vegetation, deforestation, crops & field boundaries",,cvpr-multiearth-deforestation-segmentation,,,,,,,,source-derived,"Source-derived benchmark from satellite-image-deep-learning/techniques README section 'Segmentation - Vegetation, deforestation, crops & field boundaries'. - cvpr-multiearth-deforestation-segmentation -> multimodal Unet entry to the CVPR Multiearth 2023 deforestation challenge","source_repo:https://github.com/satellite-image-deep-learning/techniques|source_name:satellite-image-deep-learning/techniques|readme:https://raw.githubusercontent.com/satellite-image-deep-learning/techniques/master/README.md|source_line:298|source_section:Segmentation - Vegetation, deforestation, crops & field boundaries|source:source_repo_link_audit|needs-review|link_url:https://github.com/h2oai/cvpr-multiearth-deforestation-segmentation",0.35,source_repo_link_audit
source_benchmark_radiant-earth-spot-the-crop-challenge_b50fec542e,,source_task_segmentation-vegetation-deforestation-crops-fiel,"Segmentation - Vegetation, deforestation, crops & field boundaries",,Radiant Earth Spot the Crop Challenge,,,,,,,,source-derived,"Source-derived benchmark from satellite-image-deep-learning/techniques README section 'Segmentation - Vegetation, deforestation, crops & field boundaries'. - Radiant Earth Spot the Crop Challenge -> Winning models from the Radiant Earth Spot the Crop Challenge, uses a time-series of Sentinel-2 multispectral data to classify crops in the Western Cape of South Africa. Another solution","source_repo:https://github.com/satellite-image-deep-learning/techniques|source_name:satellite-image-deep-learning/techniques|readme:https://raw.githubusercontent.com/satellite-image-deep-learning/techniques/master/README.md|source_line:304|source_section:Segmentation - Vegetation, deforestation, crops & field boundaries|source:source_repo_link_audit|needs-review|link_url:https://github.com/radiantearth/spot-the-crop-challenge",0.35,source_repo_link_audit
source_benchmark_another-solution_8bb6eb0329,,source_task_segmentation-vegetation-deforestation-crops-fiel,"Segmentation - Vegetation, deforestation, crops & field boundaries",,Another solution,,,,,,,,source-derived,"Source-derived benchmark from satellite-image-deep-learning/techniques README section 'Segmentation - Vegetation, deforestation, crops & field boundaries'. - Radiant Earth Spot the Crop Challenge -> Winning models from the Radiant Earth Spot the Crop Challenge, uses a time-series of Sentinel-2 multispectral data to classify crops in the Western Cape of South Africa. Another solution","source_repo:https://github.com/satellite-image-deep-learning/techniques|source_name:satellite-image-deep-learning/techniques|readme:https://raw.githubusercontent.com/satellite-image-deep-learning/techniques/master/README.md|source_line:304|source_section:Segmentation - Vegetation, deforestation, crops & field boundaries|source:source_repo_link_audit|needs-review|link_url:https://github.com/DariusTheGeek/Radiant-Earth-Spot-the-Crop-XL-Challenge",0.35,source_repo_link_audit
source_benchmark_nasa-harvest-field-boundary-competition_e999c11691,,source_task_segmentation-vegetation-deforestation-crops-fiel,"Segmentation - Vegetation, deforestation, crops & field boundaries",,Nasa_harvest_field_boundary_competition,,,,,,,,source-derived,"Source-derived benchmark from satellite-image-deep-learning/techniques README section 'Segmentation - Vegetation, deforestation, crops & field boundaries'. - Nasa_harvest_field_boundary_competition -> Nasa Harvest Rwanda Field Boundary Detection Challenge Tutorial","source_repo:https://github.com/satellite-image-deep-learning/techniques|source_name:satellite-image-deep-learning/techniques|readme:https://raw.githubusercontent.com/satellite-image-deep-learning/techniques/master/README.md|source_line:316|source_section:Segmentation - Vegetation, deforestation, crops & field boundaries|source:source_repo_link_audit|needs-review|link_url:https://github.com/radiantearth/Nasa_harvest_field_boundary_competition",0.35,source_repo_link_audit
source_benchmark_nasa-harvest-boundary-detection-challenge_fa36091cb1,,source_task_segmentation-vegetation-deforestation-crops-fiel,"Segmentation - Vegetation, deforestation, crops & field boundaries",,nasa_harvest_boundary_detection_challenge,,,,,,,,source-derived,"Source-derived benchmark from satellite-image-deep-learning/techniques README section 'Segmentation - Vegetation, deforestation, crops & field boundaries'. - nasa_harvest_boundary_detection_challenge -> the 4th place solution for NASA Harvest Field Boundary Detection Challenge on Zindi.","source_repo:https://github.com/satellite-image-deep-learning/techniques|source_name:satellite-image-deep-learning/techniques|readme:https://raw.githubusercontent.com/satellite-image-deep-learning/techniques/master/README.md|source_line:320|source_section:Segmentation - Vegetation, deforestation, crops & field boundaries|source:source_repo_link_audit|needs-review|link_url:https://github.com/geoaigroup/nasa_harvest_boundary_detection_challenge",0.35,source_repo_link_audit
source_benchmark_ibm-bluesky-challenge-zeroflood_6378f2b2ff,,source_task_segmentation-water-coastlines-rivers-floods,"Segmentation - Water, coastlines, rivers & floods",,IBM BlueSky Challenge - ZeroFlood,,,,,,,,source-derived,"Source-derived benchmark from satellite-image-deep-learning/techniques README section 'Segmentation - Water, coastlines, rivers & floods'. - IBM BlueSky Challenge - ZeroFlood","source_repo:https://github.com/satellite-image-deep-learning/techniques|source_name:satellite-image-deep-learning/techniques|readme:https://raw.githubusercontent.com/satellite-image-deep-learning/techniques/master/README.md|source_line:404|source_section:Segmentation - Water, coastlines, rivers & floods|source:source_repo_link_audit|needs-review|link_url:https://github.com/oroikono/IBM-BlueSky-Challenge-ZeroFlood",0.35,source_repo_link_audit
source_benchmark_chabud2023_da3ce34103,,source_task_segmentation-fire-smoke-burn-areas,"Segmentation - Fire, smoke & burn areas",,chabud2023,,,,,,,,source-derived,"Source-derived benchmark from satellite-image-deep-learning/techniques README section 'Segmentation - Fire, smoke & burn areas'. - chabud2023 -> Change detection for Burned area Delineation (ChaBuD) ECML/PKDD 2023 challenge","source_repo:https://github.com/satellite-image-deep-learning/techniques|source_name:satellite-image-deep-learning/techniques|readme:https://raw.githubusercontent.com/satellite-image-deep-learning/techniques/master/README.md|source_line:430|source_section:Segmentation - Fire, smoke & burn areas|source:source_repo_link_audit|needs-review|link_url:https://github.com/developmentseed/chabud2023",0.35,source_repo_link_audit
source_benchmark_winning-solutions-from-spacenet-road-detection-and_157b7a1efd,,source_task_segmentation-roads-sidewalks,Segmentation - Roads & sidewalks,,Winning Solutions from SpaceNet Road Detection and Routing Challenge,,,,,,,,source-derived,Source-derived benchmark from satellite-image-deep-learning/techniques README section 'Segmentation - Roads & sidewalks'. - Winning Solutions from SpaceNet Road Detection and Routing Challenge,source_repo:https://github.com/satellite-image-deep-learning/techniques|source_name:satellite-image-deep-learning/techniques|readme:https://raw.githubusercontent.com/satellite-image-deep-learning/techniques/master/README.md|source_line:521|source_section:Segmentation - Roads & sidewalks|source:source_repo_link_audit|needs-review|link_url:https://github.com/SpaceNetChallenge/RoadDetector,0.35,source_repo_link_audit
source_benchmark_road-extraction-remote-sensing_27a65876ca,,source_task_segmentation-roads-sidewalks,Segmentation - Roads & sidewalks,,road_extraction_remote_sensing,,,,,,,,source-derived,"Source-derived benchmark from satellite-image-deep-learning/techniques README section 'Segmentation - Roads & sidewalks'. - road_extraction_remote_sensing -> pytorch implementation, CVPR2018 DeepGlobe Road Extraction Challenge submission. See also DeepGlobe-Road-Extraction-Challenge",source_repo:https://github.com/satellite-image-deep-learning/techniques|source_name:satellite-image-deep-learning/techniques|readme:https://raw.githubusercontent.com/satellite-image-deep-learning/techniques/master/README.md|source_line:534|source_section:Segmentation - Roads & sidewalks|source:source_repo_link_audit|needs-review|link_url:https://github.com/jiankang1991/road_extraction_remote_sensing,0.35,source_repo_link_audit
source_benchmark_deepglobe-road-extraction-challenge_6bdfc85280,,source_task_segmentation-roads-sidewalks,Segmentation - Roads & sidewalks,,DeepGlobe-Road-Extraction-Challenge,,,,,,,,source-derived,"Source-derived benchmark from satellite-image-deep-learning/techniques README section 'Segmentation - Roads & sidewalks'. - road_extraction_remote_sensing -> pytorch implementation, CVPR2018 DeepGlobe Road Extraction Challenge submission. See also DeepGlobe-Road-Extraction-Challenge",source_repo:https://github.com/satellite-image-deep-learning/techniques|source_name:satellite-image-deep-learning/techniques|readme:https://raw.githubusercontent.com/satellite-image-deep-learning/techniques/master/README.md|source_line:534|source_section:Segmentation - Roads & sidewalks|source:source_repo_link_audit|needs-review|link_url:https://github.com/zlckanata/DeepGlobe-Road-Extraction-Challenge,0.35,source_repo_link_audit
source_benchmark_d-linknet_c75f9a76bf,,source_task_segmentation-roads-sidewalks,Segmentation - Roads & sidewalks,,D-LinkNet,,,,,,,,source-derived,Source-derived benchmark from satellite-image-deep-learning/techniques README section 'Segmentation - Roads & sidewalks'. - D-LinkNet -> 1st place solution in DeepGlobe Road Extraction Challenge,source_repo:https://github.com/satellite-image-deep-learning/techniques|source_name:satellite-image-deep-learning/techniques|readme:https://raw.githubusercontent.com/satellite-image-deep-learning/techniques/master/README.md|source_line:584|source_section:Segmentation - Roads & sidewalks|source:source_repo_link_audit|needs-review|link_url:https://github.com/ShenweiXie/D-LinkNet,0.35,source_repo_link_audit
source_benchmark_spacenetexploration_21fc0363ba,,source_task_segmentation-buildings-rooftops,Segmentation - Buildings & rooftops,,SpaceNetExploration,,,,,,,,source-derived,Source-derived benchmark from satellite-image-deep-learning/techniques README section 'Segmentation - Buildings & rooftops'. - SpaceNetExploration -> A sample project demonstrating how to extract building footprints from satellite images using a semantic segmentation model. Data from the SpaceNet Challenge,source_repo:https://github.com/satellite-image-deep-learning/techniques|source_name:satellite-image-deep-learning/techniques|readme:https://raw.githubusercontent.com/satellite-image-deep-learning/techniques/master/README.md|source_line:629|source_section:Segmentation - Buildings & rooftops|source:source_repo_link_audit|needs-review|link_url:https://github.com/yangsiyu007/SpaceNetExploration,0.35,source_repo_link_audit
source_benchmark_open-cities-ai-challenge_c5e0ba7d44,,source_task_segmentation-buildings-rooftops,Segmentation - Buildings & rooftops,,Open Cities AI Challenge,,,,,,,,source-derived,Source-derived benchmark from satellite-image-deep-learning/techniques README section 'Segmentation - Buildings & rooftops'. - Open Cities AI Challenge -> Segmenting Buildings for Disaster Resilience. Winning solutions on Github,source_repo:https://github.com/satellite-image-deep-learning/techniques|source_name:satellite-image-deep-learning/techniques|readme:https://raw.githubusercontent.com/satellite-image-deep-learning/techniques/master/README.md|source_line:685|source_section:Segmentation - Buildings & rooftops|source:source_repo_link_audit|needs-review|link_url:https://www.drivendata.org/competitions/60/building-segmentation-disaster-resilience/,0.35,source_repo_link_audit
source_benchmark_on-github_69541958f6,,source_task_segmentation-buildings-rooftops,Segmentation - Buildings & rooftops,,on Github,,,,,,,,source-derived,Source-derived benchmark from satellite-image-deep-learning/techniques README section 'Segmentation - Buildings & rooftops'. - Open Cities AI Challenge -> Segmenting Buildings for Disaster Resilience. Winning solutions on Github,source_repo:https://github.com/satellite-image-deep-learning/techniques|source_name:satellite-image-deep-learning/techniques|readme:https://raw.githubusercontent.com/satellite-image-deep-learning/techniques/master/README.md|source_line:685|source_section:Segmentation - Buildings & rooftops|source:source_repo_link_audit|needs-review|link_url:https://github.com/drivendataorg/open-cities-ai-challenge/,0.35,source_repo_link_audit
source_benchmark_building-segmentation-on-lr-hr-sr-satellite-imager_89d440f9dd,,source_task_segmentation-buildings-rooftops,Segmentation - Buildings & rooftops,,Building Segmentation on LR-HR-SR Satellite Imagery,,,,,,,,source-derived,"Source-derived benchmark from satellite-image-deep-learning/techniques README section 'Segmentation - Buildings & rooftops'. - Building Segmentation on LR-HR-SR Satellite Imagery -> perform building delineation on different types of satellite imagery: Low-Resolution (LR), High-Resolution (HR), and Super-Resolution (SR). The goal is to compare the performance of segmentation models across these varying resolutions.",source_repo:https://github.com/satellite-image-deep-learning/techniques|source_name:satellite-image-deep-learning/techniques|readme:https://raw.githubusercontent.com/satellite-image-deep-learning/techniques/master/README.md|source_line:755|source_section:Segmentation - Buildings & rooftops|source:source_repo_link_audit|needs-review|link_url:https://github.com/ESAOpenSR/Segmentation-Models-Benchmark,0.35,source_repo_link_audit
source_benchmark_universal-segmentation-baseline-kaggle-airbus-ship_4b1de553c6,,source_task_segmentation-ships-vessels,Segmentation - Ships & vessels,,Universal-segmentation-baseline-Kaggle-Airbus-Ship-Detection,,,,,,,,source-derived,Source-derived benchmark from satellite-image-deep-learning/techniques README section 'Segmentation - Ships & vessels'. - Universal-segmentation-baseline-Kaggle-Airbus-Ship-Detection -> Kaggle Airbus Ship Detection Challenge - bronze medal solution,source_repo:https://github.com/satellite-image-deep-learning/techniques|source_name:satellite-image-deep-learning/techniques|readme:https://raw.githubusercontent.com/satellite-image-deep-learning/techniques/master/README.md|source_line:815|source_section:Segmentation - Ships & vessels|source:source_repo_link_audit|needs-review|link_url:https://github.com/OniroAI/Universal-segmentation-baseline-Kaggle-Airbus-Ship-Detection,0.35,source_repo_link_audit
source_benchmark_pastis-benchmark_87e099cffb,,source_task_panoptic-segmentation,Panoptic segmentation,,pastis-benchmark,,,,,,,,source-derived,Source-derived benchmark from satellite-image-deep-learning/techniques README section 'Panoptic segmentation'. - pastis-benchmark,source_repo:https://github.com/satellite-image-deep-learning/techniques|source_name:satellite-image-deep-learning/techniques|readme:https://raw.githubusercontent.com/satellite-image-deep-learning/techniques/master/README.md|source_line:855|source_section:Panoptic segmentation|source:source_repo_link_audit|needs-review|link_url:https://github.com/VSainteuf/pastis-benchmark,0.35,source_repo_link_audit
source_benchmark_circle-finder_e6bd2bc680,,source_task_instance-segmentation,Instance segmentation,,Circle_Finder,,,,,,,,source-derived,"Source-derived benchmark from satellite-image-deep-learning/techniques README section 'Instance segmentation'. - Circle_Finder -> Circular Shapes Detection in Satellite Imagery, 2nd place solution to the Circle Finder Challenge",source_repo:https://github.com/satellite-image-deep-learning/techniques|source_name:satellite-image-deep-learning/techniques|readme:https://raw.githubusercontent.com/satellite-image-deep-learning/techniques/master/README.md|source_line:1043|source_section:Instance segmentation|source:source_repo_link_audit|needs-review|link_url:https://github.com/zinsmatt/Circle_Finder,0.35,source_repo_link_audit
source_benchmark_mmrotate_b33058a16b,,source_task_object-detection-with-rotated-bounding-boxes,Object detection with rotated bounding boxes,,mmrotate,,,,,,,,source-derived,"Source-derived benchmark from satellite-image-deep-learning/techniques README section 'Object detection with rotated bounding boxes'. - mmrotate -> Rotated Object Detection Benchmark, with pretrained models and function for inferencing on very large images",source_repo:https://github.com/satellite-image-deep-learning/techniques|source_name:satellite-image-deep-learning/techniques|readme:https://raw.githubusercontent.com/satellite-image-deep-learning/techniques/master/README.md|source_line:1094|source_section:Object detection with rotated bounding boxes|source:source_repo_link_audit|needs-review|link_url:https://github.com/open-mmlab/mmrotate,0.35,source_repo_link_audit
source_benchmark_obbdet-swin_8c0c7e2d74,,source_task_object-detection-with-rotated-bounding-boxes,Object detection with rotated bounding boxes,,OBBDet_Swin,,,,,,,,source-derived,Source-derived benchmark from satellite-image-deep-learning/techniques README section 'Object detection with rotated bounding boxes'. - OBBDet_Swin -> The sixth place winning solution in 2021 Gaofen Challenge,source_repo:https://github.com/satellite-image-deep-learning/techniques|source_name:satellite-image-deep-learning/techniques|readme:https://raw.githubusercontent.com/satellite-image-deep-learning/techniques/master/README.md|source_line:1120|source_section:Object detection with rotated bounding boxes|source:source_repo_link_audit|needs-review|link_url:https://github.com/ming71/OBBDet_Swin,0.35,source_repo_link_audit
source_benchmark_airbus-ship-detection-challenge_a5bf592627,,source_task_object-detection-ships-boats-vessels-wake,"Object detection - Ships, boats, vessels & wake",,Airbus Ship Detection Challenge,,,,,,,,source-derived,"Source-derived benchmark from satellite-image-deep-learning/techniques README section 'Object detection - Ships, boats, vessels & wake'. - Airbus Ship Detection Challenge -> using oriented bounding boxes. Read Detecting ships in satellite imagery: five years later…","source_repo:https://github.com/satellite-image-deep-learning/techniques|source_name:satellite-image-deep-learning/techniques|readme:https://raw.githubusercontent.com/satellite-image-deep-learning/techniques/master/README.md|source_line:1273|source_section:Object detection - Ships, boats, vessels & wake|source:source_repo_link_audit|needs-review|link_url:https://www.kaggle.com/c/airbus-ship-detection",0.35,source_repo_link_audit
source_benchmark_xview3-the-first-place-solution_6233c57f37,,source_task_object-detection-ships-boats-vessels-wake,"Object detection - Ships, boats, vessels & wake",,xView3-The-First-Place-Solution,,,,,,,,source-derived,"Source-derived benchmark from satellite-image-deep-learning/techniques README section 'Object detection - Ships, boats, vessels & wake'. - xView3-The-First-Place-Solution -> A winning solution for xView 3 challenge (Vessel detection, classification and length estimation on Sentinetl-1 images). Contains trained models, inference pipeline and training code & configs to reproduce the results.","source_repo:https://github.com/satellite-image-deep-learning/techniques|source_name:satellite-image-deep-learning/techniques|readme:https://raw.githubusercontent.com/satellite-image-deep-learning/techniques/master/README.md|source_line:1327|source_section:Object detection - Ships, boats, vessels & wake|source:source_repo_link_audit|needs-review|link_url:https://github.com/BloodAxe/xView3-The-First-Place-Solution",0.35,source_repo_link_audit
source_benchmark_xview-3_80d63a8a52,,source_task_object-detection-ships-boats-vessels-wake,"Object detection - Ships, boats, vessels & wake",,xView 3,,,,,,,,source-derived,"Source-derived benchmark from satellite-image-deep-learning/techniques README section 'Object detection - Ships, boats, vessels & wake'. - xView3-The-First-Place-Solution -> A winning solution for xView 3 challenge (Vessel detection, classification and length estimation on Sentinetl-1 images). Contains trained models, inference pipeline and training code & configs to reproduce the results.","source_repo:https://github.com/satellite-image-deep-learning/techniques|source_name:satellite-image-deep-learning/techniques|readme:https://raw.githubusercontent.com/satellite-image-deep-learning/techniques/master/README.md|source_line:1327|source_section:Object detection - Ships, boats, vessels & wake|source:source_repo_link_audit|needs-review|link_url:https://iuu.xview.us/",0.35,source_repo_link_audit
source_benchmark_xview-yolov3_d4401b517e,,source_task_object-detection-miscellaneous,Object detection - Miscellaneous,,xview-yolov3,,,,,,,,source-derived,Source-derived benchmark from satellite-image-deep-learning/techniques README section 'Object detection - Miscellaneous'. - xview-yolov3 -> xView 2018 Object Detection Challenge: YOLOv3 Training and Inference,source_repo:https://github.com/satellite-image-deep-learning/techniques|source_name:satellite-image-deep-learning/techniques|readme:https://raw.githubusercontent.com/satellite-image-deep-learning/techniques/master/README.md|source_line:1470|source_section:Object detection - Miscellaneous|source:source_repo_link_audit|needs-review|link_url:https://github.com/ultralytics/xview-yolov3,0.35,source_repo_link_audit
source_benchmark_faster-rcnn-for-xview-satellite-data-challenge_e801a19cd7,,source_task_object-detection-miscellaneous,Object detection - Miscellaneous,,Faster RCNN for xView satellite data challenge,,,,,,,,source-derived,Source-derived benchmark from satellite-image-deep-learning/techniques README section 'Object detection - Miscellaneous'. - Faster RCNN for xView satellite data challenge,source_repo:https://github.com/satellite-image-deep-learning/techniques|source_name:satellite-image-deep-learning/techniques|readme:https://raw.githubusercontent.com/satellite-image-deep-learning/techniques/master/README.md|source_line:1472|source_section:Object detection - Miscellaneous|source:source_repo_link_audit|needs-review|link_url:https://github.com/samirsen/small-object-detection,0.35,source_repo_link_audit
source_benchmark_small-object-detection-benchmark_2e921574c6,,source_task_object-detection-miscellaneous,Object detection - Miscellaneous,,small-object-detection-benchmark,,,,,,,,source-derived,Source-derived benchmark from satellite-image-deep-learning/techniques README section 'Object detection - Miscellaneous'. - small-object-detection-benchmark -> Slicing Aided Hyper Inference and Fine-tuning for Small Object Detection (SAHI),source_repo:https://github.com/satellite-image-deep-learning/techniques|source_name:satellite-image-deep-learning/techniques|readme:https://raw.githubusercontent.com/satellite-image-deep-learning/techniques/master/README.md|source_line:1528|source_section:Object detection - Miscellaneous|source:source_repo_link_audit|needs-review|link_url:https://github.com/fcakyon/small-object-detection-benchmark,0.35,source_repo_link_audit
source_benchmark_emb2heights_2bf4021c90,,source_task_regression,Regression,,Emb2Heights,,,,,,,,source-derived,"Source-derived benchmark from satellite-image-deep-learning/techniques README section 'Regression'. - Emb2Heights -> baseline for the Emb2Heights challenge - trains and runs inference for a model that predicts sub-pixel land cover percentages (Building, Vegetation, Water) and continuous structure heights (nDSM) directly from Earth Observation embeddings",source_repo:https://github.com/satellite-image-deep-learning/techniques|source_name:satellite-image-deep-learning/techniques|readme:https://raw.githubusercontent.com/satellite-image-deep-learning/techniques/master/README.md|source_line:1612|source_section:Regression|source:source_repo_link_audit|needs-review|link_url:https://github.com/VMarsocci/emb2heights-baselines,0.35,source_repo_link_audit
source_benchmark_how-to-use-deep-learning-pytorch-lightning-and-the_4b99c7bd96,,source_task_cloud-detection-removal,Cloud detection & removal,,"HOW TO USE DEEP LEARNING, PYTORCH LIGHTNING, AND THE PLANETARY COMPUTER TO PREDICT CLOUD COVER IN SATELLITE IMAGERY",,,,,,,,source-derived,"Source-derived benchmark from satellite-image-deep-learning/techniques README section 'Cloud detection & removal'. - HOW TO USE DEEP LEARNING, PYTORCH LIGHTNING, AND THE PLANETARY COMPUTER TO PREDICT CLOUD COVER IN SATELLITE IMAGERY",source_repo:https://github.com/satellite-image-deep-learning/techniques|source_name:satellite-image-deep-learning/techniques|readme:https://raw.githubusercontent.com/satellite-image-deep-learning/techniques/master/README.md|source_line:1659|source_section:Cloud detection & removal|source:source_repo_link_audit|needs-review|link_url:https://www.drivendata.co/blog/cloud-cover-benchmark/,0.35,source_repo_link_audit
source_benchmark_cloud-cover-winners_5dd7797cf0,,source_task_cloud-detection-removal,Cloud detection & removal,,cloud-cover-winners,,,,,,,,source-derived,Source-derived benchmark from satellite-image-deep-learning/techniques README section 'Cloud detection & removal'. - cloud-cover-winners -> winning submissions for the On Cloud N: Cloud Cover Detection Challenge,source_repo:https://github.com/satellite-image-deep-learning/techniques|source_name:satellite-image-deep-learning/techniques|readme:https://raw.githubusercontent.com/satellite-image-deep-learning/techniques/master/README.md|source_line:1661|source_section:Cloud detection & removal|source:source_repo_link_audit|needs-review|link_url:https://github.com/drivendataorg/cloud-cover-winners,0.35,source_repo_link_audit
source_benchmark_on-cloud-n-cloud-cover-detection-challenge-19th-pl_1bbaf6f6d8,,source_task_cloud-detection-removal,Cloud detection & removal,,On-Cloud-N: Cloud Cover Detection Challenge - 19th Place Solution,,,,,,,,source-derived,Source-derived benchmark from satellite-image-deep-learning/techniques README section 'Cloud detection & removal'. - On-Cloud-N: Cloud Cover Detection Challenge - 19th Place Solution,source_repo:https://github.com/satellite-image-deep-learning/techniques|source_name:satellite-image-deep-learning/techniques|readme:https://raw.githubusercontent.com/satellite-image-deep-learning/techniques/master/README.md|source_line:1663|source_section:Cloud detection & removal|source:source_repo_link_audit|needs-review|link_url:https://github.com/max-schaefer-dev/on-cloud-n-19th-place-solution,0.35,source_repo_link_audit
source_benchmark_cloud-segmentation-comparative_72f31eba54,,source_task_cloud-detection-removal,Cloud detection & removal,,cloud_segmentation_comparative,,,,,,,,source-derived,Source-derived benchmark from satellite-image-deep-learning/techniques README section 'Cloud detection & removal'. - cloud_segmentation_comparative -> BenchCloudVision: A Benchmark Analysis of Deep Learning Approaches for Cloud Detection and Segmentation in Remote Sensing Imagery,source_repo:https://github.com/satellite-image-deep-learning/techniques|source_name:satellite-image-deep-learning/techniques|readme:https://raw.githubusercontent.com/satellite-image-deep-learning/techniques/master/README.md|source_line:1739|source_section:Cloud detection & removal|source:source_repo_link_audit|needs-review|link_url:https://github.com/toelt-llc/cloud_segmentation_comparative,0.35,source_repo_link_audit
source_benchmark_senseearth2020-changedetection_06d6eb98f8,,source_task_change-detection,Change detection,,SenseEarth2020-ChangeDetection,,,,,,,,source-derived,"Source-derived benchmark from satellite-image-deep-learning/techniques README section 'Change detection'. - SenseEarth2020-ChangeDetection -> 1st place solution to the Satellite Image Change Detection Challenge hosted by SenseTime; predictions of five HRNet-based segmentation models are ensembled, serving as pseudo labels of unchanged areas",source_repo:https://github.com/satellite-image-deep-learning/techniques|source_name:satellite-image-deep-learning/techniques|readme:https://raw.githubusercontent.com/satellite-image-deep-learning/techniques/master/README.md|source_line:1790|source_section:Change detection|source:source_repo_link_audit|needs-review|link_url:https://github.com/LiheYoung/SenseEarth2020-ChangeDetection,0.35,source_repo_link_audit
source_benchmark_github-for-the-diux-xview-detection-challenge_1af15ace71,,source_task_change-detection,Change detection,,GitHub for the DIUx xView Detection Challenge,,,,,,,,source-derived,Source-derived benchmark from satellite-image-deep-learning/techniques README section 'Change detection'. - GitHub for the DIUx xView Detection Challenge -> The xView2 Challenge focuses on automating the process of assessing building damage after a natural disaster,source_repo:https://github.com/satellite-image-deep-learning/techniques|source_name:satellite-image-deep-learning/techniques|readme:https://raw.githubusercontent.com/satellite-image-deep-learning/techniques/master/README.md|source_line:1804|source_section:Change detection|source:source_repo_link_audit|needs-review|link_url:https://github.com/DIUx-xView,0.35,source_repo_link_audit
source_benchmark_xview2-vulcan_6219bdc156,,source_task_change-detection,Change detection,,xView2_Vulcan,,,,,,,,source-derived,Source-derived benchmark from satellite-image-deep-learning/techniques README section 'Change detection'. - xView2_Vulcan -> Damage assessment using pre and post orthoimagery. Modified + productionized model based off the first-place model from the xView2 challenge.,source_repo:https://github.com/satellite-image-deep-learning/techniques|source_name:satellite-image-deep-learning/techniques|readme:https://raw.githubusercontent.com/satellite-image-deep-learning/techniques/master/README.md|source_line:1884|source_section:Change detection|source:source_repo_link_audit|needs-review|link_url:https://github.com/RitwikGupta/xView2-Vulcan,0.35,source_repo_link_audit
source_benchmark_satellite-image-forecasting_f3965c3c7e,,source_task_time-series,Time series,,satellite_image_forecasting,,,,,,,,source-derived,Source-derived benchmark from satellite-image-deep-learning/techniques README section 'Time series'. - satellite_image_forecasting -> predict future satellite images from past ones using features such as precipitation and elevation maps. Entry for the EarthNet2021 challenge,source_repo:https://github.com/satellite-image-deep-learning/techniques|source_name:satellite-image-deep-learning/techniques|readme:https://raw.githubusercontent.com/satellite-image-deep-learning/techniques/master/README.md|source_line:2101|source_section:Time series|source:source_repo_link_audit|needs-review|link_url:https://github.com/rudolfwilliam/satellite_image_forecasting,0.35,source_repo_link_audit
source_benchmark_earthnet2021_d6e656df6e,,source_task_time-series,Time series,,EarthNet2021,,,,,,,,source-derived,Source-derived benchmark from satellite-image-deep-learning/techniques README section 'Time series'. - satellite_image_forecasting -> predict future satellite images from past ones using features such as precipitation and elevation maps. Entry for the EarthNet2021 challenge,source_repo:https://github.com/satellite-image-deep-learning/techniques|source_name:satellite-image-deep-learning/techniques|readme:https://raw.githubusercontent.com/satellite-image-deep-learning/techniques/master/README.md|source_line:2101|source_section:Time series|source:source_repo_link_audit|needs-review|link_url:https://www.earthnet.tech/,0.35,source_repo_link_audit
source_benchmark_graph-dynamic-earth-net_d7a6444036,,source_task_time-series,Time series,,graph-dynamic-earth-net,,,,,,,,source-derived,Source-derived benchmark from satellite-image-deep-learning/techniques README section 'Time series'. - graph-dynamic-earth-net -> Graph Dynamic Earth Net: Spatio-Temporal Graph Benchmark for Satellite Image Time Series paper,source_repo:https://github.com/satellite-image-deep-learning/techniques|source_name:satellite-image-deep-learning/techniques|readme:https://raw.githubusercontent.com/satellite-image-deep-learning/techniques/master/README.md|source_line:2127|source_section:Time series|source:source_repo_link_audit|needs-review|link_url:https://github.com/corentin-dfg/graph-dynamic-earth-net,0.35,source_repo_link_audit
source_benchmark_model-ecaas-agrifieldnet-gold_5555309d0b,,source_task_crop-classification,Crop classification,,model_ecaas_agrifieldnet_gold,,,,,,,,source-derived,Source-derived benchmark from satellite-image-deep-learning/techniques README section 'Crop classification'. - model_ecaas_agrifieldnet_gold -> AgriFieldNet Model for Crop Types Detection. First place solution of the of the Zindi AgriFieldNet India Challenge for Crop Types Detection from Satellite Imagery.,source_repo:https://github.com/satellite-image-deep-learning/techniques|source_name:satellite-image-deep-learning/techniques|readme:https://raw.githubusercontent.com/satellite-image-deep-learning/techniques/master/README.md|source_line:2178|source_section:Crop classification|source:source_repo_link_audit|needs-review|link_url:https://github.com/radiantearth/model_ecaas_agrifieldnet_gold,0.35,source_repo_link_audit
source_benchmark_zindi-agrifieldnet-india-challenge_d34d4efea9,,source_task_crop-classification,Crop classification,,Zindi AgriFieldNet India Challenge,,,,,,,,source-derived,Source-derived benchmark from satellite-image-deep-learning/techniques README section 'Crop classification'. - model_ecaas_agrifieldnet_gold -> AgriFieldNet Model for Crop Types Detection. First place solution of the of the Zindi AgriFieldNet India Challenge for Crop Types Detection from Satellite Imagery.,source_repo:https://github.com/satellite-image-deep-learning/techniques|source_name:satellite-image-deep-learning/techniques|readme:https://raw.githubusercontent.com/satellite-image-deep-learning/techniques/master/README.md|source_line:2178|source_section:Crop classification|source:source_repo_link_audit|needs-review|link_url:https://zindi.africa/competitions/agrifieldnet-india-challenge,0.35,source_repo_link_audit
source_benchmark_building-segmentation-disaster-resilience_aa62562213,,source_task_disaster-response,Disaster response,,building-segmentation-disaster-resilience,,,,,,,,source-derived,Source-derived benchmark from satellite-image-deep-learning/techniques README section 'Disaster response'. - building-segmentation-disaster-resilience -> 2nd place solution in the Open Cities AI Challenge: Segmenting Buildings for Disaster Resilience,source_repo:https://github.com/satellite-image-deep-learning/techniques|source_name:satellite-image-deep-learning/techniques|readme:https://raw.githubusercontent.com/satellite-image-deep-learning/techniques/master/README.md|source_line:2329|source_section:Disaster response|source:source_repo_link_audit|needs-review|link_url:https://github.com/kbrodt/building-segmentation-disaster-resilience,0.35,source_repo_link_audit
source_benchmark_deepsum_36a3600a4e,,source_task_multi-image-super-resolution-misr,Multi image super-resolution (MISR),,deepsum,,,,,,,,source-derived,Source-derived benchmark from satellite-image-deep-learning/techniques README section 'Multi image super-resolution (MISR)'. - deepsum -> Deep neural network for Super-resolution of Unregistered Multitemporal images (ESA PROBA-V challenge),source_repo:https://github.com/satellite-image-deep-learning/techniques|source_name:satellite-image-deep-learning/techniques|readme:https://raw.githubusercontent.com/satellite-image-deep-learning/techniques/master/README.md|source_line:2373|source_section:Multi image super-resolution (MISR)|source:source_repo_link_audit|needs-review|link_url:https://github.com/diegovalsesia/deepsum,0.35,source_repo_link_audit
source_benchmark_tr-misr_4544999003,,source_task_multi-image-super-resolution-misr,Multi image super-resolution (MISR),,TR-MISR,,,,,,,,source-derived,Source-derived benchmark from satellite-image-deep-learning/techniques README section 'Multi image super-resolution (MISR)'. - TR-MISR -> Transformer-based MISR framework for the the PROBA-V super-resolution challenge. With paper,source_repo:https://github.com/satellite-image-deep-learning/techniques|source_name:satellite-image-deep-learning/techniques|readme:https://raw.githubusercontent.com/satellite-image-deep-learning/techniques/master/README.md|source_line:2379|source_section:Multi image super-resolution (MISR)|source:source_repo_link_audit|needs-review|link_url:https://github.com/Suanmd/TR-MISR,0.35,source_repo_link_audit
source_benchmark_probavref_5dcd9ce59e,,source_task_multi-image-super-resolution-misr,Multi image super-resolution (MISR),,ProbaVref,,,,,,,,source-derived,Source-derived benchmark from satellite-image-deep-learning/techniques README section 'Multi image super-resolution (MISR)'. - ProbaVref -> Repurposing the Proba-V challenge for reference-aware super resolution,source_repo:https://github.com/satellite-image-deep-learning/techniques|source_name:satellite-image-deep-learning/techniques|readme:https://raw.githubusercontent.com/satellite-image-deep-learning/techniques/master/README.md|source_line:2383|source_section:Multi image super-resolution (MISR)|source:source_repo_link_audit|needs-review|link_url:https://github.com/centreborelli/ProbaVref,0.35,source_repo_link_audit
source_benchmark_proba-v-super-resolution-challenge_c0e8407a83,,source_task_multi-image-super-resolution-misr,Multi image super-resolution (MISR),,proba-v-super-resolution-challenge,,,,,,,,source-derived,Source-derived benchmark from satellite-image-deep-learning/techniques README section 'Multi image super-resolution (MISR)'. - proba-v-super-resolution-challenge -> Solution to ESA's satellite imagery super resolution challenge,source_repo:https://github.com/satellite-image-deep-learning/techniques|source_name:satellite-image-deep-learning/techniques|readme:https://raw.githubusercontent.com/satellite-image-deep-learning/techniques/master/README.md|source_line:2397|source_section:Multi image super-resolution (MISR)|source:source_repo_link_audit|needs-review|link_url:https://github.com/cedricoeldorf/proba-v-super-resolution-challenge,0.35,source_repo_link_audit
source_benchmark_opensr-test_0f7aee5558,,source_task_single-image-super-resolution-sisr,Single image super-resolution (SISR),,OpenSR Test,,,,,,,,source-derived,Source-derived benchmark from satellite-image-deep-learning/techniques README section 'Single image super-resolution (SISR)'. - OpenSR Test -> A comprehensive benchmark for real-world Sentinel-2 imagery super-resolution,source_repo:https://github.com/satellite-image-deep-learning/techniques|source_name:satellite-image-deep-learning/techniques|readme:https://raw.githubusercontent.com/satellite-image-deep-learning/techniques/master/README.md|source_line:2491|source_section:Single image super-resolution (SISR)|source:source_repo_link_audit|needs-review|link_url:https://github.com/ESAOpenSR/opensr-test,0.35,source_repo_link_audit
source_benchmark_dlpan-toolbox_1f19ebad4b,,source_task_pansharpening,Pansharpening,,DLPan-Toolbox,,,,,,,,source-derived,"Source-derived benchmark from satellite-image-deep-learning/techniques README section 'Pansharpening'. - DLPan-Toolbox -> Machine Learning in Pansharpening: A Benchmark, from Shallow to Deep Networks",source_repo:https://github.com/satellite-image-deep-learning/techniques|source_name:satellite-image-deep-learning/techniques|readme:https://raw.githubusercontent.com/satellite-image-deep-learning/techniques/master/README.md|source_line:2600|source_section:Pansharpening|source:source_repo_link_audit|needs-review|link_url:https://github.com/liangjiandeng/DLPan-Toolbox,0.35,source_repo_link_audit
source_benchmark_rsi-mmsegmentation_6598ac7281,,source_task_data-fusion,Data fusion,,RSI-MMSegmentation,,,,,,,,source-derived,Source-derived benchmark from satellite-image-deep-learning/techniques README section 'Data fusion'. - RSI-MMSegmentation -> GAMUS: A Geometry-aware Multi-modal Semantic Segmentation Benchmark for Remote Sensing Data,source_repo:https://github.com/satellite-image-deep-learning/techniques|source_name:satellite-image-deep-learning/techniques|readme:https://raw.githubusercontent.com/satellite-image-deep-learning/techniques/master/README.md|source_line:2756|source_section:Data fusion|source:source_repo_link_audit|needs-review|link_url:https://github.com/EarthNets/RSI-MMSegmentation,0.35,source_repo_link_audit
source_benchmark_torchspatial_153423feb1,,source_task_autoencoders-dimensionality-reduction-image-embe,"Autoencoders, dimensionality reduction, image embeddings & similarity search",,TorchSpatial,,,,,,,,source-derived,"Source-derived benchmark from satellite-image-deep-learning/techniques README section 'Autoencoders, dimensionality reduction, image embeddings & similarity search'. - TorchSpatial -> A Location Encoding Framework and Benchmark for Spatial Representation Learning","source_repo:https://github.com/satellite-image-deep-learning/techniques|source_name:satellite-image-deep-learning/techniques|readme:https://raw.githubusercontent.com/satellite-image-deep-learning/techniques/master/README.md|source_line:2924|source_section:Autoencoders, dimensionality reduction, image embeddings & similarity search|source:source_repo_link_audit|needs-review|link_url:https://github.com/seai-lab/TorchSpatial",0.35,source_repo_link_audit
source_benchmark_temporal-mosaiks_7d24bc3020,,source_task_autoencoders-dimensionality-reduction-image-embe,"Autoencoders, dimensionality reduction, image embeddings & similarity search",,Temporal MOSAIKS,,,,,,,,source-derived,"Source-derived benchmark from satellite-image-deep-learning/techniques README section 'Autoencoders, dimensionality reduction, image embeddings & similarity search'. - Temporal MOSAIKS -> Embed2Scale Challenge 4th Place Solution (Training Free!)","source_repo:https://github.com/satellite-image-deep-learning/techniques|source_name:satellite-image-deep-learning/techniques|readme:https://raw.githubusercontent.com/satellite-image-deep-learning/techniques/master/README.md|source_line:2930|source_section:Autoencoders, dimensionality reduction, image embeddings & similarity search|source:source_repo_link_audit|needs-review|link_url:https://github.com/isaaccorley/temporal-mosaiks",0.35,source_repo_link_audit
source_benchmark_neuco-bench_7ea2ef807f,,source_task_autoencoders-dimensionality-reduction-image-embe,"Autoencoders, dimensionality reduction, image embeddings & similarity search",,NeuCo-Bench,,,,,,,,source-derived,"Source-derived benchmark from satellite-image-deep-learning/techniques README section 'Autoencoders, dimensionality reduction, image embeddings & similarity search'. - NeuCo-Bench -> a benchmarking framework for evaluating compressed embeddings on downstream tasks. Originally developed to evaluate challenge submissions for the 2025 EARTHVISION Challenge at CVPR","source_repo:https://github.com/satellite-image-deep-learning/techniques|source_name:satellite-image-deep-learning/techniques|readme:https://raw.githubusercontent.com/satellite-image-deep-learning/techniques/master/README.md|source_line:2938|source_section:Autoencoders, dimensionality reduction, image embeddings & similarity search|source:source_repo_link_audit|needs-review|link_url:https://github.com/embed2scale/NeuCo-Bench",0.35,source_repo_link_audit
source_benchmark_oem-fewshot-challenge_cd57dc4565,,source_task_few-zero-shot-learning,Few & zero shot learning,,OEM-Fewshot-Challenge,,,,,,,,source-derived,Source-derived benchmark from satellite-image-deep-learning/techniques README section 'Few & zero shot learning'. - OEM-Fewshot-Challenge -> OpenEarthMap Land Cover Mapping Few-Shot Challenge,source_repo:https://github.com/satellite-image-deep-learning/techniques|source_name:satellite-image-deep-learning/techniques|readme:https://raw.githubusercontent.com/satellite-image-deep-learning/techniques/master/README.md|source_line:3124|source_section:Few & zero shot learning|source:source_repo_link_audit|needs-review|link_url:https://github.com/cliffbb/OEM-Fewshot-Challenge,0.35,source_repo_link_audit
source_benchmark_segland_1001d67fd2,,source_task_few-zero-shot-learning,Few & zero shot learning,,SegLand,,,,,,,,source-derived,Source-derived benchmark from satellite-image-deep-learning/techniques README section 'Few & zero shot learning'. - SegLand -> Generalized Few-Shot Meets Remote Sensing: Discovering Novel Classes in Land Cover Mapping via Hybrid Semantic Segmentation Framework. 1st place in the OpenEarthMap Land Cover Mapping Few-Shot Challenge,source_repo:https://github.com/satellite-image-deep-learning/techniques|source_name:satellite-image-deep-learning/techniques|readme:https://raw.githubusercontent.com/satellite-image-deep-learning/techniques/master/README.md|source_line:3129|source_section:Few & zero shot learning|source:source_repo_link_audit|needs-review|link_url:https://github.com/LiZhuoHong/SegLand,0.35,source_repo_link_audit
source_benchmark_overhead-geopose-challenge_5fccb8cd9b,,source_task_terrain-mapping-disparity-estimation-lidar-dems,"Terrain mapping, Disparity Estimation, Lidar, DEMs & NeRF",,overhead-geopose-challenge,,,,,,,,source-derived,"Source-derived benchmark from satellite-image-deep-learning/techniques README section 'Terrain mapping, Disparity Estimation, Lidar, DEMs & NeRF'. - overhead-geopose-challenge -> competition to build computer vision algorithms that can effectively model the height and pose of ground objects for monocular satellite images taken from oblique angles. Blog post MEET THE WINNERS OF THE OVERHEAD GEOPOSE CHALLENGE","source_repo:https://github.com/satellite-image-deep-learning/techniques|source_name:satellite-image-deep-learning/techniques|readme:https://raw.githubusercontent.com/satellite-image-deep-learning/techniques/master/README.md|source_line:3464|source_section:Terrain mapping, Disparity Estimation, Lidar, DEMs & NeRF|source:source_repo_link_audit|needs-review|link_url:https://www.drivendata.org/competitions/78/overhead-geopose-challenge/",0.35,source_repo_link_audit
source_benchmark_meet-the-winners-of-the-overhead-geopose-challenge_72c65a0aaf,,source_task_terrain-mapping-disparity-estimation-lidar-dems,"Terrain mapping, Disparity Estimation, Lidar, DEMs & NeRF",,MEET THE WINNERS OF THE OVERHEAD GEOPOSE CHALLENGE,,,,,,,,source-derived,"Source-derived benchmark from satellite-image-deep-learning/techniques README section 'Terrain mapping, Disparity Estimation, Lidar, DEMs & NeRF'. - overhead-geopose-challenge -> competition to build computer vision algorithms that can effectively model the height and pose of ground objects for monocular satellite images taken from oblique angles. Blog post MEET THE WINNERS OF THE OVERHEAD GEOPOSE CHALLENGE","source_repo:https://github.com/satellite-image-deep-learning/techniques|source_name:satellite-image-deep-learning/techniques|readme:https://raw.githubusercontent.com/satellite-image-deep-learning/techniques/master/README.md|source_line:3464|source_section:Terrain mapping, Disparity Estimation, Lidar, DEMs & NeRF|source:source_repo_link_audit|needs-review|link_url:https://www.drivendata.co/blog/overhead-geopose-challenge-winners/",0.35,source_repo_link_audit
source_benchmark_spacenet-sar-buildings-solutions_04677d8bba,,source_task_sar,SAR,,SpaceNet_SAR_Buildings_Solutions,,,,,,,,source-derived,Source-derived benchmark from satellite-image-deep-learning/techniques README section 'SAR'. - SpaceNet_SAR_Buildings_Solutions -> The winning solutions for the SpaceNet 6 Challenge,source_repo:https://github.com/satellite-image-deep-learning/techniques|source_name:satellite-image-deep-learning/techniques|readme:https://raw.githubusercontent.com/satellite-image-deep-learning/techniques/master/README.md|source_line:3542|source_section:SAR|source:source_repo_link_audit|needs-review|link_url:https://github.com/SpaceNetChallenge/SpaceNet_SAR_Buildings_Solutions,0.35,source_repo_link_audit
source_benchmark_geo-bench_660994df4b,,source_task_foundational-models,Foundational models,,geo-bench,,,,,,,,source-derived,Source-derived benchmark from satellite-image-deep-learning/techniques README section 'Foundational models'. - geo-bench -> a General Earth Observation benchmark for evaluating the performances of large pre-trained models on geospatial data,source_repo:https://github.com/satellite-image-deep-learning/techniques|source_name:satellite-image-deep-learning/techniques|readme:https://raw.githubusercontent.com/satellite-image-deep-learning/techniques/master/README.md|source_line:3797|source_section:Foundational models|source:source_repo_link_audit|needs-review|link_url:https://github.com/ServiceNow/geo-bench,0.35,source_repo_link_audit
source_benchmark_fomo-bench_99cf5c7358,,source_task_foundational-models,Foundational models,,FoMo-Bench,,,,,,,,source-derived,"Source-derived benchmark from satellite-image-deep-learning/techniques README section 'Foundational models'. - FoMo-Bench -> a multi-modal, multi-scale and multi-task Forest Monitoring Benchmark for remote sensing foundation models",source_repo:https://github.com/satellite-image-deep-learning/techniques|source_name:satellite-image-deep-learning/techniques|readme:https://raw.githubusercontent.com/satellite-image-deep-learning/techniques/master/README.md|source_line:3809|source_section:Foundational models|source:source_repo_link_audit|needs-review|link_url:https://github.com/RolnickLab/FoMo-Bench,0.35,source_repo_link_audit
source_benchmark_open-energy-benchmark_9fac1b9265,,source_task_energy-system-modeling-frameworks,Energy System Modeling Frameworks,,Open Energy Benchmark,,,,,,,,source-derived,"Source-derived benchmark from protontypes/open-sustainable-technology README section 'Energy System Modeling Frameworks'. - Open Energy Benchmark - This repository contains code for benchmarking optimization solvers on problems from the energy planning domain, and an interactive website for analyzing the results.",source_repo:https://github.com/protontypes/open-sustainable-technology|source_name:protontypes/open-sustainable-technology|readme:https://raw.githubusercontent.com/protontypes/open-sustainable-technology/main/README.md|source_line:530|source_section:Energy System Modeling Frameworks|source:source_repo_link_audit|needs-review|link_url:https://github.com/open-energy-transition/solver-benchmark,0.35,source_repo_link_audit
source_benchmark_power-grid-lib_2a052332a5,,source_task_grid-analysis-and-planning,Grid Analysis and Planning,,Power Grid Lib,,,,,,,,source-derived,Source-derived benchmark from protontypes/open-sustainable-technology README section 'Grid Analysis and Planning'. - Power Grid Lib - This benchmark library is curated and maintained by the IEEE PES Task Force on Benchmarks for Validation of Emerging Power System Algorithms and is designed to evaluate a well established version of the AC Optimal Power Flow problem.,source_repo:https://github.com/protontypes/open-sustainable-technology|source_name:protontypes/open-sustainable-technology|readme:https://raw.githubusercontent.com/protontypes/open-sustainable-technology/main/README.md|source_line:656|source_section:Grid Analysis and Planning|source:source_repo_link_audit|needs-review|link_url:https://github.com/power-grid-lib/pglib-opf,0.35,source_repo_link_audit
source_benchmark_osembe-ecemf_70c05c2376,,source_task_global-and-regional-energy-system-models,Global and Regional Energy System Models,,OSeMBE_ECEMF,,,,,,,,source-derived,"Source-derived benchmark from protontypes/open-sustainable-technology README section 'Global and Regional Energy System Models'. - OSeMBE_ECEMF - Contains the energy future scenarios modelled in OSeMBE as part of the ECEMF project, which brings together energy and climate researchers and policy makers to address the central challenge of our time - how to achieve climate neutrality.",source_repo:https://github.com/protontypes/open-sustainable-technology|source_name:protontypes/open-sustainable-technology|readme:https://raw.githubusercontent.com/protontypes/open-sustainable-technology/main/README.md|source_line:739|source_section:Global and Regional Energy System Models|source:source_repo_link_audit|needs-review|link_url:https://github.com/KTH-dESA/OSeMBE_ECEMF,0.35,source_repo_link_audit
source_benchmark_energy-languages_e239fcf3c4,,source_task_computation-and-communication,Computation and Communication,,Energy-Languages,,,,,,,,source-derived,"Source-derived benchmark from protontypes/open-sustainable-technology README section 'Computation and Communication'. - Energy-Languages - The complete set of tools for energy consumption analysis of programming languages, using Computer Language Benchmark Game.",source_repo:https://github.com/protontypes/open-sustainable-technology|source_name:protontypes/open-sustainable-technology|readme:https://raw.githubusercontent.com/protontypes/open-sustainable-technology/main/README.md|source_line:991|source_section:Computation and Communication|source:source_repo_link_audit|needs-review|link_url:https://github.com/greensoftwarelab/Energy-Languages,0.35,source_repo_link_audit
source_benchmark_mitgcm-jl_1856a765f3,,source_task_ocean-models,Ocean Models,,MITgcm.jl,,,,,,,,source-derived,"Source-derived benchmark from protontypes/open-sustainable-technology README section 'Ocean Models'. - MITgcm.jl - Julia interface to MITgcm that allows user not only to analyze model output, but also to download the source code, build the model executable, modify run-time parameters, run model simulations, or verify model results against a benchmark.",source_repo:https://github.com/protontypes/open-sustainable-technology|source_name:protontypes/open-sustainable-technology|readme:https://raw.githubusercontent.com/protontypes/open-sustainable-technology/main/README.md|source_line:2202|source_section:Ocean Models|source:source_repo_link_audit|needs-review|link_url:https://github.com/gaelforget/MITgcm.jl,0.35,source_repo_link_audit
source_benchmark_chaosbench_659a8de3b0,,source_task_earth-and-climate-modeling,Earth and Climate Modeling,,ChaosBench,,,,,,,,source-derived,Source-derived benchmark from protontypes/open-sustainable-technology README section 'Earth and Climate Modeling'. - ChaosBench - A benchmark project to improve and extend the predictability range of deep weather emulators to the subseasonal-to-seasonal (S2S) scale.,source_repo:https://github.com/protontypes/open-sustainable-technology|source_name:protontypes/open-sustainable-technology|readme:https://raw.githubusercontent.com/protontypes/open-sustainable-technology/main/README.md|source_line:2643|source_section:Earth and Climate Modeling|source:source_repo_link_audit|needs-review|link_url:https://github.com/leap-stc/ChaosBench,0.35,source_repo_link_audit
source_benchmark_openclimate_893c493d8a,,source_task_knowledge-platforms,Knowledge Platforms,,OpenClimate,,,,,,,,source-derived,"Source-derived benchmark from protontypes/open-sustainable-technology README section 'Knowledge Platforms'. - OpenClimate - An open source initiative exploring the application of distributed ledger technology and other emerging technologies, such as IoT, big data and machine learning, to the challenge of helping the world keep a transparent climate accounting system towards the climate targets.",source_repo:https://github.com/protontypes/open-sustainable-technology|source_name:protontypes/open-sustainable-technology|readme:https://raw.githubusercontent.com/protontypes/open-sustainable-technology/main/README.md|source_line:3288|source_section:Knowledge Platforms|source:source_repo_link_audit|needs-review|link_url:https://github.com/YaleOpenLab/openclimate-demo,0.35,source_repo_link_audit
source_benchmark_a-multi-view-stereo-benchmark-with-high-resolution_96745859ee,,source_task_mvs-point-cloud-surface-accuracy,MVS - Point Cloud - Surface accuracy,,A Multi-View Stereo Benchmark with High-Resolution Images and Multi-Camera Videos in Unstructured Scenes,,,,,,,,source-derived,"Source-derived benchmark from openMVG/awesome_3DReconstruction_list README section 'MVS - Point Cloud - Surface accuracy'. A Multi-View Stereo Benchmark with High-Resolution Images and Multi-Camera Videos in Unstructured Scenes, T. Schöps, J. L. Schönberger, S. Galiani, T. Sattler, K. Schindler, M. Pollefeys, A. Geiger,. CVPR 2017.",source_repo:https://github.com/openMVG/awesome_3DReconstruction_list|source_name:openMVG/awesome_3DReconstruction_list|readme:https://raw.githubusercontent.com/openMVG/awesome_3DReconstruction_list/master/readme.md|source_line:502|source_section:MVS - Point Cloud - Surface accuracy|source:source_repo_link_audit|needs-review|link_url:http://people.inf.ethz.ch/sattlert/publications/Schoeps2017CVPR.pdf,0.35,source_repo_link_audit
source_benchmark_project_68a647a7f7,,source_task_feedforward-recon,Feedforward Recon,,project,,,,,,,,source-derived,"Source-derived benchmark from PolySummit/Awesome-3D-Reconstruction-and-Generation README section 'Feedforward Recon'. | Depth Anything 3: Recovering the Visual Space from Any Views AbstractWe present Depth Anything 3 (DA3), a model that predicts spatially consistent geometry from an arbitrary number of visual inputs, with or without known camera poses. In pursuit of minimal modeling, DA3 yields two key insights: a single plain transformer (e.g., vanilla DINO encoder) is sufficient as a backbone without architectural specialization, and a singular depth-ray prediction target obviates the need for complex multi-task learning. Through our teacher-student training paradigm, the model achieves a level of detail an",source_repo:https://github.com/PolySummit/Awesome-3D-Reconstruction-and-Generation|source_name:PolySummit/Awesome-3D-Reconstruction-and-Generation|readme:https://raw.githubusercontent.com/PolySummit/Awesome-3D-Reconstruction-and-Generation/main/README.md|source_line:37|source_section:Feedforward Recon|source:source_repo_link_audit|needs-review|link_url:https://depth-anything-3.github.io/,0.35,source_repo_link_audit
source_benchmark_project_1216940cff,,source_task_efficient-3d-vision-transformers,Efficient 3D Vision Transformers,,project,,,,,,,,source-derived,"Source-derived benchmark from PolySummit/Awesome-3D-Reconstruction-and-Generation README section 'Efficient 3D Vision Transformers'. | FastVGGT: Training-Free Acceleration of Visual Geometry Transformer AbstractFoundation models for 3D vision have recently demon- strated remarkable capabilities in 3D perception. How- ever, scaling these models to long-sequence image inputs remains a significant challenge due to inference-time in- *Corresponding Author. efficiency. In this work, we present a detailed analysis of VGGT, a state-of-the-art feed-forward visual geometry model and identify its primary bottleneck. Visualization fur- ther reveals a token collapse phenomenon in the attention maps. Motivated by these findings, we expl",source_repo:https://github.com/PolySummit/Awesome-3D-Reconstruction-and-Generation|source_name:PolySummit/Awesome-3D-Reconstruction-and-Generation|readme:https://raw.githubusercontent.com/PolySummit/Awesome-3D-Reconstruction-and-Generation/main/README.md|source_line:74|source_section:Efficient 3D Vision Transformers|source:source_repo_link_audit|needs-review|link_url:https://mystorm16.github.io/fastvggt/,0.35,source_repo_link_audit
source_benchmark_this-https-url_c2c9d09084,,source_task_7-inserf-text-driven-generative-object-insertion,7. InseRF: Text-Driven Generative Object Insertion in Neural 3D Scenes [arxiv 2024.01],,this https URL,,,,,,,,source-derived,"Source-derived benchmark from mdyao/Awesome-3D-AIGC README section '7. InseRF: Text-Driven Generative Object Insertion in Neural 3D Scenes [arxiv 2024.01]'. We introduce InseRF, a novel method for generative object insertion in the NeRF reconstructions of 3D scenes. Based on a user-provided textual description and a 2D bounding box in a reference viewpoint, InseRF generates new objects in 3D scenes. Recently, methods for 3D scene editing have been profoundly transformed, owing to the use of strong priors of text-to-image diffusion models in 3D generative modeling. Existing methods are mostly effective in editing 3D scenes via style and appearance changes or removing existing objects. Generating new objects, however, remains a challenge for such me",source_repo:https://github.com/mdyao/Awesome-3D-AIGC|source_name:mdyao/Awesome-3D-AIGC|readme:https://raw.githubusercontent.com/mdyao/Awesome-3D-AIGC/main/README.md|source_line:892|source_section:7. InseRF: Text-Driven Generative Object Insertion in Neural 3D Scenes [arxiv 2024.01]|source:source_repo_link_audit|needs-review|link_url:https://mohamad-shahbazi.github.io/inserf,0.35,source_repo_link_audit
hannah_benchmark_fields-of-the-world,,task_agricultural-field-boundary-segmentation,Agricultural field boundary segmentation,hannah_dataset_fields-of-the-world,fields-of-the-world,,,,,,,,source-derived,"Global field-boundary benchmark, pretrained models, web explorer, and CLI.",Hannah Kerner website code_data.yml; https://hannah-rae.github.io/#code; https://github.com/fieldsoftheworld/ftw-baselines,0.60,website_yaml_import
hannah_benchmark_mars-bench,,task_mars-science-task-evaluation,Mars science task evaluation,hannah_dataset_mars-bench,mars-bench,,,,,,,,source-derived,First benchmark for evaluating foundation models on Mars science tasks.,Hannah Kerner website code_data.yml; https://hannah-rae.github.io/#code; https://github.com/kerner-lab/Mars-Bench,0.60,website_yaml_import
dirs_benchmark_scene-classification_uc-merced_overall_accuracy_unspecified,paper_2021_dirs_million_aid,task_scene_classification,Scene classification,paper-candidate/ucmerced,UC-Merced,overall_accuracy,Overall Accuracy,OA,true,,,,source-derived,"DiRS benchmark table entry. #Cat.: 21; #Images per cat.: 100; #Images: 2,100; Resolution (m): 0.3; Image size: 256×256; GL/IT/SP: ✗✗✗; Year: 2010",https://captain-whu.github.io/DiRS/,0.70,manual_dirs_table_import
dirs_benchmark_scene-classification_whu-rs19_overall_accuracy_unspecified,paper_2021_dirs_million_aid,task_scene_classification,Scene classification,paper-candidate/whu-rs19,WHU-RS19,overall_accuracy,Overall Accuracy,OA,true,,,,source-derived,"DiRS benchmark table entry. #Cat.: 19; #Images per cat.: 50 to 61; #Images: 1,013; Resolution (m): up to 0.5; Image size: 600×600; GL/IT/SP: ✗✗✗; Year: 2012",https://captain-whu.github.io/DiRS/,0.70,manual_dirs_table_import
dirs_benchmark_scene-classification_rsscn7_overall_accuracy_unspecified,paper_2021_dirs_million_aid,task_scene_classification,Scene classification,source/satellite-image-deep-learning-datasets/rsscn7-a9d59426,RSSCN7,overall_accuracy,Overall Accuracy,OA,true,,,,source-derived,"DiRS benchmark table entry. #Cat.: 7; #Images per cat.: 400; #Images: 2,800; Resolution (m): --; Image size: 400×400; GL/IT/SP: ✗✗✗; Year: 2015",https://captain-whu.github.io/DiRS/,0.70,manual_dirs_table_import
dirs_benchmark_scene-classification_sat-4_overall_accuracy_unspecified,paper_2021_dirs_million_aid,task_scene_classification,Scene classification,source/satellite-image-deep-learning-datasets/sat4,SAT-4,overall_accuracy,Overall Accuracy,OA,true,,,,source-derived,"DiRS benchmark table entry. #Cat.: 4; #Images per cat.: 89,963 to 178,034; #Images: 500,000; Resolution (m): 1 to 6; Image size: 28×28; GL/IT/SP: ✗✗✗; Year: 2015",https://captain-whu.github.io/DiRS/,0.70,manual_dirs_table_import
dirs_benchmark_scene-classification_sat-6_overall_accuracy_unspecified,paper_2021_dirs_million_aid,task_scene_classification,Scene classification,source/satellite-image-deep-learning-datasets/sat6,SAT-6,overall_accuracy,Overall Accuracy,OA,true,,,,source-derived,"DiRS benchmark table entry. #Cat.: 6; #Images per cat.: 10,262 to 150,400; #Images: 405,000; Resolution (m): 1 to 6; Image size: 28×28; GL/IT/SP: ✗✗✗; Year: 2015",https://captain-whu.github.io/DiRS/,0.70,manual_dirs_table_import
dirs_benchmark_scene-classification_bcs_overall_accuracy_unspecified,paper_2021_dirs_million_aid,task_scene_classification,Scene classification,scene-classification/brazilian-coffee-scenes,BCS,overall_accuracy,Overall Accuracy,OA,true,,,,source-derived,"DiRS benchmark table entry. #Cat.: 2; #Images per cat.: 1,438; #Images: 2,876; Resolution (m): --; Image size: 600×600; GL/IT/SP: ✗✗✗; Year: 2015",https://captain-whu.github.io/DiRS/,0.70,manual_dirs_table_import
dirs_benchmark_scene-classification_rsc11_overall_accuracy_unspecified,paper_2021_dirs_million_aid,task_scene_classification,Scene classification,scene-classification/rsc11,RSC11,overall_accuracy,Overall Accuracy,OA,true,,,,source-derived,"DiRS benchmark table entry. #Cat.: 11; #Images per cat.: ~100; #Images: 1,232; Resolution (m): ~0.2; Image size: 512×512; GL/IT/SP: ✗✗✗; Year: 2016",https://captain-whu.github.io/DiRS/,0.70,manual_dirs_table_import
dirs_benchmark_scene-classification_siri-whu_overall_accuracy_unspecified,paper_2021_dirs_million_aid,task_scene_classification,Scene classification,source/visionxlab-awesome-rs-vl-data/siri-whu-98cf5984,SIRI-WHU,overall_accuracy,Overall Accuracy,OA,true,,,,source-derived,"DiRS benchmark table entry. #Cat.: 12; #Images per cat.: 200; #Images: 2,400; Resolution (m): 2; Image size: 200×200; GL/IT/SP: ✗✗✗; Year: 2016",https://captain-whu.github.io/DiRS/,0.70,manual_dirs_table_import
dirs_benchmark_scene-classification_nwpu-resisc45_overall_accuracy_unspecified,paper_2021_dirs_million_aid,task_scene_classification,Scene classification,source/lzw-lzw-awesome-remote-sensing-vision-lang/nwpu-resisc45-67ba95b0,NWPU-RESISC45,overall_accuracy,Overall Accuracy,OA,true,,,,source-derived,"DiRS benchmark table entry. #Cat.: 45; #Images per cat.: 700; #Images: 31,500; Resolution (m): 0.2 to 30; Image size: 256×256; GL/IT/SP: ✗✗✗; Year: 2016",https://captain-whu.github.io/DiRS/,0.70,manual_dirs_table_import
dirs_benchmark_scene-classification_aid_overall_accuracy_unspecified,paper_2021_dirs_million_aid,task_scene_classification,Scene classification,source/lzw-lzw-awesome-remote-sensing-vision-lang/aid-b2faf4b8,AID,overall_accuracy,Overall Accuracy,OA,true,,,,source-derived,"DiRS benchmark table entry. #Cat.: 30; #Images per cat.: 220 to 420; #Images: 10,000; Resolution (m): 0.5 to 8; Image size: 600×600; GL/IT/SP: ✗✗✗; Year: 2017",https://captain-whu.github.io/DiRS/,0.70,manual_dirs_table_import
dirs_benchmark_scene-classification_rsi-cb128_overall_accuracy_unspecified,paper_2021_dirs_million_aid,task_scene_classification,Scene classification,scene-classification/rsi-cb128,RSI-CB128,overall_accuracy,Overall Accuracy,OA,true,,,,source-derived,"DiRS benchmark table entry. #Cat.: 45; #Images per cat.: 173 to; #Images: 36,000; Resolution (m): 0.3 to 3; Image size: 128×128; GL/IT/SP: ✗✗✗; Year: 2017",https://captain-whu.github.io/DiRS/,0.70,manual_dirs_table_import
dirs_benchmark_scene-classification_rsi-cb256_overall_accuracy_unspecified,paper_2021_dirs_million_aid,task_scene_classification,Scene classification,scene-classification/rsi-cb256,RSI-CB256,overall_accuracy,Overall Accuracy,OA,true,,,,source-derived,"DiRS benchmark table entry. #Cat.: 35; #Images per cat.: 1,550; #Images: 24,000; Resolution (m): 0.3 to 3; Image size: 256×256; GL/IT/SP: ✗✗✗; Year: 2017",https://captain-whu.github.io/DiRS/,0.70,manual_dirs_table_import
dirs_benchmark_scene-classification_planet-uas_overall_accuracy_unspecified,paper_2021_dirs_million_aid,task_scene_classification,Scene classification,scene-classification/planet-uas,Planet-UAS,overall_accuracy,Overall Accuracy,OA,true,,,,source-derived,"DiRS benchmark table entry. #Cat.: 17; #Images per cat.: 198 to 1,331; #Images: 40,408; Resolution (m): 3 to 5; Image size: 256×256; GL/IT/SP: ✓✓✓; Year: 2017",https://captain-whu.github.io/DiRS/,0.70,manual_dirs_table_import
dirs_benchmark_scene-classification_rsd46-whu_overall_accuracy_unspecified,paper_2021_dirs_million_aid,task_scene_classification,Scene classification,source/visionxlab-awesome-rs-vl-data/rsd46-whu-484516a8,RSD46-WHU,overall_accuracy,Overall Accuracy,OA,true,,,,source-derived,"DiRS benchmark table entry. #Cat.: 46; #Images per cat.: --; #Images: 117,000; Resolution (m): 0.5 to 2; Image size: 256×256; GL/IT/SP: ✗✗✗; Year: 2017",https://captain-whu.github.io/DiRS/,0.70,manual_dirs_table_import
dirs_benchmark_scene-classification_masati_overall_accuracy_unspecified,paper_2021_dirs_million_aid,task_scene_classification,Scene classification,scene-classification/masati,MASATI,overall_accuracy,Overall Accuracy,OA,true,,,,source-derived,"DiRS benchmark table entry. #Cat.: 7; #Images per cat.: 500 to 3,000; #Images: 7,389; Resolution (m): --; Image size: 512×512; GL/IT/SP: ✗✗✗; Year: 2018",https://captain-whu.github.io/DiRS/,0.70,manual_dirs_table_import
dirs_benchmark_scene-classification_eurosat_overall_accuracy_unspecified,paper_2021_dirs_million_aid,task_scene_classification,Scene classification,source/polyx-research-awesome-remote-sensing-agen/eurosat-7e7112bb,EuroSAT,overall_accuracy,Overall Accuracy,OA,true,,,,source-derived,"DiRS benchmark table entry. #Cat.: 10; #Images per cat.: 304 to 1,789; #Images: 27,000; Resolution (m): 10; Image size: 64×64; GL/IT/SP: ✓✓✓; Year: 2018",https://captain-whu.github.io/DiRS/,0.70,manual_dirs_table_import
dirs_benchmark_scene-classification_patternnet_overall_accuracy_unspecified,paper_2021_dirs_million_aid,task_scene_classification,Scene classification,source/visionxlab-awesome-rs-vl-data/patternnet-967e4676,PatternNet,overall_accuracy,Overall Accuracy,OA,true,,,,source-derived,"DiRS benchmark table entry. #Cat.: 38; #Images per cat.: 2,000 to 3,000; #Images: 30,400; Resolution (m): 0.06 to 4.7; Image size: 256×256; GL/IT/SP: ✗✗✗; Year: 2018",https://captain-whu.github.io/DiRS/,0.70,manual_dirs_table_import
dirs_benchmark_scene-classification_fmow_overall_accuracy_unspecified,paper_2021_dirs_million_aid,task_scene_classification,Scene classification,source/jack-bo1220-awesome-remote-sensing-foundat/fmow-adc04415,fMoW,overall_accuracy,Overall Accuracy,OA,true,,,,source-derived,"DiRS benchmark table entry. #Cat.: 62; #Images per cat.: 800; #Images: 132,716; Resolution (m): 0.5; Image size: 74×58 to 16184×16288; GL/IT/SP: ✓✓✓; Year: 2018",https://captain-whu.github.io/DiRS/,0.70,manual_dirs_table_import
dirs_benchmark_scene-classification_wids-datathon-2019_overall_accuracy_unspecified,paper_2021_dirs_million_aid,task_scene_classification,Scene classification,scene-classification/wids-datathon-2019,WiDS Datathon 2019,overall_accuracy,Overall Accuracy,OA,true,,,,source-derived,"DiRS benchmark table entry. #Cat.: 2; #Images per cat.: --; #Images: 20,000; Resolution (m): 3; Image size: 256×256; GL/IT/SP: ✗✗✗; Year: 2019",https://captain-whu.github.io/DiRS/,0.70,manual_dirs_table_import
dirs_benchmark_scene-classification_optimal-31_overall_accuracy_unspecified,paper_2021_dirs_million_aid,task_scene_classification,Scene classification,source/visionxlab-awesome-rs-vl-data/optimal31-01fa2d21,Optimal-31,overall_accuracy,Overall Accuracy,OA,true,,,,source-derived,"DiRS benchmark table entry. #Cat.: 31; #Images per cat.: --; #Images: 1,860; Resolution (m): --; Image size: 256×256; GL/IT/SP: ✗✗✗; Year: 2019",https://captain-whu.github.io/DiRS/,0.70,manual_dirs_table_import
dirs_benchmark_scene-classification_bigearthnet_overall_accuracy_unspecified,paper_2021_dirs_million_aid,task_scene_classification,Scene classification,BigEarthNet,BigEarthNet,overall_accuracy,Overall Accuracy,OA,true,,,,source-derived,"DiRS benchmark table entry. #Cat.: 43; #Images per cat.: 60; #Images: 590,326; Resolution (m): 10,20,60; Image size: 20×20,60×60,120×120; GL/IT/SP: ✓✓✓; Year: 2019",https://captain-whu.github.io/DiRS/,0.70,manual_dirs_table_import
dirs_benchmark_scene-classification_clrs_overall_accuracy_unspecified,paper_2021_dirs_million_aid,task_scene_classification,Scene classification,source/visionxlab-awesome-rs-vl-data/clrs-73a368b6,CLRS,overall_accuracy,Overall Accuracy,OA,true,,,,source-derived,"DiRS benchmark table entry. #Cat.: 25; #Images per cat.: 328 to 217,119; #Images: 15,000; Resolution (m): 0.26 to 8.85; Image size: 256×256; GL/IT/SP: ✗✗✗; Year: 2020",https://captain-whu.github.io/DiRS/,0.70,manual_dirs_table_import
dirs_benchmark_scene-classification_mlrsn_overall_accuracy_unspecified,paper_2021_dirs_million_aid,task_scene_classification,Scene classification,dirs/scene-classification/mlrsn,MLRSN,overall_accuracy,Overall Accuracy,OA,true,,,,source-derived,"DiRS benchmark table entry. #Cat.: 46; #Images per cat.: 600; #Images: 109,161; Resolution (m): 0.1 to 10; Image size: 256×256; GL/IT/SP: ✗✗✗; Year: 2020",https://captain-whu.github.io/DiRS/,0.70,manual_dirs_table_import
dirs_benchmark_object-detection_tas_mean_average_precision_unspecified,paper_2021_dirs_million_aid,task_object_detection,Object detection,dirs/object-detection/tas,TAS,mean_average_precision,Mean Average Precision,mAP,true,,,,source-derived,"DiRS benchmark table entry. #Annot.: HBB; #Cat.: 1; #Instances: 1,319; #Images: 30; Resolution (m): --; Image width: 792; GL/IT/SP: ✗✗✗; Year: 2008",https://captain-whu.github.io/DiRS/,0.70,manual_dirs_table_import
dirs_benchmark_object-detection_orids_mean_average_precision_unspecified,paper_2021_dirs_million_aid,task_object_detection,Object detection,dirs/object-detection/orids,ORIDS,mean_average_precision,Mean Average Precision,mAP,true,,,,source-derived,"DiRS benchmark table entry. #Annot.: OBB; #Cat.: 5; #Instances: 1,800; #Images: 900; Resolution (m): up to 0.08; Image width: 256 to 640; GL/IT/SP: ✓✓✓; Year: 2009",https://captain-whu.github.io/DiRS/,0.70,manual_dirs_table_import
dirs_benchmark_object-detection_sztaki-inria_mean_average_precision_unspecified,paper_2021_dirs_million_aid,task_object_detection,Object detection,dirs/object-detection/sztaki-inria,SZTAKI-INRIA,mean_average_precision,Mean Average Precision,mAP,true,,,,source-derived,DiRS benchmark table entry. #Annot.: OBB; #Cat.: 1; #Instances: 665; #Images: 9; Resolution (m): --; Image width: ~800; GL/IT/SP: ✗✗✗; Year: 2012,https://captain-whu.github.io/DiRS/,0.70,manual_dirs_table_import
dirs_benchmark_object-detection_nwpu-vhr10_mean_average_precision_unspecified,paper_2021_dirs_million_aid,task_object_detection,Object detection,source/lzw-lzw-awesome-remote-sensing-vision-lang/nwpu-vhr-10-3de96172,NWPU-VHR10,mean_average_precision,Mean Average Precision,mAP,true,,,,source-derived,"DiRS benchmark table entry. #Annot.: HBB; #Cat.: 10; #Instances: 3,651; #Images: 800; Resolution (m): 0.08 to 2; Image width: ~1,000; GL/IT/SP: ✗✗✗; Year: 2014",https://captain-whu.github.io/DiRS/,0.70,manual_dirs_table_import
dirs_benchmark_object-detection_dlr-mvda_mean_average_precision_unspecified,paper_2021_dirs_million_aid,task_object_detection,Object detection,dirs/object-detection/dlr-mvda,DLR-MVDA,mean_average_precision,Mean Average Precision,mAP,true,,,,source-derived,"DiRS benchmark table entry. #Annot.: OBB; #Cat.: 2; #Instances: 14,235; #Images: 20; Resolution (m): 0.13; Image width: 5,616; GL/IT/SP: ✗✗✓; Year: 2015",https://captain-whu.github.io/DiRS/,0.70,manual_dirs_table_import
dirs_benchmark_object-detection_ucas-aod_mean_average_precision_unspecified,paper_2021_dirs_million_aid,task_object_detection,Object detection,source/visionxiang-awesome-object-detection-in-ae/ucas-aod-0fa5ce45,UCAS-AOD,mean_average_precision,Mean Average Precision,mAP,true,,,,source-derived,"DiRS benchmark table entry. #Annot.: OBB; #Cat.: 2; #Instances: 14,596; #Images: 1,510; Resolution (m): --; Image width: ~1,000; GL/IT/SP: ✗✗✗; Year: 2015",https://captain-whu.github.io/DiRS/,0.70,manual_dirs_table_import
dirs_benchmark_object-detection_vedai_mean_average_precision_unspecified,paper_2021_dirs_million_aid,task_object_detection,Object detection,source/visionxiang-awesome-object-detection-in-ae/vedai-95124722,VEDAI,mean_average_precision,Mean Average Precision,mAP,true,,,,source-derived,"DiRS benchmark table entry. #Annot.: OBB; #Cat.: 9; #Instances: 3,640; #Images: 1,210; Resolution (m): 0.125; Image width: 512/1,024; GL/IT/SP: ✓✗✗; Year: 2016",https://captain-whu.github.io/DiRS/,0.70,manual_dirs_table_import
dirs_benchmark_object-detection_cowc_mean_average_precision_unspecified,paper_2021_dirs_million_aid,task_object_detection,Object detection,dirs/object-detection/cowc,COWC,mean_average_precision,Mean Average Precision,mAP,true,,,,source-derived,"DiRS benchmark table entry. #Annot.: CP; #Cat.: 1; #Instances: 32,716; #Images: 53; Resolution (m): 0.15; Image width: 2,000 to 19,000; GL/IT/SP: ✓✗✗; Year: 2016",https://captain-whu.github.io/DiRS/,0.70,manual_dirs_table_import
dirs_benchmark_object-detection_hrsc2016_mean_average_precision_unspecified,paper_2021_dirs_million_aid,task_object_detection,Object detection,source/visionxiang-awesome-object-detection-in-ae/hrsc2016-49a92187,HRSC2016,mean_average_precision,Mean Average Precision,mAP,true,,,,source-derived,"DiRS benchmark table entry. #Annot.: OBB; #Cat.: 26; #Instances: 2,976; #Images: 1,061; Resolution (m): --; Image width: ~1,100; GL/IT/SP: ✗✗✗; Year: 2016",https://captain-whu.github.io/DiRS/,0.70,manual_dirs_table_import
dirs_benchmark_object-detection_rsod_mean_average_precision_unspecified,paper_2021_dirs_million_aid,task_object_detection,Object detection,dirs/object-detection/rsod,RSOD,mean_average_precision,Mean Average Precision,mAP,true,,,,source-derived,"DiRS benchmark table entry. #Annot.: HBB; #Cat.: 4; #Instances: 6,950; #Images: 976; Resolution (m): 0.3 to 3; Image width: ~1,000; GL/IT/SP: ✗✗✗; Year: 2017",https://captain-whu.github.io/DiRS/,0.70,manual_dirs_table_import
dirs_benchmark_object-detection_carpk_mean_average_precision_unspecified,paper_2021_dirs_million_aid,task_object_detection,Object detection,dirs/object-detection/carpk,CARPK,mean_average_precision,Mean Average Precision,mAP,true,,,,source-derived,"DiRS benchmark table entry. #Annot.: HBB; #Cat.: 1; #Instances: 89,777; #Images: 1,448; Resolution (m): --; Image width: 1,280; GL/IT/SP: ✗✗✓; Year: 2017",https://captain-whu.github.io/DiRS/,0.70,manual_dirs_table_import
dirs_benchmark_object-detection_ssdd-ssdd-plus_mean_average_precision_unspecified,paper_2021_dirs_million_aid,task_object_detection,Object detection,dirs/object-detection/ssdd-ssdd-plus,SSDD/SSDD+,mean_average_precision,Mean Average Precision,mAP,true,,,,source-derived,"DiRS benchmark table entry. #Annot.: HBB/OBB; #Cat.: 1; #Instances: 2,456; #Images: 1,160; Resolution (m): 1 to 15; Image width: ~500; GL/IT/SP: ✗✗✓; Year: 2017",https://captain-whu.github.io/DiRS/,0.70,manual_dirs_table_import
dirs_benchmark_object-detection_spacenet1-6_mean_average_precision_unspecified,paper_2021_dirs_million_aid,task_object_detection,Object detection,dirs/object-detection/spacenet1-6,SpaceNet1-6,mean_average_precision,Mean Average Precision,mAP,true,,,,source-derived,"DiRS benchmark table entry. #Annot.: Polygon; #Cat.: 1; #Instances: 859,982; #Images: --; Resolution (m): up to 0.3; Image width: --; GL/IT/SP: ✓✓✓; Year: 2018",https://captain-whu.github.io/DiRS/,0.70,manual_dirs_table_import
dirs_benchmark_object-detection_levir_mean_average_precision_unspecified,paper_2021_dirs_million_aid,task_object_detection,Object detection,dirs/object-detection/levir,LEVIR,mean_average_precision,Mean Average Precision,mAP,true,,,,source-derived,"DiRS benchmark table entry. #Annot.: HBB; #Cat.: 3; #Instances: 11,000; #Images: 22,000; Resolution (m): 0.2 to 1; Image width: 800; GL/IT/SP: ✗✗✗; Year: 2018",https://captain-whu.github.io/DiRS/,0.70,manual_dirs_table_import
dirs_benchmark_object-detection_visdrone_mean_average_precision_unspecified,paper_2021_dirs_million_aid,task_object_detection,Object detection,source/visionxiang-awesome-object-detection-in-ae/visdrone-d9798f87,VisDrone,mean_average_precision,Mean Average Precision,mAP,true,,,,source-derived,"DiRS benchmark table entry. #Annot.: HBB; #Cat.: 10; #Instances: 54,200; #Images: 10,209; Resolution (m): --; Image width: 2,000; GL/IT/SP: ✗✗✗; Year: 2018",https://captain-whu.github.io/DiRS/,0.70,manual_dirs_table_import
dirs_benchmark_object-detection_xview_mean_average_precision_unspecified,paper_2021_dirs_million_aid,task_object_detection,Object detection,source/visionxiang-awesome-object-detection-in-ae/xview-a8178106,xView,mean_average_precision,Mean Average Precision,mAP,true,,,,source-derived,"DiRS benchmark table entry. #Annot.: HBB; #Cat.: 60; #Instances: 1,000,000; #Images: 1,413; Resolution (m): 0.3; Image width: ~3,000; GL/IT/SP: ✓✗✓; Year: 2018",https://captain-whu.github.io/DiRS/,0.70,manual_dirs_table_import
dirs_benchmark_object-detection_dota-v1-0_mean_average_precision_unspecified,paper_2021_dirs_million_aid,task_object_detection,Object detection,dirs/object-detection/dota-v1-0,DOTA-v1.0,mean_average_precision,Mean Average Precision,mAP,true,,,,source-derived,"DiRS benchmark table entry. #Annot.: OBB; #Cat.: 15; #Instances: 188,282; #Images: 2,806; Resolution (m): up to 0.3; Image width: 800 to 4,000; GL/IT/SP: ✗✗✗; Year: 2018",https://captain-whu.github.io/DiRS/,0.70,manual_dirs_table_import
dirs_benchmark_object-detection_itcvd_mean_average_precision_unspecified,paper_2021_dirs_million_aid,task_object_detection,Object detection,source/visionxlab-awesome-rs-vl-data/itcvd-133369a6,ITCVD,mean_average_precision,Mean Average Precision,mAP,true,,,,source-derived,"DiRS benchmark table entry. #Annot.: HBB; #Cat.: 1; #Instances: 29,088; #Images: 173; Resolution (m): 0.1; Image width: 3,744×5,616; GL/IT/SP: ✗✗✗; Year: 2018",https://captain-whu.github.io/DiRS/,0.70,manual_dirs_table_import
dirs_benchmark_object-detection_whu-building-dataset_mean_average_precision_unspecified,paper_2021_dirs_million_aid,task_object_detection,Object detection,giswqs/WHU-Building-Dataset,WHU building dataset,mean_average_precision,Mean Average Precision,mAP,true,,,,source-derived,"DiRS benchmark table entry. #Annot.: Polygon; #Cat.: 1; #Instances: 221,107; #Images: 25,420; Resolution (m): 0.075 to 2.7; Image width: 512; GL/IT/SP: ✗✗✗; Year: 2018",https://captain-whu.github.io/DiRS/,0.70,manual_dirs_table_import
dirs_benchmark_object-detection_deepglobe-building_mean_average_precision_unspecified,paper_2021_dirs_million_aid,task_object_detection,Object detection,dirs/object-detection/deepglobe-building,DeepGlobe Building,mean_average_precision,Mean Average Precision,mAP,true,,,,source-derived,"DiRS benchmark table entry. #Annot.: Polygon; #Cat.: 2; #Instances: 302,701; #Images: 24586; Resolution (m): 0.3; Image width: 650; GL/IT/SP: ✗✗✓; Year: 2018",https://captain-whu.github.io/DiRS/,0.70,manual_dirs_table_import
dirs_benchmark_object-detection_opensarship_mean_average_precision_unspecified,paper_2021_dirs_million_aid,task_object_detection,Object detection,dirs/object-detection/opensarship,OpenSARShip,mean_average_precision,Mean Average Precision,mAP,true,,,,source-derived,"DiRS benchmark table entry. #Annot.: Chip; #Cat.: 1; #Instances: 1,1346; #Images: 41; Resolution (m): ~10; Image width: --; GL/IT/SP: ✓✓✓; Year: 2018",https://captain-whu.github.io/DiRS/,0.70,manual_dirs_table_import
dirs_benchmark_object-detection_crowdai-mapping-challenge_mean_average_precision_unspecified,paper_2021_dirs_million_aid,task_object_detection,Object detection,dirs/object-detection/crowdai-mapping-challenge,CrowdAI Mapping Challenge,mean_average_precision,Mean Average Precision,mAP,true,,,,source-derived,"DiRS benchmark table entry. #Annot.: Polygon; #Cat.: 1; #Instances: 2,910,917; #Images: 341,058; Resolution (m): --; Image width: 300; GL/IT/SP: ✗✗✗; Year: 2018",https://captain-whu.github.io/DiRS/,0.70,manual_dirs_table_import
dirs_benchmark_object-detection_airbus-ship-detection-challenge_mean_average_precision_unspecified,paper_2021_dirs_million_aid,task_object_detection,Object detection,Airbus Ship Detection Challenge,Airbus Ship Detection Challenge,mean_average_precision,Mean Average Precision,mAP,true,,,,source-derived,"DiRS benchmark table entry. #Annot.: Polygon; #Cat.: 1; #Instances: ~131,000; #Images: 208,162; Resolution (m): --; Image width: 768; GL/IT/SP: ✗✗✗; Year: 2018",https://captain-whu.github.io/DiRS/,0.70,manual_dirs_table_import
dirs_benchmark_object-detection_isaid_mean_average_precision_unspecified,paper_2021_dirs_million_aid,task_object_detection,Object detection,source/visionxiang-awesome-object-detection-in-ae/isaid-2c8e56ee,iSAID,mean_average_precision,Mean Average Precision,mAP,true,,,,source-derived,"DiRS benchmark table entry. #Annot.: Polygon; #Cat.: 15; #Instances: 655,451; #Images: 2,806; Resolution (m): up to 0.3; Image width: 800 to 4,000; GL/IT/SP: ✗✗✗; Year: 2019",https://captain-whu.github.io/DiRS/,0.70,manual_dirs_table_import
dirs_benchmark_object-detection_hrrsd_mean_average_precision_unspecified,paper_2021_dirs_million_aid,task_object_detection,Object detection,dirs/object-detection/hrrsd,HRRSD,mean_average_precision,Mean Average Precision,mAP,true,,,,source-derived,"DiRS benchmark table entry. #Annot.: HBB; #Cat.: 13; #Instances: 55,740; #Images: 21,761; Resolution (m): 0.15 to 1.2; Image width: 152 to 10,569; GL/IT/SP: ✗✗✗; Year: 2019",https://captain-whu.github.io/DiRS/,0.70,manual_dirs_table_import
dirs_benchmark_object-detection_dior_mean_average_precision_unspecified,paper_2021_dirs_million_aid,task_object_detection,Object detection,source/lzw-lzw-awesome-remote-sensing-vision-lang/dior-7c56ad1f,DIOR,mean_average_precision,Mean Average Precision,mAP,true,,,,source-derived,"DiRS benchmark table entry. #Annot.: HBB; #Cat.: 20; #Instances: 192,472; #Images: 23,463; Resolution (m): 0.5 to 30; Image width: 800; GL/IT/SP: ✗✗✗; Year: 2019",https://captain-whu.github.io/DiRS/,0.70,manual_dirs_table_import
dirs_benchmark_object-detection_dota-v1-5_mean_average_precision_unspecified,paper_2021_dirs_million_aid,task_object_detection,Object detection,dirs/object-detection/dota-v1-5,DOTA-v1.5,mean_average_precision,Mean Average Precision,mAP,true,,,,source-derived,"DiRS benchmark table entry. #Annot.: OBB; #Cat.: 16; #Instances: 402,089; #Images: 2,806; Resolution (m): up to 0.3; Image width: 800 to 13,000; GL/IT/SP: ✗✗✗; Year: 2019",https://captain-whu.github.io/DiRS/,0.70,manual_dirs_table_import
dirs_benchmark_object-detection_sar-ship-dataset_mean_average_precision_unspecified,paper_2021_dirs_million_aid,task_object_detection,Object detection,dirs/object-detection/sar-ship-dataset,SAR-Ship-Dataset,mean_average_precision,Mean Average Precision,mAP,true,,,,source-derived,"DiRS benchmark table entry. #Annot.: HBB; #Cat.: 1; #Instances: 5,9535; #Images: 43,819; Resolution (m): up to 0.3; Image width: 256; GL/IT/SP: ✗✗✓; Year: 2019",https://captain-whu.github.io/DiRS/,0.70,manual_dirs_table_import
dirs_benchmark_object-detection_air-sarship_mean_average_precision_unspecified,paper_2021_dirs_million_aid,task_object_detection,Object detection,dirs/object-detection/air-sarship,AIR-SARShip,mean_average_precision,Mean Average Precision,mAP,true,,,,source-derived,"DiRS benchmark table entry. #Annot.: HBB; #Cat.: 1; #Instances: 2,040; #Images: 300; Resolution (m): 1;3; Image width: 1,000; GL/IT/SP: ✓✓✓; Year: 2020",https://captain-whu.github.io/DiRS/,0.70,manual_dirs_table_import
dirs_benchmark_object-detection_hrsid_mean_average_precision_unspecified,paper_2021_dirs_million_aid,task_object_detection,Object detection,source/satellite-image-deep-learning-datasets/hrsid,HRSID,mean_average_precision,Mean Average Precision,mAP,true,,,,source-derived,"DiRS benchmark table entry. #Annot.: HBB; #Cat.: 1; #Instances: 16,951; #Images: 5,604; Resolution (m): 0.5;1;3; Image width: 800; GL/IT/SP: ✗✗✗; Year: 2020",https://captain-whu.github.io/DiRS/,0.70,manual_dirs_table_import
dirs_benchmark_object-detection_rareplanes_mean_average_precision_unspecified,paper_2021_dirs_million_aid,task_object_detection,Object detection,dirs/object-detection/rareplanes,RarePlanes,mean_average_precision,Mean Average Precision,mAP,true,,,,source-derived,"DiRS benchmark table entry. #Annot.: Polygon; #Cat.: 1; #Instances: 644,258; #Images: 50,253; Resolution (m): 0.3; Image width: --; GL/IT/SP: ✓✓✓; Year: 2020",https://captain-whu.github.io/DiRS/,0.70,manual_dirs_table_import
dirs_benchmark_object-detection_dota-v2-0_mean_average_precision_unspecified,paper_2021_dirs_million_aid,task_object_detection,Object detection,source/geoaigroup-awesome-vision-language-models/dota-v2-0-89274245,DOTA-v2.0,mean_average_precision,Mean Average Precision,mAP,true,,,,source-derived,"DiRS benchmark table entry. #Annot.: OBB; #Cat.: 18; #Instances: 1,793,658; #Images: 11,268; Resolution (m): up to 0.3; Image width: 800--20,000; GL/IT/SP: ✗✗✗; Year: 2020",https://captain-whu.github.io/DiRS/,0.70,manual_dirs_table_import
dirs_benchmark_semantic-segmentation_kenney-space-center_mean_intersection_over_union_unspecified,paper_2021_dirs_million_aid,task_semantic_segmentation,Semantic segmentation,dirs/semantic-segmentation/kenney-space-center,Kennedy Space Center,mean_intersection_over_union,Mean Intersection over Union,mIoU,true,,,,source-derived,DiRS benchmark table entry. #Cat.: 13; #Images: 1; Resolution (m): 18; #Bands: 224 bands; Image size: 512×614; GL/IT/SP: ✗✓✓; Year: 2005,https://captain-whu.github.io/DiRS/,0.70,manual_dirs_table_import
dirs_benchmark_semantic-segmentation_botswana_mean_intersection_over_union_unspecified,paper_2021_dirs_million_aid,task_semantic_segmentation,Semantic segmentation,dirs/semantic-segmentation/botswana,Botswana,mean_intersection_over_union,Mean Intersection over Union,mIoU,true,,,,source-derived,"DiRS benchmark table entry. #Cat.: 14; #Images: 1; Resolution (m): 30; #Bands: 242 bands; Image size: 1,476×256; GL/IT/SP: ✗✓✓; Year: 2005",https://captain-whu.github.io/DiRS/,0.70,manual_dirs_table_import
dirs_benchmark_semantic-segmentation_salinas_mean_intersection_over_union_unspecified,paper_2021_dirs_million_aid,task_semantic_segmentation,Semantic segmentation,dirs/semantic-segmentation/salinas,Salinas,mean_intersection_over_union,Mean Intersection over Union,mIoU,true,,,,source-derived,DiRS benchmark table entry. #Cat.: 16; #Images: 1; Resolution (m): 3.7; #Bands: 224 bands; Image size: 512×217; GL/IT/SP: ✗✗✓; Year: --,https://captain-whu.github.io/DiRS/,0.70,manual_dirs_table_import
dirs_benchmark_semantic-segmentation_university-of-pavia_mean_intersection_over_union_unspecified,paper_2021_dirs_million_aid,task_semantic_segmentation,Semantic segmentation,dirs/semantic-segmentation/university-of-pavia,University of Pavia,mean_intersection_over_union,Mean Intersection over Union,mIoU,true,,,,source-derived,DiRS benchmark table entry. #Cat.: 9; #Images: 1; Resolution (m): 1.3; #Bands: 115 bands; Image size: 610×340; GL/IT/SP: ✗✗✓; Year: --,https://captain-whu.github.io/DiRS/,0.70,manual_dirs_table_import
dirs_benchmark_semantic-segmentation_pavia-centre_mean_intersection_over_union_unspecified,paper_2021_dirs_million_aid,task_semantic_segmentation,Semantic segmentation,dirs/semantic-segmentation/pavia-centre,Pavia Centre,mean_intersection_over_union,Mean Intersection over Union,mIoU,true,,,,source-derived,"DiRS benchmark table entry. #Cat.: 9; #Images: 1; Resolution (m): 1.3; #Bands: 115 bands; Image size: 1,096×492; GL/IT/SP: ✗✗✓; Year: --",https://captain-whu.github.io/DiRS/,0.70,manual_dirs_table_import
dirs_benchmark_semantic-segmentation_isprs-vaihingen_mean_intersection_over_union_unspecified,paper_2021_dirs_million_aid,task_semantic_segmentation,Semantic segmentation,paper-candidate/isprs-vaihingen,ISPRS Vaihingen,mean_intersection_over_union,Mean Intersection over Union,mIoU,true,,,,source-derived,"DiRS benchmark table entry. #Cat.: 6; #Images: 33; Resolution (m): 0.09; #Bands: IR, R, G, DSM, nDSM; Image size: ~2,500×2500; GL/IT/SP: ✗✗✓; Year: 2012",https://captain-whu.github.io/DiRS/,0.70,manual_dirs_table_import
dirs_benchmark_semantic-segmentation_isprs-potsdam_mean_intersection_over_union_unspecified,paper_2021_dirs_million_aid,task_semantic_segmentation,Semantic segmentation,paper-candidate/isprs-potsdam,ISPRS Potsdam,mean_intersection_over_union,Mean Intersection over Union,mIoU,true,,,,source-derived,"DiRS benchmark table entry. #Cat.: 6; #Images: 38; Resolution (m): 0.05; #Bands: IR, RGB, DSM, nDSM; Image size: 6,000×6,000; GL/IT/SP: ✓✗✓; Year: 2012",https://captain-whu.github.io/DiRS/,0.70,manual_dirs_table_import
dirs_benchmark_semantic-segmentation_massachusetts-buildings_mean_intersection_over_union_unspecified,paper_2021_dirs_million_aid,task_semantic_segmentation,Semantic segmentation,dirs/semantic-segmentation/massachusetts-buildings,Massachusetts Buildings,mean_intersection_over_union,Mean Intersection over Union,mIoU,true,,,,source-derived,"DiRS benchmark table entry. #Cat.: 2; #Images: 151; Resolution (m): 1; #Bands: RGB; Image size: 1,500×1,500; GL/IT/SP: ✓✓✗; Year: 2013",https://captain-whu.github.io/DiRS/,0.70,manual_dirs_table_import
dirs_benchmark_semantic-segmentation_massachusetts-roads_mean_intersection_over_union_unspecified,paper_2021_dirs_million_aid,task_semantic_segmentation,Semantic segmentation,dirs/semantic-segmentation/massachusetts-roads,Massachusetts Roads,mean_intersection_over_union,Mean Intersection over Union,mIoU,true,,,,source-derived,"DiRS benchmark table entry. #Cat.: 2; #Images: 1,171; Resolution (m): 1; #Bands: RGB; Image size: 1,500×1,500; GL/IT/SP: ✓✓✗; Year: 2013",https://captain-whu.github.io/DiRS/,0.70,manual_dirs_table_import
dirs_benchmark_semantic-segmentation_indian-pines_mean_intersection_over_union_unspecified,paper_2021_dirs_million_aid,task_semantic_segmentation,Semantic segmentation,dirs/semantic-segmentation/indian-pines,Indian Pines,mean_intersection_over_union,Mean Intersection over Union,mIoU,true,,,,source-derived,DiRS benchmark table entry. #Cat.: 16; #Images: 1; Resolution (m): 20; #Bands: 224; Image size: 145×145; GL/IT/SP: ✓✓✓; Year: 2015,https://captain-whu.github.io/DiRS/,0.70,manual_dirs_table_import
dirs_benchmark_semantic-segmentation_zurich-summer_mean_intersection_over_union_unspecified,paper_2021_dirs_million_aid,task_semantic_segmentation,Semantic segmentation,dirs/semantic-segmentation/zurich-summer,Zurich Summer,mean_intersection_over_union,Mean Intersection over Union,mIoU,true,,,,source-derived,"DiRS benchmark table entry. #Cat.: 8; #Images: 20; Resolution (m): 0.62; #Bands: bands; Image size: 1,000×1,150; GL/IT/SP: ✓✓✓; Year: 2015",https://captain-whu.github.io/DiRS/,0.70,manual_dirs_table_import
dirs_benchmark_semantic-segmentation_sparcs-validation_mean_intersection_over_union_unspecified,paper_2021_dirs_million_aid,task_semantic_segmentation,Semantic segmentation,dirs/semantic-segmentation/sparcs-validation,SPARCS Validation,mean_intersection_over_union,Mean Intersection over Union,mIoU,true,,,,source-derived,"DiRS benchmark table entry. #Cat.: 7; #Images: 80; Resolution (m): 30; #Bands: NIR, RGB; Image size: 1000×1000; GL/IT/SP: ✓✓✓; Year: 2016",https://captain-whu.github.io/DiRS/,0.70,manual_dirs_table_import
dirs_benchmark_semantic-segmentation_biome_mean_intersection_over_union_unspecified,paper_2021_dirs_million_aid,task_semantic_segmentation,Semantic segmentation,dirs/semantic-segmentation/biome,Biome,mean_intersection_over_union,Mean Intersection over Union,mIoU,true,,,,source-derived,DiRS benchmark table entry. #Cat.: 4; #Images: 96; Resolution (m): 30; #Bands: 11; Image size: ~9000×9000; GL/IT/SP: ✓✓✓; Year: 2017,https://captain-whu.github.io/DiRS/,0.70,manual_dirs_table_import
dirs_benchmark_semantic-segmentation_inria-dataset_mean_intersection_over_union_unspecified,paper_2021_dirs_million_aid,task_semantic_segmentation,Semantic segmentation,dirs/semantic-segmentation/inria-dataset,Inria Dataset,mean_intersection_over_union,Mean Intersection over Union,mIoU,true,,,,source-derived,DiRS benchmark table entry. #Cat.: 2; #Images: 360; Resolution (m): 0.3; #Bands: 11; Image size: 5000×5000; GL/IT/SP: ✗✗✗; Year: 2017,https://captain-whu.github.io/DiRS/,0.70,manual_dirs_table_import
dirs_benchmark_semantic-segmentation_evlab-ss_mean_intersection_over_union_unspecified,paper_2021_dirs_million_aid,task_semantic_segmentation,Semantic segmentation,dirs/semantic-segmentation/evlab-ss,EvLab-SS,mean_intersection_over_union,Mean Intersection over Union,mIoU,true,,,,source-derived,"DiRS benchmark table entry. #Cat.: 10; #Images: 60; Resolution (m): 0.1 to 2; #Bands: RGB; Image size: 4,500×4,500; GL/IT/SP: ✗✗✓; Year: 2017",https://captain-whu.github.io/DiRS/,0.70,manual_dirs_table_import
dirs_benchmark_semantic-segmentation_rit-18_mean_intersection_over_union_unspecified,paper_2021_dirs_million_aid,task_semantic_segmentation,Semantic segmentation,dirs/semantic-segmentation/rit-18,RIT-18,mean_intersection_over_union,Mean Intersection over Union,mIoU,true,,,,source-derived,"DiRS benchmark table entry. #Cat.: 18; #Images: 3; Resolution (m): 0.047; #Bands: RGB; Image size: 9,000×6,000; GL/IT/SP: ✓✓✓; Year: 2017",https://captain-whu.github.io/DiRS/,0.70,manual_dirs_table_import
dirs_benchmark_semantic-segmentation_city-osm_mean_intersection_over_union_unspecified,paper_2021_dirs_million_aid,task_semantic_segmentation,Semantic segmentation,dirs/semantic-segmentation/city-osm,CITY-OSM,mean_intersection_over_union,Mean Intersection over Union,mIoU,true,,,,source-derived,"DiRS benchmark table entry. #Cat.: 3; #Images: 1,671; Resolution (m): 0.1; #Bands: 6 bands; Image size: 2500×2500 to 3300×33300; GL/IT/SP: ✗✗✗; Year: 2017",https://captain-whu.github.io/DiRS/,0.70,manual_dirs_table_import
dirs_benchmark_semantic-segmentation_dstl-sifd_mean_intersection_over_union_unspecified,paper_2021_dirs_million_aid,task_semantic_segmentation,Semantic segmentation,dirs/semantic-segmentation/dstl-sifd,Dstl-SIFD,mean_intersection_over_union,Mean Intersection over Union,mIoU,true,,,,source-derived,"DiRS benchmark table entry. #Cat.: 10; #Images: 57; Resolution (m): up to 0.3; #Bands: RGB; Image size: ~3,350×3,400; GL/IT/SP: ✓✗✓; Year: 2017",https://captain-whu.github.io/DiRS/,0.70,manual_dirs_table_import
dirs_benchmark_semantic-segmentation_ieee-grss-data-fusion-contest-2017_mean_intersection_over_union_unspecified,paper_2021_dirs_million_aid,task_semantic_segmentation,Semantic segmentation,dirs/semantic-segmentation/ieee-grss-data-fusion-contest-2017,IEEE GRSS Data Fusion Contest 2017,mean_intersection_over_union,Mean Intersection over Union,mIoU,true,,,,source-derived,"DiRS benchmark table entry. #Cat.: 17; #Images: 30; Resolution (m): 1.4; #Bands: up to 16; Image size: 643×666,374×515; GL/IT/SP: ✓✓✓; Year: 2017",https://captain-whu.github.io/DiRS/,0.70,manual_dirs_table_import
dirs_benchmark_semantic-segmentation_ieee-grss-data-fusion-contest-2018_mean_intersection_over_union_unspecified,paper_2021_dirs_million_aid,task_semantic_segmentation,Semantic segmentation,dirs/semantic-segmentation/ieee-grss-data-fusion-contest-2018,IEEE GRSS Data Fusion Contest 2018,mean_intersection_over_union,Mean Intersection over Union,mIoU,true,,,,source-derived,DiRS benchmark table entry. #Cat.: 20; #Images: 1; Resolution (m): 1; #Bands: 9; Image size: 4172×1202; GL/IT/SP: ✓✓✓; Year: 2018,https://captain-whu.github.io/DiRS/,0.70,manual_dirs_table_import
dirs_benchmark_semantic-segmentation_aeroscapes_mean_intersection_over_union_unspecified,paper_2021_dirs_million_aid,task_semantic_segmentation,Semantic segmentation,source/satellite-image-deep-learning-datasets/aeroscapes,Aeroscapes,mean_intersection_over_union,Mean Intersection over Union,mIoU,true,,,,source-derived,"DiRS benchmark table entry. #Cat.: 11; #Images: 3,269; Resolution (m): --; #Bands: 48; Image size: 720×1280; GL/IT/SP: ✗✗✗; Year: 2018",https://captain-whu.github.io/DiRS/,0.70,manual_dirs_table_import
dirs_benchmark_semantic-segmentation_dlrsd_mean_intersection_over_union_unspecified,paper_2021_dirs_million_aid,task_semantic_segmentation,Semantic segmentation,dirs/semantic-segmentation/dlrsd,DLRSD,mean_intersection_over_union,Mean Intersection over Union,mIoU,true,,,,source-derived,"DiRS benchmark table entry. #Cat.: 17; #Images: 2,100; Resolution (m): 0.3; #Bands: RGB; Image size: 256×256; GL/IT/SP: ✗✗✗; Year: 2018",https://captain-whu.github.io/DiRS/,0.70,manual_dirs_table_import
dirs_benchmark_semantic-segmentation_deepglobe-land-cover_mean_intersection_over_union_unspecified,paper_2021_dirs_million_aid,task_semantic_segmentation,Semantic segmentation,dirs/semantic-segmentation/deepglobe-land-cover,DeepGlobe Land Cover,mean_intersection_over_union,Mean Intersection over Union,mIoU,true,,,,source-derived,"DiRS benchmark table entry. #Cat.: 7; #Images: 1,146; Resolution (m): 0.5; #Bands: RGB; Image size: 2,448×2,448; GL/IT/SP: ✗✗✓; Year: 2018",https://captain-whu.github.io/DiRS/,0.70,manual_dirs_table_import
dirs_benchmark_semantic-segmentation_so2sat-lc242_mean_intersection_over_union_unspecified,paper_2021_dirs_million_aid,task_semantic_segmentation,Semantic segmentation,dirs/semantic-segmentation/so2sat-lc242,So2Sat LC242,mean_intersection_over_union,Mean Intersection over Union,mIoU,true,,,,source-derived,"DiRS benchmark table entry. #Cat.: 17; #Images: 400,673; Resolution (m): 10; #Bands: RGB; Image size: 32×32; GL/IT/SP: ✓✗✓; Year: 2019",https://captain-whu.github.io/DiRS/,0.70,manual_dirs_table_import
dirs_benchmark_semantic-segmentation_sen12ms_mean_intersection_over_union_unspecified,paper_2021_dirs_million_aid,task_semantic_segmentation,Semantic segmentation,source/satellite-image-deep-learning-datasets/sen12ms-2,SEN12MS,mean_intersection_over_union,Mean Intersection over Union,mIoU,true,,,,source-derived,"DiRS benchmark table entry. #Cat.: 33; #Images: 180,662 triplets; Resolution (m): 10 to 50; #Bands: 10 bands; Image size: 256×256; GL/IT/SP: ✓✗✓; Year: 2019",https://captain-whu.github.io/DiRS/,0.70,manual_dirs_table_import
dirs_benchmark_semantic-segmentation_95-cloud_mean_intersection_over_union_unspecified,paper_2021_dirs_million_aid,task_semantic_segmentation,Semantic segmentation,source/satellite-image-deep-learning-datasets/95-cloud-c75cc5d4,95-Cloud,mean_intersection_over_union,Mean Intersection over Union,mIoU,true,,,,source-derived,"DiRS benchmark table entry. #Cat.: 1; #Images: 43,902; Resolution (m): 30; #Bands: up to 13 bands; Image size: 384×384; GL/IT/SP: ✓✗✓; Year: 2019",https://captain-whu.github.io/DiRS/,0.70,manual_dirs_table_import
dirs_benchmark_semantic-segmentation_shakeel-et-al_mean_intersection_over_union_unspecified,paper_2021_dirs_million_aid,task_semantic_segmentation,Semantic segmentation,dirs/semantic-segmentation/shakeel-et-al,Shakeel et al.,mean_intersection_over_union,Mean Intersection over Union,mIoU,true,,,,source-derived,"DiRS benchmark table entry. #Cat.: 1; #Images: 2,682; Resolution (m): 0.3; #Bands: NIR,RGB; Image size: 300×300; GL/IT/SP: ✗✗✗; Year: 2019",https://captain-whu.github.io/DiRS/,0.70,manual_dirs_table_import
dirs_benchmark_semantic-segmentation_alcd-cloud-masks_mean_intersection_over_union_unspecified,paper_2021_dirs_million_aid,task_semantic_segmentation,Semantic segmentation,dirs/semantic-segmentation/alcd-cloud-masks,ALCD Cloud Masks,mean_intersection_over_union,Mean Intersection over Union,mIoU,true,,,,source-derived,"DiRS benchmark table entry. #Cat.: 8; #Images: 38; Resolution (m): 10; #Bands: RGB; Image size: 1,830×1,830; GL/IT/SP: ✓✓✓; Year: 2019",https://captain-whu.github.io/DiRS/,0.70,manual_dirs_table_import
dirs_benchmark_semantic-segmentation_skyscapes_mean_intersection_over_union_unspecified,paper_2021_dirs_million_aid,task_semantic_segmentation,Semantic segmentation,source/visionxlab-awesome-rs-vl-data/skyscapes-f3296cbc,SkyScapes,mean_intersection_over_union,Mean Intersection over Union,mIoU,true,,,,source-derived,"DiRS benchmark table entry. #Cat.: 31; #Images: 16; Resolution (m): 0.13; #Bands: RGB; Image size: 5,616×3,744; GL/IT/SP: ✗✗✗; Year: 2019",https://captain-whu.github.io/DiRS/,0.70,manual_dirs_table_import
dirs_benchmark_semantic-segmentation_dronedeploy_mean_intersection_over_union_unspecified,paper_2021_dirs_million_aid,task_semantic_segmentation,Semantic segmentation,dirs/semantic-segmentation/dronedeploy,DroneDeploy,mean_intersection_over_union,Mean Intersection over Union,mIoU,true,,,,source-derived,"DiRS benchmark table entry. #Cat.: 7; #Images: 55; Resolution (m): 0.1; #Bands: RGB; Image size: up to 12,039×13,854; GL/IT/SP: ✗✗✗; Year: 2019",https://captain-whu.github.io/DiRS/,0.70,manual_dirs_table_import
dirs_benchmark_semantic-segmentation_slovenia-lulc_mean_intersection_over_union_unspecified,paper_2021_dirs_million_aid,task_semantic_segmentation,Semantic segmentation,dirs/semantic-segmentation/slovenia-lulc,Slovenia LULC,mean_intersection_over_union,Mean Intersection over Union,mIoU,true,,,,source-derived,"DiRS benchmark table entry. #Cat.: 10; #Images: 940; Resolution (m): 10; #Bands: RGB; Image size: 5,00×5,00; GL/IT/SP: ✓✓✓; Year: 2019",https://captain-whu.github.io/DiRS/,0.70,manual_dirs_table_import
dirs_benchmark_semantic-segmentation_landconvernet_mean_intersection_over_union_unspecified,paper_2021_dirs_million_aid,task_semantic_segmentation,Semantic segmentation,dirs/semantic-segmentation/landconvernet,LandConverNet,mean_intersection_over_union,Mean Intersection over Union,mIoU,true,,,,source-derived,"DiRS benchmark table entry. #Cat.: 7; #Images: 1,980; Resolution (m): 10; #Bands: 6; Image size: 256×256; GL/IT/SP: ✓✓✓; Year: 2020",https://captain-whu.github.io/DiRS/,0.70,manual_dirs_table_import
dirs_benchmark_semantic-segmentation_uavid_mean_intersection_over_union_unspecified,paper_2021_dirs_million_aid,task_semantic_segmentation,Semantic segmentation,dirs/semantic-segmentation/uavid,UAVid,mean_intersection_over_union,Mean Intersection over Union,mIoU,true,,,,source-derived,"DiRS benchmark table entry. #Cat.: 8; #Images: 420; Resolution (m): --; #Bands: NIR,RGB; Image size: ~4,000×2,160; GL/IT/SP: ✗✗✓; Year: 2020",https://captain-whu.github.io/DiRS/,0.70,manual_dirs_table_import
dirs_benchmark_semantic-segmentation_gid_mean_intersection_over_union_unspecified,paper_2021_dirs_million_aid,task_semantic_segmentation,Semantic segmentation,source/lzw-lzw-awesome-remote-sensing-vision-lang/gid-00738295,GID,mean_intersection_over_union,Mean Intersection over Union,mIoU,true,,,,source-derived,"DiRS benchmark table entry. #Cat.: 15; #Images: 150; Resolution (m): 0.8 to 10; #Bands: RGB; Image size: 6,800×7,200; GL/IT/SP: ✓✓✓; Year: 2020",https://captain-whu.github.io/DiRS/,0.70,manual_dirs_table_import
dirs_benchmark_semantic-segmentation_landcover-ai_mean_intersection_over_union_unspecified,paper_2021_dirs_million_aid,task_semantic_segmentation,Semantic segmentation,dragon7/LandCover.ai,LandCover.ai,mean_intersection_over_union,Mean Intersection over Union,mIoU,true,,,,source-derived,"DiRS benchmark table entry. #Cat.: 3; #Images: 41; Resolution (m): 0.25,0.5; #Bands: 4 bands; Image size: 9,000×9,500;4,200×4,700; GL/IT/SP: ✓✗✗; Year: 2020",https://captain-whu.github.io/DiRS/,0.70,manual_dirs_table_import
dirs_benchmark_semantic-segmentation_agriculture-vision_mean_intersection_over_union_unspecified,paper_2021_dirs_million_aid,task_semantic_segmentation,Semantic segmentation,dirs/semantic-segmentation/agriculture-vision,Agriculture-Vision,mean_intersection_over_union,Mean Intersection over Union,mIoU,true,,,,source-derived,"DiRS benchmark table entry. #Cat.: 9; #Images: 94,986; Resolution (m): 0.1,15,0.2; #Bands: RGB; Image size: 512×512; GL/IT/SP: ✗✗✓; Year: 2020",https://captain-whu.github.io/DiRS/,0.70,manual_dirs_table_import
dirs_benchmark_semantic-segmentation_sentinel-2-cloud-mask-catalogue_mean_intersection_over_union_unspecified,paper_2021_dirs_million_aid,task_semantic_segmentation,Semantic segmentation,source/chrieke-awesome-satellite-imagery-datasets/sentinel-2-cloud-mask-catalogue-aca99521,Sentinel-2 Cloud Mask Catalogue,mean_intersection_over_union,Mean Intersection over Union,mIoU,true,,,,source-derived,"DiRS benchmark table entry. #Cat.: 18; #Images: 513; Resolution (m): 20; #Bands: NIR,RGB; Image size: 1,024×1,024; GL/IT/SP: ✓✓✓; Year: 2020",https://captain-whu.github.io/DiRS/,0.70,manual_dirs_table_import
dirs_benchmark_change-detection_sztaki-airchange_f1_score_unspecified,paper_2021_dirs_million_aid,task_change_detection,Change detection,dirs/change-detection/sztaki-airchange,SZTAKI AirChange,f1_score,F1 Score,F1,true,,,,source-derived,DiRS benchmark table entry. #Cat.: 2; #Image pairs: 13; Resolution (m): 1.5; #Bands: RGB; Image size: 952×640; GL/IT/SP: ✗✓✗; Year: 2009,https://captain-whu.github.io/DiRS/,0.70,manual_dirs_table_import
dirs_benchmark_change-detection_aicd_f1_score_unspecified,paper_2021_dirs_million_aid,task_change_detection,Change detection,dirs/change-detection/aicd,AICD,f1_score,F1 Score,F1,true,,,,source-derived,"DiRS benchmark table entry. #Cat.: 2; #Image pairs: 1,000; Resolution (m): 0.5; #Bands: 115 bands; Image size: 800×600; GL/IT/SP: ✗✗✗; Year: 2011",https://captain-whu.github.io/DiRS/,0.70,manual_dirs_table_import
dirs_benchmark_change-detection_taizhou-data_f1_score_unspecified,paper_2021_dirs_million_aid,task_change_detection,Change detection,dirs/change-detection/taizhou-data,Taizhou Data,f1_score,F1 Score,F1,true,,,,source-derived,DiRS benchmark table entry. #Cat.: 4; #Image pairs: 1; Resolution (m): 30; #Bands: 6 bands; Image size: 400×400; GL/IT/SP: ✓✓✓; Year: 2014,https://captain-whu.github.io/DiRS/,0.70,manual_dirs_table_import
dirs_benchmark_change-detection_kunshan-data_f1_score_unspecified,paper_2021_dirs_million_aid,task_change_detection,Change detection,dirs/change-detection/kunshan-data,Kunshan Data,f1_score,F1 Score,F1,true,,,,source-derived,DiRS benchmark table entry. #Cat.: 3; #Image pairs: 1; Resolution (m): 30; #Bands: 6 bands; Image size: 800×800; GL/IT/SP: ✓✓✓; Year: 2014,https://captain-whu.github.io/DiRS/,0.70,manual_dirs_table_import
dirs_benchmark_change-detection_cross-sensor-bastrop_f1_score_unspecified,paper_2021_dirs_million_aid,task_change_detection,Change detection,dirs/change-detection/cross-sensor-bastrop,Cross-sensor Bastrop,f1_score,F1 Score,F1,true,,,,source-derived,"DiRS benchmark table entry. #Cat.: 2; #Image pairs: 4; Resolution (m): 30, 120; #Bands: 7,9; Image size: 444×300;1534×808; GL/IT/SP: ✓✓✓; Year: 2015",https://captain-whu.github.io/DiRS/,0.70,manual_dirs_table_import
dirs_benchmark_change-detection_mts-wh_f1_score_unspecified,paper_2021_dirs_million_aid,task_change_detection,Change detection,dirs/change-detection/mts-wh,MtS-WH,f1_score,F1 Score,F1,true,,,,source-derived,"DiRS benchmark table entry. #Cat.: 9; #Image pairs: 1; Resolution (m): 1; #Bands: NIR, RGB; Image size: 7,200×6,000; GL/IT/SP: ✓✓✓; Year: 2017",https://captain-whu.github.io/DiRS/,0.70,manual_dirs_table_import
dirs_benchmark_change-detection_yancheng_f1_score_unspecified,paper_2021_dirs_million_aid,task_change_detection,Change detection,dirs/change-detection/yancheng,Yancheng,f1_score,F1 Score,F1,true,,,,source-derived,DiRS benchmark table entry. #Cat.: 4; #Image pairs: 2; Resolution (m): 30; #Bands: 242 bands; Image size: 400×145; GL/IT/SP: ✓✓✓; Year: 2018,https://captain-whu.github.io/DiRS/,0.70,manual_dirs_table_import
dirs_benchmark_change-detection_getnet-dataset_f1_score_unspecified,paper_2021_dirs_million_aid,task_change_detection,Change detection,dirs/change-detection/getnet-dataset,GETNET dataset,f1_score,F1 Score,F1,true,,,,source-derived,DiRS benchmark table entry. #Cat.: 2; #Image pairs: 1; Resolution (m): 30; #Bands: 198; Image size: 463×241; GL/IT/SP: ✗✓✓; Year: 2018,https://captain-whu.github.io/DiRS/,0.70,manual_dirs_table_import
dirs_benchmark_change-detection_urban-rural-boundary-of-wuhan_f1_score_unspecified,paper_2021_dirs_million_aid,task_change_detection,Change detection,dirs/change-detection/urban-rural-boundary-of-wuhan,Urban-rural boundary of Wuhan,f1_score,F1 Score,F1,true,,,,source-derived,DiRS benchmark table entry. #Cat.: 20; #Image pairs: 1; Resolution (m): 4/30; #Bands: 4/9 bands; Image size: 960×960; GL/IT/SP: ✓✓✓; Year: 2018,https://captain-whu.github.io/DiRS/,0.70,manual_dirs_table_import
dirs_benchmark_change-detection_hermiston-city-area-oregon_f1_score_unspecified,paper_2021_dirs_million_aid,task_change_detection,Change detection,dirs/change-detection/hermiston-city-area-oregon,"Hermiston City area, Oregon",f1_score,F1 Score,F1,true,,,,source-derived,DiRS benchmark table entry. #Cat.: 5; #Image pairs: 1; Resolution (m): 30; #Bands: 242 bands; Image size: 390×200; GL/IT/SP: ✓✓✓; Year: 2018,https://captain-whu.github.io/DiRS/,0.70,manual_dirs_table_import
dirs_benchmark_change-detection_oscd_f1_score_unspecified,paper_2021_dirs_million_aid,task_change_detection,Change detection,paper-candidate/oscd,OSCD,f1_score,F1 Score,F1,true,,,,source-derived,DiRS benchmark table entry. #Cat.: 2; #Image pairs: 24; Resolution (m): 10; #Bands: 13 bands; Image size: 600×600; GL/IT/SP: ✓✓✓; Year: 2018,https://captain-whu.github.io/DiRS/,0.70,manual_dirs_table_import
dirs_benchmark_change-detection_whu-building-dataset_f1_score_unspecified,paper_2021_dirs_million_aid,task_change_detection,Change detection,giswqs/WHU-Building-Dataset,WHU building dataset,f1_score,F1 Score,F1,true,,,,source-derived,"DiRS benchmark table entry. #Cat.: 2; #Image pairs: 1; Resolution (m): 0.2; #Bands: RGB; Image size: 32,207×15,354; GL/IT/SP: ✓✓✓; Year: 2018",https://captain-whu.github.io/DiRS/,0.70,manual_dirs_table_import
dirs_benchmark_change-detection_season-varing-dataset_f1_score_unspecified,paper_2021_dirs_million_aid,task_change_detection,Change detection,dirs/change-detection/season-varing-dataset,Season-varing Dataset,f1_score,F1 Score,F1,true,,,,source-derived,"DiRS benchmark table entry. #Cat.: 2; #Image pairs: 16,000; Resolution (m): 0.03 to 0.1; #Bands: RGB; Image size: 256×256; GL/IT/SP: ✗✗✗; Year: 2018",https://captain-whu.github.io/DiRS/,0.70,manual_dirs_table_import
dirs_benchmark_change-detection_abcd_f1_score_unspecified,paper_2021_dirs_million_aid,task_change_detection,Change detection,dirs/change-detection/abcd,ABCD,f1_score,F1 Score,F1,true,,,,source-derived,"DiRS benchmark table entry. #Cat.: 2; #Image pairs: 16,950; Resolution (m): 0.4; #Bands: RGB; Image size: 128×128;160×160; GL/IT/SP: ✗✓✗; Year: 2018",https://captain-whu.github.io/DiRS/,0.70,manual_dirs_table_import
dirs_benchmark_change-detection_california-flood-dataset_f1_score_unspecified,paper_2021_dirs_million_aid,task_change_detection,Change detection,dirs/change-detection/california-flood-dataset,California flood dataset,f1_score,F1 Score,F1,true,,,,source-derived,"DiRS benchmark table entry. #Cat.: 2; #Image pairs: 1; Resolution (m): 5,30; #Bands: RGB,11; Image size: 1534×808; GL/IT/SP: ✓✓✓; Year: 2019",https://captain-whu.github.io/DiRS/,0.70,manual_dirs_table_import
dirs_benchmark_change-detection_lopez-fandino-et-al_f1_score_unspecified,paper_2021_dirs_million_aid,task_change_detection,Change detection,dirs/change-detection/lopez-fandino-et-al,Lopez-Fandino et al.,f1_score,F1 Score,F1,true,,,,source-derived,DiRS benchmark table entry. #Cat.: 5; #Image pairs: 2; Resolution (m): 20; #Bands: 224; Image size: 984×740;600×500; GL/IT/SP: ✗✓✓; Year: 2019,https://captain-whu.github.io/DiRS/,0.70,manual_dirs_table_import
dirs_benchmark_change-detection_hrscd_f1_score_unspecified,paper_2021_dirs_million_aid,task_change_detection,Change detection,source/visionxlab-awesome-rs-vl-data/hrscd-26b5b2a7,HRSCD,f1_score,F1 Score,F1,true,,,,source-derived,"DiRS benchmark table entry. #Cat.: 6; #Image pairs: 291; Resolution (m): up to 0.8; #Bands: RGB; Image size: 10,000×10,000; GL/IT/SP: ✓✓✓; Year: 2019",https://captain-whu.github.io/DiRS/,0.70,manual_dirs_table_import
dirs_benchmark_change-detection_xbd_f1_score_unspecified,paper_2021_dirs_million_aid,task_change_detection,Change detection,source/wenhwu-awesome-remote-sensing-change-detec/xbd-63d93e48,xBD,f1_score,F1 Score,F1,true,,,,source-derived,"DiRS benchmark table entry. #Cat.: 6; #Image pairs: 11034; Resolution (m): 0.5; #Bands: RGB; Image size: 1024×1,024; GL/IT/SP: ✓✓✓; Year: 2019",https://captain-whu.github.io/DiRS/,0.70,manual_dirs_table_import
dirs_benchmark_change-detection_levir-cd_f1_score_unspecified,paper_2021_dirs_million_aid,task_change_detection,Change detection,source/polyx-research-awesome-remote-sensing-agen/levir-cd-3038fb02,LEVIR-CD,f1_score,F1 Score,F1,true,,,,source-derived,"DiRS benchmark table entry. #Cat.: 2; #Image pairs: 637; Resolution (m): 0.5; #Bands: RGB; Image size: 1,024×1,024; GL/IT/SP: ✗✗✗; Year: 2020",https://captain-whu.github.io/DiRS/,0.70,manual_dirs_table_import
dirs_benchmark_change-detection_second_f1_score_unspecified,paper_2021_dirs_million_aid,task_change_detection,Change detection,source/wenhwu-awesome-remote-sensing-change-detec/second-fc51ff82,SECOND,f1_score,F1 Score,F1,true,,,,source-derived,"DiRS benchmark table entry. #Cat.: 30; #Image pairs: 4,214; Resolution (m): 0.5 to 3; #Bands: RGB; Image size: 512×512; GL/IT/SP: ✗✗✗; Year: 2020",https://captain-whu.github.io/DiRS/,0.70,manual_dirs_table_import
dirs_benchmark_change-detection_google-dataset_f1_score_unspecified,paper_2021_dirs_million_aid,task_change_detection,Change detection,dirs/change-detection/google-dataset,Google Dataset,f1_score,F1 Score,F1,true,,,,source-derived,DiRS benchmark table entry. #Cat.: 2; #Image pairs: 1067; Resolution (m): 0.55; #Bands: RGB; Image size: 256×256; GL/IT/SP: ✓✓✗; Year: 2020,https://captain-whu.github.io/DiRS/,0.70,manual_dirs_table_import
dirs_benchmark_change-detection_zhang-et-al_f1_score_unspecified,paper_2021_dirs_million_aid,task_change_detection,Change detection,dirs/change-detection/zhang-et-al,Zhang et al.,f1_score,F1 Score,F1,true,,,,source-derived,"DiRS benchmark table entry. #Cat.: 2; #Image pairs: 4; Resolution (m): 2,2.4,5.8; #Bands: NIR,RGB; Image size: 1,431×1,431;458×559;1,154×740; GL/IT/SP: ✓✓✓; Year: 2020",https://captain-whu.github.io/DiRS/,0.70,manual_dirs_table_import
dirs_benchmark_change-detection_hi-ucd_f1_score_unspecified,paper_2021_dirs_million_aid,task_change_detection,Change detection,source/wenhwu-awesome-remote-sensing-change-detec/hi-ucd-34b3395d,Hi-UCD,f1_score,F1 Score,F1,true,,,,source-derived,"DiRS benchmark table entry. #Cat.: 9; #Image pairs: 1,293; Resolution (m): 0.1; #Bands: RGB; Image size: 1,024×1,024; GL/IT/SP: --/--/✓; Year: 2020",https://captain-whu.github.io/DiRS/,0.70,manual_dirs_table_import
dirs_benchmark_change-detection_spacenet7_f1_score_unspecified,paper_2021_dirs_million_aid,task_change_detection,Change detection,dirs/change-detection/spacenet7,SpaceNet7,f1_score,F1 Score,F1,true,,,,source-derived,DiRS benchmark table entry. #Cat.: --; #Image pairs: 24; Resolution (m): 4; #Bands: RGB; Image size: --; GL/IT/SP: ✓✓✓; Year: 2020,https://captain-whu.github.io/DiRS/,0.70,manual_dirs_table_import
dirs_benchmark_change-detection_s2mtcp_f1_score_unspecified,paper_2021_dirs_million_aid,task_change_detection,Change detection,source/wenhwu-awesome-remote-sensing-change-detec/s2mtcp-5cd51ef5,S2MTCP,f1_score,F1 Score,F1,true,,,,source-derived,"DiRS benchmark table entry. #Cat.: 2; #Image pairs: 1,520; Resolution (m): up to 10; #Bands: 13; Image size: 600×600; GL/IT/SP: ✓✓✓; Year: 2021",https://captain-whu.github.io/DiRS/,0.70,manual_dirs_table_import
paper_extracted_paper-2004-04192-task-semantic-segmentation-geolifeclef-2020-dataset-mean-intersection-over-union,paper_2004_04192,task_semantic_segmentation,Semantic segmentation,paper-extracted/geolifeclef-2020-dataset,GeoLifeCLEF 2020 Dataset,mean_intersection_over_union,Mean Intersection over Union,mIoU,true,,,,candidate,Paper text links task 'Semantic segmentation' with extracted dataset/resource 'GeoLifeCLEF 2020 Dataset'. Metric is inferred from task family; no score extracted.,source:paper-extraction|paper:paper_2004_04192|dataset_evidence:text_phrase,0.35,paper_text_candidate
paper_extracted_paper-2004-04192-task-semantic-segmentation-geolifeclef-2020-dataset-f1-score,paper_2004_04192,task_semantic_segmentation,Semantic segmentation,paper-extracted/geolifeclef-2020-dataset,GeoLifeCLEF 2020 Dataset,f1_score,F1 Score,F1,true,,,,candidate,Paper text links task 'Semantic segmentation' with extracted dataset/resource 'GeoLifeCLEF 2020 Dataset'. Metric is inferred from task family; no score extracted.,source:paper-extraction|paper:paper_2004_04192|dataset_evidence:text_phrase,0.35,paper_text_candidate
paper_extracted_paper-2004-06500-task-semantic-segmentation-multi-sensor-all-weather-mapping-dataset-mean-intersection-over-union,paper_2004_06500,task_semantic_segmentation,Semantic segmentation,paper-extracted/multi-sensor-all-weather-mapping-dataset,Multi-Sensor All Weather Mapping Dataset,mean_intersection_over_union,Mean Intersection over Union,mIoU,true,,,,candidate,Paper text links task 'Semantic segmentation' with extracted dataset/resource 'Multi-Sensor All Weather Mapping Dataset'. Metric is inferred from task family; no score extracted.,source:paper-extraction|paper:paper_2004_06500|dataset_evidence:text_phrase,0.35,paper_text_candidate
paper_extracted_paper-2004-06500-task-semantic-segmentation-multi-sensor-all-weather-mapping-dataset-f1-score,paper_2004_06500,task_semantic_segmentation,Semantic segmentation,paper-extracted/multi-sensor-all-weather-mapping-dataset,Multi-Sensor All Weather Mapping Dataset,f1_score,F1 Score,F1,true,,,,candidate,Paper text links task 'Semantic segmentation' with extracted dataset/resource 'Multi-Sensor All Weather Mapping Dataset'. Metric is inferred from task family; no score extracted.,source:paper-extraction|paper:paper_2004_06500|dataset_evidence:text_phrase,0.35,paper_text_candidate
paper_extracted_paper-2004-06500-task-change-detection-multi-sensor-all-weather-mapping-dataset-f1-score,paper_2004_06500,task_change_detection,Change detection,paper-extracted/multi-sensor-all-weather-mapping-dataset,Multi-Sensor All Weather Mapping Dataset,f1_score,F1 Score,F1,true,,,,candidate,Paper text links task 'Change detection' with extracted dataset/resource 'Multi-Sensor All Weather Mapping Dataset'. Metric is inferred from task family; no score extracted.,source:paper-extraction|paper:paper_2004_06500|dataset_evidence:text_phrase,0.35,paper_text_candidate
paper_extracted_paper-2004-06500-task-change-detection-multi-sensor-all-weather-mapping-dataset-mean-intersection-over-union,paper_2004_06500,task_change_detection,Change detection,paper-extracted/multi-sensor-all-weather-mapping-dataset,Multi-Sensor All Weather Mapping Dataset,mean_intersection_over_union,Mean Intersection over Union,mIoU,true,,,,candidate,Paper text links task 'Change detection' with extracted dataset/resource 'Multi-Sensor All Weather Mapping Dataset'. Metric is inferred from task family; no score extracted.,source:paper-extraction|paper:paper_2004_06500|dataset_evidence:text_phrase,0.35,paper_text_candidate
paper_extracted_paper-2004-08501-task-semantic-segmentation-cranberry-aerial-imagery-dataset-mean-intersection-over-union,paper_2004_08501,task_semantic_segmentation,Semantic segmentation,paper-extracted/cranberry-aerial-imagery-dataset,CRanberry Aerial Imagery Dataset,mean_intersection_over_union,Mean Intersection over Union,mIoU,true,,,,candidate,Paper text links task 'Semantic segmentation' with extracted dataset/resource 'CRanberry Aerial Imagery Dataset'. Metric is inferred from task family; no score extracted.,source:paper-extraction|paper:paper_2004_08501|dataset_evidence:text_phrase,0.35,paper_text_candidate
paper_extracted_paper-2004-08501-task-semantic-segmentation-cranberry-aerial-imagery-dataset-f1-score,paper_2004_08501,task_semantic_segmentation,Semantic segmentation,paper-extracted/cranberry-aerial-imagery-dataset,CRanberry Aerial Imagery Dataset,f1_score,F1 Score,F1,true,,,,candidate,Paper text links task 'Semantic segmentation' with extracted dataset/resource 'CRanberry Aerial Imagery Dataset'. Metric is inferred from task family; no score extracted.,source:paper-extraction|paper:paper_2004_08501|dataset_evidence:text_phrase,0.35,paper_text_candidate
paper_extracted_paper-2004-10340-task-image-classification-2020-competition-dataset-overall-accuracy,paper_2004_10340,task_image_classification,Image classification,paper-extracted/2020-competition-dataset,2020 Competition Dataset,overall_accuracy,Overall Accuracy,OA,true,,,,candidate,Paper text links task 'Image classification' with extracted dataset/resource '2020 Competition Dataset'. Metric is inferred from task family; no score extracted.,source:paper-extraction|paper:paper_2004_10340|dataset_evidence:text_phrase,0.35,paper_text_candidate
paper_extracted_paper-2004-10340-task-image-classification-2020-competition-dataset-f1-score,paper_2004_10340,task_image_classification,Image classification,paper-extracted/2020-competition-dataset,2020 Competition Dataset,f1_score,F1 Score,F1,true,,,,candidate,Paper text links task 'Image classification' with extracted dataset/resource '2020 Competition Dataset'. Metric is inferred from task family; no score extracted.,source:paper-extraction|paper:paper_2004_10340|dataset_evidence:text_phrase,0.35,paper_text_candidate
paper_extracted_paper-2005-02436-task-object-detection-statoil-c-core-iceberg-classifier-challenge-mean-average-precision,paper_2005_02436,task_object_detection,Object detection,paper-extracted/statoil-c-core-iceberg-classifier-challenge,Statoil/C-CORE Iceberg Classifier Challenge,mean_average_precision,Mean Average Precision,mAP,true,,,,candidate,Paper text links task 'Object detection' with extracted dataset/resource 'Statoil/C-CORE Iceberg Classifier Challenge'. Metric is inferred from task family; no score extracted.,source:paper-extraction|paper:paper_2005_02436|dataset_evidence:text_phrase,0.35,paper_text_candidate
paper_extracted_paper-2005-02436-task-object-detection-statoil-c-core-iceberg-classifier-challenge-ap50,paper_2005_02436,task_object_detection,Object detection,paper-extracted/statoil-c-core-iceberg-classifier-challenge,Statoil/C-CORE Iceberg Classifier Challenge,ap50,Average Precision at IoU 0.50,AP50,true,,,,candidate,Paper text links task 'Object detection' with extracted dataset/resource 'Statoil/C-CORE Iceberg Classifier Challenge'. Metric is inferred from task family; no score extracted.,source:paper-extraction|paper:paper_2005_02436|dataset_evidence:text_phrase,0.35,paper_text_candidate
paper_extracted_paper-2005-02436-task-image-classification-statoil-c-core-iceberg-classifier-challenge-overall-accuracy,paper_2005_02436,task_image_classification,Image classification,paper-extracted/statoil-c-core-iceberg-classifier-challenge,Statoil/C-CORE Iceberg Classifier Challenge,overall_accuracy,Overall Accuracy,OA,true,,,,candidate,Paper text links task 'Image classification' with extracted dataset/resource 'Statoil/C-CORE Iceberg Classifier Challenge'. Metric is inferred from task family; no score extracted.,source:paper-extraction|paper:paper_2005_02436|dataset_evidence:text_phrase,0.35,paper_text_candidate
paper_extracted_paper-2005-02436-task-image-classification-statoil-c-core-iceberg-classifier-challenge-f1-score,paper_2005_02436,task_image_classification,Image classification,paper-extracted/statoil-c-core-iceberg-classifier-challenge,Statoil/C-CORE Iceberg Classifier Challenge,f1_score,F1 Score,F1,true,,,,candidate,Paper text links task 'Image classification' with extracted dataset/resource 'Statoil/C-CORE Iceberg Classifier Challenge'. Metric is inferred from task family; no score extracted.,source:paper-extraction|paper:paper_2005_02436|dataset_evidence:text_phrase,0.35,paper_text_candidate
paper_extracted_paper-2005-07983-task-semantic-segmentation-so2sat-lcz42-dataset-mean-intersection-over-union,paper_2005_07983,task_semantic_segmentation,Semantic segmentation,paper-extracted/so2sat-lcz42-dataset,So2Sat LCZ42 Dataset,mean_intersection_over_union,Mean Intersection over Union,mIoU,true,,,,candidate,Paper text links task 'Semantic segmentation' with extracted dataset/resource 'So2Sat LCZ42 Dataset'. Metric is inferred from task family; no score extracted.,source:paper-extraction|paper:paper_2005_07983|dataset_evidence:text_phrase,0.35,paper_text_candidate
paper_extracted_paper-2005-07983-task-semantic-segmentation-so2sat-lcz42-dataset-f1-score,paper_2005_07983,task_semantic_segmentation,Semantic segmentation,paper-extracted/so2sat-lcz42-dataset,So2Sat LCZ42 Dataset,f1_score,F1 Score,F1,true,,,,candidate,Paper text links task 'Semantic segmentation' with extracted dataset/resource 'So2Sat LCZ42 Dataset'. Metric is inferred from task family; no score extracted.,source:paper-extraction|paper:paper_2005_07983|dataset_evidence:text_phrase,0.35,paper_text_candidate
paper_extracted_paper-2005-07983-task-image-classification-so2sat-lcz42-dataset-overall-accuracy,paper_2005_07983,task_image_classification,Image classification,paper-extracted/so2sat-lcz42-dataset,So2Sat LCZ42 Dataset,overall_accuracy,Overall Accuracy,OA,true,,,,candidate,Paper text links task 'Image classification' with extracted dataset/resource 'So2Sat LCZ42 Dataset'. Metric is inferred from task family; no score extracted.,source:paper-extraction|paper:paper_2005_07983|dataset_evidence:text_phrase,0.35,paper_text_candidate
paper_extracted_paper-2005-07983-task-image-classification-so2sat-lcz42-dataset-f1-score,paper_2005_07983,task_image_classification,Image classification,paper-extracted/so2sat-lcz42-dataset,So2Sat LCZ42 Dataset,f1_score,F1 Score,F1,true,,,,candidate,Paper text links task 'Image classification' with extracted dataset/resource 'So2Sat LCZ42 Dataset'. Metric is inferred from task family; no score extracted.,source:paper-extraction|paper:paper_2005_07983|dataset_evidence:text_phrase,0.35,paper_text_candidate
paper_extracted_paper-2005-07983-task-depth-estimation-so2sat-lcz42-dataset-root-mean-squared-error,paper_2005_07983,task_depth_estimation,Depth estimation,paper-extracted/so2sat-lcz42-dataset,So2Sat LCZ42 Dataset,root_mean_squared_error,Root Mean Squared Error,RMSE,false,,,,candidate,Paper text links task 'Depth estimation' with extracted dataset/resource 'So2Sat LCZ42 Dataset'. Metric is inferred from task family; no score extracted.,source:paper-extraction|paper:paper_2005_07983|dataset_evidence:text_phrase,0.35,paper_text_candidate
paper_extracted_paper-2007-06124-task-object-detection-large-scale-vehicle-detection-dataset-mean-average-precision,paper_2007_06124,task_object_detection,Object detection,paper-extracted/large-scale-vehicle-detection-dataset,Large-scale Vehicle Detection Dataset,mean_average_precision,Mean Average Precision,mAP,true,,,,candidate,Paper text links task 'Object detection' with extracted dataset/resource 'Large-scale Vehicle Detection Dataset'. Metric is inferred from task family; no score extracted.,source:paper-extraction|paper:paper_2007_06124|dataset_evidence:text_phrase,0.35,paper_text_candidate
paper_extracted_paper-2007-06124-task-object-detection-large-scale-vehicle-detection-dataset-ap50,paper_2007_06124,task_object_detection,Object detection,paper-extracted/large-scale-vehicle-detection-dataset,Large-scale Vehicle Detection Dataset,ap50,Average Precision at IoU 0.50,AP50,true,,,,candidate,Paper text links task 'Object detection' with extracted dataset/resource 'Large-scale Vehicle Detection Dataset'. Metric is inferred from task family; no score extracted.,source:paper-extraction|paper:paper_2007_06124|dataset_evidence:text_phrase,0.35,paper_text_candidate
paper_extracted_paper-2007-06124-task-change-detection-large-scale-vehicle-detection-dataset-f1-score,paper_2007_06124,task_change_detection,Change detection,paper-extracted/large-scale-vehicle-detection-dataset,Large-scale Vehicle Detection Dataset,f1_score,F1 Score,F1,true,,,,candidate,Paper text links task 'Change detection' with extracted dataset/resource 'Large-scale Vehicle Detection Dataset'. Metric is inferred from task family; no score extracted.,source:paper-extraction|paper:paper_2007_06124|dataset_evidence:text_phrase,0.35,paper_text_candidate
paper_extracted_paper-2007-06124-task-change-detection-large-scale-vehicle-detection-dataset-mean-intersection-over-union,paper_2007_06124,task_change_detection,Change detection,paper-extracted/large-scale-vehicle-detection-dataset,Large-scale Vehicle Detection Dataset,mean_intersection_over_union,Mean Intersection over Union,mIoU,true,,,,candidate,Paper text links task 'Change detection' with extracted dataset/resource 'Large-scale Vehicle Detection Dataset'. Metric is inferred from task family; no score extracted.,source:paper-extraction|paper:paper_2007_06124|dataset_evidence:text_phrase,0.35,paper_text_candidate
paper_extracted_paper-2007-06124-task-super-resolution-large-scale-vehicle-detection-dataset-peak-signal-to-noise-ratio,paper_2007_06124,task_super_resolution,Super-resolution,paper-extracted/large-scale-vehicle-detection-dataset,Large-scale Vehicle Detection Dataset,peak_signal_to_noise_ratio,Peak Signal-to-Noise Ratio,PSNR,true,,,,candidate,Paper text links task 'Super-resolution' with extracted dataset/resource 'Large-scale Vehicle Detection Dataset'. Metric is inferred from task family; no score extracted.,source:paper-extraction|paper:paper_2007_06124|dataset_evidence:text_phrase,0.35,paper_text_candidate
paper_extracted_paper-2007-06124-task-super-resolution-large-scale-vehicle-detection-dataset-structural-similarity,paper_2007_06124,task_super_resolution,Super-resolution,paper-extracted/large-scale-vehicle-detection-dataset,Large-scale Vehicle Detection Dataset,structural_similarity,Structural Similarity,SSIM,true,,,,candidate,Paper text links task 'Super-resolution' with extracted dataset/resource 'Large-scale Vehicle Detection Dataset'. Metric is inferred from task family; no score extracted.,source:paper-extraction|paper:paper_2007_06124|dataset_evidence:text_phrase,0.35,paper_text_candidate
paper_extracted_paper-2010-00243-task-semantic-segmentation-multi-label-high-spatial-resolution-remote-sensing-dataset-mean-intersection-over-union,paper_2010_00243,task_semantic_segmentation,Semantic segmentation,paper-extracted/multi-label-high-spatial-resolution-remote-sensing-dataset,Multi-label High Spatial Resolution Remote Sensing Dataset,mean_intersection_over_union,Mean Intersection over Union,mIoU,true,,,,candidate,Paper text links task 'Semantic segmentation' with extracted dataset/resource 'Multi-label High Spatial Resolution Remote Sensing Dataset'. Metric is inferred from task family; no score extracted.,source:paper-extraction|paper:paper_2010_00243|dataset_evidence:text_phrase,0.35,paper_text_candidate
paper_extracted_paper-2010-00243-task-semantic-segmentation-multi-label-high-spatial-resolution-remote-sensing-dataset-f1-score,paper_2010_00243,task_semantic_segmentation,Semantic segmentation,paper-extracted/multi-label-high-spatial-resolution-remote-sensing-dataset,Multi-label High Spatial Resolution Remote Sensing Dataset,f1_score,F1 Score,F1,true,,,,candidate,Paper text links task 'Semantic segmentation' with extracted dataset/resource 'Multi-label High Spatial Resolution Remote Sensing Dataset'. Metric is inferred from task family; no score extracted.,source:paper-extraction|paper:paper_2010_00243|dataset_evidence:text_phrase,0.35,paper_text_candidate
paper_extracted_paper-2010-00243-task-image-classification-multi-label-high-spatial-resolution-remote-sensing-dataset-overall-accuracy,paper_2010_00243,task_image_classification,Image classification,paper-extracted/multi-label-high-spatial-resolution-remote-sensing-dataset,Multi-label High Spatial Resolution Remote Sensing Dataset,overall_accuracy,Overall Accuracy,OA,true,,,,candidate,Paper text links task 'Image classification' with extracted dataset/resource 'Multi-label High Spatial Resolution Remote Sensing Dataset'. Metric is inferred from task family; no score extracted.,source:paper-extraction|paper:paper_2010_00243|dataset_evidence:text_phrase,0.35,paper_text_candidate
paper_extracted_paper-2010-00243-task-image-classification-multi-label-high-spatial-resolution-remote-sensing-dataset-f1-score,paper_2010_00243,task_image_classification,Image classification,paper-extracted/multi-label-high-spatial-resolution-remote-sensing-dataset,Multi-label High Spatial Resolution Remote Sensing Dataset,f1_score,F1 Score,F1,true,,,,candidate,Paper text links task 'Image classification' with extracted dataset/resource 'Multi-label High Spatial Resolution Remote Sensing Dataset'. Metric is inferred from task family; no score extracted.,source:paper-extraction|paper:paper_2010_00243|dataset_evidence:text_phrase,0.35,paper_text_candidate
paper_extracted_paper-2011-05586-task-super-resolution-cnn-based-super-resolution-for-scientific-datasets-peak-signal-to-noise-ratio,paper_2011_05586,task_super_resolution,Super-resolution,paper-extracted/cnn-based-super-resolution-for-scientific-datasets,CNN-Based Super Resolution for Scientific Datasets,peak_signal_to_noise_ratio,Peak Signal-to-Noise Ratio,PSNR,true,,,,candidate,Paper text links task 'Super-resolution' with extracted dataset/resource 'CNN-Based Super Resolution for Scientific Datasets'. Metric is inferred from task family; no score extracted.,source:paper-extraction|paper:paper_2011_05586|dataset_evidence:text_phrase,0.35,paper_text_candidate
paper_extracted_paper-2011-05586-task-super-resolution-cnn-based-super-resolution-for-scientific-datasets-structural-similarity,paper_2011_05586,task_super_resolution,Super-resolution,paper-extracted/cnn-based-super-resolution-for-scientific-datasets,CNN-Based Super Resolution for Scientific Datasets,structural_similarity,Structural Similarity,SSIM,true,,,,candidate,Paper text links task 'Super-resolution' with extracted dataset/resource 'CNN-Based Super Resolution for Scientific Datasets'. Metric is inferred from task family; no score extracted.,source:paper-extraction|paper:paper_2011_05586|dataset_evidence:text_phrase,0.35,paper_text_candidate
paper_extracted_paper-2011-06825-task-semantic-segmentation-gaofen-2-image-dataset-mean-intersection-over-union,paper_2011_06825,task_semantic_segmentation,Semantic segmentation,paper-extracted/gaofen-2-image-dataset,Gaofen-2 Image Dataset,mean_intersection_over_union,Mean Intersection over Union,mIoU,true,,,,candidate,Paper text links task 'Semantic segmentation' with extracted dataset/resource 'Gaofen-2 Image Dataset'. Metric is inferred from task family; no score extracted.,source:paper-extraction|paper:paper_2011_06825|dataset_evidence:text_phrase,0.35,paper_text_candidate
paper_extracted_paper-2011-06825-task-semantic-segmentation-gaofen-2-image-dataset-f1-score,paper_2011_06825,task_semantic_segmentation,Semantic segmentation,paper-extracted/gaofen-2-image-dataset,Gaofen-2 Image Dataset,f1_score,F1 Score,F1,true,,,,candidate,Paper text links task 'Semantic segmentation' with extracted dataset/resource 'Gaofen-2 Image Dataset'. Metric is inferred from task family; no score extracted.,source:paper-extraction|paper:paper_2011_06825|dataset_evidence:text_phrase,0.35,paper_text_candidate
paper_extracted_paper-2011-06825-task-image-classification-gaofen-2-image-dataset-overall-accuracy,paper_2011_06825,task_image_classification,Image classification,paper-extracted/gaofen-2-image-dataset,Gaofen-2 Image Dataset,overall_accuracy,Overall Accuracy,OA,true,,,,candidate,Paper text links task 'Image classification' with extracted dataset/resource 'Gaofen-2 Image Dataset'. Metric is inferred from task family; no score extracted.,source:paper-extraction|paper:paper_2011_06825|dataset_evidence:text_phrase,0.35,paper_text_candidate
paper_extracted_paper-2011-06825-task-image-classification-gaofen-2-image-dataset-f1-score,paper_2011_06825,task_image_classification,Image classification,paper-extracted/gaofen-2-image-dataset,Gaofen-2 Image Dataset,f1_score,F1 Score,F1,true,,,,candidate,Paper text links task 'Image classification' with extracted dataset/resource 'Gaofen-2 Image Dataset'. Metric is inferred from task family; no score extracted.,source:paper-extraction|paper:paper_2011_06825|dataset_evidence:text_phrase,0.35,paper_text_candidate
paper_extracted_paper-2102-04420-task-semantic-segmentation-multi-temporal-urban-development-spacenet-dataset-mean-intersection-over-union,paper_2102_04420,task_semantic_segmentation,Semantic segmentation,paper-extracted/multi-temporal-urban-development-spacenet-dataset,Multi-Temporal Urban Development SpaceNet Dataset,mean_intersection_over_union,Mean Intersection over Union,mIoU,true,,,,candidate,Paper text links task 'Semantic segmentation' with extracted dataset/resource 'Multi-Temporal Urban Development SpaceNet Dataset'. Metric is inferred from task family; no score extracted.,source:paper-extraction|paper:paper_2102_04420|dataset_evidence:text_phrase,0.35,paper_text_candidate
paper_extracted_paper-2102-04420-task-semantic-segmentation-multi-temporal-urban-development-spacenet-dataset-f1-score,paper_2102_04420,task_semantic_segmentation,Semantic segmentation,paper-extracted/multi-temporal-urban-development-spacenet-dataset,Multi-Temporal Urban Development SpaceNet Dataset,f1_score,F1 Score,F1,true,,,,candidate,Paper text links task 'Semantic segmentation' with extracted dataset/resource 'Multi-Temporal Urban Development SpaceNet Dataset'. Metric is inferred from task family; no score extracted.,source:paper-extraction|paper:paper_2102_04420|dataset_evidence:text_phrase,0.35,paper_text_candidate
paper_extracted_paper-2102-04420-task-change-detection-multi-temporal-urban-development-spacenet-dataset-f1-score,paper_2102_04420,task_change_detection,Change detection,paper-extracted/multi-temporal-urban-development-spacenet-dataset,Multi-Temporal Urban Development SpaceNet Dataset,f1_score,F1 Score,F1,true,,,,candidate,Paper text links task 'Change detection' with extracted dataset/resource 'Multi-Temporal Urban Development SpaceNet Dataset'. Metric is inferred from task family; no score extracted.,source:paper-extraction|paper:paper_2102_04420|dataset_evidence:text_phrase,0.35,paper_text_candidate
paper_extracted_paper-2102-04420-task-change-detection-multi-temporal-urban-development-spacenet-dataset-mean-intersection-over-union,paper_2102_04420,task_change_detection,Change detection,paper-extracted/multi-temporal-urban-development-spacenet-dataset,Multi-Temporal Urban Development SpaceNet Dataset,mean_intersection_over_union,Mean Intersection over Union,mIoU,true,,,,candidate,Paper text links task 'Change detection' with extracted dataset/resource 'Multi-Temporal Urban Development SpaceNet Dataset'. Metric is inferred from task family; no score extracted.,source:paper-extraction|paper:paper_2102_04420|dataset_evidence:text_phrase,0.35,paper_text_candidate
paper_extracted_paper-2102-05346-task-semantic-segmentation-isprs-vaihingen-3d-semantic-labeling-challenge-mean-intersection-over-union,paper_2102_05346,task_semantic_segmentation,Semantic segmentation,paper-extracted/isprs-vaihingen-3d-semantic-labeling-challenge,ISPRS Vaihingen 3D Semantic Labeling Challenge,mean_intersection_over_union,Mean Intersection over Union,mIoU,true,,,,candidate,Paper text links task 'Semantic segmentation' with extracted dataset/resource 'ISPRS Vaihingen 3D Semantic Labeling Challenge'. Metric is inferred from task family; no score extracted.,source:paper-extraction|paper:paper_2102_05346|dataset_evidence:text_phrase,0.35,paper_text_candidate
paper_extracted_paper-2102-05346-task-semantic-segmentation-isprs-vaihingen-3d-semantic-labeling-challenge-f1-score,paper_2102_05346,task_semantic_segmentation,Semantic segmentation,paper-extracted/isprs-vaihingen-3d-semantic-labeling-challenge,ISPRS Vaihingen 3D Semantic Labeling Challenge,f1_score,F1 Score,F1,true,,,,candidate,Paper text links task 'Semantic segmentation' with extracted dataset/resource 'ISPRS Vaihingen 3D Semantic Labeling Challenge'. Metric is inferred from task family; no score extracted.,source:paper-extraction|paper:paper_2102_05346|dataset_evidence:text_phrase,0.35,paper_text_candidate
paper_extracted_paper-2102-05346-task-object-detection-isprs-vaihingen-3d-semantic-labeling-challenge-mean-average-precision,paper_2102_05346,task_object_detection,Object detection,paper-extracted/isprs-vaihingen-3d-semantic-labeling-challenge,ISPRS Vaihingen 3D Semantic Labeling Challenge,mean_average_precision,Mean Average Precision,mAP,true,,,,candidate,Paper text links task 'Object detection' with extracted dataset/resource 'ISPRS Vaihingen 3D Semantic Labeling Challenge'. Metric is inferred from task family; no score extracted.,source:paper-extraction|paper:paper_2102_05346|dataset_evidence:text_phrase,0.35,paper_text_candidate
paper_extracted_paper-2102-05346-task-object-detection-isprs-vaihingen-3d-semantic-labeling-challenge-ap50,paper_2102_05346,task_object_detection,Object detection,paper-extracted/isprs-vaihingen-3d-semantic-labeling-challenge,ISPRS Vaihingen 3D Semantic Labeling Challenge,ap50,Average Precision at IoU 0.50,AP50,true,,,,candidate,Paper text links task 'Object detection' with extracted dataset/resource 'ISPRS Vaihingen 3D Semantic Labeling Challenge'. Metric is inferred from task family; no score extracted.,source:paper-extraction|paper:paper_2102_05346|dataset_evidence:text_phrase,0.35,paper_text_candidate
paper_extracted_paper-2102-05346-task-change-detection-isprs-vaihingen-3d-semantic-labeling-challenge-f1-score,paper_2102_05346,task_change_detection,Change detection,paper-extracted/isprs-vaihingen-3d-semantic-labeling-challenge,ISPRS Vaihingen 3D Semantic Labeling Challenge,f1_score,F1 Score,F1,true,,,,candidate,Paper text links task 'Change detection' with extracted dataset/resource 'ISPRS Vaihingen 3D Semantic Labeling Challenge'. Metric is inferred from task family; no score extracted.,source:paper-extraction|paper:paper_2102_05346|dataset_evidence:text_phrase,0.35,paper_text_candidate
paper_extracted_paper-2102-05346-task-change-detection-isprs-vaihingen-3d-semantic-labeling-challenge-mean-intersection-over-union,paper_2102_05346,task_change_detection,Change detection,paper-extracted/isprs-vaihingen-3d-semantic-labeling-challenge,ISPRS Vaihingen 3D Semantic Labeling Challenge,mean_intersection_over_union,Mean Intersection over Union,mIoU,true,,,,candidate,Paper text links task 'Change detection' with extracted dataset/resource 'ISPRS Vaihingen 3D Semantic Labeling Challenge'. Metric is inferred from task family; no score extracted.,source:paper-extraction|paper:paper_2102_05346|dataset_evidence:text_phrase,0.35,paper_text_candidate
paper_extracted_paper-2102-11958-task-semantic-segmentation-spacenet-multi-temporal-urban-development-challenge-mean-intersection-over-union,paper_2102_11958,task_semantic_segmentation,Semantic segmentation,paper-extracted/spacenet-multi-temporal-urban-development-challenge,SpaceNet Multi-Temporal Urban Development Challenge,mean_intersection_over_union,Mean Intersection over Union,mIoU,true,,,,candidate,Paper text links task 'Semantic segmentation' with extracted dataset/resource 'SpaceNet Multi-Temporal Urban Development Challenge'. Metric is inferred from task family; no score extracted.,source:paper-extraction|paper:paper_2102_11958|dataset_evidence:text_phrase,0.35,paper_text_candidate
paper_extracted_paper-2102-11958-task-semantic-segmentation-spacenet-multi-temporal-urban-development-challenge-f1-score,paper_2102_11958,task_semantic_segmentation,Semantic segmentation,paper-extracted/spacenet-multi-temporal-urban-development-challenge,SpaceNet Multi-Temporal Urban Development Challenge,f1_score,F1 Score,F1,true,,,,candidate,Paper text links task 'Semantic segmentation' with extracted dataset/resource 'SpaceNet Multi-Temporal Urban Development Challenge'. Metric is inferred from task family; no score extracted.,source:paper-extraction|paper:paper_2102_11958|dataset_evidence:text_phrase,0.35,paper_text_candidate
paper_extracted_paper-2102-11958-task-change-detection-spacenet-multi-temporal-urban-development-challenge-f1-score,paper_2102_11958,task_change_detection,Change detection,paper-extracted/spacenet-multi-temporal-urban-development-challenge,SpaceNet Multi-Temporal Urban Development Challenge,f1_score,F1 Score,F1,true,,,,candidate,Paper text links task 'Change detection' with extracted dataset/resource 'SpaceNet Multi-Temporal Urban Development Challenge'. Metric is inferred from task family; no score extracted.,source:paper-extraction|paper:paper_2102_11958|dataset_evidence:text_phrase,0.35,paper_text_candidate
paper_extracted_paper-2102-11958-task-change-detection-spacenet-multi-temporal-urban-development-challenge-mean-intersection-over-union,paper_2102_11958,task_change_detection,Change detection,paper-extracted/spacenet-multi-temporal-urban-development-challenge,SpaceNet Multi-Temporal Urban Development Challenge,mean_intersection_over_union,Mean Intersection over Union,mIoU,true,,,,candidate,Paper text links task 'Change detection' with extracted dataset/resource 'SpaceNet Multi-Temporal Urban Development Challenge'. Metric is inferred from task family; no score extracted.,source:paper-extraction|paper:paper_2102_11958|dataset_evidence:text_phrase,0.35,paper_text_candidate
paper_extracted_paper-2102-13143-task-image-classification-icpr-2020-pollen-grain-classification-challenge-overall-accuracy,paper_2102_13143,task_image_classification,Image classification,paper-extracted/icpr-2020-pollen-grain-classification-challenge,ICPR-2020 Pollen Grain Classification Challenge,overall_accuracy,Overall Accuracy,OA,true,,,,candidate,Paper text links task 'Image classification' with extracted dataset/resource 'ICPR-2020 Pollen Grain Classification Challenge'. Metric is inferred from task family; no score extracted.,source:paper-extraction|paper:paper_2102_13143|dataset_evidence:text_phrase,0.35,paper_text_candidate
paper_extracted_paper-2102-13143-task-image-classification-icpr-2020-pollen-grain-classification-challenge-f1-score,paper_2102_13143,task_image_classification,Image classification,paper-extracted/icpr-2020-pollen-grain-classification-challenge,ICPR-2020 Pollen Grain Classification Challenge,f1_score,F1 Score,F1,true,,,,candidate,Paper text links task 'Image classification' with extracted dataset/resource 'ICPR-2020 Pollen Grain Classification Challenge'. Metric is inferred from task family; no score extracted.,source:paper-extraction|paper:paper_2102_13143|dataset_evidence:text_phrase,0.35,paper_text_candidate
paper_extracted_paper-2103-08259-task-object-detection-qxs-saropt-dataset-mean-average-precision,paper_2103_08259,task_object_detection,Object detection,paper-extracted/qxs-saropt-dataset,QXS-SAROPT Dataset,mean_average_precision,Mean Average Precision,mAP,true,,,,candidate,Paper text links task 'Object detection' with extracted dataset/resource 'QXS-SAROPT Dataset'. Metric is inferred from task family; no score extracted.,source:paper-extraction|paper:paper_2103_08259|dataset_evidence:text_phrase,0.35,paper_text_candidate
paper_extracted_paper-2103-08259-task-object-detection-qxs-saropt-dataset-ap50,paper_2103_08259,task_object_detection,Object detection,paper-extracted/qxs-saropt-dataset,QXS-SAROPT Dataset,ap50,Average Precision at IoU 0.50,AP50,true,,,,candidate,Paper text links task 'Object detection' with extracted dataset/resource 'QXS-SAROPT Dataset'. Metric is inferred from task family; no score extracted.,source:paper-extraction|paper:paper_2103_08259|dataset_evidence:text_phrase,0.35,paper_text_candidate
paper_extracted_paper-2103-13151-task-object-detection-rotating-sar-ship-detection-dataset-mean-average-precision,paper_2103_13151,task_object_detection,Object detection,paper-extracted/rotating-sar-ship-detection-dataset,Rotating SAR Ship Detection Dataset,mean_average_precision,Mean Average Precision,mAP,true,,,,candidate,Paper text links task 'Object detection' with extracted dataset/resource 'Rotating SAR Ship Detection Dataset'. Metric is inferred from task family; no score extracted.,source:paper-extraction|paper:paper_2103_13151|dataset_evidence:text_phrase,0.35,paper_text_candidate
paper_extracted_paper-2103-13151-task-object-detection-rotating-sar-ship-detection-dataset-ap50,paper_2103_13151,task_object_detection,Object detection,paper-extracted/rotating-sar-ship-detection-dataset,Rotating SAR Ship Detection Dataset,ap50,Average Precision at IoU 0.50,AP50,true,,,,candidate,Paper text links task 'Object detection' with extracted dataset/resource 'Rotating SAR Ship Detection Dataset'. Metric is inferred from task family; no score extracted.,source:paper-extraction|paper:paper_2103_13151|dataset_evidence:text_phrase,0.35,paper_text_candidate
paper_extracted_paper-2104-00704-task-image-classification-sen12ms-dataset-overall-accuracy,paper_2104_00704,task_image_classification,Image classification,paper-extracted/sen12ms-dataset,SEN12MS Dataset,overall_accuracy,Overall Accuracy,OA,true,,,,candidate,Paper text links task 'Image classification' with extracted dataset/resource 'SEN12MS Dataset'. Metric is inferred from task family; no score extracted.,source:paper-extraction|paper:paper_2104_00704|dataset_evidence:text_phrase,0.35,paper_text_candidate
paper_extracted_paper-2104-00704-task-image-classification-sen12ms-dataset-f1-score,paper_2104_00704,task_image_classification,Image classification,paper-extracted/sen12ms-dataset,SEN12MS Dataset,f1_score,F1 Score,F1,true,,,,candidate,Paper text links task 'Image classification' with extracted dataset/resource 'SEN12MS Dataset'. Metric is inferred from task family; no score extracted.,source:paper-extraction|paper:paper_2104_00704|dataset_evidence:text_phrase,0.35,paper_text_candidate
paper_extracted_paper-2104-02846-task-image-classification-large-scale-dataset-and-benchmark-overall-accuracy,paper_2104_02846,task_image_classification,Image classification,paper-extracted/large-scale-dataset-and-benchmark,Large-scale Dataset and Benchmark,overall_accuracy,Overall Accuracy,OA,true,,,,candidate,Paper text links task 'Image classification' with extracted dataset/resource 'Large-scale Dataset and Benchmark'. Metric is inferred from task family; no score extracted.,source:paper-extraction|paper:paper_2104_02846|dataset_evidence:text_phrase,0.35,paper_text_candidate
paper_extracted_paper-2104-02846-task-image-classification-large-scale-dataset-and-benchmark-f1-score,paper_2104_02846,task_image_classification,Image classification,paper-extracted/large-scale-dataset-and-benchmark,Large-scale Dataset and Benchmark,f1_score,F1 Score,F1,true,,,,candidate,Paper text links task 'Image classification' with extracted dataset/resource 'Large-scale Dataset and Benchmark'. Metric is inferred from task family; no score extracted.,source:paper-extraction|paper:paper_2104_02846|dataset_evidence:text_phrase,0.35,paper_text_candidate
paper_extracted_paper-2104-13969-task-image-classification-urban-3d-challenge-overall-accuracy,paper_2104_13969,task_image_classification,Image classification,paper-extracted/urban-3d-challenge,Urban 3D Challenge,overall_accuracy,Overall Accuracy,OA,true,,,,candidate,Paper text links task 'Image classification' with extracted dataset/resource 'Urban 3D Challenge'. Metric is inferred from task family; no score extracted.,source:paper-extraction|paper:paper_2104_13969|dataset_evidence:text_phrase,0.35,paper_text_candidate
paper_extracted_paper-2104-13969-task-image-classification-urban-3d-challenge-f1-score,paper_2104_13969,task_image_classification,Image classification,paper-extracted/urban-3d-challenge,Urban 3D Challenge,f1_score,F1 Score,F1,true,,,,candidate,Paper text links task 'Image classification' with extracted dataset/resource 'Urban 3D Challenge'. Metric is inferred from task family; no score extracted.,source:paper-extraction|paper:paper_2104_13969|dataset_evidence:text_phrase,0.35,paper_text_candidate
paper_extracted_paper-2105-07921-task-semantic-segmentation-large-scale-multi-modal-multi-label-benchmark-archive-mean-intersection-over-union,paper_2105_07921,task_semantic_segmentation,Semantic segmentation,paper-extracted/large-scale-multi-modal-multi-label-benchmark-archive,Large Scale Multi-Modal Multi-Label Benchmark Archive,mean_intersection_over_union,Mean Intersection over Union,mIoU,true,,,,candidate,Paper text links task 'Semantic segmentation' with extracted dataset/resource 'Large Scale Multi-Modal Multi-Label Benchmark Archive'. Metric is inferred from task family; no score extracted.,source:paper-extraction|paper:paper_2105_07921|dataset_evidence:text_phrase,0.35,paper_text_candidate
paper_extracted_paper-2105-07921-task-semantic-segmentation-large-scale-multi-modal-multi-label-benchmark-archive-f1-score,paper_2105_07921,task_semantic_segmentation,Semantic segmentation,paper-extracted/large-scale-multi-modal-multi-label-benchmark-archive,Large Scale Multi-Modal Multi-Label Benchmark Archive,f1_score,F1 Score,F1,true,,,,candidate,Paper text links task 'Semantic segmentation' with extracted dataset/resource 'Large Scale Multi-Modal Multi-Label Benchmark Archive'. Metric is inferred from task family; no score extracted.,source:paper-extraction|paper:paper_2105_07921|dataset_evidence:text_phrase,0.35,paper_text_candidate
paper_extracted_paper-2105-07921-task-image-classification-large-scale-multi-modal-multi-label-benchmark-archive-overall-accuracy,paper_2105_07921,task_image_classification,Image classification,paper-extracted/large-scale-multi-modal-multi-label-benchmark-archive,Large Scale Multi-Modal Multi-Label Benchmark Archive,overall_accuracy,Overall Accuracy,OA,true,,,,candidate,Paper text links task 'Image classification' with extracted dataset/resource 'Large Scale Multi-Modal Multi-Label Benchmark Archive'. Metric is inferred from task family; no score extracted.,source:paper-extraction|paper:paper_2105_07921|dataset_evidence:text_phrase,0.35,paper_text_candidate
paper_extracted_paper-2105-07921-task-image-classification-large-scale-multi-modal-multi-label-benchmark-archive-f1-score,paper_2105_07921,task_image_classification,Image classification,paper-extracted/large-scale-multi-modal-multi-label-benchmark-archive,Large Scale Multi-Modal Multi-Label Benchmark Archive,f1_score,F1 Score,F1,true,,,,candidate,Paper text links task 'Image classification' with extracted dataset/resource 'Large Scale Multi-Modal Multi-Label Benchmark Archive'. Metric is inferred from task family; no score extracted.,source:paper-extraction|paper:paper_2105_07921|dataset_evidence:text_phrase,0.35,paper_text_candidate
paper_extracted_paper-2106-08151-task-semantic-segmentation-pan-european-dataset-mean-intersection-over-union,paper_2106_08151,task_semantic_segmentation,Semantic segmentation,paper-extracted/pan-european-dataset,Pan-European Dataset,mean_intersection_over_union,Mean Intersection over Union,mIoU,true,,,,candidate,Paper text links task 'Semantic segmentation' with extracted dataset/resource 'Pan-European Dataset'. Metric is inferred from task family; no score extracted.,source:paper-extraction|paper:paper_2106_08151|dataset_evidence:text_phrase,0.35,paper_text_candidate
paper_extracted_paper-2106-08151-task-semantic-segmentation-pan-european-dataset-f1-score,paper_2106_08151,task_semantic_segmentation,Semantic segmentation,paper-extracted/pan-european-dataset,Pan-European Dataset,f1_score,F1 Score,F1,true,,,,candidate,Paper text links task 'Semantic segmentation' with extracted dataset/resource 'Pan-European Dataset'. Metric is inferred from task family; no score extracted.,source:paper-extraction|paper:paper_2106_08151|dataset_evidence:text_phrase,0.35,paper_text_candidate
paper_extracted_paper-2106-08151-task-image-classification-pan-european-dataset-overall-accuracy,paper_2106_08151,task_image_classification,Image classification,paper-extracted/pan-european-dataset,Pan-European Dataset,overall_accuracy,Overall Accuracy,OA,true,,,,candidate,Paper text links task 'Image classification' with extracted dataset/resource 'Pan-European Dataset'. Metric is inferred from task family; no score extracted.,source:paper-extraction|paper:paper_2106_08151|dataset_evidence:text_phrase,0.35,paper_text_candidate
paper_extracted_paper-2106-08151-task-image-classification-pan-european-dataset-f1-score,paper_2106_08151,task_image_classification,Image classification,paper-extracted/pan-european-dataset,Pan-European Dataset,f1_score,F1 Score,F1,true,,,,candidate,Paper text links task 'Image classification' with extracted dataset/resource 'Pan-European Dataset'. Metric is inferred from task family; no score extracted.,source:paper-extraction|paper:paper_2106_08151|dataset_evidence:text_phrase,0.35,paper_text_candidate
paper_extracted_paper-2107-09244-task-change-detection-satellite-side-looking-dataset-f1-score,paper_2107_09244,task_change_detection,Change detection,paper-extracted/satellite-side-looking-dataset,Satellite Side-Looking Dataset,f1_score,F1 Score,F1,true,,,,candidate,Paper text links task 'Change detection' with extracted dataset/resource 'Satellite Side-Looking Dataset'. Metric is inferred from task family; no score extracted.,source:paper-extraction|paper:paper_2107_09244|dataset_evidence:text_phrase,0.35,paper_text_candidate
paper_extracted_paper-2107-09244-task-change-detection-satellite-side-looking-dataset-mean-intersection-over-union,paper_2107_09244,task_change_detection,Change detection,paper-extracted/satellite-side-looking-dataset,Satellite Side-Looking Dataset,mean_intersection_over_union,Mean Intersection over Union,mIoU,true,,,,candidate,Paper text links task 'Change detection' with extracted dataset/resource 'Satellite Side-Looking Dataset'. Metric is inferred from task family; no score extracted.,source:paper-extraction|paper:paper_2107_09244|dataset_evidence:text_phrase,0.35,paper_text_candidate
paper_extracted_paper-2108-08304-task-semantic-segmentation-global-built-up-and-population-datasets-mean-intersection-over-union,paper_2108_08304,task_semantic_segmentation,Semantic segmentation,paper-extracted/global-built-up-and-population-datasets,Global Built-up and Population Datasets,mean_intersection_over_union,Mean Intersection over Union,mIoU,true,,,,candidate,Paper text links task 'Semantic segmentation' with extracted dataset/resource 'Global Built-up and Population Datasets'. Metric is inferred from task family; no score extracted.,source:paper-extraction|paper:paper_2108_08304|dataset_evidence:text_phrase,0.35,paper_text_candidate
paper_extracted_paper-2108-08304-task-semantic-segmentation-global-built-up-and-population-datasets-f1-score,paper_2108_08304,task_semantic_segmentation,Semantic segmentation,paper-extracted/global-built-up-and-population-datasets,Global Built-up and Population Datasets,f1_score,F1 Score,F1,true,,,,candidate,Paper text links task 'Semantic segmentation' with extracted dataset/resource 'Global Built-up and Population Datasets'. Metric is inferred from task family; no score extracted.,source:paper-extraction|paper:paper_2108_08304|dataset_evidence:text_phrase,0.35,paper_text_candidate
paper_extracted_paper-2110-07782-task-semantic-segmentation-uc-merced-land-use-classification-dataset-mean-intersection-over-union,paper_2110_07782,task_semantic_segmentation,Semantic segmentation,paper-extracted/uc-merced-land-use-classification-dataset,UC Merced Land Use Classification Dataset,mean_intersection_over_union,Mean Intersection over Union,mIoU,true,,,,candidate,Paper text links task 'Semantic segmentation' with extracted dataset/resource 'UC Merced Land Use Classification Dataset'. Metric is inferred from task family; no score extracted.,source:paper-extraction|paper:paper_2110_07782|dataset_evidence:text_phrase,0.35,paper_text_candidate
paper_extracted_paper-2110-07782-task-semantic-segmentation-uc-merced-land-use-classification-dataset-f1-score,paper_2110_07782,task_semantic_segmentation,Semantic segmentation,paper-extracted/uc-merced-land-use-classification-dataset,UC Merced Land Use Classification Dataset,f1_score,F1 Score,F1,true,,,,candidate,Paper text links task 'Semantic segmentation' with extracted dataset/resource 'UC Merced Land Use Classification Dataset'. Metric is inferred from task family; no score extracted.,source:paper-extraction|paper:paper_2110_07782|dataset_evidence:text_phrase,0.35,paper_text_candidate
paper_extracted_paper-2110-07782-task-image-classification-uc-merced-land-use-classification-dataset-overall-accuracy,paper_2110_07782,task_image_classification,Image classification,paper-extracted/uc-merced-land-use-classification-dataset,UC Merced Land Use Classification Dataset,overall_accuracy,Overall Accuracy,OA,true,,,,candidate,Paper text links task 'Image classification' with extracted dataset/resource 'UC Merced Land Use Classification Dataset'. Metric is inferred from task family; no score extracted.,source:paper-extraction|paper:paper_2110_07782|dataset_evidence:text_phrase,0.35,paper_text_candidate
paper_extracted_paper-2110-07782-task-image-classification-uc-merced-land-use-classification-dataset-f1-score,paper_2110_07782,task_image_classification,Image classification,paper-extracted/uc-merced-land-use-classification-dataset,UC Merced Land Use Classification Dataset,f1_score,F1 Score,F1,true,,,,candidate,Paper text links task 'Image classification' with extracted dataset/resource 'UC Merced Land Use Classification Dataset'. Metric is inferred from task family; no score extracted.,source:paper-extraction|paper:paper_2110_07782|dataset_evidence:text_phrase,0.35,paper_text_candidate
paper_extracted_paper-2111-12122-task-semantic-segmentation-city-scale-vehicle-dataset-mean-intersection-over-union,paper_2111_12122,task_semantic_segmentation,Semantic segmentation,paper-extracted/city-scale-vehicle-dataset,City-Scale Vehicle Dataset,mean_intersection_over_union,Mean Intersection over Union,mIoU,true,,,,candidate,Paper text links task 'Semantic segmentation' with extracted dataset/resource 'City-Scale Vehicle Dataset'. Metric is inferred from task family; no score extracted.,source:paper-extraction|paper:paper_2111_12122|dataset_evidence:text_phrase,0.35,paper_text_candidate
paper_extracted_paper-2111-12122-task-semantic-segmentation-city-scale-vehicle-dataset-f1-score,paper_2111_12122,task_semantic_segmentation,Semantic segmentation,paper-extracted/city-scale-vehicle-dataset,City-Scale Vehicle Dataset,f1_score,F1 Score,F1,true,,,,candidate,Paper text links task 'Semantic segmentation' with extracted dataset/resource 'City-Scale Vehicle Dataset'. Metric is inferred from task family; no score extracted.,source:paper-extraction|paper:paper_2111_12122|dataset_evidence:text_phrase,0.35,paper_text_candidate
paper_extracted_paper-2111-12122-task-object-detection-city-scale-vehicle-dataset-mean-average-precision,paper_2111_12122,task_object_detection,Object detection,paper-extracted/city-scale-vehicle-dataset,City-Scale Vehicle Dataset,mean_average_precision,Mean Average Precision,mAP,true,,,,candidate,Paper text links task 'Object detection' with extracted dataset/resource 'City-Scale Vehicle Dataset'. Metric is inferred from task family; no score extracted.,source:paper-extraction|paper:paper_2111_12122|dataset_evidence:text_phrase,0.35,paper_text_candidate
paper_extracted_paper-2111-12122-task-object-detection-city-scale-vehicle-dataset-ap50,paper_2111_12122,task_object_detection,Object detection,paper-extracted/city-scale-vehicle-dataset,City-Scale Vehicle Dataset,ap50,Average Precision at IoU 0.50,AP50,true,,,,candidate,Paper text links task 'Object detection' with extracted dataset/resource 'City-Scale Vehicle Dataset'. Metric is inferred from task family; no score extracted.,source:paper-extraction|paper:paper_2111_12122|dataset_evidence:text_phrase,0.35,paper_text_candidate
paper_extracted_paper-2111-12122-task-image-classification-city-scale-vehicle-dataset-overall-accuracy,paper_2111_12122,task_image_classification,Image classification,paper-extracted/city-scale-vehicle-dataset,City-Scale Vehicle Dataset,overall_accuracy,Overall Accuracy,OA,true,,,,candidate,Paper text links task 'Image classification' with extracted dataset/resource 'City-Scale Vehicle Dataset'. Metric is inferred from task family; no score extracted.,source:paper-extraction|paper:paper_2111_12122|dataset_evidence:text_phrase,0.35,paper_text_candidate
paper_extracted_paper-2111-12122-task-image-classification-city-scale-vehicle-dataset-f1-score,paper_2111_12122,task_image_classification,Image classification,paper-extracted/city-scale-vehicle-dataset,City-Scale Vehicle Dataset,f1_score,F1 Score,F1,true,,,,candidate,Paper text links task 'Image classification' with extracted dataset/resource 'City-Scale Vehicle Dataset'. Metric is inferred from task family; no score extracted.,source:paper-extraction|paper:paper_2111_12122|dataset_evidence:text_phrase,0.35,paper_text_candidate
paper_extracted_paper-2111-15613-task-semantic-segmentation-mis-check-dam-dataset-mean-intersection-over-union,paper_2111_15613,task_semantic_segmentation,Semantic segmentation,paper-extracted/mis-check-dam-dataset,MIS Check-Dam Dataset,mean_intersection_over_union,Mean Intersection over Union,mIoU,true,,,,candidate,Paper text links task 'Semantic segmentation' with extracted dataset/resource 'MIS Check-Dam Dataset'. Metric is inferred from task family; no score extracted.,source:paper-extraction|paper:paper_2111_15613|dataset_evidence:text_phrase,0.35,paper_text_candidate
paper_extracted_paper-2111-15613-task-semantic-segmentation-mis-check-dam-dataset-f1-score,paper_2111_15613,task_semantic_segmentation,Semantic segmentation,paper-extracted/mis-check-dam-dataset,MIS Check-Dam Dataset,f1_score,F1 Score,F1,true,,,,candidate,Paper text links task 'Semantic segmentation' with extracted dataset/resource 'MIS Check-Dam Dataset'. Metric is inferred from task family; no score extracted.,source:paper-extraction|paper:paper_2111_15613|dataset_evidence:text_phrase,0.35,paper_text_candidate
paper_extracted_paper-2111-15613-task-object-detection-mis-check-dam-dataset-mean-average-precision,paper_2111_15613,task_object_detection,Object detection,paper-extracted/mis-check-dam-dataset,MIS Check-Dam Dataset,mean_average_precision,Mean Average Precision,mAP,true,,,,candidate,Paper text links task 'Object detection' with extracted dataset/resource 'MIS Check-Dam Dataset'. Metric is inferred from task family; no score extracted.,source:paper-extraction|paper:paper_2111_15613|dataset_evidence:text_phrase,0.35,paper_text_candidate
paper_extracted_paper-2111-15613-task-object-detection-mis-check-dam-dataset-ap50,paper_2111_15613,task_object_detection,Object detection,paper-extracted/mis-check-dam-dataset,MIS Check-Dam Dataset,ap50,Average Precision at IoU 0.50,AP50,true,,,,candidate,Paper text links task 'Object detection' with extracted dataset/resource 'MIS Check-Dam Dataset'. Metric is inferred from task family; no score extracted.,source:paper-extraction|paper:paper_2111_15613|dataset_evidence:text_phrase,0.35,paper_text_candidate
paper_extracted_paper-2112-05220-task-semantic-segmentation-5-class-gaofen-image-dataset-mean-intersection-over-union,paper_2112_05220,task_semantic_segmentation,Semantic segmentation,paper-extracted/5-class-gaofen-image-dataset,5-class Gaofen Image Dataset,mean_intersection_over_union,Mean Intersection over Union,mIoU,true,,,,candidate,Paper text links task 'Semantic segmentation' with extracted dataset/resource '5-class Gaofen Image Dataset'. Metric is inferred from task family; no score extracted.,source:paper-extraction|paper:paper_2112_05220|dataset_evidence:text_phrase,0.35,paper_text_candidate
paper_extracted_paper-2112-05220-task-semantic-segmentation-5-class-gaofen-image-dataset-f1-score,paper_2112_05220,task_semantic_segmentation,Semantic segmentation,paper-extracted/5-class-gaofen-image-dataset,5-class Gaofen Image Dataset,f1_score,F1 Score,F1,true,,,,candidate,Paper text links task 'Semantic segmentation' with extracted dataset/resource '5-class Gaofen Image Dataset'. Metric is inferred from task family; no score extracted.,source:paper-extraction|paper:paper_2112_05220|dataset_evidence:text_phrase,0.35,paper_text_candidate
paper_extracted_paper-2112-05335-task-semantic-segmentation-inria-validation-dataset-mean-intersection-over-union,paper_2112_05335,task_semantic_segmentation,Semantic segmentation,paper-extracted/inria-validation-dataset,INRIA Validation Dataset,mean_intersection_over_union,Mean Intersection over Union,mIoU,true,,,,candidate,Paper text links task 'Semantic segmentation' with extracted dataset/resource 'INRIA Validation Dataset'. Metric is inferred from task family; no score extracted.,source:paper-extraction|paper:paper_2112_05335|dataset_evidence:text_phrase,0.35,paper_text_candidate
paper_extracted_paper-2112-05335-task-semantic-segmentation-inria-validation-dataset-f1-score,paper_2112_05335,task_semantic_segmentation,Semantic segmentation,paper-extracted/inria-validation-dataset,INRIA Validation Dataset,f1_score,F1 Score,F1,true,,,,candidate,Paper text links task 'Semantic segmentation' with extracted dataset/resource 'INRIA Validation Dataset'. Metric is inferred from task family; no score extracted.,source:paper-extraction|paper:paper_2112_05335|dataset_evidence:text_phrase,0.35,paper_text_candidate
paper_extracted_paper-2112-05335-task-object-detection-inria-validation-dataset-mean-average-precision,paper_2112_05335,task_object_detection,Object detection,paper-extracted/inria-validation-dataset,INRIA Validation Dataset,mean_average_precision,Mean Average Precision,mAP,true,,,,candidate,Paper text links task 'Object detection' with extracted dataset/resource 'INRIA Validation Dataset'. Metric is inferred from task family; no score extracted.,source:paper-extraction|paper:paper_2112_05335|dataset_evidence:text_phrase,0.35,paper_text_candidate
paper_extracted_paper-2112-05335-task-object-detection-inria-validation-dataset-ap50,paper_2112_05335,task_object_detection,Object detection,paper-extracted/inria-validation-dataset,INRIA Validation Dataset,ap50,Average Precision at IoU 0.50,AP50,true,,,,candidate,Paper text links task 'Object detection' with extracted dataset/resource 'INRIA Validation Dataset'. Metric is inferred from task family; no score extracted.,source:paper-extraction|paper:paper_2112_05335|dataset_evidence:text_phrase,0.35,paper_text_candidate
paper_extracted_paper-2112-05335-task-image-classification-inria-validation-dataset-overall-accuracy,paper_2112_05335,task_image_classification,Image classification,paper-extracted/inria-validation-dataset,INRIA Validation Dataset,overall_accuracy,Overall Accuracy,OA,true,,,,candidate,Paper text links task 'Image classification' with extracted dataset/resource 'INRIA Validation Dataset'. Metric is inferred from task family; no score extracted.,source:paper-extraction|paper:paper_2112_05335|dataset_evidence:text_phrase,0.35,paper_text_candidate
paper_extracted_paper-2112-05335-task-image-classification-inria-validation-dataset-f1-score,paper_2112_05335,task_image_classification,Image classification,paper-extracted/inria-validation-dataset,INRIA Validation Dataset,f1_score,F1 Score,F1,true,,,,candidate,Paper text links task 'Image classification' with extracted dataset/resource 'INRIA Validation Dataset'. Metric is inferred from task family; no score extracted.,source:paper-extraction|paper:paper_2112_05335|dataset_evidence:text_phrase,0.35,paper_text_candidate
paper_extracted_paper-2112-05335-task-semantic-segmentation-inria-test-dataset-mean-intersection-over-union,paper_2112_05335,task_semantic_segmentation,Semantic segmentation,paper-extracted/inria-test-dataset,INRIA Test Dataset,mean_intersection_over_union,Mean Intersection over Union,mIoU,true,,,,candidate,Paper text links task 'Semantic segmentation' with extracted dataset/resource 'INRIA Test Dataset'. Metric is inferred from task family; no score extracted.,source:paper-extraction|paper:paper_2112_05335|dataset_evidence:text_phrase,0.35,paper_text_candidate
paper_extracted_paper-2112-05335-task-semantic-segmentation-inria-test-dataset-f1-score,paper_2112_05335,task_semantic_segmentation,Semantic segmentation,paper-extracted/inria-test-dataset,INRIA Test Dataset,f1_score,F1 Score,F1,true,,,,candidate,Paper text links task 'Semantic segmentation' with extracted dataset/resource 'INRIA Test Dataset'. Metric is inferred from task family; no score extracted.,source:paper-extraction|paper:paper_2112_05335|dataset_evidence:text_phrase,0.35,paper_text_candidate
paper_extracted_paper-2112-05335-task-object-detection-inria-test-dataset-mean-average-precision,paper_2112_05335,task_object_detection,Object detection,paper-extracted/inria-test-dataset,INRIA Test Dataset,mean_average_precision,Mean Average Precision,mAP,true,,,,candidate,Paper text links task 'Object detection' with extracted dataset/resource 'INRIA Test Dataset'. Metric is inferred from task family; no score extracted.,source:paper-extraction|paper:paper_2112_05335|dataset_evidence:text_phrase,0.35,paper_text_candidate
paper_extracted_paper-2112-05335-task-object-detection-inria-test-dataset-ap50,paper_2112_05335,task_object_detection,Object detection,paper-extracted/inria-test-dataset,INRIA Test Dataset,ap50,Average Precision at IoU 0.50,AP50,true,,,,candidate,Paper text links task 'Object detection' with extracted dataset/resource 'INRIA Test Dataset'. Metric is inferred from task family; no score extracted.,source:paper-extraction|paper:paper_2112_05335|dataset_evidence:text_phrase,0.35,paper_text_candidate
paper_extracted_paper-2112-05335-task-image-classification-inria-test-dataset-overall-accuracy,paper_2112_05335,task_image_classification,Image classification,paper-extracted/inria-test-dataset,INRIA Test Dataset,overall_accuracy,Overall Accuracy,OA,true,,,,candidate,Paper text links task 'Image classification' with extracted dataset/resource 'INRIA Test Dataset'. Metric is inferred from task family; no score extracted.,source:paper-extraction|paper:paper_2112_05335|dataset_evidence:text_phrase,0.35,paper_text_candidate
paper_extracted_paper-2112-05335-task-image-classification-inria-test-dataset-f1-score,paper_2112_05335,task_image_classification,Image classification,paper-extracted/inria-test-dataset,INRIA Test Dataset,f1_score,F1 Score,F1,true,,,,candidate,Paper text links task 'Image classification' with extracted dataset/resource 'INRIA Test Dataset'. Metric is inferred from task family; no score extracted.,source:paper-extraction|paper:paper_2112_05335|dataset_evidence:text_phrase,0.35,paper_text_candidate
paper_extracted_paper-2203-11078-task-semantic-segmentation-multi-temporal-building-footprint-dataset-mean-intersection-over-union,paper_2203_11078,task_semantic_segmentation,Semantic segmentation,paper-extracted/multi-temporal-building-footprint-dataset,Multi-Temporal Building Footprint Dataset,mean_intersection_over_union,Mean Intersection over Union,mIoU,true,,,,candidate,Paper text links task 'Semantic segmentation' with extracted dataset/resource 'Multi-Temporal Building Footprint Dataset'. Metric is inferred from task family; no score extracted.,source:paper-extraction|paper:paper_2203_11078|dataset_evidence:text_phrase,0.35,paper_text_candidate
paper_extracted_paper-2203-11078-task-semantic-segmentation-multi-temporal-building-footprint-dataset-f1-score,paper_2203_11078,task_semantic_segmentation,Semantic segmentation,paper-extracted/multi-temporal-building-footprint-dataset,Multi-Temporal Building Footprint Dataset,f1_score,F1 Score,F1,true,,,,candidate,Paper text links task 'Semantic segmentation' with extracted dataset/resource 'Multi-Temporal Building Footprint Dataset'. Metric is inferred from task family; no score extracted.,source:paper-extraction|paper:paper_2203_11078|dataset_evidence:text_phrase,0.35,paper_text_candidate
paper_extracted_paper-2203-11078-task-image-classification-multi-temporal-building-footprint-dataset-overall-accuracy,paper_2203_11078,task_image_classification,Image classification,paper-extracted/multi-temporal-building-footprint-dataset,Multi-Temporal Building Footprint Dataset,overall_accuracy,Overall Accuracy,OA,true,,,,candidate,Paper text links task 'Image classification' with extracted dataset/resource 'Multi-Temporal Building Footprint Dataset'. Metric is inferred from task family; no score extracted.,source:paper-extraction|paper:paper_2203_11078|dataset_evidence:text_phrase,0.35,paper_text_candidate
paper_extracted_paper-2203-11078-task-image-classification-multi-temporal-building-footprint-dataset-f1-score,paper_2203_11078,task_image_classification,Image classification,paper-extracted/multi-temporal-building-footprint-dataset,Multi-Temporal Building Footprint Dataset,f1_score,F1 Score,F1,true,,,,candidate,Paper text links task 'Image classification' with extracted dataset/resource 'Multi-Temporal Building Footprint Dataset'. Metric is inferred from task family; no score extracted.,source:paper-extraction|paper:paper_2203_11078|dataset_evidence:text_phrase,0.35,paper_text_candidate
paper_extracted_paper-2203-12560-task-semantic-segmentation-daily-multi-spectral-satellite-dataset-mean-intersection-over-union,paper_2203_12560,task_semantic_segmentation,Semantic segmentation,paper-extracted/daily-multi-spectral-satellite-dataset,Daily Multi-Spectral Satellite Dataset,mean_intersection_over_union,Mean Intersection over Union,mIoU,true,,,,candidate,Paper text links task 'Semantic segmentation' with extracted dataset/resource 'Daily Multi-Spectral Satellite Dataset'. Metric is inferred from task family; no score extracted.,source:paper-extraction|paper:paper_2203_12560|dataset_evidence:text_phrase,0.35,paper_text_candidate
paper_extracted_paper-2203-12560-task-semantic-segmentation-daily-multi-spectral-satellite-dataset-f1-score,paper_2203_12560,task_semantic_segmentation,Semantic segmentation,paper-extracted/daily-multi-spectral-satellite-dataset,Daily Multi-Spectral Satellite Dataset,f1_score,F1 Score,F1,true,,,,candidate,Paper text links task 'Semantic segmentation' with extracted dataset/resource 'Daily Multi-Spectral Satellite Dataset'. Metric is inferred from task family; no score extracted.,source:paper-extraction|paper:paper_2203_12560|dataset_evidence:text_phrase,0.35,paper_text_candidate
paper_extracted_paper-2203-12560-task-image-classification-daily-multi-spectral-satellite-dataset-overall-accuracy,paper_2203_12560,task_image_classification,Image classification,paper-extracted/daily-multi-spectral-satellite-dataset,Daily Multi-Spectral Satellite Dataset,overall_accuracy,Overall Accuracy,OA,true,,,,candidate,Paper text links task 'Image classification' with extracted dataset/resource 'Daily Multi-Spectral Satellite Dataset'. Metric is inferred from task family; no score extracted.,source:paper-extraction|paper:paper_2203_12560|dataset_evidence:text_phrase,0.35,paper_text_candidate
paper_extracted_paper-2203-12560-task-image-classification-daily-multi-spectral-satellite-dataset-f1-score,paper_2203_12560,task_image_classification,Image classification,paper-extracted/daily-multi-spectral-satellite-dataset,Daily Multi-Spectral Satellite Dataset,f1_score,F1 Score,F1,true,,,,candidate,Paper text links task 'Image classification' with extracted dataset/resource 'Daily Multi-Spectral Satellite Dataset'. Metric is inferred from task family; no score extracted.,source:paper-extraction|paper:paper_2203_12560|dataset_evidence:text_phrase,0.35,paper_text_candidate
paper_extracted_paper-2207-07189-task-image-classification-open-source-benchmark-overall-accuracy,paper_2207_07189,task_image_classification,Image classification,paper-extracted/open-source-benchmark,Open-source Benchmark,overall_accuracy,Overall Accuracy,OA,true,,,,candidate,Paper text links task 'Image classification' with extracted dataset/resource 'Open-source Benchmark'. Metric is inferred from task family; no score extracted.,source:paper-extraction|paper:paper_2207_07189|dataset_evidence:text_phrase,0.35,paper_text_candidate
paper_extracted_paper-2207-07189-task-image-classification-open-source-benchmark-f1-score,paper_2207_07189,task_image_classification,Image classification,paper-extracted/open-source-benchmark,Open-source Benchmark,f1_score,F1 Score,F1,true,,,,candidate,Paper text links task 'Image classification' with extracted dataset/resource 'Open-source Benchmark'. Metric is inferred from task family; no score extracted.,source:paper-extraction|paper:paper_2207_07189|dataset_evidence:text_phrase,0.35,paper_text_candidate
paper_extracted_paper-2208-03042-task-semantic-segmentation-hsi-datasets-mean-intersection-over-union,paper_2208_03042,task_semantic_segmentation,Semantic segmentation,paper-extracted/hsi-datasets,HSI. Datasets,mean_intersection_over_union,Mean Intersection over Union,mIoU,true,,,,candidate,Paper text links task 'Semantic segmentation' with extracted dataset/resource 'HSI. Datasets'. Metric is inferred from task family; no score extracted.,source:paper-extraction|paper:paper_2208_03042|dataset_evidence:text_phrase,0.35,paper_text_candidate
paper_extracted_paper-2208-03042-task-semantic-segmentation-hsi-datasets-f1-score,paper_2208_03042,task_semantic_segmentation,Semantic segmentation,paper-extracted/hsi-datasets,HSI. Datasets,f1_score,F1 Score,F1,true,,,,candidate,Paper text links task 'Semantic segmentation' with extracted dataset/resource 'HSI. Datasets'. Metric is inferred from task family; no score extracted.,source:paper-extraction|paper:paper_2208_03042|dataset_evidence:text_phrase,0.35,paper_text_candidate
paper_extracted_paper-2208-03042-task-image-classification-hsi-datasets-overall-accuracy,paper_2208_03042,task_image_classification,Image classification,paper-extracted/hsi-datasets,HSI. Datasets,overall_accuracy,Overall Accuracy,OA,true,,,,candidate,Paper text links task 'Image classification' with extracted dataset/resource 'HSI. Datasets'. Metric is inferred from task family; no score extracted.,source:paper-extraction|paper:paper_2208_03042|dataset_evidence:text_phrase,0.35,paper_text_candidate
paper_extracted_paper-2208-03042-task-image-classification-hsi-datasets-f1-score,paper_2208_03042,task_image_classification,Image classification,paper-extracted/hsi-datasets,HSI. Datasets,f1_score,F1 Score,F1,true,,,,candidate,Paper text links task 'Image classification' with extracted dataset/resource 'HSI. Datasets'. Metric is inferred from task family; no score extracted.,source:paper-extraction|paper:paper_2208_03042|dataset_evidence:text_phrase,0.35,paper_text_candidate
paper_extracted_paper-2209-13369-task-object-detection-2021-gaofen-challenge-mean-average-precision,paper_2209_13369,task_object_detection,Object detection,paper-extracted/2021-gaofen-challenge,2021 Gaofen Challenge,mean_average_precision,Mean Average Precision,mAP,true,,,,candidate,Paper text links task 'Object detection' with extracted dataset/resource '2021 Gaofen Challenge'. Metric is inferred from task family; no score extracted.,source:paper-extraction|paper:paper_2209_13369|dataset_evidence:text_phrase,0.35,paper_text_candidate
paper_extracted_paper-2209-13369-task-object-detection-2021-gaofen-challenge-ap50,paper_2209_13369,task_object_detection,Object detection,paper-extracted/2021-gaofen-challenge,2021 Gaofen Challenge,ap50,Average Precision at IoU 0.50,AP50,true,,,,candidate,Paper text links task 'Object detection' with extracted dataset/resource '2021 Gaofen Challenge'. Metric is inferred from task family; no score extracted.,source:paper-extraction|paper:paper_2209_13369|dataset_evidence:text_phrase,0.35,paper_text_candidate
paper_extracted_paper-2210-02745-task-super-resolution-real-world-benchmark-peak-signal-to-noise-ratio,paper_2210_02745,task_super_resolution,Super-resolution,paper-extracted/real-world-benchmark,Real-World Benchmark,peak_signal_to_noise_ratio,Peak Signal-to-Noise Ratio,PSNR,true,,,,candidate,Paper text links task 'Super-resolution' with extracted dataset/resource 'Real-World Benchmark'. Metric is inferred from task family; no score extracted.,source:paper-extraction|paper:paper_2210_02745|dataset_evidence:text_phrase,0.35,paper_text_candidate
paper_extracted_paper-2210-02745-task-super-resolution-real-world-benchmark-structural-similarity,paper_2210_02745,task_super_resolution,Super-resolution,paper-extracted/real-world-benchmark,Real-World Benchmark,structural_similarity,Structural Similarity,SSIM,true,,,,candidate,Paper text links task 'Super-resolution' with extracted dataset/resource 'Real-World Benchmark'. Metric is inferred from task family; no score extracted.,source:paper-extraction|paper:paper_2210_02745|dataset_evidence:text_phrase,0.35,paper_text_candidate
paper_extracted_paper-2210-17311-task-image-classification-muufl-gulfport-dataset-overall-accuracy,paper_2210_17311,task_image_classification,Image classification,paper-extracted/muufl-gulfport-dataset,MUUFL Gulfport Dataset,overall_accuracy,Overall Accuracy,OA,true,,,,candidate,Paper text links task 'Image classification' with extracted dataset/resource 'MUUFL Gulfport Dataset'. Metric is inferred from task family; no score extracted.,source:paper-extraction|paper:paper_2210_17311|dataset_evidence:text_phrase,0.35,paper_text_candidate
paper_extracted_paper-2210-17311-task-image-classification-muufl-gulfport-dataset-f1-score,paper_2210_17311,task_image_classification,Image classification,paper-extracted/muufl-gulfport-dataset,MUUFL Gulfport Dataset,f1_score,F1 Score,F1,true,,,,candidate,Paper text links task 'Image classification' with extracted dataset/resource 'MUUFL Gulfport Dataset'. Metric is inferred from task family; no score extracted.,source:paper-extraction|paper:paper_2210_17311|dataset_evidence:text_phrase,0.35,paper_text_candidate
paper_extracted_paper-2212-02749-task-semantic-segmentation-hyperspectral-and-rgb-dataset-mean-intersection-over-union,paper_2212_02749,task_semantic_segmentation,Semantic segmentation,paper-extracted/hyperspectral-and-rgb-dataset,Hyperspectral and RGB Dataset,mean_intersection_over_union,Mean Intersection over Union,mIoU,true,,,,candidate,Paper text links task 'Semantic segmentation' with extracted dataset/resource 'Hyperspectral and RGB Dataset'. Metric is inferred from task family; no score extracted.,source:paper-extraction|paper:paper_2212_02749|dataset_evidence:text_phrase,0.35,paper_text_candidate
paper_extracted_paper-2212-02749-task-semantic-segmentation-hyperspectral-and-rgb-dataset-f1-score,paper_2212_02749,task_semantic_segmentation,Semantic segmentation,paper-extracted/hyperspectral-and-rgb-dataset,Hyperspectral and RGB Dataset,f1_score,F1 Score,F1,true,,,,candidate,Paper text links task 'Semantic segmentation' with extracted dataset/resource 'Hyperspectral and RGB Dataset'. Metric is inferred from task family; no score extracted.,source:paper-extraction|paper:paper_2212_02749|dataset_evidence:text_phrase,0.35,paper_text_candidate
paper_extracted_paper-2212-02749-task-image-classification-hyperspectral-and-rgb-dataset-overall-accuracy,paper_2212_02749,task_image_classification,Image classification,paper-extracted/hyperspectral-and-rgb-dataset,Hyperspectral and RGB Dataset,overall_accuracy,Overall Accuracy,OA,true,,,,candidate,Paper text links task 'Image classification' with extracted dataset/resource 'Hyperspectral and RGB Dataset'. Metric is inferred from task family; no score extracted.,source:paper-extraction|paper:paper_2212_02749|dataset_evidence:text_phrase,0.35,paper_text_candidate
paper_extracted_paper-2212-02749-task-image-classification-hyperspectral-and-rgb-dataset-f1-score,paper_2212_02749,task_image_classification,Image classification,paper-extracted/hyperspectral-and-rgb-dataset,Hyperspectral and RGB Dataset,f1_score,F1 Score,F1,true,,,,candidate,Paper text links task 'Image classification' with extracted dataset/resource 'Hyperspectral and RGB Dataset'. Metric is inferred from task family; no score extracted.,source:paper-extraction|paper:paper_2212_02749|dataset_evidence:text_phrase,0.35,paper_text_candidate
paper_extracted_paper-2212-07039-task-object-detection-pbvs-mavoc-challenge-mean-average-precision,paper_2212_07039,task_object_detection,Object detection,paper-extracted/pbvs-mavoc-challenge,PBVS MAVOC Challenge,mean_average_precision,Mean Average Precision,mAP,true,,,,candidate,Paper text links task 'Object detection' with extracted dataset/resource 'PBVS MAVOC Challenge'. Metric is inferred from task family; no score extracted.,source:paper-extraction|paper:paper_2212_07039|dataset_evidence:text_phrase,0.35,paper_text_candidate
paper_extracted_paper-2212-07039-task-object-detection-pbvs-mavoc-challenge-ap50,paper_2212_07039,task_object_detection,Object detection,paper-extracted/pbvs-mavoc-challenge,PBVS MAVOC Challenge,ap50,Average Precision at IoU 0.50,AP50,true,,,,candidate,Paper text links task 'Object detection' with extracted dataset/resource 'PBVS MAVOC Challenge'. Metric is inferred from task family; no score extracted.,source:paper-extraction|paper:paper_2212_07039|dataset_evidence:text_phrase,0.35,paper_text_candidate
paper_extracted_paper-2212-07039-task-image-classification-pbvs-mavoc-challenge-overall-accuracy,paper_2212_07039,task_image_classification,Image classification,paper-extracted/pbvs-mavoc-challenge,PBVS MAVOC Challenge,overall_accuracy,Overall Accuracy,OA,true,,,,candidate,Paper text links task 'Image classification' with extracted dataset/resource 'PBVS MAVOC Challenge'. Metric is inferred from task family; no score extracted.,source:paper-extraction|paper:paper_2212_07039|dataset_evidence:text_phrase,0.35,paper_text_candidate
paper_extracted_paper-2212-07039-task-image-classification-pbvs-mavoc-challenge-f1-score,paper_2212_07039,task_image_classification,Image classification,paper-extracted/pbvs-mavoc-challenge,PBVS MAVOC Challenge,f1_score,F1 Score,F1,true,,,,candidate,Paper text links task 'Image classification' with extracted dataset/resource 'PBVS MAVOC Challenge'. Metric is inferred from task family; no score extracted.,source:paper-extraction|paper:paper_2212_07039|dataset_evidence:text_phrase,0.35,paper_text_candidate
paper_extracted_paper-2212-09368-task-semantic-segmentation-vis-nir-dataset-mean-intersection-over-union,paper_2212_09368,task_semantic_segmentation,Semantic segmentation,paper-extracted/vis-nir-dataset,VIS+NIR Dataset,mean_intersection_over_union,Mean Intersection over Union,mIoU,true,,,,candidate,Paper text links task 'Semantic segmentation' with extracted dataset/resource 'VIS+NIR Dataset'. Metric is inferred from task family; no score extracted.,source:paper-extraction|paper:paper_2212_09368|dataset_evidence:text_phrase,0.35,paper_text_candidate
paper_extracted_paper-2212-09368-task-semantic-segmentation-vis-nir-dataset-f1-score,paper_2212_09368,task_semantic_segmentation,Semantic segmentation,paper-extracted/vis-nir-dataset,VIS+NIR Dataset,f1_score,F1 Score,F1,true,,,,candidate,Paper text links task 'Semantic segmentation' with extracted dataset/resource 'VIS+NIR Dataset'. Metric is inferred from task family; no score extracted.,source:paper-extraction|paper:paper_2212_09368|dataset_evidence:text_phrase,0.35,paper_text_candidate
paper_extracted_paper-2302-08909-task-image-classification-meta-dataset-overall-accuracy,paper_2302_08909,task_image_classification,Image classification,paper-extracted/meta-dataset,Meta-Dataset,overall_accuracy,Overall Accuracy,OA,true,,,,candidate,Paper text links task 'Image classification' with extracted dataset/resource 'Meta-Dataset'. Metric is inferred from task family; no score extracted.,source:paper-extraction|paper:paper_2302_08909|dataset_evidence:named_token,0.35,paper_text_candidate
paper_extracted_paper-2302-08909-task-image-classification-meta-dataset-f1-score,paper_2302_08909,task_image_classification,Image classification,paper-extracted/meta-dataset,Meta-Dataset,f1_score,F1 Score,F1,true,,,,candidate,Paper text links task 'Image classification' with extracted dataset/resource 'Meta-Dataset'. Metric is inferred from task family; no score extracted.,source:paper-extraction|paper:paper_2302_08909|dataset_evidence:named_token,0.35,paper_text_candidate
paper_extracted_paper-2302-14554-task-semantic-segmentation-open-aerial-vhr-dataset-mean-intersection-over-union,paper_2302_14554,task_semantic_segmentation,Semantic segmentation,paper-extracted/open-aerial-vhr-dataset,Open Aerial VHR Dataset,mean_intersection_over_union,Mean Intersection over Union,mIoU,true,,,,candidate,Paper text links task 'Semantic segmentation' with extracted dataset/resource 'Open Aerial VHR Dataset'. Metric is inferred from task family; no score extracted.,source:paper-extraction|paper:paper_2302_14554|dataset_evidence:text_phrase,0.35,paper_text_candidate
paper_extracted_paper-2302-14554-task-semantic-segmentation-open-aerial-vhr-dataset-f1-score,paper_2302_14554,task_semantic_segmentation,Semantic segmentation,paper-extracted/open-aerial-vhr-dataset,Open Aerial VHR Dataset,f1_score,F1 Score,F1,true,,,,candidate,Paper text links task 'Semantic segmentation' with extracted dataset/resource 'Open Aerial VHR Dataset'. Metric is inferred from task family; no score extracted.,source:paper-extraction|paper:paper_2302_14554|dataset_evidence:text_phrase,0.35,paper_text_candidate
paper_extracted_paper-2302-14554-task-object-detection-open-aerial-vhr-dataset-mean-average-precision,paper_2302_14554,task_object_detection,Object detection,paper-extracted/open-aerial-vhr-dataset,Open Aerial VHR Dataset,mean_average_precision,Mean Average Precision,mAP,true,,,,candidate,Paper text links task 'Object detection' with extracted dataset/resource 'Open Aerial VHR Dataset'. Metric is inferred from task family; no score extracted.,source:paper-extraction|paper:paper_2302_14554|dataset_evidence:text_phrase,0.35,paper_text_candidate
paper_extracted_paper-2302-14554-task-object-detection-open-aerial-vhr-dataset-ap50,paper_2302_14554,task_object_detection,Object detection,paper-extracted/open-aerial-vhr-dataset,Open Aerial VHR Dataset,ap50,Average Precision at IoU 0.50,AP50,true,,,,candidate,Paper text links task 'Object detection' with extracted dataset/resource 'Open Aerial VHR Dataset'. Metric is inferred from task family; no score extracted.,source:paper-extraction|paper:paper_2302_14554|dataset_evidence:text_phrase,0.35,paper_text_candidate
paper_extracted_paper-2302-14554-task-change-detection-open-aerial-vhr-dataset-f1-score,paper_2302_14554,task_change_detection,Change detection,paper-extracted/open-aerial-vhr-dataset,Open Aerial VHR Dataset,f1_score,F1 Score,F1,true,,,,candidate,Paper text links task 'Change detection' with extracted dataset/resource 'Open Aerial VHR Dataset'. Metric is inferred from task family; no score extracted.,source:paper-extraction|paper:paper_2302_14554|dataset_evidence:text_phrase,0.35,paper_text_candidate
paper_extracted_paper-2302-14554-task-change-detection-open-aerial-vhr-dataset-mean-intersection-over-union,paper_2302_14554,task_change_detection,Change detection,paper-extracted/open-aerial-vhr-dataset,Open Aerial VHR Dataset,mean_intersection_over_union,Mean Intersection over Union,mIoU,true,,,,candidate,Paper text links task 'Change detection' with extracted dataset/resource 'Open Aerial VHR Dataset'. Metric is inferred from task family; no score extracted.,source:paper-extraction|paper:paper_2302_14554|dataset_evidence:text_phrase,0.35,paper_text_candidate
paper_extracted_paper-2303-11668-task-change-detection-aed-rs-dataset-f1-score,paper_2303_11668,task_change_detection,Change detection,paper-extracted/aed-rs-dataset,AED-RS Dataset,f1_score,F1 Score,F1,true,,,,candidate,Paper text links task 'Change detection' with extracted dataset/resource 'AED-RS Dataset'. Metric is inferred from task family; no score extracted.,source:paper-extraction|paper:paper_2303_11668|dataset_evidence:text_phrase,0.35,paper_text_candidate
paper_extracted_paper-2303-11668-task-change-detection-aed-rs-dataset-mean-intersection-over-union,paper_2303_11668,task_change_detection,Change detection,paper-extracted/aed-rs-dataset,AED-RS Dataset,mean_intersection_over_union,Mean Intersection over Union,mIoU,true,,,,candidate,Paper text links task 'Change detection' with extracted dataset/resource 'AED-RS Dataset'. Metric is inferred from task family; no score extracted.,source:paper-extraction|paper:paper_2303_11668|dataset_evidence:text_phrase,0.35,paper_text_candidate
paper_extracted_paper-2305-02034-task-semantic-segmentation-scaling-up-remote-sensing-segmentation-dataset-mean-intersection-over-union,paper_2305_02034,task_semantic_segmentation,Semantic segmentation,paper-extracted/scaling-up-remote-sensing-segmentation-dataset,Scaling-up Remote Sensing Segmentation Dataset,mean_intersection_over_union,Mean Intersection over Union,mIoU,true,,,,candidate,Paper text links task 'Semantic segmentation' with extracted dataset/resource 'Scaling-up Remote Sensing Segmentation Dataset'. Metric is inferred from task family; no score extracted.,source:paper-extraction|paper:paper_2305_02034|dataset_evidence:text_phrase,0.35,paper_text_candidate
paper_extracted_paper-2305-02034-task-semantic-segmentation-scaling-up-remote-sensing-segmentation-dataset-f1-score,paper_2305_02034,task_semantic_segmentation,Semantic segmentation,paper-extracted/scaling-up-remote-sensing-segmentation-dataset,Scaling-up Remote Sensing Segmentation Dataset,f1_score,F1 Score,F1,true,,,,candidate,Paper text links task 'Semantic segmentation' with extracted dataset/resource 'Scaling-up Remote Sensing Segmentation Dataset'. Metric is inferred from task family; no score extracted.,source:paper-extraction|paper:paper_2305_02034|dataset_evidence:text_phrase,0.35,paper_text_candidate
paper_extracted_paper-2305-02034-task-object-detection-scaling-up-remote-sensing-segmentation-dataset-mean-average-precision,paper_2305_02034,task_object_detection,Object detection,paper-extracted/scaling-up-remote-sensing-segmentation-dataset,Scaling-up Remote Sensing Segmentation Dataset,mean_average_precision,Mean Average Precision,mAP,true,,,,candidate,Paper text links task 'Object detection' with extracted dataset/resource 'Scaling-up Remote Sensing Segmentation Dataset'. Metric is inferred from task family; no score extracted.,source:paper-extraction|paper:paper_2305_02034|dataset_evidence:text_phrase,0.35,paper_text_candidate
paper_extracted_paper-2305-02034-task-object-detection-scaling-up-remote-sensing-segmentation-dataset-ap50,paper_2305_02034,task_object_detection,Object detection,paper-extracted/scaling-up-remote-sensing-segmentation-dataset,Scaling-up Remote Sensing Segmentation Dataset,ap50,Average Precision at IoU 0.50,AP50,true,,,,candidate,Paper text links task 'Object detection' with extracted dataset/resource 'Scaling-up Remote Sensing Segmentation Dataset'. Metric is inferred from task family; no score extracted.,source:paper-extraction|paper:paper_2305_02034|dataset_evidence:text_phrase,0.35,paper_text_candidate
paper_extracted_paper-2305-14914-task-semantic-segmentation-geometry-aware-multi-modal-semantic-segmentation-benchmark-mean-intersection-over-union,paper_2305_14914,task_semantic_segmentation,Semantic segmentation,paper-extracted/geometry-aware-multi-modal-semantic-segmentation-benchmark,Geometry-aware Multi-modal Semantic Segmentation Benchmark,mean_intersection_over_union,Mean Intersection over Union,mIoU,true,,,,candidate,Paper text links task 'Semantic segmentation' with extracted dataset/resource 'Geometry-aware Multi-modal Semantic Segmentation Benchmark'. Metric is inferred from task family; no score extracted.,source:paper-extraction|paper:paper_2305_14914|dataset_evidence:text_phrase,0.35,paper_text_candidate
paper_extracted_paper-2305-14914-task-semantic-segmentation-geometry-aware-multi-modal-semantic-segmentation-benchmark-f1-score,paper_2305_14914,task_semantic_segmentation,Semantic segmentation,paper-extracted/geometry-aware-multi-modal-semantic-segmentation-benchmark,Geometry-aware Multi-modal Semantic Segmentation Benchmark,f1_score,F1 Score,F1,true,,,,candidate,Paper text links task 'Semantic segmentation' with extracted dataset/resource 'Geometry-aware Multi-modal Semantic Segmentation Benchmark'. Metric is inferred from task family; no score extracted.,source:paper-extraction|paper:paper_2305_14914|dataset_evidence:text_phrase,0.35,paper_text_candidate
paper_extracted_paper-2306-00114-task-semantic-segmentation-canadian-cropland-dataset-mean-intersection-over-union,paper_2306_00114,task_semantic_segmentation,Semantic segmentation,paper-extracted/canadian-cropland-dataset,Canadian Cropland Dataset,mean_intersection_over_union,Mean Intersection over Union,mIoU,true,,,,candidate,Paper text links task 'Semantic segmentation' with extracted dataset/resource 'Canadian Cropland Dataset'. Metric is inferred from task family; no score extracted.,source:paper-extraction|paper:paper_2306_00114|dataset_evidence:title_prefix,0.35,paper_text_candidate
paper_extracted_paper-2306-00114-task-semantic-segmentation-canadian-cropland-dataset-f1-score,paper_2306_00114,task_semantic_segmentation,Semantic segmentation,paper-extracted/canadian-cropland-dataset,Canadian Cropland Dataset,f1_score,F1 Score,F1,true,,,,candidate,Paper text links task 'Semantic segmentation' with extracted dataset/resource 'Canadian Cropland Dataset'. Metric is inferred from task family; no score extracted.,source:paper-extraction|paper:paper_2306_00114|dataset_evidence:title_prefix,0.35,paper_text_candidate
paper_extracted_paper-2306-00114-task-image-classification-canadian-cropland-dataset-overall-accuracy,paper_2306_00114,task_image_classification,Image classification,paper-extracted/canadian-cropland-dataset,Canadian Cropland Dataset,overall_accuracy,Overall Accuracy,OA,true,,,,candidate,Paper text links task 'Image classification' with extracted dataset/resource 'Canadian Cropland Dataset'. Metric is inferred from task family; no score extracted.,source:paper-extraction|paper:paper_2306_00114|dataset_evidence:title_prefix,0.35,paper_text_candidate
paper_extracted_paper-2306-00114-task-image-classification-canadian-cropland-dataset-f1-score,paper_2306_00114,task_image_classification,Image classification,paper-extracted/canadian-cropland-dataset,Canadian Cropland Dataset,f1_score,F1 Score,F1,true,,,,candidate,Paper text links task 'Image classification' with extracted dataset/resource 'Canadian Cropland Dataset'. Metric is inferred from task family; no score extracted.,source:paper-extraction|paper:paper_2306_00114|dataset_evidence:title_prefix,0.35,paper_text_candidate
paper_extracted_paper-2306-11300-task-image-classification-large-scale-vision-language-dataset-overall-accuracy,paper_2306_11300,task_image_classification,Image classification,paper-extracted/large-scale-vision-language-dataset,Large Scale Vision-Language Dataset,overall_accuracy,Overall Accuracy,OA,true,,,,candidate,Paper text links task 'Image classification' with extracted dataset/resource 'Large Scale Vision-Language Dataset'. Metric is inferred from task family; no score extracted.,source:paper-extraction|paper:paper_2306_11300|dataset_evidence:text_phrase,0.35,paper_text_candidate
paper_extracted_paper-2306-11300-task-image-classification-large-scale-vision-language-dataset-f1-score,paper_2306_11300,task_image_classification,Image classification,paper-extracted/large-scale-vision-language-dataset,Large Scale Vision-Language Dataset,f1_score,F1 Score,F1,true,,,,candidate,Paper text links task 'Image classification' with extracted dataset/resource 'Large Scale Vision-Language Dataset'. Metric is inferred from task family; no score extracted.,source:paper-extraction|paper:paper_2306_11300|dataset_evidence:text_phrase,0.35,paper_text_candidate
paper_extracted_paper-2307-11914-task-semantic-segmentation-urban-scale-dataset-and-benchmarks-mean-intersection-over-union,paper_2307_11914,task_semantic_segmentation,Semantic segmentation,paper-extracted/urban-scale-dataset-and-benchmarks,Urban-Scale Dataset and Benchmarks,mean_intersection_over_union,Mean Intersection over Union,mIoU,true,,,,candidate,Paper text links task 'Semantic segmentation' with extracted dataset/resource 'Urban-Scale Dataset and Benchmarks'. Metric is inferred from task family; no score extracted.,source:paper-extraction|paper:paper_2307_11914|dataset_evidence:text_phrase,0.35,paper_text_candidate
paper_extracted_paper-2307-11914-task-semantic-segmentation-urban-scale-dataset-and-benchmarks-f1-score,paper_2307_11914,task_semantic_segmentation,Semantic segmentation,paper-extracted/urban-scale-dataset-and-benchmarks,Urban-Scale Dataset and Benchmarks,f1_score,F1 Score,F1,true,,,,candidate,Paper text links task 'Semantic segmentation' with extracted dataset/resource 'Urban-Scale Dataset and Benchmarks'. Metric is inferred from task family; no score extracted.,source:paper-extraction|paper:paper_2307_11914|dataset_evidence:text_phrase,0.35,paper_text_candidate
paper_extracted_paper-2309-01907-task-semantic-segmentation-large-scale-synthetic-dataset-mean-intersection-over-union,paper_2309_01907,task_semantic_segmentation,Semantic segmentation,paper-extracted/large-scale-synthetic-dataset,Large-Scale Synthetic Dataset,mean_intersection_over_union,Mean Intersection over Union,mIoU,true,,,,candidate,Paper text links task 'Semantic segmentation' with extracted dataset/resource 'Large-Scale Synthetic Dataset'. Metric is inferred from task family; no score extracted.,source:paper-extraction|paper:paper_2309_01907|dataset_evidence:text_phrase,0.35,paper_text_candidate
paper_extracted_paper-2309-01907-task-semantic-segmentation-large-scale-synthetic-dataset-f1-score,paper_2309_01907,task_semantic_segmentation,Semantic segmentation,paper-extracted/large-scale-synthetic-dataset,Large-Scale Synthetic Dataset,f1_score,F1 Score,F1,true,,,,candidate,Paper text links task 'Semantic segmentation' with extracted dataset/resource 'Large-Scale Synthetic Dataset'. Metric is inferred from task family; no score extracted.,source:paper-extraction|paper:paper_2309_01907|dataset_evidence:text_phrase,0.35,paper_text_candidate
paper_extracted_paper-2309-01907-task-change-detection-large-scale-synthetic-dataset-f1-score,paper_2309_01907,task_change_detection,Change detection,paper-extracted/large-scale-synthetic-dataset,Large-Scale Synthetic Dataset,f1_score,F1 Score,F1,true,,,,candidate,Paper text links task 'Change detection' with extracted dataset/resource 'Large-Scale Synthetic Dataset'. Metric is inferred from task family; no score extracted.,source:paper-extraction|paper:paper_2309_01907|dataset_evidence:text_phrase,0.35,paper_text_candidate
paper_extracted_paper-2309-01907-task-change-detection-large-scale-synthetic-dataset-mean-intersection-over-union,paper_2309_01907,task_change_detection,Change detection,paper-extracted/large-scale-synthetic-dataset,Large-Scale Synthetic Dataset,mean_intersection_over_union,Mean Intersection over Union,mIoU,true,,,,candidate,Paper text links task 'Change detection' with extracted dataset/resource 'Large-Scale Synthetic Dataset'. Metric is inferred from task family; no score extracted.,source:paper-extraction|paper:paper_2309_01907|dataset_evidence:text_phrase,0.35,paper_text_candidate
paper_extracted_paper-2309-06751-task-object-detection-meta-review-of-challenges-mean-average-precision,paper_2309_06751,task_object_detection,Object detection,paper-extracted/meta-review-of-challenges,Meta-review of Challenges,mean_average_precision,Mean Average Precision,mAP,true,,,,candidate,Paper text links task 'Object detection' with extracted dataset/resource 'Meta-review of Challenges'. Metric is inferred from task family; no score extracted.,source:paper-extraction|paper:paper_2309_06751|dataset_evidence:text_phrase,0.35,paper_text_candidate
paper_extracted_paper-2309-06751-task-object-detection-meta-review-of-challenges-ap50,paper_2309_06751,task_object_detection,Object detection,paper-extracted/meta-review-of-challenges,Meta-review of Challenges,ap50,Average Precision at IoU 0.50,AP50,true,,,,candidate,Paper text links task 'Object detection' with extracted dataset/resource 'Meta-review of Challenges'. Metric is inferred from task family; no score extracted.,source:paper-extraction|paper:paper_2309_06751|dataset_evidence:text_phrase,0.35,paper_text_candidate
paper_extracted_paper-2309-15245-task-object-detection-self-supervised-anomaly-detection-in-multimodal-geospatial-datasets-mean-average-precision,paper_2309_15245,task_object_detection,Object detection,paper-extracted/self-supervised-anomaly-detection-in-multimodal-geospatial-datasets,Self-Supervised Anomaly Detection in Multimodal Geospatial Datasets,mean_average_precision,Mean Average Precision,mAP,true,,,,candidate,Paper text links task 'Object detection' with extracted dataset/resource 'Self-Supervised Anomaly Detection in Multimodal Geospatial Datasets'. Metric is inferred from task family; no score extracted.,source:paper-extraction|paper:paper_2309_15245|dataset_evidence:text_phrase,0.35,paper_text_candidate
paper_extracted_paper-2309-15245-task-object-detection-self-supervised-anomaly-detection-in-multimodal-geospatial-datasets-ap50,paper_2309_15245,task_object_detection,Object detection,paper-extracted/self-supervised-anomaly-detection-in-multimodal-geospatial-datasets,Self-Supervised Anomaly Detection in Multimodal Geospatial Datasets,ap50,Average Precision at IoU 0.50,AP50,true,,,,candidate,Paper text links task 'Object detection' with extracted dataset/resource 'Self-Supervised Anomaly Detection in Multimodal Geospatial Datasets'. Metric is inferred from task family; no score extracted.,source:paper-extraction|paper:paper_2309_15245|dataset_evidence:text_phrase,0.35,paper_text_candidate
paper_extracted_paper-2309-15245-task-image-classification-self-supervised-anomaly-detection-in-multimodal-geospatial-datasets-overall-accuracy,paper_2309_15245,task_image_classification,Image classification,paper-extracted/self-supervised-anomaly-detection-in-multimodal-geospatial-datasets,Self-Supervised Anomaly Detection in Multimodal Geospatial Datasets,overall_accuracy,Overall Accuracy,OA,true,,,,candidate,Paper text links task 'Image classification' with extracted dataset/resource 'Self-Supervised Anomaly Detection in Multimodal Geospatial Datasets'. Metric is inferred from task family; no score extracted.,source:paper-extraction|paper:paper_2309_15245|dataset_evidence:text_phrase,0.35,paper_text_candidate
paper_extracted_paper-2309-15245-task-image-classification-self-supervised-anomaly-detection-in-multimodal-geospatial-datasets-f1-score,paper_2309_15245,task_image_classification,Image classification,paper-extracted/self-supervised-anomaly-detection-in-multimodal-geospatial-datasets,Self-Supervised Anomaly Detection in Multimodal Geospatial Datasets,f1_score,F1 Score,F1,true,,,,candidate,Paper text links task 'Image classification' with extracted dataset/resource 'Self-Supervised Anomaly Detection in Multimodal Geospatial Datasets'. Metric is inferred from task family; no score extracted.,source:paper-extraction|paper:paper_2309_15245|dataset_evidence:text_phrase,0.35,paper_text_candidate
paper_extracted_paper-2310-01845-task-semantic-segmentation-aicrowd-mapping-challenge-mean-intersection-over-union,paper_2310_01845,task_semantic_segmentation,Semantic segmentation,paper-extracted/aicrowd-mapping-challenge,AICrowd Mapping Challenge,mean_intersection_over_union,Mean Intersection over Union,mIoU,true,,,,candidate,Paper text links task 'Semantic segmentation' with extracted dataset/resource 'AICrowd Mapping Challenge'. Metric is inferred from task family; no score extracted.,source:paper-extraction|paper:paper_2310_01845|dataset_evidence:text_phrase,0.35,paper_text_candidate
paper_extracted_paper-2310-01845-task-semantic-segmentation-aicrowd-mapping-challenge-f1-score,paper_2310_01845,task_semantic_segmentation,Semantic segmentation,paper-extracted/aicrowd-mapping-challenge,AICrowd Mapping Challenge,f1_score,F1 Score,F1,true,,,,candidate,Paper text links task 'Semantic segmentation' with extracted dataset/resource 'AICrowd Mapping Challenge'. Metric is inferred from task family; no score extracted.,source:paper-extraction|paper:paper_2310_01845|dataset_evidence:text_phrase,0.35,paper_text_candidate
paper_extracted_paper-2310-01845-task-image-classification-aicrowd-mapping-challenge-overall-accuracy,paper_2310_01845,task_image_classification,Image classification,paper-extracted/aicrowd-mapping-challenge,AICrowd Mapping Challenge,overall_accuracy,Overall Accuracy,OA,true,,,,candidate,Paper text links task 'Image classification' with extracted dataset/resource 'AICrowd Mapping Challenge'. Metric is inferred from task family; no score extracted.,source:paper-extraction|paper:paper_2310_01845|dataset_evidence:text_phrase,0.35,paper_text_candidate
paper_extracted_paper-2310-01845-task-image-classification-aicrowd-mapping-challenge-f1-score,paper_2310_01845,task_image_classification,Image classification,paper-extracted/aicrowd-mapping-challenge,AICrowd Mapping Challenge,f1_score,F1 Score,F1,true,,,,candidate,Paper text links task 'Image classification' with extracted dataset/resource 'AICrowd Mapping Challenge'. Metric is inferred from task family; no score extracted.,source:paper-extraction|paper:paper_2310_01845|dataset_evidence:text_phrase,0.35,paper_text_candidate
paper_extracted_paper-2310-13336-task-semantic-segmentation-country-scale-land-cover-semantic-segmentation-dataset-mean-intersection-over-union,paper_2310_13336,task_semantic_segmentation,Semantic segmentation,paper-extracted/country-scale-land-cover-semantic-segmentation-dataset,Country-Scale Land Cover Semantic Segmentation Dataset,mean_intersection_over_union,Mean Intersection over Union,mIoU,true,,,,candidate,Paper text links task 'Semantic segmentation' with extracted dataset/resource 'Country-Scale Land Cover Semantic Segmentation Dataset'. Metric is inferred from task family; no score extracted.,source:paper-extraction|paper:paper_2310_13336|dataset_evidence:text_phrase,0.35,paper_text_candidate
paper_extracted_paper-2310-13336-task-semantic-segmentation-country-scale-land-cover-semantic-segmentation-dataset-f1-score,paper_2310_13336,task_semantic_segmentation,Semantic segmentation,paper-extracted/country-scale-land-cover-semantic-segmentation-dataset,Country-Scale Land Cover Semantic Segmentation Dataset,f1_score,F1 Score,F1,true,,,,candidate,Paper text links task 'Semantic segmentation' with extracted dataset/resource 'Country-Scale Land Cover Semantic Segmentation Dataset'. Metric is inferred from task family; no score extracted.,source:paper-extraction|paper:paper_2310_13336|dataset_evidence:text_phrase,0.35,paper_text_candidate
paper_extracted_paper-2310-13336-task-image-classification-country-scale-land-cover-semantic-segmentation-dataset-overall-accuracy,paper_2310_13336,task_image_classification,Image classification,paper-extracted/country-scale-land-cover-semantic-segmentation-dataset,Country-Scale Land Cover Semantic Segmentation Dataset,overall_accuracy,Overall Accuracy,OA,true,,,,candidate,Paper text links task 'Image classification' with extracted dataset/resource 'Country-Scale Land Cover Semantic Segmentation Dataset'. Metric is inferred from task family; no score extracted.,source:paper-extraction|paper:paper_2310_13336|dataset_evidence:text_phrase,0.35,paper_text_candidate
paper_extracted_paper-2310-13336-task-image-classification-country-scale-land-cover-semantic-segmentation-dataset-f1-score,paper_2310_13336,task_image_classification,Image classification,paper-extracted/country-scale-land-cover-semantic-segmentation-dataset,Country-Scale Land Cover Semantic Segmentation Dataset,f1_score,F1 Score,F1,true,,,,candidate,Paper text links task 'Image classification' with extracted dataset/resource 'Country-Scale Land Cover Semantic Segmentation Dataset'. Metric is inferred from task family; no score extracted.,source:paper-extraction|paper:paper_2310_13336|dataset_evidence:text_phrase,0.35,paper_text_candidate
paper_extracted_paper-2312-00069-task-image-classification-multi-sensor-satellite-imagery-dataset-overall-accuracy,paper_2312_00069,task_image_classification,Image classification,paper-extracted/multi-sensor-satellite-imagery-dataset,Multi-Sensor Satellite Imagery Dataset,overall_accuracy,Overall Accuracy,OA,true,,,,candidate,Paper text links task 'Image classification' with extracted dataset/resource 'Multi-Sensor Satellite Imagery Dataset'. Metric is inferred from task family; no score extracted.,source:paper-extraction|paper:paper_2312_00069|dataset_evidence:text_phrase,0.35,paper_text_candidate
paper_extracted_paper-2312-00069-task-image-classification-multi-sensor-satellite-imagery-dataset-f1-score,paper_2312_00069,task_image_classification,Image classification,paper-extracted/multi-sensor-satellite-imagery-dataset,Multi-Sensor Satellite Imagery Dataset,f1_score,F1 Score,F1,true,,,,candidate,Paper text links task 'Image classification' with extracted dataset/resource 'Multi-Sensor Satellite Imagery Dataset'. Metric is inferred from task family; no score extracted.,source:paper-extraction|paper:paper_2312_00069|dataset_evidence:text_phrase,0.35,paper_text_candidate
paper_extracted_paper-2312-06587-task-object-detection-post-earthquake-sar-optical-dataset-mean-average-precision,paper_2312_06587,task_object_detection,Object detection,paper-extracted/post-earthquake-sar-optical-dataset,Post-earthquake SAR-Optical Dataset,mean_average_precision,Mean Average Precision,mAP,true,,,,candidate,Paper text links task 'Object detection' with extracted dataset/resource 'Post-earthquake SAR-Optical Dataset'. Metric is inferred from task family; no score extracted.,source:paper-extraction|paper:paper_2312_06587|dataset_evidence:text_phrase,0.35,paper_text_candidate
paper_extracted_paper-2312-06587-task-object-detection-post-earthquake-sar-optical-dataset-ap50,paper_2312_06587,task_object_detection,Object detection,paper-extracted/post-earthquake-sar-optical-dataset,Post-earthquake SAR-Optical Dataset,ap50,Average Precision at IoU 0.50,AP50,true,,,,candidate,Paper text links task 'Object detection' with extracted dataset/resource 'Post-earthquake SAR-Optical Dataset'. Metric is inferred from task family; no score extracted.,source:paper-extraction|paper:paper_2312_06587|dataset_evidence:text_phrase,0.35,paper_text_candidate
paper_extracted_paper-2312-06587-task-change-detection-post-earthquake-sar-optical-dataset-f1-score,paper_2312_06587,task_change_detection,Change detection,paper-extracted/post-earthquake-sar-optical-dataset,Post-earthquake SAR-Optical Dataset,f1_score,F1 Score,F1,true,,,,candidate,Paper text links task 'Change detection' with extracted dataset/resource 'Post-earthquake SAR-Optical Dataset'. Metric is inferred from task family; no score extracted.,source:paper-extraction|paper:paper_2312_06587|dataset_evidence:text_phrase,0.35,paper_text_candidate
paper_extracted_paper-2312-06587-task-change-detection-post-earthquake-sar-optical-dataset-mean-intersection-over-union,paper_2312_06587,task_change_detection,Change detection,paper-extracted/post-earthquake-sar-optical-dataset,Post-earthquake SAR-Optical Dataset,mean_intersection_over_union,Mean Intersection over Union,mIoU,true,,,,candidate,Paper text links task 'Change detection' with extracted dataset/resource 'Post-earthquake SAR-Optical Dataset'. Metric is inferred from task family; no score extracted.,source:paper-extraction|paper:paper_2312_06587|dataset_evidence:text_phrase,0.35,paper_text_candidate
paper_extracted_paper-2312-06587-task-image-classification-post-earthquake-sar-optical-dataset-overall-accuracy,paper_2312_06587,task_image_classification,Image classification,paper-extracted/post-earthquake-sar-optical-dataset,Post-earthquake SAR-Optical Dataset,overall_accuracy,Overall Accuracy,OA,true,,,,candidate,Paper text links task 'Image classification' with extracted dataset/resource 'Post-earthquake SAR-Optical Dataset'. Metric is inferred from task family; no score extracted.,source:paper-extraction|paper:paper_2312_06587|dataset_evidence:text_phrase,0.35,paper_text_candidate
paper_extracted_paper-2312-06587-task-image-classification-post-earthquake-sar-optical-dataset-f1-score,paper_2312_06587,task_image_classification,Image classification,paper-extracted/post-earthquake-sar-optical-dataset,Post-earthquake SAR-Optical Dataset,f1_score,F1 Score,F1,true,,,,candidate,Paper text links task 'Image classification' with extracted dataset/resource 'Post-earthquake SAR-Optical Dataset'. Metric is inferred from task family; no score extracted.,source:paper-extraction|paper:paper_2312_06587|dataset_evidence:text_phrase,0.35,paper_text_candidate
paper_extracted_paper-2312-06940-task-image-classification-gnn-and-vision-transformer-for-small-sized-datasets-overall-accuracy,paper_2312_06940,task_image_classification,Image classification,paper-extracted/gnn-and-vision-transformer-for-small-sized-datasets,GNN and Vision Transformer for Small-Sized Datasets,overall_accuracy,Overall Accuracy,OA,true,,,,candidate,Paper text links task 'Image classification' with extracted dataset/resource 'GNN and Vision Transformer for Small-Sized Datasets'. Metric is inferred from task family; no score extracted.,source:paper-extraction|paper:paper_2312_06940|dataset_evidence:text_phrase,0.35,paper_text_candidate
paper_extracted_paper-2312-06940-task-image-classification-gnn-and-vision-transformer-for-small-sized-datasets-f1-score,paper_2312_06940,task_image_classification,Image classification,paper-extracted/gnn-and-vision-transformer-for-small-sized-datasets,GNN and Vision Transformer for Small-Sized Datasets,f1_score,F1 Score,F1,true,,,,candidate,Paper text links task 'Image classification' with extracted dataset/resource 'GNN and Vision Transformer for Small-Sized Datasets'. Metric is inferred from task family; no score extracted.,source:paper-extraction|paper:paper_2312_06940|dataset_evidence:text_phrase,0.35,paper_text_candidate
paper_extracted_paper-2402-11325-task-semantic-segmentation-global-scale-image-text-dataset-mean-intersection-over-union,paper_2402_11325,task_semantic_segmentation,Semantic segmentation,paper-extracted/global-scale-image-text-dataset,Global-Scale Image-Text Dataset,mean_intersection_over_union,Mean Intersection over Union,mIoU,true,,,,candidate,Paper text links task 'Semantic segmentation' with extracted dataset/resource 'Global-Scale Image-Text Dataset'. Metric is inferred from task family; no score extracted.,source:paper-extraction|paper:paper_2402_11325|dataset_evidence:text_phrase,0.35,paper_text_candidate
paper_extracted_paper-2402-11325-task-semantic-segmentation-global-scale-image-text-dataset-f1-score,paper_2402_11325,task_semantic_segmentation,Semantic segmentation,paper-extracted/global-scale-image-text-dataset,Global-Scale Image-Text Dataset,f1_score,F1 Score,F1,true,,,,candidate,Paper text links task 'Semantic segmentation' with extracted dataset/resource 'Global-Scale Image-Text Dataset'. Metric is inferred from task family; no score extracted.,source:paper-extraction|paper:paper_2402_11325|dataset_evidence:text_phrase,0.35,paper_text_candidate
paper_extracted_paper-2402-11325-task-depth-estimation-global-scale-image-text-dataset-root-mean-squared-error,paper_2402_11325,task_depth_estimation,Depth estimation,paper-extracted/global-scale-image-text-dataset,Global-Scale Image-Text Dataset,root_mean_squared_error,Root Mean Squared Error,RMSE,false,,,,candidate,Paper text links task 'Depth estimation' with extracted dataset/resource 'Global-Scale Image-Text Dataset'. Metric is inferred from task family; no score extracted.,source:paper-extraction|paper:paper_2402_11325|dataset_evidence:text_phrase,0.35,paper_text_candidate
paper_extracted_paper-2402-12843-task-semantic-segmentation-self-supervised-learning-solutions-for-imperfect-datasets-mean-intersection-over-union,paper_2402_12843,task_semantic_segmentation,Semantic segmentation,paper-extracted/self-supervised-learning-solutions-for-imperfect-datasets,Self-Supervised Learning Solutions for Imperfect Datasets,mean_intersection_over_union,Mean Intersection over Union,mIoU,true,,,,candidate,Paper text links task 'Semantic segmentation' with extracted dataset/resource 'Self-Supervised Learning Solutions for Imperfect Datasets'. Metric is inferred from task family; no score extracted.,source:paper-extraction|paper:paper_2402_12843|dataset_evidence:text_phrase,0.35,paper_text_candidate
paper_extracted_paper-2402-12843-task-semantic-segmentation-self-supervised-learning-solutions-for-imperfect-datasets-f1-score,paper_2402_12843,task_semantic_segmentation,Semantic segmentation,paper-extracted/self-supervised-learning-solutions-for-imperfect-datasets,Self-Supervised Learning Solutions for Imperfect Datasets,f1_score,F1 Score,F1,true,,,,candidate,Paper text links task 'Semantic segmentation' with extracted dataset/resource 'Self-Supervised Learning Solutions for Imperfect Datasets'. Metric is inferred from task family; no score extracted.,source:paper-extraction|paper:paper_2402_12843|dataset_evidence:text_phrase,0.35,paper_text_candidate
paper_extracted_paper-2403-05422-task-semantic-segmentation-altitude-sensitive-benchmark-mean-intersection-over-union,paper_2403_05422,task_semantic_segmentation,Semantic segmentation,paper-extracted/altitude-sensitive-benchmark,Altitude-Sensitive Benchmark,mean_intersection_over_union,Mean Intersection over Union,mIoU,true,,,,candidate,Paper text links task 'Semantic segmentation' with extracted dataset/resource 'Altitude-Sensitive Benchmark'. Metric is inferred from task family; no score extracted.,source:paper-extraction|paper:paper_2403_05422|dataset_evidence:text_phrase,0.35,paper_text_candidate
paper_extracted_paper-2403-05422-task-semantic-segmentation-altitude-sensitive-benchmark-f1-score,paper_2403_05422,task_semantic_segmentation,Semantic segmentation,paper-extracted/altitude-sensitive-benchmark,Altitude-Sensitive Benchmark,f1_score,F1 Score,F1,true,,,,candidate,Paper text links task 'Semantic segmentation' with extracted dataset/resource 'Altitude-Sensitive Benchmark'. Metric is inferred from task family; no score extracted.,source:paper-extraction|paper:paper_2403_05422|dataset_evidence:text_phrase,0.35,paper_text_candidate
paper_extracted_paper-2403-05422-task-object-detection-altitude-sensitive-benchmark-mean-average-precision,paper_2403_05422,task_object_detection,Object detection,paper-extracted/altitude-sensitive-benchmark,Altitude-Sensitive Benchmark,mean_average_precision,Mean Average Precision,mAP,true,,,,candidate,Paper text links task 'Object detection' with extracted dataset/resource 'Altitude-Sensitive Benchmark'. Metric is inferred from task family; no score extracted.,source:paper-extraction|paper:paper_2403_05422|dataset_evidence:text_phrase,0.35,paper_text_candidate
paper_extracted_paper-2403-05422-task-object-detection-altitude-sensitive-benchmark-ap50,paper_2403_05422,task_object_detection,Object detection,paper-extracted/altitude-sensitive-benchmark,Altitude-Sensitive Benchmark,ap50,Average Precision at IoU 0.50,AP50,true,,,,candidate,Paper text links task 'Object detection' with extracted dataset/resource 'Altitude-Sensitive Benchmark'. Metric is inferred from task family; no score extracted.,source:paper-extraction|paper:paper_2403_05422|dataset_evidence:text_phrase,0.35,paper_text_candidate
paper_extracted_paper-2403-10887-task-image-classification-hierarchy-oriented-geo-aware-image-caption-dataset-overall-accuracy,paper_2403_10887,task_image_classification,Image classification,paper-extracted/hierarchy-oriented-geo-aware-image-caption-dataset,Hierarchy Oriented Geo-aware Image Caption Dataset,overall_accuracy,Overall Accuracy,OA,true,,,,candidate,Paper text links task 'Image classification' with extracted dataset/resource 'Hierarchy Oriented Geo-aware Image Caption Dataset'. Metric is inferred from task family; no score extracted.,source:paper-extraction|paper:paper_2403_10887|dataset_evidence:text_phrase,0.35,paper_text_candidate
paper_extracted_paper-2403-10887-task-image-classification-hierarchy-oriented-geo-aware-image-caption-dataset-f1-score,paper_2403_10887,task_image_classification,Image classification,paper-extracted/hierarchy-oriented-geo-aware-image-caption-dataset,Hierarchy Oriented Geo-aware Image Caption Dataset,f1_score,F1 Score,F1,true,,,,candidate,Paper text links task 'Image classification' with extracted dataset/resource 'Hierarchy Oriented Geo-aware Image Caption Dataset'. Metric is inferred from task family; no score extracted.,source:paper-extraction|paper:paper_2403_10887|dataset_evidence:text_phrase,0.35,paper_text_candidate
paper_extracted_paper-2404-05111-task-semantic-segmentation-openearthmap-land-cover-mapping-few-shot-challenge-mean-intersection-over-union,paper_2404_05111,task_semantic_segmentation,Semantic segmentation,paper-extracted/openearthmap-land-cover-mapping-few-shot-challenge,OpenEarthMap Land Cover Mapping Few-Shot Challenge,mean_intersection_over_union,Mean Intersection over Union,mIoU,true,,,,candidate,Paper text links task 'Semantic segmentation' with extracted dataset/resource 'OpenEarthMap Land Cover Mapping Few-Shot Challenge'. Metric is inferred from task family; no score extracted.,source:paper-extraction|paper:paper_2404_05111|dataset_evidence:text_phrase,0.35,paper_text_candidate
paper_extracted_paper-2404-05111-task-semantic-segmentation-openearthmap-land-cover-mapping-few-shot-challenge-f1-score,paper_2404_05111,task_semantic_segmentation,Semantic segmentation,paper-extracted/openearthmap-land-cover-mapping-few-shot-challenge,OpenEarthMap Land Cover Mapping Few-Shot Challenge,f1_score,F1 Score,F1,true,,,,candidate,Paper text links task 'Semantic segmentation' with extracted dataset/resource 'OpenEarthMap Land Cover Mapping Few-Shot Challenge'. Metric is inferred from task family; no score extracted.,source:paper-extraction|paper:paper_2404_05111|dataset_evidence:text_phrase,0.35,paper_text_candidate
paper_extracted_paper-2404-12064-task-image-classification-large-scale-aerial-lidar-and-aerial-imagery-dataset-overall-accuracy,paper_2404_12064,task_image_classification,Image classification,paper-extracted/large-scale-aerial-lidar-and-aerial-imagery-dataset,Large-Scale Aerial Lidar and Aerial Imagery Dataset,overall_accuracy,Overall Accuracy,OA,true,,,,candidate,Paper text links task 'Image classification' with extracted dataset/resource 'Large-Scale Aerial Lidar and Aerial Imagery Dataset'. Metric is inferred from task family; no score extracted.,source:paper-extraction|paper:paper_2404_12064|dataset_evidence:text_phrase,0.35,paper_text_candidate
paper_extracted_paper-2404-12064-task-image-classification-large-scale-aerial-lidar-and-aerial-imagery-dataset-f1-score,paper_2404_12064,task_image_classification,Image classification,paper-extracted/large-scale-aerial-lidar-and-aerial-imagery-dataset,Large-Scale Aerial Lidar and Aerial Imagery Dataset,f1_score,F1 Score,F1,true,,,,candidate,Paper text links task 'Image classification' with extracted dataset/resource 'Large-Scale Aerial Lidar and Aerial Imagery Dataset'. Metric is inferred from task family; no score extracted.,source:paper-extraction|paper:paper_2404_12064|dataset_evidence:text_phrase,0.35,paper_text_candidate
paper_extracted_paper-2404-12721-task-semantic-segmentation-openearthmap-land-cover-mapping-few-shot-challenge-mean-intersection-over-union,paper_2404_12721,task_semantic_segmentation,Semantic segmentation,paper-extracted/openearthmap-land-cover-mapping-few-shot-challenge,OpenEarthMap Land Cover Mapping Few-Shot Challenge,mean_intersection_over_union,Mean Intersection over Union,mIoU,true,,,,candidate,Paper text links task 'Semantic segmentation' with extracted dataset/resource 'OpenEarthMap Land Cover Mapping Few-Shot Challenge'. Metric is inferred from task family; no score extracted.,source:paper-extraction|paper:paper_2404_12721|dataset_evidence:text_phrase,0.35,paper_text_candidate
paper_extracted_paper-2404-12721-task-semantic-segmentation-openearthmap-land-cover-mapping-few-shot-challenge-f1-score,paper_2404_12721,task_semantic_segmentation,Semantic segmentation,paper-extracted/openearthmap-land-cover-mapping-few-shot-challenge,OpenEarthMap Land Cover Mapping Few-Shot Challenge,f1_score,F1 Score,F1,true,,,,candidate,Paper text links task 'Semantic segmentation' with extracted dataset/resource 'OpenEarthMap Land Cover Mapping Few-Shot Challenge'. Metric is inferred from task family; no score extracted.,source:paper-extraction|paper:paper_2404_12721|dataset_evidence:text_phrase,0.35,paper_text_candidate
paper_extracted_paper-2404-12721-task-image-classification-openearthmap-land-cover-mapping-few-shot-challenge-overall-accuracy,paper_2404_12721,task_image_classification,Image classification,paper-extracted/openearthmap-land-cover-mapping-few-shot-challenge,OpenEarthMap Land Cover Mapping Few-Shot Challenge,overall_accuracy,Overall Accuracy,OA,true,,,,candidate,Paper text links task 'Image classification' with extracted dataset/resource 'OpenEarthMap Land Cover Mapping Few-Shot Challenge'. Metric is inferred from task family; no score extracted.,source:paper-extraction|paper:paper_2404_12721|dataset_evidence:text_phrase,0.35,paper_text_candidate
paper_extracted_paper-2404-12721-task-image-classification-openearthmap-land-cover-mapping-few-shot-challenge-f1-score,paper_2404_12721,task_image_classification,Image classification,paper-extracted/openearthmap-land-cover-mapping-few-shot-challenge,OpenEarthMap Land Cover Mapping Few-Shot Challenge,f1_score,F1 Score,F1,true,,,,candidate,Paper text links task 'Image classification' with extracted dataset/resource 'OpenEarthMap Land Cover Mapping Few-Shot Challenge'. Metric is inferred from task family; no score extracted.,source:paper-extraction|paper:paper_2404_12721|dataset_evidence:text_phrase,0.35,paper_text_candidate
paper_extracted_paper-2405-07044-task-super-resolution-cross-modal-super-resolution-dataset-peak-signal-to-noise-ratio,paper_2405_07044,task_super_resolution,Super-resolution,paper-extracted/cross-modal-super-resolution-dataset,Cross-Modal Super-Resolution Dataset,peak_signal_to_noise_ratio,Peak Signal-to-Noise Ratio,PSNR,true,,,,candidate,Paper text links task 'Super-resolution' with extracted dataset/resource 'Cross-Modal Super-Resolution Dataset'. Metric is inferred from task family; no score extracted.,source:paper-extraction|paper:paper_2405_07044|dataset_evidence:text_phrase,0.35,paper_text_candidate
paper_extracted_paper-2405-07044-task-super-resolution-cross-modal-super-resolution-dataset-structural-similarity,paper_2405_07044,task_super_resolution,Super-resolution,paper-extracted/cross-modal-super-resolution-dataset,Cross-Modal Super-Resolution Dataset,structural_similarity,Structural Similarity,SSIM,true,,,,candidate,Paper text links task 'Super-resolution' with extracted dataset/resource 'Cross-Modal Super-Resolution Dataset'. Metric is inferred from task family; no score extracted.,source:paper-extraction|paper:paper_2405_07044|dataset_evidence:text_phrase,0.35,paper_text_candidate
paper_extracted_paper-2405-18853-task-image-classification-chalearn-snapshot-spectral-imaging-face-anti-spoofing-challenge-overall-accuracy,paper_2405_18853,task_image_classification,Image classification,paper-extracted/chalearn-snapshot-spectral-imaging-face-anti-spoofing-challenge,Chalearn Snapshot Spectral Imaging Face Anti-spoofing Challenge,overall_accuracy,Overall Accuracy,OA,true,,,,candidate,Paper text links task 'Image classification' with extracted dataset/resource 'Chalearn Snapshot Spectral Imaging Face Anti-spoofing Challenge'. Metric is inferred from task family; no score extracted.,source:paper-extraction|paper:paper_2405_18853|dataset_evidence:text_phrase,0.35,paper_text_candidate
paper_extracted_paper-2405-18853-task-image-classification-chalearn-snapshot-spectral-imaging-face-anti-spoofing-challenge-f1-score,paper_2405_18853,task_image_classification,Image classification,paper-extracted/chalearn-snapshot-spectral-imaging-face-anti-spoofing-challenge,Chalearn Snapshot Spectral Imaging Face Anti-spoofing Challenge,f1_score,F1 Score,F1,true,,,,candidate,Paper text links task 'Image classification' with extracted dataset/resource 'Chalearn Snapshot Spectral Imaging Face Anti-spoofing Challenge'. Metric is inferred from task family; no score extracted.,source:paper-extraction|paper:paper_2405_18853|dataset_evidence:text_phrase,0.35,paper_text_candidate
paper_extracted_paper-2405-19055-task-semantic-segmentation-multi-temporal-source-land-use-change-segmentation-dataset-mean-intersection-over-union,paper_2405_19055,task_semantic_segmentation,Semantic segmentation,paper-extracted/multi-temporal-source-land-use-change-segmentation-dataset,Multi-temporal-source Land Use Change Segmentation Dataset,mean_intersection_over_union,Mean Intersection over Union,mIoU,true,,,,candidate,Paper text links task 'Semantic segmentation' with extracted dataset/resource 'Multi-temporal-source Land Use Change Segmentation Dataset'. Metric is inferred from task family; no score extracted.,source:paper-extraction|paper:paper_2405_19055|dataset_evidence:text_phrase,0.35,paper_text_candidate
paper_extracted_paper-2405-19055-task-semantic-segmentation-multi-temporal-source-land-use-change-segmentation-dataset-f1-score,paper_2405_19055,task_semantic_segmentation,Semantic segmentation,paper-extracted/multi-temporal-source-land-use-change-segmentation-dataset,Multi-temporal-source Land Use Change Segmentation Dataset,f1_score,F1 Score,F1,true,,,,candidate,Paper text links task 'Semantic segmentation' with extracted dataset/resource 'Multi-temporal-source Land Use Change Segmentation Dataset'. Metric is inferred from task family; no score extracted.,source:paper-extraction|paper:paper_2405_19055|dataset_evidence:text_phrase,0.35,paper_text_candidate
paper_extracted_paper-2405-19055-task-change-detection-multi-temporal-source-land-use-change-segmentation-dataset-f1-score,paper_2405_19055,task_change_detection,Change detection,paper-extracted/multi-temporal-source-land-use-change-segmentation-dataset,Multi-temporal-source Land Use Change Segmentation Dataset,f1_score,F1 Score,F1,true,,,,candidate,Paper text links task 'Change detection' with extracted dataset/resource 'Multi-temporal-source Land Use Change Segmentation Dataset'. Metric is inferred from task family; no score extracted.,source:paper-extraction|paper:paper_2405_19055|dataset_evidence:text_phrase,0.35,paper_text_candidate
paper_extracted_paper-2405-19055-task-change-detection-multi-temporal-source-land-use-change-segmentation-dataset-mean-intersection-over-union,paper_2405_19055,task_change_detection,Change detection,paper-extracted/multi-temporal-source-land-use-change-segmentation-dataset,Multi-temporal-source Land Use Change Segmentation Dataset,mean_intersection_over_union,Mean Intersection over Union,mIoU,true,,,,candidate,Paper text links task 'Change detection' with extracted dataset/resource 'Multi-temporal-source Land Use Change Segmentation Dataset'. Metric is inferred from task family; no score extracted.,source:paper-extraction|paper:paper_2405_19055|dataset_evidence:text_phrase,0.35,paper_text_candidate
paper_extracted_paper-2405-19055-task-image-classification-multi-temporal-source-land-use-change-segmentation-dataset-overall-accuracy,paper_2405_19055,task_image_classification,Image classification,paper-extracted/multi-temporal-source-land-use-change-segmentation-dataset,Multi-temporal-source Land Use Change Segmentation Dataset,overall_accuracy,Overall Accuracy,OA,true,,,,candidate,Paper text links task 'Image classification' with extracted dataset/resource 'Multi-temporal-source Land Use Change Segmentation Dataset'. Metric is inferred from task family; no score extracted.,source:paper-extraction|paper:paper_2405_19055|dataset_evidence:text_phrase,0.35,paper_text_candidate
paper_extracted_paper-2405-19055-task-image-classification-multi-temporal-source-land-use-change-segmentation-dataset-f1-score,paper_2405_19055,task_image_classification,Image classification,paper-extracted/multi-temporal-source-land-use-change-segmentation-dataset,Multi-temporal-source Land Use Change Segmentation Dataset,f1_score,F1 Score,F1,true,,,,candidate,Paper text links task 'Image classification' with extracted dataset/resource 'Multi-temporal-source Land Use Change Segmentation Dataset'. Metric is inferred from task family; no score extracted.,source:paper-extraction|paper:paper_2405_19055|dataset_evidence:text_phrase,0.35,paper_text_candidate
paper_extracted_paper-2406-04111-task-semantic-segmentation-sentinel-1-slc-based-benchmark-dataset-mean-intersection-over-union,paper_2406_04111,task_semantic_segmentation,Semantic segmentation,paper-extracted/sentinel-1-slc-based-benchmark-dataset,Sentinel-1 SLC-Based Benchmark Dataset,mean_intersection_over_union,Mean Intersection over Union,mIoU,true,,,,candidate,Paper text links task 'Semantic segmentation' with extracted dataset/resource 'Sentinel-1 SLC-Based Benchmark Dataset'. Metric is inferred from task family; no score extracted.,source:paper-extraction|paper:paper_2406_04111|dataset_evidence:text_phrase,0.35,paper_text_candidate
paper_extracted_paper-2406-04111-task-semantic-segmentation-sentinel-1-slc-based-benchmark-dataset-f1-score,paper_2406_04111,task_semantic_segmentation,Semantic segmentation,paper-extracted/sentinel-1-slc-based-benchmark-dataset,Sentinel-1 SLC-Based Benchmark Dataset,f1_score,F1 Score,F1,true,,,,candidate,Paper text links task 'Semantic segmentation' with extracted dataset/resource 'Sentinel-1 SLC-Based Benchmark Dataset'. Metric is inferred from task family; no score extracted.,source:paper-extraction|paper:paper_2406_04111|dataset_evidence:text_phrase,0.35,paper_text_candidate
paper_extracted_paper-2406-04111-task-change-detection-sentinel-1-slc-based-benchmark-dataset-f1-score,paper_2406_04111,task_change_detection,Change detection,paper-extracted/sentinel-1-slc-based-benchmark-dataset,Sentinel-1 SLC-Based Benchmark Dataset,f1_score,F1 Score,F1,true,,,,candidate,Paper text links task 'Change detection' with extracted dataset/resource 'Sentinel-1 SLC-Based Benchmark Dataset'. Metric is inferred from task family; no score extracted.,source:paper-extraction|paper:paper_2406_04111|dataset_evidence:text_phrase,0.35,paper_text_candidate
paper_extracted_paper-2406-04111-task-change-detection-sentinel-1-slc-based-benchmark-dataset-mean-intersection-over-union,paper_2406_04111,task_change_detection,Change detection,paper-extracted/sentinel-1-slc-based-benchmark-dataset,Sentinel-1 SLC-Based Benchmark Dataset,mean_intersection_over_union,Mean Intersection over Union,mIoU,true,,,,candidate,Paper text links task 'Change detection' with extracted dataset/resource 'Sentinel-1 SLC-Based Benchmark Dataset'. Metric is inferred from task family; no score extracted.,source:paper-extraction|paper:paper_2406_04111|dataset_evidence:text_phrase,0.35,paper_text_candidate
paper_extracted_paper-2406-04230-task-image-classification-multi-label-earth-observation-dataset-overall-accuracy,paper_2406_04230,task_image_classification,Image classification,paper-extracted/multi-label-earth-observation-dataset,Multi-Label Earth Observation Dataset,overall_accuracy,Overall Accuracy,OA,true,,,,candidate,Paper text links task 'Image classification' with extracted dataset/resource 'Multi-Label Earth Observation Dataset'. Metric is inferred from task family; no score extracted.,source:paper-extraction|paper:paper_2406_04230|dataset_evidence:text_phrase,0.35,paper_text_candidate
paper_extracted_paper-2406-04230-task-image-classification-multi-label-earth-observation-dataset-f1-score,paper_2406_04230,task_image_classification,Image classification,paper-extracted/multi-label-earth-observation-dataset,Multi-Label Earth Observation Dataset,f1_score,F1 Score,F1,true,,,,candidate,Paper text links task 'Image classification' with extracted dataset/resource 'Multi-Label Earth Observation Dataset'. Metric is inferred from task family; no score extracted.,source:paper-extraction|paper:paper_2406_04230|dataset_evidence:text_phrase,0.35,paper_text_candidate
paper_extracted_paper-2406-04928-task-semantic-segmentation-global-scale-biomass-dataset-mean-intersection-over-union,paper_2406_04928,task_semantic_segmentation,Semantic segmentation,paper-extracted/global-scale-biomass-dataset,Global-scale Biomass Dataset,mean_intersection_over_union,Mean Intersection over Union,mIoU,true,,,,candidate,Paper text links task 'Semantic segmentation' with extracted dataset/resource 'Global-scale Biomass Dataset'. Metric is inferred from task family; no score extracted.,source:paper-extraction|paper:paper_2406_04928|dataset_evidence:text_phrase,0.35,paper_text_candidate
paper_extracted_paper-2406-04928-task-semantic-segmentation-global-scale-biomass-dataset-f1-score,paper_2406_04928,task_semantic_segmentation,Semantic segmentation,paper-extracted/global-scale-biomass-dataset,Global-scale Biomass Dataset,f1_score,F1 Score,F1,true,,,,candidate,Paper text links task 'Semantic segmentation' with extracted dataset/resource 'Global-scale Biomass Dataset'. Metric is inferred from task family; no score extracted.,source:paper-extraction|paper:paper_2406_04928|dataset_evidence:text_phrase,0.35,paper_text_candidate
paper_extracted_paper-2406-04928-task-image-classification-global-scale-biomass-dataset-overall-accuracy,paper_2406_04928,task_image_classification,Image classification,paper-extracted/global-scale-biomass-dataset,Global-scale Biomass Dataset,overall_accuracy,Overall Accuracy,OA,true,,,,candidate,Paper text links task 'Image classification' with extracted dataset/resource 'Global-scale Biomass Dataset'. Metric is inferred from task family; no score extracted.,source:paper-extraction|paper:paper_2406_04928|dataset_evidence:text_phrase,0.35,paper_text_candidate
paper_extracted_paper-2406-04928-task-image-classification-global-scale-biomass-dataset-f1-score,paper_2406_04928,task_image_classification,Image classification,paper-extracted/global-scale-biomass-dataset,Global-scale Biomass Dataset,f1_score,F1 Score,F1,true,,,,candidate,Paper text links task 'Image classification' with extracted dataset/resource 'Global-scale Biomass Dataset'. Metric is inferred from task family; no score extracted.,source:paper-extraction|paper:paper_2406_04928|dataset_evidence:text_phrase,0.35,paper_text_candidate
paper_extracted_paper-2406-04928-task-depth-estimation-global-scale-biomass-dataset-root-mean-squared-error,paper_2406_04928,task_depth_estimation,Depth estimation,paper-extracted/global-scale-biomass-dataset,Global-scale Biomass Dataset,root_mean_squared_error,Root Mean Squared Error,RMSE,false,,,,candidate,Paper text links task 'Depth estimation' with extracted dataset/resource 'Global-scale Biomass Dataset'. Metric is inferred from task family; no score extracted.,source:paper-extraction|paper:paper_2406_04928|dataset_evidence:text_phrase,0.35,paper_text_candidate
paper_extracted_paper-2406-05912-task-semantic-segmentation-high-resolution-land-use-land-cover-dataset-mean-intersection-over-union,paper_2406_05912,task_semantic_segmentation,Semantic segmentation,paper-extracted/high-resolution-land-use-land-cover-dataset,High-resolution Land Use Land Cover Dataset,mean_intersection_over_union,Mean Intersection over Union,mIoU,true,,,,candidate,Paper text links task 'Semantic segmentation' with extracted dataset/resource 'High-resolution Land Use Land Cover Dataset'. Metric is inferred from task family; no score extracted.,source:paper-extraction|paper:paper_2406_05912|dataset_evidence:text_phrase,0.35,paper_text_candidate
paper_extracted_paper-2406-05912-task-semantic-segmentation-high-resolution-land-use-land-cover-dataset-f1-score,paper_2406_05912,task_semantic_segmentation,Semantic segmentation,paper-extracted/high-resolution-land-use-land-cover-dataset,High-resolution Land Use Land Cover Dataset,f1_score,F1 Score,F1,true,,,,candidate,Paper text links task 'Semantic segmentation' with extracted dataset/resource 'High-resolution Land Use Land Cover Dataset'. Metric is inferred from task family; no score extracted.,source:paper-extraction|paper:paper_2406_05912|dataset_evidence:text_phrase,0.35,paper_text_candidate
paper_extracted_paper-2406-05912-task-image-classification-high-resolution-land-use-land-cover-dataset-overall-accuracy,paper_2406_05912,task_image_classification,Image classification,paper-extracted/high-resolution-land-use-land-cover-dataset,High-resolution Land Use Land Cover Dataset,overall_accuracy,Overall Accuracy,OA,true,,,,candidate,Paper text links task 'Image classification' with extracted dataset/resource 'High-resolution Land Use Land Cover Dataset'. Metric is inferred from task family; no score extracted.,source:paper-extraction|paper:paper_2406_05912|dataset_evidence:text_phrase,0.35,paper_text_candidate
paper_extracted_paper-2406-05912-task-image-classification-high-resolution-land-use-land-cover-dataset-f1-score,paper_2406_05912,task_image_classification,Image classification,paper-extracted/high-resolution-land-use-land-cover-dataset,High-resolution Land Use Land Cover Dataset,f1_score,F1 Score,F1,true,,,,candidate,Paper text links task 'Image classification' with extracted dataset/resource 'High-resolution Land Use Land Cover Dataset'. Metric is inferred from task family; no score extracted.,source:paper-extraction|paper:paper_2406_05912|dataset_evidence:text_phrase,0.35,paper_text_candidate
paper_extracted_paper-2406-06028-task-object-detection-large-scale-benchmark-dataset-mean-average-precision,paper_2406_06028,task_object_detection,Object detection,paper-extracted/large-scale-benchmark-dataset,Large-scale Benchmark Dataset,mean_average_precision,Mean Average Precision,mAP,true,,,,candidate,Paper text links task 'Object detection' with extracted dataset/resource 'Large-scale Benchmark Dataset'. Metric is inferred from task family; no score extracted.,source:paper-extraction|paper:paper_2406_06028|dataset_evidence:text_phrase,0.35,paper_text_candidate
paper_extracted_paper-2406-06028-task-object-detection-large-scale-benchmark-dataset-ap50,paper_2406_06028,task_object_detection,Object detection,paper-extracted/large-scale-benchmark-dataset,Large-scale Benchmark Dataset,ap50,Average Precision at IoU 0.50,AP50,true,,,,candidate,Paper text links task 'Object detection' with extracted dataset/resource 'Large-scale Benchmark Dataset'. Metric is inferred from task family; no score extracted.,source:paper-extraction|paper:paper_2406_06028|dataset_evidence:text_phrase,0.35,paper_text_candidate
paper_extracted_paper-2406-08079-task-semantic-segmentation-spatial-temporal-spectral-structured-dataset-mean-intersection-over-union,paper_2406_08079,task_semantic_segmentation,Semantic segmentation,paper-extracted/spatial-temporal-spectral-structured-dataset,Spatial-Temporal-Spectral Structured Dataset,mean_intersection_over_union,Mean Intersection over Union,mIoU,true,,,,candidate,Paper text links task 'Semantic segmentation' with extracted dataset/resource 'Spatial-Temporal-Spectral Structured Dataset'. Metric is inferred from task family; no score extracted.,source:paper-extraction|paper:paper_2406_08079|dataset_evidence:text_phrase,0.35,paper_text_candidate
paper_extracted_paper-2406-08079-task-semantic-segmentation-spatial-temporal-spectral-structured-dataset-f1-score,paper_2406_08079,task_semantic_segmentation,Semantic segmentation,paper-extracted/spatial-temporal-spectral-structured-dataset,Spatial-Temporal-Spectral Structured Dataset,f1_score,F1 Score,F1,true,,,,candidate,Paper text links task 'Semantic segmentation' with extracted dataset/resource 'Spatial-Temporal-Spectral Structured Dataset'. Metric is inferred from task family; no score extracted.,source:paper-extraction|paper:paper_2406_08079|dataset_evidence:text_phrase,0.35,paper_text_candidate
paper_extracted_paper-2406-08079-task-change-detection-spatial-temporal-spectral-structured-dataset-f1-score,paper_2406_08079,task_change_detection,Change detection,paper-extracted/spatial-temporal-spectral-structured-dataset,Spatial-Temporal-Spectral Structured Dataset,f1_score,F1 Score,F1,true,,,,candidate,Paper text links task 'Change detection' with extracted dataset/resource 'Spatial-Temporal-Spectral Structured Dataset'. Metric is inferred from task family; no score extracted.,source:paper-extraction|paper:paper_2406_08079|dataset_evidence:text_phrase,0.35,paper_text_candidate
paper_extracted_paper-2406-08079-task-change-detection-spatial-temporal-spectral-structured-dataset-mean-intersection-over-union,paper_2406_08079,task_change_detection,Change detection,paper-extracted/spatial-temporal-spectral-structured-dataset,Spatial-Temporal-Spectral Structured Dataset,mean_intersection_over_union,Mean Intersection over Union,mIoU,true,,,,candidate,Paper text links task 'Change detection' with extracted dataset/resource 'Spatial-Temporal-Spectral Structured Dataset'. Metric is inferred from task family; no score extracted.,source:paper-extraction|paper:paper_2406_08079|dataset_evidence:text_phrase,0.35,paper_text_candidate
paper_extracted_paper-2406-08079-task-image-classification-spatial-temporal-spectral-structured-dataset-overall-accuracy,paper_2406_08079,task_image_classification,Image classification,paper-extracted/spatial-temporal-spectral-structured-dataset,Spatial-Temporal-Spectral Structured Dataset,overall_accuracy,Overall Accuracy,OA,true,,,,candidate,Paper text links task 'Image classification' with extracted dataset/resource 'Spatial-Temporal-Spectral Structured Dataset'. Metric is inferred from task family; no score extracted.,source:paper-extraction|paper:paper_2406_08079|dataset_evidence:text_phrase,0.35,paper_text_candidate
paper_extracted_paper-2406-08079-task-image-classification-spatial-temporal-spectral-structured-dataset-f1-score,paper_2406_08079,task_image_classification,Image classification,paper-extracted/spatial-temporal-spectral-structured-dataset,Spatial-Temporal-Spectral Structured Dataset,f1_score,F1 Score,F1,true,,,,candidate,Paper text links task 'Image classification' with extracted dataset/resource 'Spatial-Temporal-Spectral Structured Dataset'. Metric is inferred from task family; no score extracted.,source:paper-extraction|paper:paper_2406_08079|dataset_evidence:text_phrase,0.35,paper_text_candidate
paper_extracted_paper-2406-09410-task-object-detection-first-ever-dataset-and-a-large-scale-benchmark-mean-average-precision,paper_2406_09410,task_object_detection,Object detection,paper-extracted/first-ever-dataset-and-a-large-scale-benchmark,First-Ever Dataset and A Large-Scale Benchmark,mean_average_precision,Mean Average Precision,mAP,true,,,,candidate,Paper text links task 'Object detection' with extracted dataset/resource 'First-Ever Dataset and A Large-Scale Benchmark'. Metric is inferred from task family; no score extracted.,source:paper-extraction|paper:paper_2406_09410|dataset_evidence:text_phrase,0.35,paper_text_candidate
paper_extracted_paper-2406-09410-task-object-detection-first-ever-dataset-and-a-large-scale-benchmark-ap50,paper_2406_09410,task_object_detection,Object detection,paper-extracted/first-ever-dataset-and-a-large-scale-benchmark,First-Ever Dataset and A Large-Scale Benchmark,ap50,Average Precision at IoU 0.50,AP50,true,,,,candidate,Paper text links task 'Object detection' with extracted dataset/resource 'First-Ever Dataset and A Large-Scale Benchmark'. Metric is inferred from task family; no score extracted.,source:paper-extraction|paper:paper_2406_09410|dataset_evidence:text_phrase,0.35,paper_text_candidate
paper_extracted_paper-2407-05007-task-semantic-segmentation-high-resolution-georeferenced-dataset-mean-intersection-over-union,paper_2407_05007,task_semantic_segmentation,Semantic segmentation,paper-extracted/high-resolution-georeferenced-dataset,High-Resolution Georeferenced Dataset,mean_intersection_over_union,Mean Intersection over Union,mIoU,true,,,,candidate,Paper text links task 'Semantic segmentation' with extracted dataset/resource 'High-Resolution Georeferenced Dataset'. Metric is inferred from task family; no score extracted.,source:paper-extraction|paper:paper_2407_05007|dataset_evidence:text_phrase,0.35,paper_text_candidate
paper_extracted_paper-2407-05007-task-semantic-segmentation-high-resolution-georeferenced-dataset-f1-score,paper_2407_05007,task_semantic_segmentation,Semantic segmentation,paper-extracted/high-resolution-georeferenced-dataset,High-Resolution Georeferenced Dataset,f1_score,F1 Score,F1,true,,,,candidate,Paper text links task 'Semantic segmentation' with extracted dataset/resource 'High-Resolution Georeferenced Dataset'. Metric is inferred from task family; no score extracted.,source:paper-extraction|paper:paper_2407_05007|dataset_evidence:text_phrase,0.35,paper_text_candidate
paper_extracted_paper-2407-05007-task-change-detection-high-resolution-georeferenced-dataset-f1-score,paper_2407_05007,task_change_detection,Change detection,paper-extracted/high-resolution-georeferenced-dataset,High-Resolution Georeferenced Dataset,f1_score,F1 Score,F1,true,,,,candidate,Paper text links task 'Change detection' with extracted dataset/resource 'High-Resolution Georeferenced Dataset'. Metric is inferred from task family; no score extracted.,source:paper-extraction|paper:paper_2407_05007|dataset_evidence:text_phrase,0.35,paper_text_candidate
paper_extracted_paper-2407-05007-task-change-detection-high-resolution-georeferenced-dataset-mean-intersection-over-union,paper_2407_05007,task_change_detection,Change detection,paper-extracted/high-resolution-georeferenced-dataset,High-Resolution Georeferenced Dataset,mean_intersection_over_union,Mean Intersection over Union,mIoU,true,,,,candidate,Paper text links task 'Change detection' with extracted dataset/resource 'High-Resolution Georeferenced Dataset'. Metric is inferred from task family; no score extracted.,source:paper-extraction|paper:paper_2407_05007|dataset_evidence:text_phrase,0.35,paper_text_candidate
paper_extracted_paper-2407-05007-task-image-classification-high-resolution-georeferenced-dataset-overall-accuracy,paper_2407_05007,task_image_classification,Image classification,paper-extracted/high-resolution-georeferenced-dataset,High-Resolution Georeferenced Dataset,overall_accuracy,Overall Accuracy,OA,true,,,,candidate,Paper text links task 'Image classification' with extracted dataset/resource 'High-Resolution Georeferenced Dataset'. Metric is inferred from task family; no score extracted.,source:paper-extraction|paper:paper_2407_05007|dataset_evidence:text_phrase,0.35,paper_text_candidate
paper_extracted_paper-2407-05007-task-image-classification-high-resolution-georeferenced-dataset-f1-score,paper_2407_05007,task_image_classification,Image classification,paper-extracted/high-resolution-georeferenced-dataset,High-Resolution Georeferenced Dataset,f1_score,F1 Score,F1,true,,,,candidate,Paper text links task 'Image classification' with extracted dataset/resource 'High-Resolution Georeferenced Dataset'. Metric is inferred from task family; no score extracted.,source:paper-extraction|paper:paper_2407_05007|dataset_evidence:text_phrase,0.35,paper_text_candidate
paper_extracted_paper-2409-00395-task-image-classification-ai-for-agriculture-challenge-overall-accuracy,paper_2409_00395,task_image_classification,Image classification,paper-extracted/ai-for-agriculture-challenge,AI for Agriculture Challenge,overall_accuracy,Overall Accuracy,OA,true,,,,candidate,Paper text links task 'Image classification' with extracted dataset/resource 'AI for Agriculture Challenge'. Metric is inferred from task family; no score extracted.,source:paper-extraction|paper:paper_2409_00395|dataset_evidence:text_phrase,0.35,paper_text_candidate
paper_extracted_paper-2409-00395-task-image-classification-ai-for-agriculture-challenge-f1-score,paper_2409_00395,task_image_classification,Image classification,paper-extracted/ai-for-agriculture-challenge,AI for Agriculture Challenge,f1_score,F1 Score,F1,true,,,,candidate,Paper text links task 'Image classification' with extracted dataset/resource 'AI for Agriculture Challenge'. Metric is inferred from task family; no score extracted.,source:paper-extraction|paper:paper_2409_00395|dataset_evidence:text_phrase,0.35,paper_text_candidate
paper_extracted_paper-2409-03245-task-semantic-segmentation-diverse-applications-of-uav-datasets-mean-intersection-over-union,paper_2409_03245,task_semantic_segmentation,Semantic segmentation,paper-extracted/diverse-applications-of-uav-datasets,Diverse Applications of UAV Datasets,mean_intersection_over_union,Mean Intersection over Union,mIoU,true,,,,candidate,Paper text links task 'Semantic segmentation' with extracted dataset/resource 'Diverse Applications of UAV Datasets'. Metric is inferred from task family; no score extracted.,source:paper-extraction|paper:paper_2409_03245|dataset_evidence:text_phrase,0.35,paper_text_candidate
paper_extracted_paper-2409-03245-task-semantic-segmentation-diverse-applications-of-uav-datasets-f1-score,paper_2409_03245,task_semantic_segmentation,Semantic segmentation,paper-extracted/diverse-applications-of-uav-datasets,Diverse Applications of UAV Datasets,f1_score,F1 Score,F1,true,,,,candidate,Paper text links task 'Semantic segmentation' with extracted dataset/resource 'Diverse Applications of UAV Datasets'. Metric is inferred from task family; no score extracted.,source:paper-extraction|paper:paper_2409_03245|dataset_evidence:text_phrase,0.35,paper_text_candidate
paper_extracted_paper-2409-03245-task-object-detection-diverse-applications-of-uav-datasets-mean-average-precision,paper_2409_03245,task_object_detection,Object detection,paper-extracted/diverse-applications-of-uav-datasets,Diverse Applications of UAV Datasets,mean_average_precision,Mean Average Precision,mAP,true,,,,candidate,Paper text links task 'Object detection' with extracted dataset/resource 'Diverse Applications of UAV Datasets'. Metric is inferred from task family; no score extracted.,source:paper-extraction|paper:paper_2409_03245|dataset_evidence:text_phrase,0.35,paper_text_candidate
paper_extracted_paper-2409-03245-task-object-detection-diverse-applications-of-uav-datasets-ap50,paper_2409_03245,task_object_detection,Object detection,paper-extracted/diverse-applications-of-uav-datasets,Diverse Applications of UAV Datasets,ap50,Average Precision at IoU 0.50,AP50,true,,,,candidate,Paper text links task 'Object detection' with extracted dataset/resource 'Diverse Applications of UAV Datasets'. Metric is inferred from task family; no score extracted.,source:paper-extraction|paper:paper_2409_03245|dataset_evidence:text_phrase,0.35,paper_text_candidate
paper_extracted_paper-2409-03245-task-change-detection-diverse-applications-of-uav-datasets-f1-score,paper_2409_03245,task_change_detection,Change detection,paper-extracted/diverse-applications-of-uav-datasets,Diverse Applications of UAV Datasets,f1_score,F1 Score,F1,true,,,,candidate,Paper text links task 'Change detection' with extracted dataset/resource 'Diverse Applications of UAV Datasets'. Metric is inferred from task family; no score extracted.,source:paper-extraction|paper:paper_2409_03245|dataset_evidence:text_phrase,0.35,paper_text_candidate
paper_extracted_paper-2409-03245-task-change-detection-diverse-applications-of-uav-datasets-mean-intersection-over-union,paper_2409_03245,task_change_detection,Change detection,paper-extracted/diverse-applications-of-uav-datasets,Diverse Applications of UAV Datasets,mean_intersection_over_union,Mean Intersection over Union,mIoU,true,,,,candidate,Paper text links task 'Change detection' with extracted dataset/resource 'Diverse Applications of UAV Datasets'. Metric is inferred from task family; no score extracted.,source:paper-extraction|paper:paper_2409_03245|dataset_evidence:text_phrase,0.35,paper_text_candidate
paper_extracted_paper-2409-13345-task-image-classification-self-optimizing-classification-and-selection-of-high-quality-datasets-overall-accuracy,paper_2409_13345,task_image_classification,Image classification,paper-extracted/self-optimizing-classification-and-selection-of-high-quality-datasets,Self-Optimizing Classification and Selection of High-Quality Datasets,overall_accuracy,Overall Accuracy,OA,true,,,,candidate,Paper text links task 'Image classification' with extracted dataset/resource 'Self-Optimizing Classification and Selection of High-Quality Datasets'. Metric is inferred from task family; no score extracted.,source:paper-extraction|paper:paper_2409_13345|dataset_evidence:text_phrase,0.35,paper_text_candidate
paper_extracted_paper-2409-13345-task-image-classification-self-optimizing-classification-and-selection-of-high-quality-datasets-f1-score,paper_2409_13345,task_image_classification,Image classification,paper-extracted/self-optimizing-classification-and-selection-of-high-quality-datasets,Self-Optimizing Classification and Selection of High-Quality Datasets,f1_score,F1 Score,F1,true,,,,candidate,Paper text links task 'Image classification' with extracted dataset/resource 'Self-Optimizing Classification and Selection of High-Quality Datasets'. Metric is inferred from task family; no score extracted.,source:paper-extraction|paper:paper_2409_13345|dataset_evidence:text_phrase,0.35,paper_text_candidate
paper_extracted_paper-2409-16380-task-change-detection-sentinel-2-satellite-imagery-dataset-f1-score,paper_2409_16380,task_change_detection,Change detection,paper-extracted/sentinel-2-satellite-imagery-dataset,Sentinel-2 Satellite Imagery Dataset,f1_score,F1 Score,F1,true,,,,candidate,Paper text links task 'Change detection' with extracted dataset/resource 'Sentinel-2 Satellite Imagery Dataset'. Metric is inferred from task family; no score extracted.,source:paper-extraction|paper:paper_2409_16380|dataset_evidence:text_phrase,0.35,paper_text_candidate
paper_extracted_paper-2409-16380-task-change-detection-sentinel-2-satellite-imagery-dataset-mean-intersection-over-union,paper_2409_16380,task_change_detection,Change detection,paper-extracted/sentinel-2-satellite-imagery-dataset,Sentinel-2 Satellite Imagery Dataset,mean_intersection_over_union,Mean Intersection over Union,mIoU,true,,,,candidate,Paper text links task 'Change detection' with extracted dataset/resource 'Sentinel-2 Satellite Imagery Dataset'. Metric is inferred from task family; no score extracted.,source:paper-extraction|paper:paper_2409_16380|dataset_evidence:text_phrase,0.35,paper_text_candidate
paper_extracted_paper-2410-23073-task-object-detection-sar-ship-detection-dataset-mean-average-precision,paper_2410_23073,task_object_detection,Object detection,paper-extracted/sar-ship-detection-dataset,SAR Ship Detection Dataset,mean_average_precision,Mean Average Precision,mAP,true,,,,candidate,Paper text links task 'Object detection' with extracted dataset/resource 'SAR Ship Detection Dataset'. Metric is inferred from task family; no score extracted.,source:paper-extraction|paper:paper_2410_23073|dataset_evidence:text_phrase,0.35,paper_text_candidate
paper_extracted_paper-2410-23073-task-object-detection-sar-ship-detection-dataset-ap50,paper_2410_23073,task_object_detection,Object detection,paper-extracted/sar-ship-detection-dataset,SAR Ship Detection Dataset,ap50,Average Precision at IoU 0.50,AP50,true,,,,candidate,Paper text links task 'Object detection' with extracted dataset/resource 'SAR Ship Detection Dataset'. Metric is inferred from task family; no score extracted.,source:paper-extraction|paper:paper_2410_23073|dataset_evidence:text_phrase,0.35,paper_text_candidate
paper_extracted_paper-2410-23073-task-object-detection-high-resolution-sar-image-dataset-mean-average-precision,paper_2410_23073,task_object_detection,Object detection,paper-extracted/high-resolution-sar-image-dataset,High-Resolution SAR Image Dataset,mean_average_precision,Mean Average Precision,mAP,true,,,,candidate,Paper text links task 'Object detection' with extracted dataset/resource 'High-Resolution SAR Image Dataset'. Metric is inferred from task family; no score extracted.,source:paper-extraction|paper:paper_2410_23073|dataset_evidence:text_phrase,0.35,paper_text_candidate
paper_extracted_paper-2410-23073-task-object-detection-high-resolution-sar-image-dataset-ap50,paper_2410_23073,task_object_detection,Object detection,paper-extracted/high-resolution-sar-image-dataset,High-Resolution SAR Image Dataset,ap50,Average Precision at IoU 0.50,AP50,true,,,,candidate,Paper text links task 'Object detection' with extracted dataset/resource 'High-Resolution SAR Image Dataset'. Metric is inferred from task family; no score extracted.,source:paper-extraction|paper:paper_2410_23073|dataset_evidence:text_phrase,0.35,paper_text_candidate
paper_extracted_paper-2412-11555-task-semantic-segmentation-multi-task-satellite-image-time-series-dataset-mean-intersection-over-union,paper_2412_11555,task_semantic_segmentation,Semantic segmentation,paper-extracted/multi-task-satellite-image-time-series-dataset,Multi-Task Satellite Image Time-Series Dataset,mean_intersection_over_union,Mean Intersection over Union,mIoU,true,,,,candidate,Paper text links task 'Semantic segmentation' with extracted dataset/resource 'Multi-Task Satellite Image Time-Series Dataset'. Metric is inferred from task family; no score extracted.,source:paper-extraction|paper:paper_2412_11555|dataset_evidence:text_phrase,0.35,paper_text_candidate
paper_extracted_paper-2412-11555-task-semantic-segmentation-multi-task-satellite-image-time-series-dataset-f1-score,paper_2412_11555,task_semantic_segmentation,Semantic segmentation,paper-extracted/multi-task-satellite-image-time-series-dataset,Multi-Task Satellite Image Time-Series Dataset,f1_score,F1 Score,F1,true,,,,candidate,Paper text links task 'Semantic segmentation' with extracted dataset/resource 'Multi-Task Satellite Image Time-Series Dataset'. Metric is inferred from task family; no score extracted.,source:paper-extraction|paper:paper_2412_11555|dataset_evidence:text_phrase,0.35,paper_text_candidate
paper_extracted_paper-2412-11555-task-change-detection-multi-task-satellite-image-time-series-dataset-f1-score,paper_2412_11555,task_change_detection,Change detection,paper-extracted/multi-task-satellite-image-time-series-dataset,Multi-Task Satellite Image Time-Series Dataset,f1_score,F1 Score,F1,true,,,,candidate,Paper text links task 'Change detection' with extracted dataset/resource 'Multi-Task Satellite Image Time-Series Dataset'. Metric is inferred from task family; no score extracted.,source:paper-extraction|paper:paper_2412_11555|dataset_evidence:text_phrase,0.35,paper_text_candidate
paper_extracted_paper-2412-11555-task-change-detection-multi-task-satellite-image-time-series-dataset-mean-intersection-over-union,paper_2412_11555,task_change_detection,Change detection,paper-extracted/multi-task-satellite-image-time-series-dataset,Multi-Task Satellite Image Time-Series Dataset,mean_intersection_over_union,Mean Intersection over Union,mIoU,true,,,,candidate,Paper text links task 'Change detection' with extracted dataset/resource 'Multi-Task Satellite Image Time-Series Dataset'. Metric is inferred from task family; no score extracted.,source:paper-extraction|paper:paper_2412_11555|dataset_evidence:text_phrase,0.35,paper_text_candidate
paper_extracted_paper-2412-11555-task-image-classification-multi-task-satellite-image-time-series-dataset-overall-accuracy,paper_2412_11555,task_image_classification,Image classification,paper-extracted/multi-task-satellite-image-time-series-dataset,Multi-Task Satellite Image Time-Series Dataset,overall_accuracy,Overall Accuracy,OA,true,,,,candidate,Paper text links task 'Image classification' with extracted dataset/resource 'Multi-Task Satellite Image Time-Series Dataset'. Metric is inferred from task family; no score extracted.,source:paper-extraction|paper:paper_2412_11555|dataset_evidence:text_phrase,0.35,paper_text_candidate
paper_extracted_paper-2412-11555-task-image-classification-multi-task-satellite-image-time-series-dataset-f1-score,paper_2412_11555,task_image_classification,Image classification,paper-extracted/multi-task-satellite-image-time-series-dataset,Multi-Task Satellite Image Time-Series Dataset,f1_score,F1 Score,F1,true,,,,candidate,Paper text links task 'Image classification' with extracted dataset/resource 'Multi-Task Satellite Image Time-Series Dataset'. Metric is inferred from task family; no score extracted.,source:paper-extraction|paper:paper_2412_11555|dataset_evidence:text_phrase,0.35,paper_text_candidate
paper_extracted_paper-2412-12565-task-image-classification-multi-modal-aerial-view-imagery-challenge-overall-accuracy,paper_2412_12565,task_image_classification,Image classification,paper-extracted/multi-modal-aerial-view-imagery-challenge,Multi-modal Aerial View Imagery Challenge,overall_accuracy,Overall Accuracy,OA,true,,,,candidate,Paper text links task 'Image classification' with extracted dataset/resource 'Multi-modal Aerial View Imagery Challenge'. Metric is inferred from task family; no score extracted.,source:paper-extraction|paper:paper_2412_12565|dataset_evidence:text_phrase,0.35,paper_text_candidate
paper_extracted_paper-2412-12565-task-image-classification-multi-modal-aerial-view-imagery-challenge-f1-score,paper_2412_12565,task_image_classification,Image classification,paper-extracted/multi-modal-aerial-view-imagery-challenge,Multi-modal Aerial View Imagery Challenge,f1_score,F1 Score,F1,true,,,,candidate,Paper text links task 'Image classification' with extracted dataset/resource 'Multi-modal Aerial View Imagery Challenge'. Metric is inferred from task family; no score extracted.,source:paper-extraction|paper:paper_2412_12565|dataset_evidence:text_phrase,0.35,paper_text_candidate
paper_extracted_paper-2412-12565-task-image-classification-pbvs-2024-multi-modal-aerial-view-image-challenge-overall-accuracy,paper_2412_12565,task_image_classification,Image classification,paper-extracted/pbvs-2024-multi-modal-aerial-view-image-challenge,PBVS 2024 Multi-modal Aerial View Image Challenge,overall_accuracy,Overall Accuracy,OA,true,,,,candidate,Paper text links task 'Image classification' with extracted dataset/resource 'PBVS 2024 Multi-modal Aerial View Image Challenge'. Metric is inferred from task family; no score extracted.,source:paper-extraction|paper:paper_2412_12565|dataset_evidence:text_phrase,0.35,paper_text_candidate
paper_extracted_paper-2412-12565-task-image-classification-pbvs-2024-multi-modal-aerial-view-image-challenge-f1-score,paper_2412_12565,task_image_classification,Image classification,paper-extracted/pbvs-2024-multi-modal-aerial-view-image-challenge,PBVS 2024 Multi-modal Aerial View Image Challenge,f1_score,F1 Score,F1,true,,,,candidate,Paper text links task 'Image classification' with extracted dataset/resource 'PBVS 2024 Multi-modal Aerial View Image Challenge'. Metric is inferred from task family; no score extracted.,source:paper-extraction|paper:paper_2412_12565|dataset_evidence:text_phrase,0.35,paper_text_candidate
paper_extracted_paper-2412-13179-task-semantic-segmentation-pipeline-and-nir-enhanced-dataset-mean-intersection-over-union,paper_2412_13179,task_semantic_segmentation,Semantic segmentation,paper-extracted/pipeline-and-nir-enhanced-dataset,Pipeline and NIR-Enhanced Dataset,mean_intersection_over_union,Mean Intersection over Union,mIoU,true,,,,candidate,Paper text links task 'Semantic segmentation' with extracted dataset/resource 'Pipeline and NIR-Enhanced Dataset'. Metric is inferred from task family; no score extracted.,source:paper-extraction|paper:paper_2412_13179|dataset_evidence:text_phrase,0.35,paper_text_candidate
paper_extracted_paper-2412-13179-task-semantic-segmentation-pipeline-and-nir-enhanced-dataset-f1-score,paper_2412_13179,task_semantic_segmentation,Semantic segmentation,paper-extracted/pipeline-and-nir-enhanced-dataset,Pipeline and NIR-Enhanced Dataset,f1_score,F1 Score,F1,true,,,,candidate,Paper text links task 'Semantic segmentation' with extracted dataset/resource 'Pipeline and NIR-Enhanced Dataset'. Metric is inferred from task family; no score extracted.,source:paper-extraction|paper:paper_2412_13179|dataset_evidence:text_phrase,0.35,paper_text_candidate
paper_extracted_paper-2412-20665-task-object-detection-multi-modal-datasets-mean-average-precision,paper_2412_20665,task_object_detection,Object detection,paper-extracted/multi-modal-datasets,Multi-Modal Datasets,mean_average_precision,Mean Average Precision,mAP,true,,,,candidate,Paper text links task 'Object detection' with extracted dataset/resource 'Multi-Modal Datasets'. Metric is inferred from task family; no score extracted.,source:paper-extraction|paper:paper_2412_20665|dataset_evidence:text_phrase,0.35,paper_text_candidate
paper_extracted_paper-2412-20665-task-object-detection-multi-modal-datasets-ap50,paper_2412_20665,task_object_detection,Object detection,paper-extracted/multi-modal-datasets,Multi-Modal Datasets,ap50,Average Precision at IoU 0.50,AP50,true,,,,candidate,Paper text links task 'Object detection' with extracted dataset/resource 'Multi-Modal Datasets'. Metric is inferred from task family; no score extracted.,source:paper-extraction|paper:paper_2412_20665|dataset_evidence:text_phrase,0.35,paper_text_candidate
paper_extracted_paper-2501-04440-task-object-detection-state-angle-resolver-and-rotated-sar-benchmark-mean-average-precision,paper_2501_04440,task_object_detection,Object detection,paper-extracted/state-angle-resolver-and-rotated-sar-benchmark,State Angle Resolver and Rotated SAR Benchmark,mean_average_precision,Mean Average Precision,mAP,true,,,,candidate,Paper text links task 'Object detection' with extracted dataset/resource 'State Angle Resolver and Rotated SAR Benchmark'. Metric is inferred from task family; no score extracted.,source:paper-extraction|paper:paper_2501_04440|dataset_evidence:text_phrase,0.35,paper_text_candidate
paper_extracted_paper-2501-04440-task-object-detection-state-angle-resolver-and-rotated-sar-benchmark-ap50,paper_2501_04440,task_object_detection,Object detection,paper-extracted/state-angle-resolver-and-rotated-sar-benchmark,State Angle Resolver and Rotated SAR Benchmark,ap50,Average Precision at IoU 0.50,AP50,true,,,,candidate,Paper text links task 'Object detection' with extracted dataset/resource 'State Angle Resolver and Rotated SAR Benchmark'. Metric is inferred from task family; no score extracted.,source:paper-extraction|paper:paper_2501_04440|dataset_evidence:text_phrase,0.35,paper_text_candidate
paper_extracted_paper-2501-10075-task-semantic-segmentation-second-cc-dataset-mean-intersection-over-union,paper_2501_10075,task_semantic_segmentation,Semantic segmentation,paper-extracted/second-cc-dataset,SECOND-CC Dataset,mean_intersection_over_union,Mean Intersection over Union,mIoU,true,,,,candidate,Paper text links task 'Semantic segmentation' with extracted dataset/resource 'SECOND-CC Dataset'. Metric is inferred from task family; no score extracted.,source:paper-extraction|paper:paper_2501_10075|dataset_evidence:text_phrase,0.35,paper_text_candidate
paper_extracted_paper-2501-10075-task-semantic-segmentation-second-cc-dataset-f1-score,paper_2501_10075,task_semantic_segmentation,Semantic segmentation,paper-extracted/second-cc-dataset,SECOND-CC Dataset,f1_score,F1 Score,F1,true,,,,candidate,Paper text links task 'Semantic segmentation' with extracted dataset/resource 'SECOND-CC Dataset'. Metric is inferred from task family; no score extracted.,source:paper-extraction|paper:paper_2501_10075|dataset_evidence:text_phrase,0.35,paper_text_candidate
paper_extracted_paper-2501-14905-task-depth-estimation-measuring-and-mitigating-hallucinations-in-vision-language-dataset-root-mean-squared-error,paper_2501_14905,task_depth_estimation,Depth estimation,paper-extracted/measuring-and-mitigating-hallucinations-in-vision-language-dataset,Measuring and Mitigating Hallucinations in Vision-Language Dataset,root_mean_squared_error,Root Mean Squared Error,RMSE,false,,,,candidate,Paper text links task 'Depth estimation' with extracted dataset/resource 'Measuring and Mitigating Hallucinations in Vision-Language Dataset'. Metric is inferred from task family; no score extracted.,source:paper-extraction|paper:paper_2501_14905|dataset_evidence:text_phrase,0.35,paper_text_candidate
paper_extracted_paper-2501-15343-task-semantic-segmentation-firex-aq-datasets-mean-intersection-over-union,paper_2501_15343,task_semantic_segmentation,Semantic segmentation,paper-extracted/firex-aq-datasets,FIREX-AQ Datasets,mean_intersection_over_union,Mean Intersection over Union,mIoU,true,,,,candidate,Paper text links task 'Semantic segmentation' with extracted dataset/resource 'FIREX-AQ Datasets'. Metric is inferred from task family; no score extracted.,source:paper-extraction|paper:paper_2501_15343|dataset_evidence:text_phrase,0.35,paper_text_candidate
paper_extracted_paper-2501-15343-task-semantic-segmentation-firex-aq-datasets-f1-score,paper_2501_15343,task_semantic_segmentation,Semantic segmentation,paper-extracted/firex-aq-datasets,FIREX-AQ Datasets,f1_score,F1 Score,F1,true,,,,candidate,Paper text links task 'Semantic segmentation' with extracted dataset/resource 'FIREX-AQ Datasets'. Metric is inferred from task family; no score extracted.,source:paper-extraction|paper:paper_2501_15343|dataset_evidence:text_phrase,0.35,paper_text_candidate
paper_extracted_paper-2501-15343-task-object-detection-firex-aq-datasets-mean-average-precision,paper_2501_15343,task_object_detection,Object detection,paper-extracted/firex-aq-datasets,FIREX-AQ Datasets,mean_average_precision,Mean Average Precision,mAP,true,,,,candidate,Paper text links task 'Object detection' with extracted dataset/resource 'FIREX-AQ Datasets'. Metric is inferred from task family; no score extracted.,source:paper-extraction|paper:paper_2501_15343|dataset_evidence:text_phrase,0.35,paper_text_candidate
paper_extracted_paper-2501-15343-task-object-detection-firex-aq-datasets-ap50,paper_2501_15343,task_object_detection,Object detection,paper-extracted/firex-aq-datasets,FIREX-AQ Datasets,ap50,Average Precision at IoU 0.50,AP50,true,,,,candidate,Paper text links task 'Object detection' with extracted dataset/resource 'FIREX-AQ Datasets'. Metric is inferred from task family; no score extracted.,source:paper-extraction|paper:paper_2501_15343|dataset_evidence:text_phrase,0.35,paper_text_candidate
paper_extracted_paper-2501-15343-task-change-detection-firex-aq-datasets-f1-score,paper_2501_15343,task_change_detection,Change detection,paper-extracted/firex-aq-datasets,FIREX-AQ Datasets,f1_score,F1 Score,F1,true,,,,candidate,Paper text links task 'Change detection' with extracted dataset/resource 'FIREX-AQ Datasets'. Metric is inferred from task family; no score extracted.,source:paper-extraction|paper:paper_2501_15343|dataset_evidence:text_phrase,0.35,paper_text_candidate
paper_extracted_paper-2501-15343-task-change-detection-firex-aq-datasets-mean-intersection-over-union,paper_2501_15343,task_change_detection,Change detection,paper-extracted/firex-aq-datasets,FIREX-AQ Datasets,mean_intersection_over_union,Mean Intersection over Union,mIoU,true,,,,candidate,Paper text links task 'Change detection' with extracted dataset/resource 'FIREX-AQ Datasets'. Metric is inferred from task family; no score extracted.,source:paper-extraction|paper:paper_2501_15343|dataset_evidence:text_phrase,0.35,paper_text_candidate
paper_extracted_paper-2502-19866-task-change-detection-large-scale-multi-source-high-resolution-landslide-dataset-f1-score,paper_2502_19866,task_change_detection,Change detection,paper-extracted/large-scale-multi-source-high-resolution-landslide-dataset,Large-scale Multi-source High-resolution Landslide Dataset,f1_score,F1 Score,F1,true,,,,candidate,Paper text links task 'Change detection' with extracted dataset/resource 'Large-scale Multi-source High-resolution Landslide Dataset'. Metric is inferred from task family; no score extracted.,source:paper-extraction|paper:paper_2502_19866|dataset_evidence:text_phrase,0.35,paper_text_candidate
paper_extracted_paper-2502-19866-task-change-detection-large-scale-multi-source-high-resolution-landslide-dataset-mean-intersection-over-union,paper_2502_19866,task_change_detection,Change detection,paper-extracted/large-scale-multi-source-high-resolution-landslide-dataset,Large-scale Multi-source High-resolution Landslide Dataset,mean_intersection_over_union,Mean Intersection over Union,mIoU,true,,,,candidate,Paper text links task 'Change detection' with extracted dataset/resource 'Large-scale Multi-source High-resolution Landslide Dataset'. Metric is inferred from task family; no score extracted.,source:paper-extraction|paper:paper_2502_19866|dataset_evidence:text_phrase,0.35,paper_text_candidate
paper_extracted_paper-2502-20668-task-object-detection-large-scale-fine-grained-benchmark-mean-average-precision,paper_2502_20668,task_object_detection,Object detection,paper-extracted/large-scale-fine-grained-benchmark,Large-Scale Fine-Grained Benchmark,mean_average_precision,Mean Average Precision,mAP,true,,,,candidate,Paper text links task 'Object detection' with extracted dataset/resource 'Large-Scale Fine-Grained Benchmark'. Metric is inferred from task family; no score extracted.,source:paper-extraction|paper:paper_2502_20668|dataset_evidence:text_phrase,0.35,paper_text_candidate
paper_extracted_paper-2502-20668-task-object-detection-large-scale-fine-grained-benchmark-ap50,paper_2502_20668,task_object_detection,Object detection,paper-extracted/large-scale-fine-grained-benchmark,Large-Scale Fine-Grained Benchmark,ap50,Average Precision at IoU 0.50,AP50,true,,,,candidate,Paper text links task 'Object detection' with extracted dataset/resource 'Large-Scale Fine-Grained Benchmark'. Metric is inferred from task family; no score extracted.,source:paper-extraction|paper:paper_2502_20668|dataset_evidence:text_phrase,0.35,paper_text_candidate
paper_extracted_paper-2503-00168-task-semantic-segmentation-webdataset-mean-intersection-over-union,paper_2503_00168,task_semantic_segmentation,Semantic segmentation,paper-extracted/webdataset,WebDataset,mean_intersection_over_union,Mean Intersection over Union,mIoU,true,,,,candidate,Paper text links task 'Semantic segmentation' with extracted dataset/resource 'WebDataset'. Metric is inferred from task family; no score extracted.,source:paper-extraction|paper:paper_2503_00168|dataset_evidence:named_token,0.35,paper_text_candidate
paper_extracted_paper-2503-00168-task-semantic-segmentation-webdataset-f1-score,paper_2503_00168,task_semantic_segmentation,Semantic segmentation,paper-extracted/webdataset,WebDataset,f1_score,F1 Score,F1,true,,,,candidate,Paper text links task 'Semantic segmentation' with extracted dataset/resource 'WebDataset'. Metric is inferred from task family; no score extracted.,source:paper-extraction|paper:paper_2503_00168|dataset_evidence:named_token,0.35,paper_text_candidate
paper_extracted_paper-2503-00168-task-depth-estimation-webdataset-root-mean-squared-error,paper_2503_00168,task_depth_estimation,Depth estimation,paper-extracted/webdataset,WebDataset,root_mean_squared_error,Root Mean Squared Error,RMSE,false,,,,candidate,Paper text links task 'Depth estimation' with extracted dataset/resource 'WebDataset'. Metric is inferred from task family; no score extracted.,source:paper-extraction|paper:paper_2503_00168|dataset_evidence:named_token,0.35,paper_text_candidate
paper_extracted_paper-2503-11219-task-image-classification-million-scale-dataset-overall-accuracy,paper_2503_11219,task_image_classification,Image classification,paper-extracted/million-scale-dataset,Million-Scale Dataset,overall_accuracy,Overall Accuracy,OA,true,,,,candidate,Paper text links task 'Image classification' with extracted dataset/resource 'Million-Scale Dataset'. Metric is inferred from task family; no score extracted.,source:paper-extraction|paper:paper_2503_11219|dataset_evidence:text_phrase,0.35,paper_text_candidate
paper_extracted_paper-2503-11219-task-image-classification-million-scale-dataset-f1-score,paper_2503_11219,task_image_classification,Image classification,paper-extracted/million-scale-dataset,Million-Scale Dataset,f1_score,F1 Score,F1,true,,,,candidate,Paper text links task 'Image classification' with extracted dataset/resource 'Million-Scale Dataset'. Metric is inferred from task family; no score extracted.,source:paper-extraction|paper:paper_2503_11219|dataset_evidence:text_phrase,0.35,paper_text_candidate
paper_extracted_paper-2503-19311-task-image-classification-dual-granularity-remote-sensing-image-text-dataset-overall-accuracy,paper_2503_19311,task_image_classification,Image classification,paper-extracted/dual-granularity-remote-sensing-image-text-dataset,Dual-Granularity Remote Sensing Image-Text Dataset,overall_accuracy,Overall Accuracy,OA,true,,,,candidate,Paper text links task 'Image classification' with extracted dataset/resource 'Dual-Granularity Remote Sensing Image-Text Dataset'. Metric is inferred from task family; no score extracted.,source:paper-extraction|paper:paper_2503_19311|dataset_evidence:text_phrase,0.35,paper_text_candidate
paper_extracted_paper-2503-19311-task-image-classification-dual-granularity-remote-sensing-image-text-dataset-f1-score,paper_2503_19311,task_image_classification,Image classification,paper-extracted/dual-granularity-remote-sensing-image-text-dataset,Dual-Granularity Remote Sensing Image-Text Dataset,f1_score,F1 Score,F1,true,,,,candidate,Paper text links task 'Image classification' with extracted dataset/resource 'Dual-Granularity Remote Sensing Image-Text Dataset'. Metric is inferred from task family; no score extracted.,source:paper-extraction|paper:paper_2503_19311|dataset_evidence:text_phrase,0.35,paper_text_candidate
paper_extracted_paper-2503-20068-task-image-classification-large-scale-benchmark-dataset-overall-accuracy,paper_2503_20068,task_image_classification,Image classification,paper-extracted/large-scale-benchmark-dataset,Large-Scale Benchmark Dataset,overall_accuracy,Overall Accuracy,OA,true,,,,candidate,Paper text links task 'Image classification' with extracted dataset/resource 'Large-Scale Benchmark Dataset'. Metric is inferred from task family; no score extracted.,source:paper-extraction|paper:paper_2503_20068|dataset_evidence:text_phrase,0.35,paper_text_candidate
paper_extracted_paper-2503-20068-task-image-classification-large-scale-benchmark-dataset-f1-score,paper_2503_20068,task_image_classification,Image classification,paper-extracted/large-scale-benchmark-dataset,Large-Scale Benchmark Dataset,f1_score,F1 Score,F1,true,,,,candidate,Paper text links task 'Image classification' with extracted dataset/resource 'Large-Scale Benchmark Dataset'. Metric is inferred from task family; no score extracted.,source:paper-extraction|paper:paper_2503_20068|dataset_evidence:text_phrase,0.35,paper_text_candidate
paper_extracted_paper-2503-23456-task-semantic-segmentation-cadformer-datasets-mean-intersection-over-union,paper_2503_23456,task_semantic_segmentation,Semantic segmentation,paper-extracted/cadformer-datasets,CADFormer. Datasets,mean_intersection_over_union,Mean Intersection over Union,mIoU,true,,,,candidate,Paper text links task 'Semantic segmentation' with extracted dataset/resource 'CADFormer. Datasets'. Metric is inferred from task family; no score extracted.,source:paper-extraction|paper:paper_2503_23456|dataset_evidence:text_phrase,0.35,paper_text_candidate
paper_extracted_paper-2503-23456-task-semantic-segmentation-cadformer-datasets-f1-score,paper_2503_23456,task_semantic_segmentation,Semantic segmentation,paper-extracted/cadformer-datasets,CADFormer. Datasets,f1_score,F1 Score,F1,true,,,,candidate,Paper text links task 'Semantic segmentation' with extracted dataset/resource 'CADFormer. Datasets'. Metric is inferred from task family; no score extracted.,source:paper-extraction|paper:paper_2503_23456|dataset_evidence:text_phrase,0.35,paper_text_candidate
paper_extracted_paper-2505-08273-task-image-classification-large-scale-comprehensive-dataset-overall-accuracy,paper_2505_08273,task_image_classification,Image classification,paper-extracted/large-scale-comprehensive-dataset,Large-Scale Comprehensive Dataset,overall_accuracy,Overall Accuracy,OA,true,,,,candidate,Paper text links task 'Image classification' with extracted dataset/resource 'Large-Scale Comprehensive Dataset'. Metric is inferred from task family; no score extracted.,source:paper-extraction|paper:paper_2505_08273|dataset_evidence:text_phrase,0.35,paper_text_candidate
paper_extracted_paper-2505-08273-task-image-classification-large-scale-comprehensive-dataset-f1-score,paper_2505_08273,task_image_classification,Image classification,paper-extracted/large-scale-comprehensive-dataset,Large-Scale Comprehensive Dataset,f1_score,F1 Score,F1,true,,,,candidate,Paper text links task 'Image classification' with extracted dataset/resource 'Large-Scale Comprehensive Dataset'. Metric is inferred from task family; no score extracted.,source:paper-extraction|paper:paper_2505_08273|dataset_evidence:text_phrase,0.35,paper_text_candidate
paper_extracted_paper-2505-10931-task-object-detection-multi-source-dataset-and-benchmark-mean-average-precision,paper_2505_10931,task_object_detection,Object detection,paper-extracted/multi-source-dataset-and-benchmark,Multi-Source Dataset and Benchmark,mean_average_precision,Mean Average Precision,mAP,true,,,,candidate,Paper text links task 'Object detection' with extracted dataset/resource 'Multi-Source Dataset and Benchmark'. Metric is inferred from task family; no score extracted.,source:paper-extraction|paper:paper_2505_10931|dataset_evidence:text_phrase,0.35,paper_text_candidate
paper_extracted_paper-2505-10931-task-object-detection-multi-source-dataset-and-benchmark-ap50,paper_2505_10931,task_object_detection,Object detection,paper-extracted/multi-source-dataset-and-benchmark,Multi-Source Dataset and Benchmark,ap50,Average Precision at IoU 0.50,AP50,true,,,,candidate,Paper text links task 'Object detection' with extracted dataset/resource 'Multi-Source Dataset and Benchmark'. Metric is inferred from task family; no score extracted.,source:paper-extraction|paper:paper_2505_10931|dataset_evidence:text_phrase,0.35,paper_text_candidate
paper_extracted_paper-2505-12513-task-image-classification-multi-granular-vision-language-dataset-overall-accuracy,paper_2505_12513,task_image_classification,Image classification,paper-extracted/multi-granular-vision-language-dataset,Multi-Granular Vision-Language Dataset,overall_accuracy,Overall Accuracy,OA,true,,,,candidate,Paper text links task 'Image classification' with extracted dataset/resource 'Multi-Granular Vision-Language Dataset'. Metric is inferred from task family; no score extracted.,source:paper-extraction|paper:paper_2505_12513|dataset_evidence:text_phrase,0.35,paper_text_candidate
paper_extracted_paper-2505-12513-task-image-classification-multi-granular-vision-language-dataset-f1-score,paper_2505_12513,task_image_classification,Image classification,paper-extracted/multi-granular-vision-language-dataset,Multi-Granular Vision-Language Dataset,f1_score,F1 Score,F1,true,,,,candidate,Paper text links task 'Image classification' with extracted dataset/resource 'Multi-Granular Vision-Language Dataset'. Metric is inferred from task family; no score extracted.,source:paper-extraction|paper:paper_2505_12513|dataset_evidence:text_phrase,0.35,paper_text_candidate
paper_extracted_paper-2505-13212-task-change-detection-fine-grained-dataset-f1-score,paper_2505_13212,task_change_detection,Change detection,paper-extracted/fine-grained-dataset,Fine-grained Dataset,f1_score,F1 Score,F1,true,,,,candidate,Paper text links task 'Change detection' with extracted dataset/resource 'Fine-grained Dataset'. Metric is inferred from task family; no score extracted.,source:paper-extraction|paper:paper_2505_13212|dataset_evidence:text_phrase,0.35,paper_text_candidate
paper_extracted_paper-2505-13212-task-change-detection-fine-grained-dataset-mean-intersection-over-union,paper_2505_13212,task_change_detection,Change detection,paper-extracted/fine-grained-dataset,Fine-grained Dataset,mean_intersection_over_union,Mean Intersection over Union,mIoU,true,,,,candidate,Paper text links task 'Change detection' with extracted dataset/resource 'Fine-grained Dataset'. Metric is inferred from task family; no score extracted.,source:paper-extraction|paper:paper_2505_13212|dataset_evidence:text_phrase,0.35,paper_text_candidate
paper_extracted_paper-2505-18477-task-object-detection-geo-aware-zooplankton-recognition-and-classification-dataset-mean-average-precision,paper_2505_18477,task_object_detection,Object detection,paper-extracted/geo-aware-zooplankton-recognition-and-classification-dataset,Geo-Aware Zooplankton Recognition and Classification Dataset,mean_average_precision,Mean Average Precision,mAP,true,,,,candidate,Paper text links task 'Object detection' with extracted dataset/resource 'Geo-Aware Zooplankton Recognition and Classification Dataset'. Metric is inferred from task family; no score extracted.,source:paper-extraction|paper:paper_2505_18477|dataset_evidence:text_phrase,0.35,paper_text_candidate
paper_extracted_paper-2505-18477-task-object-detection-geo-aware-zooplankton-recognition-and-classification-dataset-ap50,paper_2505_18477,task_object_detection,Object detection,paper-extracted/geo-aware-zooplankton-recognition-and-classification-dataset,Geo-Aware Zooplankton Recognition and Classification Dataset,ap50,Average Precision at IoU 0.50,AP50,true,,,,candidate,Paper text links task 'Object detection' with extracted dataset/resource 'Geo-Aware Zooplankton Recognition and Classification Dataset'. Metric is inferred from task family; no score extracted.,source:paper-extraction|paper:paper_2505_18477|dataset_evidence:text_phrase,0.35,paper_text_candidate
paper_extracted_paper-2505-18477-task-image-classification-geo-aware-zooplankton-recognition-and-classification-dataset-overall-accuracy,paper_2505_18477,task_image_classification,Image classification,paper-extracted/geo-aware-zooplankton-recognition-and-classification-dataset,Geo-Aware Zooplankton Recognition and Classification Dataset,overall_accuracy,Overall Accuracy,OA,true,,,,candidate,Paper text links task 'Image classification' with extracted dataset/resource 'Geo-Aware Zooplankton Recognition and Classification Dataset'. Metric is inferred from task family; no score extracted.,source:paper-extraction|paper:paper_2505_18477|dataset_evidence:text_phrase,0.35,paper_text_candidate
paper_extracted_paper-2505-18477-task-image-classification-geo-aware-zooplankton-recognition-and-classification-dataset-f1-score,paper_2505_18477,task_image_classification,Image classification,paper-extracted/geo-aware-zooplankton-recognition-and-classification-dataset,Geo-Aware Zooplankton Recognition and Classification Dataset,f1_score,F1 Score,F1,true,,,,candidate,Paper text links task 'Image classification' with extracted dataset/resource 'Geo-Aware Zooplankton Recognition and Classification Dataset'. Metric is inferred from task family; no score extracted.,source:paper-extraction|paper:paper_2505_18477|dataset_evidence:text_phrase,0.35,paper_text_candidate
paper_extracted_paper-2505-18477-task-depth-estimation-geo-aware-zooplankton-recognition-and-classification-dataset-root-mean-squared-error,paper_2505_18477,task_depth_estimation,Depth estimation,paper-extracted/geo-aware-zooplankton-recognition-and-classification-dataset,Geo-Aware Zooplankton Recognition and Classification Dataset,root_mean_squared_error,Root Mean Squared Error,RMSE,false,,,,candidate,Paper text links task 'Depth estimation' with extracted dataset/resource 'Geo-Aware Zooplankton Recognition and Classification Dataset'. Metric is inferred from task family; no score extracted.,source:paper-extraction|paper:paper_2505_18477|dataset_evidence:text_phrase,0.35,paper_text_candidate
paper_extracted_paper-2505-20507-task-image-classification-close-range-multi-scene-hyperspectral-imaging-benchmark-dataset-overall-accuracy,paper_2505_20507,task_image_classification,Image classification,paper-extracted/close-range-multi-scene-hyperspectral-imaging-benchmark-dataset,Close-Range Multi-Scene Hyperspectral Imaging Benchmark Dataset,overall_accuracy,Overall Accuracy,OA,true,,,,candidate,Paper text links task 'Image classification' with extracted dataset/resource 'Close-Range Multi-Scene Hyperspectral Imaging Benchmark Dataset'. Metric is inferred from task family; no score extracted.,source:paper-extraction|paper:paper_2505_20507|dataset_evidence:text_phrase,0.35,paper_text_candidate
paper_extracted_paper-2505-20507-task-image-classification-close-range-multi-scene-hyperspectral-imaging-benchmark-dataset-f1-score,paper_2505_20507,task_image_classification,Image classification,paper-extracted/close-range-multi-scene-hyperspectral-imaging-benchmark-dataset,Close-Range Multi-Scene Hyperspectral Imaging Benchmark Dataset,f1_score,F1 Score,F1,true,,,,candidate,Paper text links task 'Image classification' with extracted dataset/resource 'Close-Range Multi-Scene Hyperspectral Imaging Benchmark Dataset'. Metric is inferred from task family; no score extracted.,source:paper-extraction|paper:paper_2505_20507|dataset_evidence:text_phrase,0.35,paper_text_candidate
paper_extracted_paper-2505-24489-task-object-detection-sar-ship-detection-dataset-mean-average-precision,paper_2505_24489,task_object_detection,Object detection,paper-extracted/sar-ship-detection-dataset,SAR Ship Detection Dataset,mean_average_precision,Mean Average Precision,mAP,true,,,,candidate,Paper text links task 'Object detection' with extracted dataset/resource 'SAR Ship Detection Dataset'. Metric is inferred from task family; no score extracted.,source:paper-extraction|paper:paper_2505_24489|dataset_evidence:text_phrase,0.35,paper_text_candidate
paper_extracted_paper-2505-24489-task-object-detection-sar-ship-detection-dataset-ap50,paper_2505_24489,task_object_detection,Object detection,paper-extracted/sar-ship-detection-dataset,SAR Ship Detection Dataset,ap50,Average Precision at IoU 0.50,AP50,true,,,,candidate,Paper text links task 'Object detection' with extracted dataset/resource 'SAR Ship Detection Dataset'. Metric is inferred from task family; no score extracted.,source:paper-extraction|paper:paper_2505_24489|dataset_evidence:text_phrase,0.35,paper_text_candidate
paper_extracted_paper-2506-03583-task-semantic-segmentation-large-scale-referring-remote-sensing-image-segmentation-dataset-mean-intersection-over-union,paper_2506_03583,task_semantic_segmentation,Semantic segmentation,paper-extracted/large-scale-referring-remote-sensing-image-segmentation-dataset,Large-Scale Referring Remote Sensing Image Segmentation Dataset,mean_intersection_over_union,Mean Intersection over Union,mIoU,true,,,,candidate,Paper text links task 'Semantic segmentation' with extracted dataset/resource 'Large-Scale Referring Remote Sensing Image Segmentation Dataset'. Metric is inferred from task family; no score extracted.,source:paper-extraction|paper:paper_2506_03583|dataset_evidence:text_phrase,0.35,paper_text_candidate
paper_extracted_paper-2506-03583-task-semantic-segmentation-large-scale-referring-remote-sensing-image-segmentation-dataset-f1-score,paper_2506_03583,task_semantic_segmentation,Semantic segmentation,paper-extracted/large-scale-referring-remote-sensing-image-segmentation-dataset,Large-Scale Referring Remote Sensing Image Segmentation Dataset,f1_score,F1 Score,F1,true,,,,candidate,Paper text links task 'Semantic segmentation' with extracted dataset/resource 'Large-Scale Referring Remote Sensing Image Segmentation Dataset'. Metric is inferred from task family; no score extracted.,source:paper-extraction|paper:paper_2506_03583|dataset_evidence:text_phrase,0.35,paper_text_candidate
paper_extracted_paper-2506-07080-task-semantic-segmentation-large-scale-multimodal-dataset-mean-intersection-over-union,paper_2506_07080,task_semantic_segmentation,Semantic segmentation,paper-extracted/large-scale-multimodal-dataset,Large-scale Multimodal Dataset,mean_intersection_over_union,Mean Intersection over Union,mIoU,true,,,,candidate,Paper text links task 'Semantic segmentation' with extracted dataset/resource 'Large-scale Multimodal Dataset'. Metric is inferred from task family; no score extracted.,source:paper-extraction|paper:paper_2506_07080|dataset_evidence:text_phrase,0.35,paper_text_candidate
paper_extracted_paper-2506-07080-task-semantic-segmentation-large-scale-multimodal-dataset-f1-score,paper_2506_07080,task_semantic_segmentation,Semantic segmentation,paper-extracted/large-scale-multimodal-dataset,Large-scale Multimodal Dataset,f1_score,F1 Score,F1,true,,,,candidate,Paper text links task 'Semantic segmentation' with extracted dataset/resource 'Large-scale Multimodal Dataset'. Metric is inferred from task family; no score extracted.,source:paper-extraction|paper:paper_2506_07080|dataset_evidence:text_phrase,0.35,paper_text_candidate
paper_extracted_paper-2506-07080-task-image-classification-large-scale-multimodal-dataset-overall-accuracy,paper_2506_07080,task_image_classification,Image classification,paper-extracted/large-scale-multimodal-dataset,Large-scale Multimodal Dataset,overall_accuracy,Overall Accuracy,OA,true,,,,candidate,Paper text links task 'Image classification' with extracted dataset/resource 'Large-scale Multimodal Dataset'. Metric is inferred from task family; no score extracted.,source:paper-extraction|paper:paper_2506_07080|dataset_evidence:text_phrase,0.35,paper_text_candidate
paper_extracted_paper-2506-07080-task-image-classification-large-scale-multimodal-dataset-f1-score,paper_2506_07080,task_image_classification,Image classification,paper-extracted/large-scale-multimodal-dataset,Large-scale Multimodal Dataset,f1_score,F1 Score,F1,true,,,,candidate,Paper text links task 'Image classification' with extracted dataset/resource 'Large-scale Multimodal Dataset'. Metric is inferred from task family; no score extracted.,source:paper-extraction|paper:paper_2506_07080|dataset_evidence:text_phrase,0.35,paper_text_candidate
paper_extracted_paper-2506-15231-task-object-detection-sar-ship-detection-dataset-mean-average-precision,paper_2506_15231,task_object_detection,Object detection,paper-extracted/sar-ship-detection-dataset,SAR Ship Detection Dataset,mean_average_precision,Mean Average Precision,mAP,true,,,,candidate,Paper text links task 'Object detection' with extracted dataset/resource 'SAR Ship Detection Dataset'. Metric is inferred from task family; no score extracted.,source:paper-extraction|paper:paper_2506_15231|dataset_evidence:text_phrase,0.35,paper_text_candidate
paper_extracted_paper-2506-15231-task-object-detection-sar-ship-detection-dataset-ap50,paper_2506_15231,task_object_detection,Object detection,paper-extracted/sar-ship-detection-dataset,SAR Ship Detection Dataset,ap50,Average Precision at IoU 0.50,AP50,true,,,,candidate,Paper text links task 'Object detection' with extracted dataset/resource 'SAR Ship Detection Dataset'. Metric is inferred from task family; no score extracted.,source:paper-extraction|paper:paper_2506_15231|dataset_evidence:text_phrase,0.35,paper_text_candidate
paper_extracted_paper-2506-22027-task-object-detection-ship-re-identification-dataset-mean-average-precision,paper_2506_22027,task_object_detection,Object detection,paper-extracted/ship-re-identification-dataset,Ship Re-Identification Dataset,mean_average_precision,Mean Average Precision,mAP,true,,,,candidate,Paper text links task 'Object detection' with extracted dataset/resource 'Ship Re-Identification Dataset'. Metric is inferred from task family; no score extracted.,source:paper-extraction|paper:paper_2506_22027|dataset_evidence:text_phrase,0.35,paper_text_candidate
paper_extracted_paper-2506-22027-task-object-detection-ship-re-identification-dataset-ap50,paper_2506_22027,task_object_detection,Object detection,paper-extracted/ship-re-identification-dataset,Ship Re-Identification Dataset,ap50,Average Precision at IoU 0.50,AP50,true,,,,candidate,Paper text links task 'Object detection' with extracted dataset/resource 'Ship Re-Identification Dataset'. Metric is inferred from task family; no score extracted.,source:paper-extraction|paper:paper_2506_22027|dataset_evidence:text_phrase,0.35,paper_text_candidate
paper_extracted_paper-2507-04107-task-geo-localization-uavm-2025-challenge-recall-at-1,paper_2507_04107,task_geo_localization,Geo-localization,paper-extracted/uavm-2025-challenge,UAVM 2025 Challenge,recall_at_1,Recall@1,R@1,true,,,,candidate,Paper text links task 'Geo-localization' with extracted dataset/resource 'UAVM 2025 Challenge'. Metric is inferred from task family; no score extracted.,source:paper-extraction|paper:paper_2507_04107|dataset_evidence:text_phrase,0.35,paper_text_candidate
paper_extracted_paper-2507-14697-task-semantic-segmentation-fine-grained-global-terraced-parcel-and-boundary-dataset-mean-intersection-over-union,paper_2507_14697,task_semantic_segmentation,Semantic segmentation,paper-extracted/fine-grained-global-terraced-parcel-and-boundary-dataset,Fine-Grained Global Terraced Parcel and Boundary Dataset,mean_intersection_over_union,Mean Intersection over Union,mIoU,true,,,,candidate,Paper text links task 'Semantic segmentation' with extracted dataset/resource 'Fine-Grained Global Terraced Parcel and Boundary Dataset'. Metric is inferred from task family; no score extracted.,source:paper-extraction|paper:paper_2507_14697|dataset_evidence:text_phrase,0.35,paper_text_candidate
paper_extracted_paper-2507-14697-task-semantic-segmentation-fine-grained-global-terraced-parcel-and-boundary-dataset-f1-score,paper_2507_14697,task_semantic_segmentation,Semantic segmentation,paper-extracted/fine-grained-global-terraced-parcel-and-boundary-dataset,Fine-Grained Global Terraced Parcel and Boundary Dataset,f1_score,F1 Score,F1,true,,,,candidate,Paper text links task 'Semantic segmentation' with extracted dataset/resource 'Fine-Grained Global Terraced Parcel and Boundary Dataset'. Metric is inferred from task family; no score extracted.,source:paper-extraction|paper:paper_2507_14697|dataset_evidence:text_phrase,0.35,paper_text_candidate
paper_extracted_paper-2508-02384-task-object-detection-synchronized-multi-modal-aligned-remote-sensing-targets-dataset-mean-average-precision,paper_2508_02384,task_object_detection,Object detection,paper-extracted/synchronized-multi-modal-aligned-remote-sensing-targets-dataset,Synchronized Multi-modal Aligned Remote Sensing Targets Dataset,mean_average_precision,Mean Average Precision,mAP,true,,,,candidate,Paper text links task 'Object detection' with extracted dataset/resource 'Synchronized Multi-modal Aligned Remote Sensing Targets Dataset'. Metric is inferred from task family; no score extracted.,source:paper-extraction|paper:paper_2508_02384|dataset_evidence:text_phrase,0.35,paper_text_candidate
paper_extracted_paper-2508-02384-task-object-detection-synchronized-multi-modal-aligned-remote-sensing-targets-dataset-ap50,paper_2508_02384,task_object_detection,Object detection,paper-extracted/synchronized-multi-modal-aligned-remote-sensing-targets-dataset,Synchronized Multi-modal Aligned Remote Sensing Targets Dataset,ap50,Average Precision at IoU 0.50,AP50,true,,,,candidate,Paper text links task 'Object detection' with extracted dataset/resource 'Synchronized Multi-modal Aligned Remote Sensing Targets Dataset'. Metric is inferred from task family; no score extracted.,source:paper-extraction|paper:paper_2508_02384|dataset_evidence:text_phrase,0.35,paper_text_candidate
paper_extracted_paper-2508-16016-task-semantic-segmentation-uav-dataset-mean-intersection-over-union,paper_2508_16016,task_semantic_segmentation,Semantic segmentation,paper-extracted/uav-dataset,UAV Dataset,mean_intersection_over_union,Mean Intersection over Union,mIoU,true,,,,candidate,Paper text links task 'Semantic segmentation' with extracted dataset/resource 'UAV Dataset'. Metric is inferred from task family; no score extracted.,source:paper-extraction|paper:paper_2508_16016|dataset_evidence:text_phrase,0.35,paper_text_candidate
paper_extracted_paper-2508-16016-task-semantic-segmentation-uav-dataset-f1-score,paper_2508_16016,task_semantic_segmentation,Semantic segmentation,paper-extracted/uav-dataset,UAV Dataset,f1_score,F1 Score,F1,true,,,,candidate,Paper text links task 'Semantic segmentation' with extracted dataset/resource 'UAV Dataset'. Metric is inferred from task family; no score extracted.,source:paper-extraction|paper:paper_2508_16016|dataset_evidence:text_phrase,0.35,paper_text_candidate
paper_extracted_paper-2508-16016-task-change-detection-uav-dataset-f1-score,paper_2508_16016,task_change_detection,Change detection,paper-extracted/uav-dataset,UAV Dataset,f1_score,F1 Score,F1,true,,,,candidate,Paper text links task 'Change detection' with extracted dataset/resource 'UAV Dataset'. Metric is inferred from task family; no score extracted.,source:paper-extraction|paper:paper_2508_16016|dataset_evidence:text_phrase,0.35,paper_text_candidate
paper_extracted_paper-2508-16016-task-change-detection-uav-dataset-mean-intersection-over-union,paper_2508_16016,task_change_detection,Change detection,paper-extracted/uav-dataset,UAV Dataset,mean_intersection_over_union,Mean Intersection over Union,mIoU,true,,,,candidate,Paper text links task 'Change detection' with extracted dataset/resource 'UAV Dataset'. Metric is inferred from task family; no score extracted.,source:paper-extraction|paper:paper_2508_16016|dataset_evidence:text_phrase,0.35,paper_text_candidate
paper_extracted_paper-2509-01907-task-change-detection-large-scale-remote-sensing-change-caption-dataset-f1-score,paper_2509_01907,task_change_detection,Change detection,paper-extracted/large-scale-remote-sensing-change-caption-dataset,Large-Scale Remote Sensing Change Caption Dataset,f1_score,F1 Score,F1,true,,,,candidate,Paper text links task 'Change detection' with extracted dataset/resource 'Large-Scale Remote Sensing Change Caption Dataset'. Metric is inferred from task family; no score extracted.,source:paper-extraction|paper:paper_2509_01907|dataset_evidence:text_phrase,0.35,paper_text_candidate
paper_extracted_paper-2509-01907-task-change-detection-large-scale-remote-sensing-change-caption-dataset-mean-intersection-over-union,paper_2509_01907,task_change_detection,Change detection,paper-extracted/large-scale-remote-sensing-change-caption-dataset,Large-Scale Remote Sensing Change Caption Dataset,mean_intersection_over_union,Mean Intersection over Union,mIoU,true,,,,candidate,Paper text links task 'Change detection' with extracted dataset/resource 'Large-Scale Remote Sensing Change Caption Dataset'. Metric is inferred from task family; no score extracted.,source:paper-extraction|paper:paper_2509_01907|dataset_evidence:text_phrase,0.35,paper_text_candidate
paper_extracted_paper-2509-02451-task-change-detection-high-resolution-river-masking-dataset-f1-score,paper_2509_02451,task_change_detection,Change detection,paper-extracted/high-resolution-river-masking-dataset,High-Resolution River Masking Dataset,f1_score,F1 Score,F1,true,,,,candidate,Paper text links task 'Change detection' with extracted dataset/resource 'High-Resolution River Masking Dataset'. Metric is inferred from task family; no score extracted.,source:paper-extraction|paper:paper_2509_02451|dataset_evidence:text_phrase,0.35,paper_text_candidate
paper_extracted_paper-2509-02451-task-change-detection-high-resolution-river-masking-dataset-mean-intersection-over-union,paper_2509_02451,task_change_detection,Change detection,paper-extracted/high-resolution-river-masking-dataset,High-Resolution River Masking Dataset,mean_intersection_over_union,Mean Intersection over Union,mIoU,true,,,,candidate,Paper text links task 'Change detection' with extracted dataset/resource 'High-Resolution River Masking Dataset'. Metric is inferred from task family; no score extracted.,source:paper-extraction|paper:paper_2509_02451|dataset_evidence:text_phrase,0.35,paper_text_candidate
paper_extracted_paper-2509-06993-task-image-classification-earthvision-embed2scale-challenge-overall-accuracy,paper_2509_06993,task_image_classification,Image classification,paper-extracted/earthvision-embed2scale-challenge,EarthVision Embed2Scale Challenge,overall_accuracy,Overall Accuracy,OA,true,,,,candidate,Paper text links task 'Image classification' with extracted dataset/resource 'EarthVision Embed2Scale Challenge'. Metric is inferred from task family; no score extracted.,source:paper-extraction|paper:paper_2509_06993|dataset_evidence:text_phrase,0.35,paper_text_candidate
paper_extracted_paper-2509-06993-task-image-classification-earthvision-embed2scale-challenge-f1-score,paper_2509_06993,task_image_classification,Image classification,paper-extracted/earthvision-embed2scale-challenge,EarthVision Embed2Scale Challenge,f1_score,F1 Score,F1,true,,,,candidate,Paper text links task 'Image classification' with extracted dataset/resource 'EarthVision Embed2Scale Challenge'. Metric is inferred from task family; no score extracted.,source:paper-extraction|paper:paper_2509_06993|dataset_evidence:text_phrase,0.35,paper_text_candidate
paper_extracted_paper-2509-06993-task-image-classification-embed2scale-challenge-overall-accuracy,paper_2509_06993,task_image_classification,Image classification,paper-extracted/embed2scale-challenge,Embed2Scale Challenge,overall_accuracy,Overall Accuracy,OA,true,,,,candidate,Paper text links task 'Image classification' with extracted dataset/resource 'Embed2Scale Challenge'. Metric is inferred from task family; no score extracted.,source:paper-extraction|paper:paper_2509_06993|dataset_evidence:text_phrase,0.35,paper_text_candidate
paper_extracted_paper-2509-06993-task-image-classification-embed2scale-challenge-f1-score,paper_2509_06993,task_image_classification,Image classification,paper-extracted/embed2scale-challenge,Embed2Scale Challenge,f1_score,F1 Score,F1,true,,,,candidate,Paper text links task 'Image classification' with extracted dataset/resource 'Embed2Scale Challenge'. Metric is inferred from task family; no score extracted.,source:paper-extraction|paper:paper_2509_06993|dataset_evidence:text_phrase,0.35,paper_text_candidate
paper_extracted_paper-2509-25654-task-change-detection-de-dataset-f1-score,paper_2509_25654,task_change_detection,Change detection,paper-extracted/de-dataset,DE-Dataset,f1_score,F1 Score,F1,true,,,,candidate,Paper text links task 'Change detection' with extracted dataset/resource 'DE-Dataset'. Metric is inferred from task family; no score extracted.,source:paper-extraction|paper:paper_2509_25654|dataset_evidence:named_token,0.35,paper_text_candidate
paper_extracted_paper-2509-25654-task-change-detection-de-dataset-mean-intersection-over-union,paper_2509_25654,task_change_detection,Change detection,paper-extracted/de-dataset,DE-Dataset,mean_intersection_over_union,Mean Intersection over Union,mIoU,true,,,,candidate,Paper text links task 'Change detection' with extracted dataset/resource 'DE-Dataset'. Metric is inferred from task family; no score extracted.,source:paper-extraction|paper:paper_2509_25654|dataset_evidence:named_token,0.35,paper_text_candidate
paper_extracted_paper-2510-02700-task-object-detection-uav-based-vnir-hyperspectral-benchmark-dataset-mean-average-precision,paper_2510_02700,task_object_detection,Object detection,paper-extracted/uav-based-vnir-hyperspectral-benchmark-dataset,UAV-Based VNIR Hyperspectral Benchmark Dataset,mean_average_precision,Mean Average Precision,mAP,true,,,,candidate,Paper text links task 'Object detection' with extracted dataset/resource 'UAV-Based VNIR Hyperspectral Benchmark Dataset'. Metric is inferred from task family; no score extracted.,source:paper-extraction|paper:paper_2510_02700|dataset_evidence:text_phrase,0.35,paper_text_candidate
paper_extracted_paper-2510-02700-task-object-detection-uav-based-vnir-hyperspectral-benchmark-dataset-ap50,paper_2510_02700,task_object_detection,Object detection,paper-extracted/uav-based-vnir-hyperspectral-benchmark-dataset,UAV-Based VNIR Hyperspectral Benchmark Dataset,ap50,Average Precision at IoU 0.50,AP50,true,,,,candidate,Paper text links task 'Object detection' with extracted dataset/resource 'UAV-Based VNIR Hyperspectral Benchmark Dataset'. Metric is inferred from task family; no score extracted.,source:paper-extraction|paper:paper_2510_02700|dataset_evidence:text_phrase,0.35,paper_text_candidate
paper_extracted_paper-2510-07135-task-image-classification-few-shot-adaptation-benchmark-overall-accuracy,paper_2510_07135,task_image_classification,Image classification,paper-extracted/few-shot-adaptation-benchmark,Few-Shot Adaptation Benchmark,overall_accuracy,Overall Accuracy,OA,true,,,,candidate,Paper text links task 'Image classification' with extracted dataset/resource 'Few-Shot Adaptation Benchmark'. Metric is inferred from task family; no score extracted.,source:paper-extraction|paper:paper_2510_07135|dataset_evidence:text_phrase,0.35,paper_text_candidate
paper_extracted_paper-2510-07135-task-image-classification-few-shot-adaptation-benchmark-f1-score,paper_2510_07135,task_image_classification,Image classification,paper-extracted/few-shot-adaptation-benchmark,Few-Shot Adaptation Benchmark,f1_score,F1 Score,F1,true,,,,candidate,Paper text links task 'Image classification' with extracted dataset/resource 'Few-Shot Adaptation Benchmark'. Metric is inferred from task family; no score extracted.,source:paper-extraction|paper:paper_2510_07135|dataset_evidence:text_phrase,0.35,paper_text_candidate
paper_extracted_paper-2510-18326-task-change-detection-enhancing-few-shot-classification-of-benchmark-f1-score,paper_2510_18326,task_change_detection,Change detection,paper-extracted/enhancing-few-shot-classification-of-benchmark,Enhancing Few-Shot Classification of Benchmark,f1_score,F1 Score,F1,true,,,,candidate,Paper text links task 'Change detection' with extracted dataset/resource 'Enhancing Few-Shot Classification of Benchmark'. Metric is inferred from task family; no score extracted.,source:paper-extraction|paper:paper_2510_18326|dataset_evidence:text_phrase,0.35,paper_text_candidate
paper_extracted_paper-2510-18326-task-change-detection-enhancing-few-shot-classification-of-benchmark-mean-intersection-over-union,paper_2510_18326,task_change_detection,Change detection,paper-extracted/enhancing-few-shot-classification-of-benchmark,Enhancing Few-Shot Classification of Benchmark,mean_intersection_over_union,Mean Intersection over Union,mIoU,true,,,,candidate,Paper text links task 'Change detection' with extracted dataset/resource 'Enhancing Few-Shot Classification of Benchmark'. Metric is inferred from task family; no score extracted.,source:paper-extraction|paper:paper_2510_18326|dataset_evidence:text_phrase,0.35,paper_text_candidate
paper_extracted_paper-2510-18326-task-image-classification-enhancing-few-shot-classification-of-benchmark-overall-accuracy,paper_2510_18326,task_image_classification,Image classification,paper-extracted/enhancing-few-shot-classification-of-benchmark,Enhancing Few-Shot Classification of Benchmark,overall_accuracy,Overall Accuracy,OA,true,,,,candidate,Paper text links task 'Image classification' with extracted dataset/resource 'Enhancing Few-Shot Classification of Benchmark'. Metric is inferred from task family; no score extracted.,source:paper-extraction|paper:paper_2510_18326|dataset_evidence:text_phrase,0.35,paper_text_candidate
paper_extracted_paper-2510-18326-task-image-classification-enhancing-few-shot-classification-of-benchmark-f1-score,paper_2510_18326,task_image_classification,Image classification,paper-extracted/enhancing-few-shot-classification-of-benchmark,Enhancing Few-Shot Classification of Benchmark,f1_score,F1 Score,F1,true,,,,candidate,Paper text links task 'Image classification' with extracted dataset/resource 'Enhancing Few-Shot Classification of Benchmark'. Metric is inferred from task family; no score extracted.,source:paper-extraction|paper:paper_2510_18326|dataset_evidence:text_phrase,0.35,paper_text_candidate
paper_extracted_paper-2510-19305-task-semantic-segmentation-2022-biodiversity-challenge-mean-intersection-over-union,paper_2510_19305,task_semantic_segmentation,Semantic segmentation,paper-extracted/2022-biodiversity-challenge,2022 Biodiversity Challenge,mean_intersection_over_union,Mean Intersection over Union,mIoU,true,,,,candidate,Paper text links task 'Semantic segmentation' with extracted dataset/resource '2022 Biodiversity Challenge'. Metric is inferred from task family; no score extracted.,source:paper-extraction|paper:paper_2510_19305|dataset_evidence:text_phrase,0.35,paper_text_candidate
paper_extracted_paper-2510-19305-task-semantic-segmentation-2022-biodiversity-challenge-f1-score,paper_2510_19305,task_semantic_segmentation,Semantic segmentation,paper-extracted/2022-biodiversity-challenge,2022 Biodiversity Challenge,f1_score,F1 Score,F1,true,,,,candidate,Paper text links task 'Semantic segmentation' with extracted dataset/resource '2022 Biodiversity Challenge'. Metric is inferred from task family; no score extracted.,source:paper-extraction|paper:paper_2510_19305|dataset_evidence:text_phrase,0.35,paper_text_candidate
paper_extracted_paper-2510-19305-task-image-classification-2022-biodiversity-challenge-overall-accuracy,paper_2510_19305,task_image_classification,Image classification,paper-extracted/2022-biodiversity-challenge,2022 Biodiversity Challenge,overall_accuracy,Overall Accuracy,OA,true,,,,candidate,Paper text links task 'Image classification' with extracted dataset/resource '2022 Biodiversity Challenge'. Metric is inferred from task family; no score extracted.,source:paper-extraction|paper:paper_2510_19305|dataset_evidence:text_phrase,0.35,paper_text_candidate
paper_extracted_paper-2510-19305-task-image-classification-2022-biodiversity-challenge-f1-score,paper_2510_19305,task_image_classification,Image classification,paper-extracted/2022-biodiversity-challenge,2022 Biodiversity Challenge,f1_score,F1 Score,F1,true,,,,candidate,Paper text links task 'Image classification' with extracted dataset/resource '2022 Biodiversity Challenge'. Metric is inferred from task family; no score extracted.,source:paper-extraction|paper:paper_2510_19305|dataset_evidence:text_phrase,0.35,paper_text_candidate
paper_extracted_paper-2511-00357-task-semantic-segmentation-landsat-7-cloud-cover-assessment-dataset-mean-intersection-over-union,paper_2511_00357,task_semantic_segmentation,Semantic segmentation,paper-extracted/landsat-7-cloud-cover-assessment-dataset,Landsat-7 Cloud Cover Assessment Dataset,mean_intersection_over_union,Mean Intersection over Union,mIoU,true,,,,candidate,Paper text links task 'Semantic segmentation' with extracted dataset/resource 'Landsat-7 Cloud Cover Assessment Dataset'. Metric is inferred from task family; no score extracted.,source:paper-extraction|paper:paper_2511_00357|dataset_evidence:text_phrase,0.35,paper_text_candidate
paper_extracted_paper-2511-00357-task-semantic-segmentation-landsat-7-cloud-cover-assessment-dataset-f1-score,paper_2511_00357,task_semantic_segmentation,Semantic segmentation,paper-extracted/landsat-7-cloud-cover-assessment-dataset,Landsat-7 Cloud Cover Assessment Dataset,f1_score,F1 Score,F1,true,,,,candidate,Paper text links task 'Semantic segmentation' with extracted dataset/resource 'Landsat-7 Cloud Cover Assessment Dataset'. Metric is inferred from task family; no score extracted.,source:paper-extraction|paper:paper_2511_00357|dataset_evidence:text_phrase,0.35,paper_text_candidate
paper_extracted_paper-2511-06456-task-semantic-segmentation-pixel-level-semantic-segmentation-dataset-mean-intersection-over-union,paper_2511_06456,task_semantic_segmentation,Semantic segmentation,paper-extracted/pixel-level-semantic-segmentation-dataset,Pixel-Level Semantic Segmentation Dataset,mean_intersection_over_union,Mean Intersection over Union,mIoU,true,,,,candidate,Paper text links task 'Semantic segmentation' with extracted dataset/resource 'Pixel-Level Semantic Segmentation Dataset'. Metric is inferred from task family; no score extracted.,source:paper-extraction|paper:paper_2511_06456|dataset_evidence:text_phrase,0.35,paper_text_candidate
paper_extracted_paper-2511-06456-task-semantic-segmentation-pixel-level-semantic-segmentation-dataset-f1-score,paper_2511_06456,task_semantic_segmentation,Semantic segmentation,paper-extracted/pixel-level-semantic-segmentation-dataset,Pixel-Level Semantic Segmentation Dataset,f1_score,F1 Score,F1,true,,,,candidate,Paper text links task 'Semantic segmentation' with extracted dataset/resource 'Pixel-Level Semantic Segmentation Dataset'. Metric is inferred from task family; no score extracted.,source:paper-extraction|paper:paper_2511_06456|dataset_evidence:text_phrase,0.35,paper_text_candidate
paper_extracted_paper-2511-06456-task-change-detection-pixel-level-semantic-segmentation-dataset-f1-score,paper_2511_06456,task_change_detection,Change detection,paper-extracted/pixel-level-semantic-segmentation-dataset,Pixel-Level Semantic Segmentation Dataset,f1_score,F1 Score,F1,true,,,,candidate,Paper text links task 'Change detection' with extracted dataset/resource 'Pixel-Level Semantic Segmentation Dataset'. Metric is inferred from task family; no score extracted.,source:paper-extraction|paper:paper_2511_06456|dataset_evidence:text_phrase,0.35,paper_text_candidate
paper_extracted_paper-2511-06456-task-change-detection-pixel-level-semantic-segmentation-dataset-mean-intersection-over-union,paper_2511_06456,task_change_detection,Change detection,paper-extracted/pixel-level-semantic-segmentation-dataset,Pixel-Level Semantic Segmentation Dataset,mean_intersection_over_union,Mean Intersection over Union,mIoU,true,,,,candidate,Paper text links task 'Change detection' with extracted dataset/resource 'Pixel-Level Semantic Segmentation Dataset'. Metric is inferred from task family; no score extracted.,source:paper-extraction|paper:paper_2511_06456|dataset_evidence:text_phrase,0.35,paper_text_candidate
paper_extracted_paper-2512-22452-task-semantic-segmentation-nyc-urban-dataset-mean-intersection-over-union,paper_2512_22452,task_semantic_segmentation,Semantic segmentation,paper-extracted/nyc-urban-dataset,NYC Urban Dataset,mean_intersection_over_union,Mean Intersection over Union,mIoU,true,,,,candidate,Paper text links task 'Semantic segmentation' with extracted dataset/resource 'NYC Urban Dataset'. Metric is inferred from task family; no score extracted.,source:paper-extraction|paper:paper_2512_22452|dataset_evidence:text_phrase,0.35,paper_text_candidate
paper_extracted_paper-2512-22452-task-semantic-segmentation-nyc-urban-dataset-f1-score,paper_2512_22452,task_semantic_segmentation,Semantic segmentation,paper-extracted/nyc-urban-dataset,NYC Urban Dataset,f1_score,F1 Score,F1,true,,,,candidate,Paper text links task 'Semantic segmentation' with extracted dataset/resource 'NYC Urban Dataset'. Metric is inferred from task family; no score extracted.,source:paper-extraction|paper:paper_2512_22452|dataset_evidence:text_phrase,0.35,paper_text_candidate
paper_extracted_paper-2601-00998-task-change-detection-implicit-to-explicit-visual-grounding-benchmark-f1-score,paper_2601_00998,task_change_detection,Change detection,paper-extracted/implicit-to-explicit-visual-grounding-benchmark,Implicit-to-Explicit Visual Grounding Benchmark,f1_score,F1 Score,F1,true,,,,candidate,Paper text links task 'Change detection' with extracted dataset/resource 'Implicit-to-Explicit Visual Grounding Benchmark'. Metric is inferred from task family; no score extracted.,source:paper-extraction|paper:paper_2601_00998|dataset_evidence:text_phrase,0.35,paper_text_candidate
paper_extracted_paper-2601-00998-task-change-detection-implicit-to-explicit-visual-grounding-benchmark-mean-intersection-over-union,paper_2601_00998,task_change_detection,Change detection,paper-extracted/implicit-to-explicit-visual-grounding-benchmark,Implicit-to-Explicit Visual Grounding Benchmark,mean_intersection_over_union,Mean Intersection over Union,mIoU,true,,,,candidate,Paper text links task 'Change detection' with extracted dataset/resource 'Implicit-to-Explicit Visual Grounding Benchmark'. Metric is inferred from task family; no score extracted.,source:paper-extraction|paper:paper_2601_00998|dataset_evidence:text_phrase,0.35,paper_text_candidate
paper_extracted_paper-2602-05480-task-semantic-segmentation-large-scale-sar-optical-multi-resolution-alignment-dataset-mean-intersection-over-union,paper_2602_05480,task_semantic_segmentation,Semantic segmentation,paper-extracted/large-scale-sar-optical-multi-resolution-alignment-dataset,Large-Scale SAR-Optical Multi-resolution Alignment Dataset,mean_intersection_over_union,Mean Intersection over Union,mIoU,true,,,,candidate,Paper text links task 'Semantic segmentation' with extracted dataset/resource 'Large-Scale SAR-Optical Multi-resolution Alignment Dataset'. Metric is inferred from task family; no score extracted.,source:paper-extraction|paper:paper_2602_05480|dataset_evidence:text_phrase,0.35,paper_text_candidate
paper_extracted_paper-2602-05480-task-semantic-segmentation-large-scale-sar-optical-multi-resolution-alignment-dataset-f1-score,paper_2602_05480,task_semantic_segmentation,Semantic segmentation,paper-extracted/large-scale-sar-optical-multi-resolution-alignment-dataset,Large-Scale SAR-Optical Multi-resolution Alignment Dataset,f1_score,F1 Score,F1,true,,,,candidate,Paper text links task 'Semantic segmentation' with extracted dataset/resource 'Large-Scale SAR-Optical Multi-resolution Alignment Dataset'. Metric is inferred from task family; no score extracted.,source:paper-extraction|paper:paper_2602_05480|dataset_evidence:text_phrase,0.35,paper_text_candidate
paper_extracted_paper-2602-07045-task-image-classification-vision-language-reasoning-benchmark-overall-accuracy,paper_2602_07045,task_image_classification,Image classification,paper-extracted/vision-language-reasoning-benchmark,Vision-Language Reasoning Benchmark,overall_accuracy,Overall Accuracy,OA,true,,,,candidate,Paper text links task 'Image classification' with extracted dataset/resource 'Vision-Language Reasoning Benchmark'. Metric is inferred from task family; no score extracted.,source:paper-extraction|paper:paper_2602_07045|dataset_evidence:text_phrase,0.35,paper_text_candidate
paper_extracted_paper-2602-07045-task-image-classification-vision-language-reasoning-benchmark-f1-score,paper_2602_07045,task_image_classification,Image classification,paper-extracted/vision-language-reasoning-benchmark,Vision-Language Reasoning Benchmark,f1_score,F1 Score,F1,true,,,,candidate,Paper text links task 'Image classification' with extracted dataset/resource 'Vision-Language Reasoning Benchmark'. Metric is inferred from task family; no score extracted.,source:paper-extraction|paper:paper_2602_07045|dataset_evidence:text_phrase,0.35,paper_text_candidate
paper_extracted_paper-2602-10858-task-semantic-segmentation-hssdataset-mean-intersection-over-union,paper_2602_10858,task_semantic_segmentation,Semantic segmentation,paper-extracted/hssdataset,HSSDataset,mean_intersection_over_union,Mean Intersection over Union,mIoU,true,,,,candidate,Paper text links task 'Semantic segmentation' with extracted dataset/resource 'HSSDataset'. Metric is inferred from task family; no score extracted.,source:paper-extraction|paper:paper_2602_10858|dataset_evidence:named_token,0.35,paper_text_candidate
paper_extracted_paper-2602-10858-task-semantic-segmentation-hssdataset-f1-score,paper_2602_10858,task_semantic_segmentation,Semantic segmentation,paper-extracted/hssdataset,HSSDataset,f1_score,F1 Score,F1,true,,,,candidate,Paper text links task 'Semantic segmentation' with extracted dataset/resource 'HSSDataset'. Metric is inferred from task family; no score extracted.,source:paper-extraction|paper:paper_2602_10858|dataset_evidence:named_token,0.35,paper_text_candidate
paper_extracted_paper-2602-10858-task-change-detection-hssdataset-f1-score,paper_2602_10858,task_change_detection,Change detection,paper-extracted/hssdataset,HSSDataset,f1_score,F1 Score,F1,true,,,,candidate,Paper text links task 'Change detection' with extracted dataset/resource 'HSSDataset'. Metric is inferred from task family; no score extracted.,source:paper-extraction|paper:paper_2602_10858|dataset_evidence:named_token,0.35,paper_text_candidate
paper_extracted_paper-2602-10858-task-change-detection-hssdataset-mean-intersection-over-union,paper_2602_10858,task_change_detection,Change detection,paper-extracted/hssdataset,HSSDataset,mean_intersection_over_union,Mean Intersection over Union,mIoU,true,,,,candidate,Paper text links task 'Change detection' with extracted dataset/resource 'HSSDataset'. Metric is inferred from task family; no score extracted.,source:paper-extraction|paper:paper_2602_10858|dataset_evidence:named_token,0.35,paper_text_candidate
paper_extracted_paper-2602-10858-task-semantic-segmentation-mssdataset-mean-intersection-over-union,paper_2602_10858,task_semantic_segmentation,Semantic segmentation,paper-extracted/mssdataset,MSSDataset,mean_intersection_over_union,Mean Intersection over Union,mIoU,true,,,,candidate,Paper text links task 'Semantic segmentation' with extracted dataset/resource 'MSSDataset'. Metric is inferred from task family; no score extracted.,source:paper-extraction|paper:paper_2602_10858|dataset_evidence:named_token,0.35,paper_text_candidate
paper_extracted_paper-2602-10858-task-semantic-segmentation-mssdataset-f1-score,paper_2602_10858,task_semantic_segmentation,Semantic segmentation,paper-extracted/mssdataset,MSSDataset,f1_score,F1 Score,F1,true,,,,candidate,Paper text links task 'Semantic segmentation' with extracted dataset/resource 'MSSDataset'. Metric is inferred from task family; no score extracted.,source:paper-extraction|paper:paper_2602_10858|dataset_evidence:named_token,0.35,paper_text_candidate
paper_extracted_paper-2602-10858-task-change-detection-mssdataset-f1-score,paper_2602_10858,task_change_detection,Change detection,paper-extracted/mssdataset,MSSDataset,f1_score,F1 Score,F1,true,,,,candidate,Paper text links task 'Change detection' with extracted dataset/resource 'MSSDataset'. Metric is inferred from task family; no score extracted.,source:paper-extraction|paper:paper_2602_10858|dataset_evidence:named_token,0.35,paper_text_candidate
paper_extracted_paper-2602-10858-task-change-detection-mssdataset-mean-intersection-over-union,paper_2602_10858,task_change_detection,Change detection,paper-extracted/mssdataset,MSSDataset,mean_intersection_over_union,Mean Intersection over Union,mIoU,true,,,,candidate,Paper text links task 'Change detection' with extracted dataset/resource 'MSSDataset'. Metric is inferred from task family; no score extracted.,source:paper-extraction|paper:paper_2602_10858|dataset_evidence:named_token,0.35,paper_text_candidate
paper_extracted_paper-2603-00604-task-semantic-segmentation-data-centric-benchmark-mean-intersection-over-union,paper_2603_00604,task_semantic_segmentation,Semantic segmentation,paper-extracted/data-centric-benchmark,Data-Centric Benchmark,mean_intersection_over_union,Mean Intersection over Union,mIoU,true,,,,candidate,Paper text links task 'Semantic segmentation' with extracted dataset/resource 'Data-Centric Benchmark'. Metric is inferred from task family; no score extracted.,source:paper-extraction|paper:paper_2603_00604|dataset_evidence:text_phrase,0.35,paper_text_candidate
paper_extracted_paper-2603-00604-task-semantic-segmentation-data-centric-benchmark-f1-score,paper_2603_00604,task_semantic_segmentation,Semantic segmentation,paper-extracted/data-centric-benchmark,Data-Centric Benchmark,f1_score,F1 Score,F1,true,,,,candidate,Paper text links task 'Semantic segmentation' with extracted dataset/resource 'Data-Centric Benchmark'. Metric is inferred from task family; no score extracted.,source:paper-extraction|paper:paper_2603_00604|dataset_evidence:text_phrase,0.35,paper_text_candidate
paper_extracted_paper-2603-08491-task-geo-localization-million-scale-dataset-recall-at-1,paper_2603_08491,task_geo_localization,Geo-localization,paper-extracted/million-scale-dataset,Million-Scale Dataset,recall_at_1,Recall@1,R@1,true,,,,candidate,Paper text links task 'Geo-localization' with extracted dataset/resource 'Million-Scale Dataset'. Metric is inferred from task family; no score extracted.,source:paper-extraction|paper:paper_2603_08491|dataset_evidence:text_phrase,0.35,paper_text_candidate
paper_extracted_paper-2603-14609-task-change-detection-cadastral-grounded-dataset-f1-score,paper_2603_14609,task_change_detection,Change detection,paper-extracted/cadastral-grounded-dataset,Cadastral-Grounded Dataset,f1_score,F1 Score,F1,true,,,,candidate,Paper text links task 'Change detection' with extracted dataset/resource 'Cadastral-Grounded Dataset'. Metric is inferred from task family; no score extracted.,source:paper-extraction|paper:paper_2603_14609|dataset_evidence:text_phrase,0.35,paper_text_candidate
paper_extracted_paper-2603-14609-task-change-detection-cadastral-grounded-dataset-mean-intersection-over-union,paper_2603_14609,task_change_detection,Change detection,paper-extracted/cadastral-grounded-dataset,Cadastral-Grounded Dataset,mean_intersection_over_union,Mean Intersection over Union,mIoU,true,,,,candidate,Paper text links task 'Change detection' with extracted dataset/resource 'Cadastral-Grounded Dataset'. Metric is inferred from task family; no score extracted.,source:paper-extraction|paper:paper_2603_14609|dataset_evidence:text_phrase,0.35,paper_text_candidate
paper_extracted_paper-2603-16307-task-change-detection-neuro-symbolic-benchmark-f1-score,paper_2603_16307,task_change_detection,Change detection,paper-extracted/neuro-symbolic-benchmark,Neuro-Symbolic Benchmark,f1_score,F1 Score,F1,true,,,,candidate,Paper text links task 'Change detection' with extracted dataset/resource 'Neuro-Symbolic Benchmark'. Metric is inferred from task family; no score extracted.,source:paper-extraction|paper:paper_2603_16307|dataset_evidence:text_phrase,0.35,paper_text_candidate
paper_extracted_paper-2603-16307-task-change-detection-neuro-symbolic-benchmark-mean-intersection-over-union,paper_2603_16307,task_change_detection,Change detection,paper-extracted/neuro-symbolic-benchmark,Neuro-Symbolic Benchmark,mean_intersection_over_union,Mean Intersection over Union,mIoU,true,,,,candidate,Paper text links task 'Change detection' with extracted dataset/resource 'Neuro-Symbolic Benchmark'. Metric is inferred from task family; no score extracted.,source:paper-extraction|paper:paper_2603_16307|dataset_evidence:text_phrase,0.35,paper_text_candidate
paper_extracted_paper-2603-19077-task-semantic-segmentation-large-scale-small-change-multi-modal-dataset-mean-intersection-over-union,paper_2603_19077,task_semantic_segmentation,Semantic segmentation,paper-extracted/large-scale-small-change-multi-modal-dataset,Large-scale Small-change Multi-modal Dataset,mean_intersection_over_union,Mean Intersection over Union,mIoU,true,,,,candidate,Paper text links task 'Semantic segmentation' with extracted dataset/resource 'Large-scale Small-change Multi-modal Dataset'. Metric is inferred from task family; no score extracted.,source:paper-extraction|paper:paper_2603_19077|dataset_evidence:text_phrase,0.35,paper_text_candidate
paper_extracted_paper-2603-19077-task-semantic-segmentation-large-scale-small-change-multi-modal-dataset-f1-score,paper_2603_19077,task_semantic_segmentation,Semantic segmentation,paper-extracted/large-scale-small-change-multi-modal-dataset,Large-scale Small-change Multi-modal Dataset,f1_score,F1 Score,F1,true,,,,candidate,Paper text links task 'Semantic segmentation' with extracted dataset/resource 'Large-scale Small-change Multi-modal Dataset'. Metric is inferred from task family; no score extracted.,source:paper-extraction|paper:paper_2603_19077|dataset_evidence:text_phrase,0.35,paper_text_candidate
paper_extracted_paper-2603-19077-task-change-detection-large-scale-small-change-multi-modal-dataset-f1-score,paper_2603_19077,task_change_detection,Change detection,paper-extracted/large-scale-small-change-multi-modal-dataset,Large-scale Small-change Multi-modal Dataset,f1_score,F1 Score,F1,true,,,,candidate,Paper text links task 'Change detection' with extracted dataset/resource 'Large-scale Small-change Multi-modal Dataset'. Metric is inferred from task family; no score extracted.,source:paper-extraction|paper:paper_2603_19077|dataset_evidence:text_phrase,0.35,paper_text_candidate
paper_extracted_paper-2603-19077-task-change-detection-large-scale-small-change-multi-modal-dataset-mean-intersection-over-union,paper_2603_19077,task_change_detection,Change detection,paper-extracted/large-scale-small-change-multi-modal-dataset,Large-scale Small-change Multi-modal Dataset,mean_intersection_over_union,Mean Intersection over Union,mIoU,true,,,,candidate,Paper text links task 'Change detection' with extracted dataset/resource 'Large-scale Small-change Multi-modal Dataset'. Metric is inferred from task family; no score extracted.,source:paper-extraction|paper:paper_2603_19077|dataset_evidence:text_phrase,0.35,paper_text_candidate
paper_extracted_paper-2603-21222-task-semantic-segmentation-large-scale-remote-sensing-dataset-mean-intersection-over-union,paper_2603_21222,task_semantic_segmentation,Semantic segmentation,paper-extracted/large-scale-remote-sensing-dataset,Large-Scale Remote Sensing Dataset,mean_intersection_over_union,Mean Intersection over Union,mIoU,true,,,,candidate,Paper text links task 'Semantic segmentation' with extracted dataset/resource 'Large-Scale Remote Sensing Dataset'. Metric is inferred from task family; no score extracted.,source:paper-extraction|paper:paper_2603_21222|dataset_evidence:text_phrase,0.35,paper_text_candidate
paper_extracted_paper-2603-21222-task-semantic-segmentation-large-scale-remote-sensing-dataset-f1-score,paper_2603_21222,task_semantic_segmentation,Semantic segmentation,paper-extracted/large-scale-remote-sensing-dataset,Large-Scale Remote Sensing Dataset,f1_score,F1 Score,F1,true,,,,candidate,Paper text links task 'Semantic segmentation' with extracted dataset/resource 'Large-Scale Remote Sensing Dataset'. Metric is inferred from task family; no score extracted.,source:paper-extraction|paper:paper_2603_21222|dataset_evidence:text_phrase,0.35,paper_text_candidate
paper_extracted_paper-2603-21222-task-image-classification-large-scale-remote-sensing-dataset-overall-accuracy,paper_2603_21222,task_image_classification,Image classification,paper-extracted/large-scale-remote-sensing-dataset,Large-Scale Remote Sensing Dataset,overall_accuracy,Overall Accuracy,OA,true,,,,candidate,Paper text links task 'Image classification' with extracted dataset/resource 'Large-Scale Remote Sensing Dataset'. Metric is inferred from task family; no score extracted.,source:paper-extraction|paper:paper_2603_21222|dataset_evidence:text_phrase,0.35,paper_text_candidate
paper_extracted_paper-2603-21222-task-image-classification-large-scale-remote-sensing-dataset-f1-score,paper_2603_21222,task_image_classification,Image classification,paper-extracted/large-scale-remote-sensing-dataset,Large-Scale Remote Sensing Dataset,f1_score,F1 Score,F1,true,,,,candidate,Paper text links task 'Image classification' with extracted dataset/resource 'Large-Scale Remote Sensing Dataset'. Metric is inferred from task family; no score extracted.,source:paper-extraction|paper:paper_2603_21222|dataset_evidence:text_phrase,0.35,paper_text_candidate
paper_extracted_paper-2603-25819-task-geo-localization-cvusa-recall-at-1,paper_2603_25819,task_geo_localization,Geo-localization,paper-extracted/cvusa,CVUSA,recall_at_1,Recall@1,R@1,true,,,,candidate,Paper text links task 'Geo-localization' with extracted dataset/resource 'CVUSA'. Metric is inferred from task family; no score extracted.,source:paper-extraction|paper:paper_2603_25819|dataset_evidence:uses_datasets,0.35,paper_text_candidate
paper_extracted_paper-2603-25819-task-geo-localization-cvact-recall-at-1,paper_2603_25819,task_geo_localization,Geo-localization,paper-extracted/cvact,CVACT,recall_at_1,Recall@1,R@1,true,,,,candidate,Paper text links task 'Geo-localization' with extracted dataset/resource 'CVACT'. Metric is inferred from task family; no score extracted.,source:paper-extraction|paper:paper_2603_25819|dataset_evidence:uses_datasets,0.35,paper_text_candidate
paper_extracted_paper-2603-25819-task-geo-localization-vigor-recall-at-1,paper_2603_25819,task_geo_localization,Geo-localization,paper-extracted/vigor,VIGOR,recall_at_1,Recall@1,R@1,true,,,,candidate,Paper text links task 'Geo-localization' with extracted dataset/resource 'VIGOR'. Metric is inferred from task family; no score extracted.,source:paper-extraction|paper:paper_2603_25819|dataset_evidence:uses_datasets,0.35,paper_text_candidate
paper_extracted_paper-2603-29630-task-semantic-segmentation-large-scale-multi-sensor-image-text-dataset-and-benchmark-mean-intersection-over-union,paper_2603_29630,task_semantic_segmentation,Semantic segmentation,paper-extracted/large-scale-multi-sensor-image-text-dataset-and-benchmark,Large-Scale Multi-Sensor Image-Text Dataset and Benchmark,mean_intersection_over_union,Mean Intersection over Union,mIoU,true,,,,candidate,Paper text links task 'Semantic segmentation' with extracted dataset/resource 'Large-Scale Multi-Sensor Image-Text Dataset and Benchmark'. Metric is inferred from task family; no score extracted.,source:paper-extraction|paper:paper_2603_29630|dataset_evidence:text_phrase,0.35,paper_text_candidate
paper_extracted_paper-2603-29630-task-semantic-segmentation-large-scale-multi-sensor-image-text-dataset-and-benchmark-f1-score,paper_2603_29630,task_semantic_segmentation,Semantic segmentation,paper-extracted/large-scale-multi-sensor-image-text-dataset-and-benchmark,Large-Scale Multi-Sensor Image-Text Dataset and Benchmark,f1_score,F1 Score,F1,true,,,,candidate,Paper text links task 'Semantic segmentation' with extracted dataset/resource 'Large-Scale Multi-Sensor Image-Text Dataset and Benchmark'. Metric is inferred from task family; no score extracted.,source:paper-extraction|paper:paper_2603_29630|dataset_evidence:text_phrase,0.35,paper_text_candidate
paper_extracted_paper-2603-29630-task-object-detection-large-scale-multi-sensor-image-text-dataset-and-benchmark-mean-average-precision,paper_2603_29630,task_object_detection,Object detection,paper-extracted/large-scale-multi-sensor-image-text-dataset-and-benchmark,Large-Scale Multi-Sensor Image-Text Dataset and Benchmark,mean_average_precision,Mean Average Precision,mAP,true,,,,candidate,Paper text links task 'Object detection' with extracted dataset/resource 'Large-Scale Multi-Sensor Image-Text Dataset and Benchmark'. Metric is inferred from task family; no score extracted.,source:paper-extraction|paper:paper_2603_29630|dataset_evidence:text_phrase,0.35,paper_text_candidate
paper_extracted_paper-2603-29630-task-object-detection-large-scale-multi-sensor-image-text-dataset-and-benchmark-ap50,paper_2603_29630,task_object_detection,Object detection,paper-extracted/large-scale-multi-sensor-image-text-dataset-and-benchmark,Large-Scale Multi-Sensor Image-Text Dataset and Benchmark,ap50,Average Precision at IoU 0.50,AP50,true,,,,candidate,Paper text links task 'Object detection' with extracted dataset/resource 'Large-Scale Multi-Sensor Image-Text Dataset and Benchmark'. Metric is inferred from task family; no score extracted.,source:paper-extraction|paper:paper_2603_29630|dataset_evidence:text_phrase,0.35,paper_text_candidate
paper_extracted_paper-2603-29630-task-image-classification-large-scale-multi-sensor-image-text-dataset-and-benchmark-overall-accuracy,paper_2603_29630,task_image_classification,Image classification,paper-extracted/large-scale-multi-sensor-image-text-dataset-and-benchmark,Large-Scale Multi-Sensor Image-Text Dataset and Benchmark,overall_accuracy,Overall Accuracy,OA,true,,,,candidate,Paper text links task 'Image classification' with extracted dataset/resource 'Large-Scale Multi-Sensor Image-Text Dataset and Benchmark'. Metric is inferred from task family; no score extracted.,source:paper-extraction|paper:paper_2603_29630|dataset_evidence:text_phrase,0.35,paper_text_candidate
paper_extracted_paper-2603-29630-task-image-classification-large-scale-multi-sensor-image-text-dataset-and-benchmark-f1-score,paper_2603_29630,task_image_classification,Image classification,paper-extracted/large-scale-multi-sensor-image-text-dataset-and-benchmark,Large-Scale Multi-Sensor Image-Text Dataset and Benchmark,f1_score,F1 Score,F1,true,,,,candidate,Paper text links task 'Image classification' with extracted dataset/resource 'Large-Scale Multi-Sensor Image-Text Dataset and Benchmark'. Metric is inferred from task family; no score extracted.,source:paper-extraction|paper:paper_2603_29630|dataset_evidence:text_phrase,0.35,paper_text_candidate
paper_extracted_paper-2604-10112-task-super-resolution-ntire-2026-infrared-image-super-resolution-challenge-peak-signal-to-noise-ratio,paper_2604_10112,task_super_resolution,Super-resolution,paper-extracted/ntire-2026-infrared-image-super-resolution-challenge,NTIRE 2026 Infrared Image Super-Resolution Challenge,peak_signal_to_noise_ratio,Peak Signal-to-Noise Ratio,PSNR,true,,,,candidate,Paper text links task 'Super-resolution' with extracted dataset/resource 'NTIRE 2026 Infrared Image Super-Resolution Challenge'. Metric is inferred from task family; no score extracted.,source:paper-extraction|paper:paper_2604_10112|dataset_evidence:text_phrase,0.35,paper_text_candidate
paper_extracted_paper-2604-10112-task-super-resolution-ntire-2026-infrared-image-super-resolution-challenge-structural-similarity,paper_2604_10112,task_super_resolution,Super-resolution,paper-extracted/ntire-2026-infrared-image-super-resolution-challenge,NTIRE 2026 Infrared Image Super-Resolution Challenge,structural_similarity,Structural Similarity,SSIM,true,,,,candidate,Paper text links task 'Super-resolution' with extracted dataset/resource 'NTIRE 2026 Infrared Image Super-Resolution Challenge'. Metric is inferred from task family; no score extracted.,source:paper-extraction|paper:paper_2604_10112|dataset_evidence:text_phrase,0.35,paper_text_candidate
paper_extracted_paper-2604-21801-task-super-resolution-benchmark-multi-task-synthetic-dataset-peak-signal-to-noise-ratio,paper_2604_21801,task_super_resolution,Super-resolution,paper-extracted/benchmark-multi-task-synthetic-dataset,Benchmark Multi-Task Synthetic Dataset,peak_signal_to_noise_ratio,Peak Signal-to-Noise Ratio,PSNR,true,,,,candidate,Paper text links task 'Super-resolution' with extracted dataset/resource 'Benchmark Multi-Task Synthetic Dataset'. Metric is inferred from task family; no score extracted.,source:paper-extraction|paper:paper_2604_21801|dataset_evidence:text_phrase,0.35,paper_text_candidate
paper_extracted_paper-2604-21801-task-super-resolution-benchmark-multi-task-synthetic-dataset-structural-similarity,paper_2604_21801,task_super_resolution,Super-resolution,paper-extracted/benchmark-multi-task-synthetic-dataset,Benchmark Multi-Task Synthetic Dataset,structural_similarity,Structural Similarity,SSIM,true,,,,candidate,Paper text links task 'Super-resolution' with extracted dataset/resource 'Benchmark Multi-Task Synthetic Dataset'. Metric is inferred from task family; no score extracted.,source:paper-extraction|paper:paper_2604_21801|dataset_evidence:text_phrase,0.35,paper_text_candidate
paper_extracted_paper-2604-21801-task-depth-estimation-benchmark-multi-task-synthetic-dataset-root-mean-squared-error,paper_2604_21801,task_depth_estimation,Depth estimation,paper-extracted/benchmark-multi-task-synthetic-dataset,Benchmark Multi-Task Synthetic Dataset,root_mean_squared_error,Root Mean Squared Error,RMSE,false,,,,candidate,Paper text links task 'Depth estimation' with extracted dataset/resource 'Benchmark Multi-Task Synthetic Dataset'. Metric is inferred from task family; no score extracted.,source:paper-extraction|paper:paper_2604_21801|dataset_evidence:text_phrase,0.35,paper_text_candidate
paper_extracted_paper-2604-25432-task-semantic-segmentation-single-image-shadow-removal-benchmark-mean-intersection-over-union,paper_2604_25432,task_semantic_segmentation,Semantic segmentation,paper-extracted/single-image-shadow-removal-benchmark,Single-image Shadow Removal Benchmark,mean_intersection_over_union,Mean Intersection over Union,mIoU,true,,,,candidate,Paper text links task 'Semantic segmentation' with extracted dataset/resource 'Single-image Shadow Removal Benchmark'. Metric is inferred from task family; no score extracted.,source:paper-extraction|paper:paper_2604_25432|dataset_evidence:text_phrase,0.35,paper_text_candidate
paper_extracted_paper-2604-25432-task-semantic-segmentation-single-image-shadow-removal-benchmark-f1-score,paper_2604_25432,task_semantic_segmentation,Semantic segmentation,paper-extracted/single-image-shadow-removal-benchmark,Single-image Shadow Removal Benchmark,f1_score,F1 Score,F1,true,,,,candidate,Paper text links task 'Semantic segmentation' with extracted dataset/resource 'Single-image Shadow Removal Benchmark'. Metric is inferred from task family; no score extracted.,source:paper-extraction|paper:paper_2604_25432|dataset_evidence:text_phrase,0.35,paper_text_candidate
paper_extracted_paper-2604-25432-task-object-detection-single-image-shadow-removal-benchmark-mean-average-precision,paper_2604_25432,task_object_detection,Object detection,paper-extracted/single-image-shadow-removal-benchmark,Single-image Shadow Removal Benchmark,mean_average_precision,Mean Average Precision,mAP,true,,,,candidate,Paper text links task 'Object detection' with extracted dataset/resource 'Single-image Shadow Removal Benchmark'. Metric is inferred from task family; no score extracted.,source:paper-extraction|paper:paper_2604_25432|dataset_evidence:text_phrase,0.35,paper_text_candidate
paper_extracted_paper-2604-25432-task-object-detection-single-image-shadow-removal-benchmark-ap50,paper_2604_25432,task_object_detection,Object detection,paper-extracted/single-image-shadow-removal-benchmark,Single-image Shadow Removal Benchmark,ap50,Average Precision at IoU 0.50,AP50,true,,,,candidate,Paper text links task 'Object detection' with extracted dataset/resource 'Single-image Shadow Removal Benchmark'. Metric is inferred from task family; no score extracted.,source:paper-extraction|paper:paper_2604_25432|dataset_evidence:text_phrase,0.35,paper_text_candidate
paper_extracted_paper-2605-03189-task-semantic-segmentation-human-annotated-benchmark-dataset-mean-intersection-over-union,paper_2605_03189,task_semantic_segmentation,Semantic segmentation,paper-extracted/human-annotated-benchmark-dataset,Human-Annotated Benchmark Dataset,mean_intersection_over_union,Mean Intersection over Union,mIoU,true,,,,candidate,Paper text links task 'Semantic segmentation' with extracted dataset/resource 'Human-Annotated Benchmark Dataset'. Metric is inferred from task family; no score extracted.,source:paper-extraction|paper:paper_2605_03189|dataset_evidence:text_phrase,0.35,paper_text_candidate
paper_extracted_paper-2605-03189-task-semantic-segmentation-human-annotated-benchmark-dataset-f1-score,paper_2605_03189,task_semantic_segmentation,Semantic segmentation,paper-extracted/human-annotated-benchmark-dataset,Human-Annotated Benchmark Dataset,f1_score,F1 Score,F1,true,,,,candidate,Paper text links task 'Semantic segmentation' with extracted dataset/resource 'Human-Annotated Benchmark Dataset'. Metric is inferred from task family; no score extracted.,source:paper-extraction|paper:paper_2605_03189|dataset_evidence:text_phrase,0.35,paper_text_candidate
paper_extracted_paper-2605-03610-task-semantic-segmentation-physics-aware-dataset-mean-intersection-over-union,paper_2605_03610,task_semantic_segmentation,Semantic segmentation,paper-extracted/physics-aware-dataset,Physics-Aware Dataset,mean_intersection_over_union,Mean Intersection over Union,mIoU,true,,,,candidate,Paper text links task 'Semantic segmentation' with extracted dataset/resource 'Physics-Aware Dataset'. Metric is inferred from task family; no score extracted.,source:paper-extraction|paper:paper_2605_03610|dataset_evidence:text_phrase,0.35,paper_text_candidate
paper_extracted_paper-2605-03610-task-semantic-segmentation-physics-aware-dataset-f1-score,paper_2605_03610,task_semantic_segmentation,Semantic segmentation,paper-extracted/physics-aware-dataset,Physics-Aware Dataset,f1_score,F1 Score,F1,true,,,,candidate,Paper text links task 'Semantic segmentation' with extracted dataset/resource 'Physics-Aware Dataset'. Metric is inferred from task family; no score extracted.,source:paper-extraction|paper:paper_2605_03610|dataset_evidence:text_phrase,0.35,paper_text_candidate
paper_extracted_paper-2605-03610-task-image-classification-physics-aware-dataset-overall-accuracy,paper_2605_03610,task_image_classification,Image classification,paper-extracted/physics-aware-dataset,Physics-Aware Dataset,overall_accuracy,Overall Accuracy,OA,true,,,,candidate,Paper text links task 'Image classification' with extracted dataset/resource 'Physics-Aware Dataset'. Metric is inferred from task family; no score extracted.,source:paper-extraction|paper:paper_2605_03610|dataset_evidence:text_phrase,0.35,paper_text_candidate
paper_extracted_paper-2605-03610-task-image-classification-physics-aware-dataset-f1-score,paper_2605_03610,task_image_classification,Image classification,paper-extracted/physics-aware-dataset,Physics-Aware Dataset,f1_score,F1 Score,F1,true,,,,candidate,Paper text links task 'Image classification' with extracted dataset/resource 'Physics-Aware Dataset'. Metric is inferred from task family; no score extracted.,source:paper-extraction|paper:paper_2605_03610|dataset_evidence:text_phrase,0.35,paper_text_candidate
paper_extracted_paper-2605-05627-task-semantic-segmentation-gen4regen-dataset-mean-intersection-over-union,paper_2605_05627,task_semantic_segmentation,Semantic segmentation,paper-extracted/gen4regen-dataset,Gen4Regen Dataset,mean_intersection_over_union,Mean Intersection over Union,mIoU,true,,,,candidate,Paper text links task 'Semantic segmentation' with extracted dataset/resource 'Gen4Regen Dataset'. Metric is inferred from task family; no score extracted.,source:paper-extraction|paper:paper_2605_05627|dataset_evidence:text_phrase,0.35,paper_text_candidate
paper_extracted_paper-2605-05627-task-semantic-segmentation-gen4regen-dataset-f1-score,paper_2605_05627,task_semantic_segmentation,Semantic segmentation,paper-extracted/gen4regen-dataset,Gen4Regen Dataset,f1_score,F1 Score,F1,true,,,,candidate,Paper text links task 'Semantic segmentation' with extracted dataset/resource 'Gen4Regen Dataset'. Metric is inferred from task family; no score extracted.,source:paper-extraction|paper:paper_2605_05627|dataset_evidence:text_phrase,0.35,paper_text_candidate
paper_extracted_paper-2605-10772-task-object-detection-mstar-public-dataset-mean-average-precision,paper_2605_10772,task_object_detection,Object detection,paper-extracted/mstar-public-dataset,MSTAR Public Dataset,mean_average_precision,Mean Average Precision,mAP,true,,,,candidate,Paper text links task 'Object detection' with extracted dataset/resource 'MSTAR Public Dataset'. Metric is inferred from task family; no score extracted.,source:paper-extraction|paper:paper_2605_10772|dataset_evidence:text_phrase,0.35,paper_text_candidate
paper_extracted_paper-2605-10772-task-object-detection-mstar-public-dataset-ap50,paper_2605_10772,task_object_detection,Object detection,paper-extracted/mstar-public-dataset,MSTAR Public Dataset,ap50,Average Precision at IoU 0.50,AP50,true,,,,candidate,Paper text links task 'Object detection' with extracted dataset/resource 'MSTAR Public Dataset'. Metric is inferred from task family; no score extracted.,source:paper-extraction|paper:paper_2605_10772|dataset_evidence:text_phrase,0.35,paper_text_candidate
paper_extracted_paper-2605-19605-task-semantic-segmentation-multi-resolution-aerial-image-dataset-mean-intersection-over-union,paper_2605_19605,task_semantic_segmentation,Semantic segmentation,paper-extracted/multi-resolution-aerial-image-dataset,Multi-Resolution Aerial Image Dataset,mean_intersection_over_union,Mean Intersection over Union,mIoU,true,,,,candidate,Paper text links task 'Semantic segmentation' with extracted dataset/resource 'Multi-Resolution Aerial Image Dataset'. Metric is inferred from task family; no score extracted.,source:paper-extraction|paper:paper_2605_19605|dataset_evidence:text_phrase,0.35,paper_text_candidate
paper_extracted_paper-2605-19605-task-semantic-segmentation-multi-resolution-aerial-image-dataset-f1-score,paper_2605_19605,task_semantic_segmentation,Semantic segmentation,paper-extracted/multi-resolution-aerial-image-dataset,Multi-Resolution Aerial Image Dataset,f1_score,F1 Score,F1,true,,,,candidate,Paper text links task 'Semantic segmentation' with extracted dataset/resource 'Multi-Resolution Aerial Image Dataset'. Metric is inferred from task family; no score extracted.,source:paper-extraction|paper:paper_2605_19605|dataset_evidence:text_phrase,0.35,paper_text_candidate
paper_extracted_paper-2605-19605-task-object-detection-multi-resolution-aerial-image-dataset-mean-average-precision,paper_2605_19605,task_object_detection,Object detection,paper-extracted/multi-resolution-aerial-image-dataset,Multi-Resolution Aerial Image Dataset,mean_average_precision,Mean Average Precision,mAP,true,,,,candidate,Paper text links task 'Object detection' with extracted dataset/resource 'Multi-Resolution Aerial Image Dataset'. Metric is inferred from task family; no score extracted.,source:paper-extraction|paper:paper_2605_19605|dataset_evidence:text_phrase,0.35,paper_text_candidate
paper_extracted_paper-2605-19605-task-object-detection-multi-resolution-aerial-image-dataset-ap50,paper_2605_19605,task_object_detection,Object detection,paper-extracted/multi-resolution-aerial-image-dataset,Multi-Resolution Aerial Image Dataset,ap50,Average Precision at IoU 0.50,AP50,true,,,,candidate,Paper text links task 'Object detection' with extracted dataset/resource 'Multi-Resolution Aerial Image Dataset'. Metric is inferred from task family; no score extracted.,source:paper-extraction|paper:paper_2605_19605|dataset_evidence:text_phrase,0.35,paper_text_candidate
paper_extracted_paper-https-openalex-org-w4402917099-task-image-classification-2024-multi-modal-aerial-view-object-classification-challenge-overall-accuracy,paper_https_openalex_org_w4402917099,task_image_classification,Image classification,paper-extracted/2024-multi-modal-aerial-view-object-classification-challenge,2024 Multi-modal Aerial View Object Classification Challenge,overall_accuracy,Overall Accuracy,OA,true,,,,candidate,Paper text links task 'Image classification' with extracted dataset/resource '2024 Multi-modal Aerial View Object Classification Challenge'. Metric is inferred from task family; no score extracted.,source:paper-extraction|paper:paper_https_openalex_org_w4402917099|dataset_evidence:text_phrase,0.35,paper_text_candidate
paper_extracted_paper-https-openalex-org-w4402917099-task-image-classification-2024-multi-modal-aerial-view-object-classification-challenge-f1-score,paper_https_openalex_org_w4402917099,task_image_classification,Image classification,paper-extracted/2024-multi-modal-aerial-view-object-classification-challenge,2024 Multi-modal Aerial View Object Classification Challenge,f1_score,F1 Score,F1,true,,,,candidate,Paper text links task 'Image classification' with extracted dataset/resource '2024 Multi-modal Aerial View Object Classification Challenge'. Metric is inferred from task family; no score extracted.,source:paper-extraction|paper:paper_https_openalex_org_w4402917099|dataset_evidence:text_phrase,0.35,paper_text_candidate
paper_extracted_paper-https-openalex-org-w3016947168-task-semantic-segmentation-multi-sensor-all-weather-mapping-dataset-mean-intersection-over-union,paper_https_openalex_org_w3016947168,task_semantic_segmentation,Semantic segmentation,paper-extracted/multi-sensor-all-weather-mapping-dataset,Multi-Sensor All Weather Mapping Dataset,mean_intersection_over_union,Mean Intersection over Union,mIoU,true,,,,candidate,Paper text links task 'Semantic segmentation' with extracted dataset/resource 'Multi-Sensor All Weather Mapping Dataset'. Metric is inferred from task family; no score extracted.,source:paper-extraction|paper:paper_https_openalex_org_w3016947168|dataset_evidence:text_phrase,0.35,paper_text_candidate
paper_extracted_paper-https-openalex-org-w3016947168-task-semantic-segmentation-multi-sensor-all-weather-mapping-dataset-f1-score,paper_https_openalex_org_w3016947168,task_semantic_segmentation,Semantic segmentation,paper-extracted/multi-sensor-all-weather-mapping-dataset,Multi-Sensor All Weather Mapping Dataset,f1_score,F1 Score,F1,true,,,,candidate,Paper text links task 'Semantic segmentation' with extracted dataset/resource 'Multi-Sensor All Weather Mapping Dataset'. Metric is inferred from task family; no score extracted.,source:paper-extraction|paper:paper_https_openalex_org_w3016947168|dataset_evidence:text_phrase,0.35,paper_text_candidate
paper_extracted_paper-https-openalex-org-w3016947168-task-change-detection-multi-sensor-all-weather-mapping-dataset-f1-score,paper_https_openalex_org_w3016947168,task_change_detection,Change detection,paper-extracted/multi-sensor-all-weather-mapping-dataset,Multi-Sensor All Weather Mapping Dataset,f1_score,F1 Score,F1,true,,,,candidate,Paper text links task 'Change detection' with extracted dataset/resource 'Multi-Sensor All Weather Mapping Dataset'. Metric is inferred from task family; no score extracted.,source:paper-extraction|paper:paper_https_openalex_org_w3016947168|dataset_evidence:text_phrase,0.35,paper_text_candidate
paper_extracted_paper-https-openalex-org-w3016947168-task-change-detection-multi-sensor-all-weather-mapping-dataset-mean-intersection-over-union,paper_https_openalex_org_w3016947168,task_change_detection,Change detection,paper-extracted/multi-sensor-all-weather-mapping-dataset,Multi-Sensor All Weather Mapping Dataset,mean_intersection_over_union,Mean Intersection over Union,mIoU,true,,,,candidate,Paper text links task 'Change detection' with extracted dataset/resource 'Multi-Sensor All Weather Mapping Dataset'. Metric is inferred from task family; no score extracted.,source:paper-extraction|paper:paper_https_openalex_org_w3016947168|dataset_evidence:text_phrase,0.35,paper_text_candidate
paper_extracted_paper-https-openalex-org-w2893801697-task-semantic-segmentation-cvpr-deepglobe-2018-road-extraction-challenge-mean-intersection-over-union,paper_https_openalex_org_w2893801697,task_semantic_segmentation,Semantic segmentation,paper-extracted/cvpr-deepglobe-2018-road-extraction-challenge,CVPR DeepGlobe 2018 Road Extraction Challenge,mean_intersection_over_union,Mean Intersection over Union,mIoU,true,,,,candidate,Paper text links task 'Semantic segmentation' with extracted dataset/resource 'CVPR DeepGlobe 2018 Road Extraction Challenge'. Metric is inferred from task family; no score extracted.,source:paper-extraction|paper:paper_https_openalex_org_w2893801697|dataset_evidence:text_phrase,0.35,paper_text_candidate
paper_extracted_paper-https-openalex-org-w2893801697-task-semantic-segmentation-cvpr-deepglobe-2018-road-extraction-challenge-f1-score,paper_https_openalex_org_w2893801697,task_semantic_segmentation,Semantic segmentation,paper-extracted/cvpr-deepglobe-2018-road-extraction-challenge,CVPR DeepGlobe 2018 Road Extraction Challenge,f1_score,F1 Score,F1,true,,,,candidate,Paper text links task 'Semantic segmentation' with extracted dataset/resource 'CVPR DeepGlobe 2018 Road Extraction Challenge'. Metric is inferred from task family; no score extracted.,source:paper-extraction|paper:paper_https_openalex_org_w2893801697|dataset_evidence:text_phrase,0.35,paper_text_candidate
paper_extracted_paper-https-openalex-org-w2804199516-task-semantic-segmentation-deepglobe-2018-satellite-image-understanding-challenge-mean-intersection-ove,paper_https_openalex_org_w2804199516,task_semantic_segmentation,Semantic segmentation,paper-extracted/deepglobe-2018-satellite-image-understanding-challenge,DeepGlobe 2018 Satellite Image Understanding Challenge,mean_intersection_over_union,Mean Intersection over Union,mIoU,true,,,,candidate,Paper text links task 'Semantic segmentation' with extracted dataset/resource 'DeepGlobe 2018 Satellite Image Understanding Challenge'. Metric is inferred from task family; no score extracted.,source:paper-extraction|paper:paper_https_openalex_org_w2804199516|dataset_evidence:text_phrase,0.35,paper_text_candidate
paper_extracted_paper-https-openalex-org-w2804199516-task-semantic-segmentation-deepglobe-2018-satellite-image-understanding-challenge-f1-score,paper_https_openalex_org_w2804199516,task_semantic_segmentation,Semantic segmentation,paper-extracted/deepglobe-2018-satellite-image-understanding-challenge,DeepGlobe 2018 Satellite Image Understanding Challenge,f1_score,F1 Score,F1,true,,,,candidate,Paper text links task 'Semantic segmentation' with extracted dataset/resource 'DeepGlobe 2018 Satellite Image Understanding Challenge'. Metric is inferred from task family; no score extracted.,source:paper-extraction|paper:paper_https_openalex_org_w2804199516|dataset_evidence:text_phrase,0.35,paper_text_candidate
paper_extracted_paper-https-openalex-org-w2804199516-task-image-classification-deepglobe-2018-satellite-image-understanding-challenge-overall-accuracy,paper_https_openalex_org_w2804199516,task_image_classification,Image classification,paper-extracted/deepglobe-2018-satellite-image-understanding-challenge,DeepGlobe 2018 Satellite Image Understanding Challenge,overall_accuracy,Overall Accuracy,OA,true,,,,candidate,Paper text links task 'Image classification' with extracted dataset/resource 'DeepGlobe 2018 Satellite Image Understanding Challenge'. Metric is inferred from task family; no score extracted.,source:paper-extraction|paper:paper_https_openalex_org_w2804199516|dataset_evidence:text_phrase,0.35,paper_text_candidate
paper_extracted_paper-https-openalex-org-w2804199516-task-image-classification-deepglobe-2018-satellite-image-understanding-challenge-f1-score,paper_https_openalex_org_w2804199516,task_image_classification,Image classification,paper-extracted/deepglobe-2018-satellite-image-understanding-challenge,DeepGlobe 2018 Satellite Image Understanding Challenge,f1_score,F1 Score,F1,true,,,,candidate,Paper text links task 'Image classification' with extracted dataset/resource 'DeepGlobe 2018 Satellite Image Understanding Challenge'. Metric is inferred from task family; no score extracted.,source:paper-extraction|paper:paper_https_openalex_org_w2804199516|dataset_evidence:text_phrase,0.35,paper_text_candidate
paper_extracted_paper-https-openalex-org-w4390871927-task-semantic-segmentation-urban-scale-dataset-and-benchmarks-mean-intersection-over-union,paper_https_openalex_org_w4390871927,task_semantic_segmentation,Semantic segmentation,paper-extracted/urban-scale-dataset-and-benchmarks,Urban-Scale Dataset and Benchmarks,mean_intersection_over_union,Mean Intersection over Union,mIoU,true,,,,candidate,Paper text links task 'Semantic segmentation' with extracted dataset/resource 'Urban-Scale Dataset and Benchmarks'. Metric is inferred from task family; no score extracted.,source:paper-extraction|paper:paper_https_openalex_org_w4390871927|dataset_evidence:text_phrase,0.35,paper_text_candidate
paper_extracted_paper-https-openalex-org-w4390871927-task-semantic-segmentation-urban-scale-dataset-and-benchmarks-f1-score,paper_https_openalex_org_w4390871927,task_semantic_segmentation,Semantic segmentation,paper-extracted/urban-scale-dataset-and-benchmarks,Urban-Scale Dataset and Benchmarks,f1_score,F1 Score,F1,true,,,,candidate,Paper text links task 'Semantic segmentation' with extracted dataset/resource 'Urban-Scale Dataset and Benchmarks'. Metric is inferred from task family; no score extracted.,source:paper-extraction|paper:paper_https_openalex_org_w4390871927|dataset_evidence:text_phrase,0.35,paper_text_candidate
paper_extracted_paper-1902-06148-task-semantic-segmentation-large-scale-benchmark-archive-mean-intersection-over-union,paper_1902_06148,task_semantic_segmentation,Semantic segmentation,paper-extracted/large-scale-benchmark-archive,Large-Scale Benchmark Archive,mean_intersection_over_union,Mean Intersection over Union,mIoU,true,,,,candidate,Paper text links task 'Semantic segmentation' with extracted dataset/resource 'Large-Scale Benchmark Archive'. Metric is inferred from task family; no score extracted.,source:paper-extraction|paper:paper_1902_06148|dataset_evidence:text_phrase,0.35,paper_text_candidate
paper_extracted_paper-1902-06148-task-semantic-segmentation-large-scale-benchmark-archive-f1-score,paper_1902_06148,task_semantic_segmentation,Semantic segmentation,paper-extracted/large-scale-benchmark-archive,Large-Scale Benchmark Archive,f1_score,F1 Score,F1,true,,,,candidate,Paper text links task 'Semantic segmentation' with extracted dataset/resource 'Large-Scale Benchmark Archive'. Metric is inferred from task family; no score extracted.,source:paper-extraction|paper:paper_1902_06148|dataset_evidence:text_phrase,0.35,paper_text_candidate
paper_extracted_paper-1902-06148-task-image-classification-large-scale-benchmark-archive-overall-accuracy,paper_1902_06148,task_image_classification,Image classification,paper-extracted/large-scale-benchmark-archive,Large-Scale Benchmark Archive,overall_accuracy,Overall Accuracy,OA,true,,,,candidate,Paper text links task 'Image classification' with extracted dataset/resource 'Large-Scale Benchmark Archive'. Metric is inferred from task family; no score extracted.,source:paper-extraction|paper:paper_1902_06148|dataset_evidence:text_phrase,0.35,paper_text_candidate
paper_extracted_paper-1902-06148-task-image-classification-large-scale-benchmark-archive-f1-score,paper_1902_06148,task_image_classification,Image classification,paper-extracted/large-scale-benchmark-archive,Large-Scale Benchmark Archive,f1_score,F1 Score,F1,true,,,,candidate,Paper text links task 'Image classification' with extracted dataset/resource 'Large-Scale Benchmark Archive'. Metric is inferred from task family; no score extracted.,source:paper-extraction|paper:paper_1902_06148|dataset_evidence:text_phrase,0.35,paper_text_candidate
paper_extracted_paper-2002-12186-task-geo-localization-multi-view-multi-source-benchmark-recall-at-1,paper_2002_12186,task_geo_localization,Geo-localization,paper-extracted/multi-view-multi-source-benchmark,Multi-view Multi-source Benchmark,recall_at_1,Recall@1,R@1,true,,,,candidate,Paper text links task 'Geo-localization' with extracted dataset/resource 'Multi-view Multi-source Benchmark'. Metric is inferred from task family; no score extracted.,source:paper-extraction|paper:paper_2002_12186|dataset_evidence:text_phrase,0.35,paper_text_candidate
paper_extracted_paper-2304-02296-task-semantic-segmentation-de-duplication-in-large-scale-geospatial-image-datasets-mean-intersection-over-union,paper_2304_02296,task_semantic_segmentation,Semantic segmentation,paper-extracted/de-duplication-in-large-scale-geospatial-image-datasets,De-duplication in Large Scale Geospatial Image Datasets,mean_intersection_over_union,Mean Intersection over Union,mIoU,true,,,,candidate,Paper text links task 'Semantic segmentation' with extracted dataset/resource 'De-duplication in Large Scale Geospatial Image Datasets'. Metric is inferred from task family; no score extracted.,source:paper-extraction|paper:paper_2304_02296|dataset_evidence:text_phrase,0.35,paper_text_candidate
paper_extracted_paper-2304-02296-task-semantic-segmentation-de-duplication-in-large-scale-geospatial-image-datasets-f1-score,paper_2304_02296,task_semantic_segmentation,Semantic segmentation,paper-extracted/de-duplication-in-large-scale-geospatial-image-datasets,De-duplication in Large Scale Geospatial Image Datasets,f1_score,F1 Score,F1,true,,,,candidate,Paper text links task 'Semantic segmentation' with extracted dataset/resource 'De-duplication in Large Scale Geospatial Image Datasets'. Metric is inferred from task family; no score extracted.,source:paper-extraction|paper:paper_2304_02296|dataset_evidence:text_phrase,0.35,paper_text_candidate
paper_extracted_paper-2304-02296-task-object-detection-de-duplication-in-large-scale-geospatial-image-datasets-mean-average-precision,paper_2304_02296,task_object_detection,Object detection,paper-extracted/de-duplication-in-large-scale-geospatial-image-datasets,De-duplication in Large Scale Geospatial Image Datasets,mean_average_precision,Mean Average Precision,mAP,true,,,,candidate,Paper text links task 'Object detection' with extracted dataset/resource 'De-duplication in Large Scale Geospatial Image Datasets'. Metric is inferred from task family; no score extracted.,source:paper-extraction|paper:paper_2304_02296|dataset_evidence:text_phrase,0.35,paper_text_candidate
paper_extracted_paper-2304-02296-task-object-detection-de-duplication-in-large-scale-geospatial-image-datasets-ap50,paper_2304_02296,task_object_detection,Object detection,paper-extracted/de-duplication-in-large-scale-geospatial-image-datasets,De-duplication in Large Scale Geospatial Image Datasets,ap50,Average Precision at IoU 0.50,AP50,true,,,,candidate,Paper text links task 'Object detection' with extracted dataset/resource 'De-duplication in Large Scale Geospatial Image Datasets'. Metric is inferred from task family; no score extracted.,source:paper-extraction|paper:paper_2304_02296|dataset_evidence:text_phrase,0.35,paper_text_candidate
paper_extracted_paper-2304-02296-task-semantic-segmentation-aicrowd-mapping-challenge-mean-intersection-over-union,paper_2304_02296,task_semantic_segmentation,Semantic segmentation,paper-extracted/aicrowd-mapping-challenge,AICrowd Mapping Challenge,mean_intersection_over_union,Mean Intersection over Union,mIoU,true,,,,candidate,Paper text links task 'Semantic segmentation' with extracted dataset/resource 'AICrowd Mapping Challenge'. Metric is inferred from task family; no score extracted.,source:paper-extraction|paper:paper_2304_02296|dataset_evidence:text_phrase,0.35,paper_text_candidate
paper_extracted_paper-2304-02296-task-semantic-segmentation-aicrowd-mapping-challenge-f1-score,paper_2304_02296,task_semantic_segmentation,Semantic segmentation,paper-extracted/aicrowd-mapping-challenge,AICrowd Mapping Challenge,f1_score,F1 Score,F1,true,,,,candidate,Paper text links task 'Semantic segmentation' with extracted dataset/resource 'AICrowd Mapping Challenge'. Metric is inferred from task family; no score extracted.,source:paper-extraction|paper:paper_2304_02296|dataset_evidence:text_phrase,0.35,paper_text_candidate
paper_extracted_paper-2304-02296-task-object-detection-aicrowd-mapping-challenge-mean-average-precision,paper_2304_02296,task_object_detection,Object detection,paper-extracted/aicrowd-mapping-challenge,AICrowd Mapping Challenge,mean_average_precision,Mean Average Precision,mAP,true,,,,candidate,Paper text links task 'Object detection' with extracted dataset/resource 'AICrowd Mapping Challenge'. Metric is inferred from task family; no score extracted.,source:paper-extraction|paper:paper_2304_02296|dataset_evidence:text_phrase,0.35,paper_text_candidate
paper_extracted_paper-2304-02296-task-object-detection-aicrowd-mapping-challenge-ap50,paper_2304_02296,task_object_detection,Object detection,paper-extracted/aicrowd-mapping-challenge,AICrowd Mapping Challenge,ap50,Average Precision at IoU 0.50,AP50,true,,,,candidate,Paper text links task 'Object detection' with extracted dataset/resource 'AICrowd Mapping Challenge'. Metric is inferred from task family; no score extracted.,source:paper-extraction|paper:paper_2304_02296|dataset_evidence:text_phrase,0.35,paper_text_candidate
paper_extracted_paper-2311-03721-task-super-resolution-large-scale-climate-model-dataset-peak-signal-to-noise-ratio,paper_2311_03721,task_super_resolution,Super-resolution,paper-extracted/large-scale-climate-model-dataset,Large-Scale Climate Model Dataset,peak_signal_to_noise_ratio,Peak Signal-to-Noise Ratio,PSNR,true,,,,candidate,Paper text links task 'Super-resolution' with extracted dataset/resource 'Large-Scale Climate Model Dataset'. Metric is inferred from task family; no score extracted.,source:paper-extraction|paper:paper_2311_03721|dataset_evidence:text_phrase,0.35,paper_text_candidate
paper_extracted_paper-2311-03721-task-super-resolution-large-scale-climate-model-dataset-structural-similarity,paper_2311_03721,task_super_resolution,Super-resolution,paper-extracted/large-scale-climate-model-dataset,Large-Scale Climate Model Dataset,structural_similarity,Structural Similarity,SSIM,true,,,,candidate,Paper text links task 'Super-resolution' with extracted dataset/resource 'Large-Scale Climate Model Dataset'. Metric is inferred from task family; no score extracted.,source:paper-extraction|paper:paper_2311_03721|dataset_evidence:text_phrase,0.35,paper_text_candidate
paper_extracted_paper-2402-00712-task-change-detection-physics-based-benchmark-f1-score,paper_2402_00712,task_change_detection,Change detection,paper-extracted/physics-based-benchmark,Physics-Based Benchmark,f1_score,F1 Score,F1,true,,,,candidate,Paper text links task 'Change detection' with extracted dataset/resource 'Physics-Based Benchmark'. Metric is inferred from task family; no score extracted.,source:paper-extraction|paper:paper_2402_00712|dataset_evidence:text_phrase,0.35,paper_text_candidate
paper_extracted_paper-2402-00712-task-change-detection-physics-based-benchmark-mean-intersection-over-union,paper_2402_00712,task_change_detection,Change detection,paper-extracted/physics-based-benchmark,Physics-Based Benchmark,mean_intersection_over_union,Mean Intersection over Union,mIoU,true,,,,candidate,Paper text links task 'Change detection' with extracted dataset/resource 'Physics-Based Benchmark'. Metric is inferred from task family; no score extracted.,source:paper-extraction|paper:paper_2402_00712|dataset_evidence:text_phrase,0.35,paper_text_candidate
paper_extracted_paper-2404-10699-task-semantic-segmentation-high-fidelity-aerial-lidar-dataset-mean-intersection-over-union,paper_2404_10699,task_semantic_segmentation,Semantic segmentation,paper-extracted/high-fidelity-aerial-lidar-dataset,High-Fidelity Aerial LiDAR Dataset,mean_intersection_over_union,Mean Intersection over Union,mIoU,true,,,,candidate,Paper text links task 'Semantic segmentation' with extracted dataset/resource 'High-Fidelity Aerial LiDAR Dataset'. Metric is inferred from task family; no score extracted.,source:paper-extraction|paper:paper_2404_10699|dataset_evidence:text_phrase,0.35,paper_text_candidate
paper_extracted_paper-2404-10699-task-semantic-segmentation-high-fidelity-aerial-lidar-dataset-f1-score,paper_2404_10699,task_semantic_segmentation,Semantic segmentation,paper-extracted/high-fidelity-aerial-lidar-dataset,High-Fidelity Aerial LiDAR Dataset,f1_score,F1 Score,F1,true,,,,candidate,Paper text links task 'Semantic segmentation' with extracted dataset/resource 'High-Fidelity Aerial LiDAR Dataset'. Metric is inferred from task family; no score extracted.,source:paper-extraction|paper:paper_2404_10699|dataset_evidence:text_phrase,0.35,paper_text_candidate
paper_extracted_paper-2404-10699-task-image-classification-high-fidelity-aerial-lidar-dataset-overall-accuracy,paper_2404_10699,task_image_classification,Image classification,paper-extracted/high-fidelity-aerial-lidar-dataset,High-Fidelity Aerial LiDAR Dataset,overall_accuracy,Overall Accuracy,OA,true,,,,candidate,Paper text links task 'Image classification' with extracted dataset/resource 'High-Fidelity Aerial LiDAR Dataset'. Metric is inferred from task family; no score extracted.,source:paper-extraction|paper:paper_2404_10699|dataset_evidence:text_phrase,0.35,paper_text_candidate
paper_extracted_paper-2404-10699-task-image-classification-high-fidelity-aerial-lidar-dataset-f1-score,paper_2404_10699,task_image_classification,Image classification,paper-extracted/high-fidelity-aerial-lidar-dataset,High-Fidelity Aerial LiDAR Dataset,f1_score,F1 Score,F1,true,,,,candidate,Paper text links task 'Image classification' with extracted dataset/resource 'High-Fidelity Aerial LiDAR Dataset'. Metric is inferred from task family; no score extracted.,source:paper-extraction|paper:paper_2404_10699|dataset_evidence:text_phrase,0.35,paper_text_candidate
paper_extracted_paper-2409-16925-task-geo-localization-uav-geo-localization-benchmark-recall-at-1,paper_2409_16925,task_geo_localization,Geo-localization,paper-extracted/uav-geo-localization-benchmark,UAV Geo-Localization Benchmark,recall_at_1,Recall@1,R@1,true,,,,candidate,Paper text links task 'Geo-localization' with extracted dataset/resource 'UAV Geo-Localization Benchmark'. Metric is inferred from task family; no score extracted.,source:paper-extraction|paper:paper_2409_16925|dataset_evidence:text_phrase,0.35,paper_text_candidate
paper_extracted_paper-2412-02831-task-semantic-segmentation-flame-3-dataset-mean-intersection-over-union,paper_2412_02831,task_semantic_segmentation,Semantic segmentation,paper-extracted/flame-3-dataset,FLAME 3 Dataset,mean_intersection_over_union,Mean Intersection over Union,mIoU,true,,,,candidate,Paper text links task 'Semantic segmentation' with extracted dataset/resource 'FLAME 3 Dataset'. Metric is inferred from task family; no score extracted.,source:paper-extraction|paper:paper_2412_02831|dataset_evidence:text_phrase,0.35,paper_text_candidate
paper_extracted_paper-2412-02831-task-semantic-segmentation-flame-3-dataset-f1-score,paper_2412_02831,task_semantic_segmentation,Semantic segmentation,paper-extracted/flame-3-dataset,FLAME 3 Dataset,f1_score,F1 Score,F1,true,,,,candidate,Paper text links task 'Semantic segmentation' with extracted dataset/resource 'FLAME 3 Dataset'. Metric is inferred from task family; no score extracted.,source:paper-extraction|paper:paper_2412_02831|dataset_evidence:text_phrase,0.35,paper_text_candidate
paper_extracted_paper-2412-02831-task-change-detection-flame-3-dataset-f1-score,paper_2412_02831,task_change_detection,Change detection,paper-extracted/flame-3-dataset,FLAME 3 Dataset,f1_score,F1 Score,F1,true,,,,candidate,Paper text links task 'Change detection' with extracted dataset/resource 'FLAME 3 Dataset'. Metric is inferred from task family; no score extracted.,source:paper-extraction|paper:paper_2412_02831|dataset_evidence:text_phrase,0.35,paper_text_candidate
paper_extracted_paper-2412-02831-task-change-detection-flame-3-dataset-mean-intersection-over-union,paper_2412_02831,task_change_detection,Change detection,paper-extracted/flame-3-dataset,FLAME 3 Dataset,mean_intersection_over_union,Mean Intersection over Union,mIoU,true,,,,candidate,Paper text links task 'Change detection' with extracted dataset/resource 'FLAME 3 Dataset'. Metric is inferred from task family; no score extracted.,source:paper-extraction|paper:paper_2412_02831|dataset_evidence:text_phrase,0.35,paper_text_candidate
paper_extracted_paper-2502-08168-task-object-detection-multi-task-vision-language-benchmark-mean-average-precision,paper_2502_08168,task_object_detection,Object detection,paper-extracted/multi-task-vision-language-benchmark,Multi-Task Vision-Language Benchmark,mean_average_precision,Mean Average Precision,mAP,true,,,,candidate,Paper text links task 'Object detection' with extracted dataset/resource 'Multi-Task Vision-Language Benchmark'. Metric is inferred from task family; no score extracted.,source:paper-extraction|paper:paper_2502_08168|dataset_evidence:text_phrase,0.35,paper_text_candidate
paper_extracted_paper-2502-08168-task-object-detection-multi-task-vision-language-benchmark-ap50,paper_2502_08168,task_object_detection,Object detection,paper-extracted/multi-task-vision-language-benchmark,Multi-Task Vision-Language Benchmark,ap50,Average Precision at IoU 0.50,AP50,true,,,,candidate,Paper text links task 'Object detection' with extracted dataset/resource 'Multi-Task Vision-Language Benchmark'. Metric is inferred from task family; no score extracted.,source:paper-extraction|paper:paper_2502_08168|dataset_evidence:text_phrase,0.35,paper_text_candidate
paper_extracted_paper-2502-08168-task-depth-estimation-multi-task-vision-language-benchmark-root-mean-squared-error,paper_2502_08168,task_depth_estimation,Depth estimation,paper-extracted/multi-task-vision-language-benchmark,Multi-Task Vision-Language Benchmark,root_mean_squared_error,Root Mean Squared Error,RMSE,false,,,,candidate,Paper text links task 'Depth estimation' with extracted dataset/resource 'Multi-Task Vision-Language Benchmark'. Metric is inferred from task family; no score extracted.,source:paper-extraction|paper:paper_2502_08168|dataset_evidence:text_phrase,0.35,paper_text_candidate
paper_extracted_paper-2502-12003-task-change-detection-time-series-data-and-the-wsts-benchmark-f1-score,paper_2502_12003,task_change_detection,Change detection,paper-extracted/time-series-data-and-the-wsts-benchmark,Time-Series Data and the WSTS+ Benchmark,f1_score,F1 Score,F1,true,,,,candidate,Paper text links task 'Change detection' with extracted dataset/resource 'Time-Series Data and the WSTS+ Benchmark'. Metric is inferred from task family; no score extracted.,source:paper-extraction|paper:paper_2502_12003|dataset_evidence:text_phrase,0.35,paper_text_candidate
paper_extracted_paper-2502-12003-task-change-detection-time-series-data-and-the-wsts-benchmark-mean-intersection-over-union,paper_2502_12003,task_change_detection,Change detection,paper-extracted/time-series-data-and-the-wsts-benchmark,Time-Series Data and the WSTS+ Benchmark,mean_intersection_over_union,Mean Intersection over Union,mIoU,true,,,,candidate,Paper text links task 'Change detection' with extracted dataset/resource 'Time-Series Data and the WSTS+ Benchmark'. Metric is inferred from task family; no score extracted.,source:paper-extraction|paper:paper_2502_12003|dataset_evidence:text_phrase,0.35,paper_text_candidate
paper_extracted_paper-2505-12254-task-object-detection-multimodal-street-level-visual-place-recognition-dataset-mean-average-precision,paper_2505_12254,task_object_detection,Object detection,paper-extracted/multimodal-street-level-visual-place-recognition-dataset,Multimodal Street-Level Visual Place Recognition Dataset,mean_average_precision,Mean Average Precision,mAP,true,,,,candidate,Paper text links task 'Object detection' with extracted dataset/resource 'Multimodal Street-Level Visual Place Recognition Dataset'. Metric is inferred from task family; no score extracted.,source:paper-extraction|paper:paper_2505_12254|dataset_evidence:text_phrase,0.35,paper_text_candidate
paper_extracted_paper-2505-12254-task-object-detection-multimodal-street-level-visual-place-recognition-dataset-ap50,paper_2505_12254,task_object_detection,Object detection,paper-extracted/multimodal-street-level-visual-place-recognition-dataset,Multimodal Street-Level Visual Place Recognition Dataset,ap50,Average Precision at IoU 0.50,AP50,true,,,,candidate,Paper text links task 'Object detection' with extracted dataset/resource 'Multimodal Street-Level Visual Place Recognition Dataset'. Metric is inferred from task family; no score extracted.,source:paper-extraction|paper:paper_2505_12254|dataset_evidence:text_phrase,0.35,paper_text_candidate
paper_extracted_paper-2505-12254-task-geo-localization-multimodal-street-level-visual-place-recognition-dataset-recall-at-1,paper_2505_12254,task_geo_localization,Geo-localization,paper-extracted/multimodal-street-level-visual-place-recognition-dataset,Multimodal Street-Level Visual Place Recognition Dataset,recall_at_1,Recall@1,R@1,true,,,,candidate,Paper text links task 'Geo-localization' with extracted dataset/resource 'Multimodal Street-Level Visual Place Recognition Dataset'. Metric is inferred from task family; no score extracted.,source:paper-extraction|paper:paper_2505_12254|dataset_evidence:text_phrase,0.35,paper_text_candidate
paper_extracted_paper-2509-08027-task-semantic-segmentation-machine-learning-ready-dataset-mean-intersection-over-union,paper_2509_08027,task_semantic_segmentation,Semantic segmentation,paper-extracted/machine-learning-ready-dataset,Machine-Learning-Ready Dataset,mean_intersection_over_union,Mean Intersection over Union,mIoU,true,,,,candidate,Paper text links task 'Semantic segmentation' with extracted dataset/resource 'Machine-Learning-Ready Dataset'. Metric is inferred from task family; no score extracted.,source:paper-extraction|paper:paper_2509_08027|dataset_evidence:text_phrase,0.35,paper_text_candidate
paper_extracted_paper-2509-08027-task-semantic-segmentation-machine-learning-ready-dataset-f1-score,paper_2509_08027,task_semantic_segmentation,Semantic segmentation,paper-extracted/machine-learning-ready-dataset,Machine-Learning-Ready Dataset,f1_score,F1 Score,F1,true,,,,candidate,Paper text links task 'Semantic segmentation' with extracted dataset/resource 'Machine-Learning-Ready Dataset'. Metric is inferred from task family; no score extracted.,source:paper-extraction|paper:paper_2509_08027|dataset_evidence:text_phrase,0.35,paper_text_candidate
paper_extracted_paper-2509-08027-task-depth-estimation-machine-learning-ready-dataset-root-mean-squared-error,paper_2509_08027,task_depth_estimation,Depth estimation,paper-extracted/machine-learning-ready-dataset,Machine-Learning-Ready Dataset,root_mean_squared_error,Root Mean Squared Error,RMSE,false,,,,candidate,Paper text links task 'Depth estimation' with extracted dataset/resource 'Machine-Learning-Ready Dataset'. Metric is inferred from task family; no score extracted.,source:paper-extraction|paper:paper_2509_08027|dataset_evidence:text_phrase,0.35,paper_text_candidate
paper_extracted_paper-2601-13401-task-semantic-segmentation-qvlm-architecture-and-squid-dataset-mean-intersection-over-union,paper_2601_13401,task_semantic_segmentation,Semantic segmentation,paper-extracted/qvlm-architecture-and-squid-dataset,QVLM Architecture and SQuID Dataset,mean_intersection_over_union,Mean Intersection over Union,mIoU,true,,,,candidate,Paper text links task 'Semantic segmentation' with extracted dataset/resource 'QVLM Architecture and SQuID Dataset'. Metric is inferred from task family; no score extracted.,source:paper-extraction|paper:paper_2601_13401|dataset_evidence:text_phrase,0.35,paper_text_candidate
paper_extracted_paper-2601-13401-task-semantic-segmentation-qvlm-architecture-and-squid-dataset-f1-score,paper_2601_13401,task_semantic_segmentation,Semantic segmentation,paper-extracted/qvlm-architecture-and-squid-dataset,QVLM Architecture and SQuID Dataset,f1_score,F1 Score,F1,true,,,,candidate,Paper text links task 'Semantic segmentation' with extracted dataset/resource 'QVLM Architecture and SQuID Dataset'. Metric is inferred from task family; no score extracted.,source:paper-extraction|paper:paper_2601_13401|dataset_evidence:text_phrase,0.35,paper_text_candidate
paper_extracted_paper-2601-17039-task-semantic-segmentation-global-single-date-paired-dataset-mean-intersection-over-union,paper_2601_17039,task_semantic_segmentation,Semantic segmentation,paper-extracted/global-single-date-paired-dataset,Global Single-Date Paired Dataset,mean_intersection_over_union,Mean Intersection over Union,mIoU,true,,,,candidate,Paper text links task 'Semantic segmentation' with extracted dataset/resource 'Global Single-Date Paired Dataset'. Metric is inferred from task family; no score extracted.,source:paper-extraction|paper:paper_2601_17039|dataset_evidence:text_phrase,0.35,paper_text_candidate
paper_extracted_paper-2601-17039-task-semantic-segmentation-global-single-date-paired-dataset-f1-score,paper_2601_17039,task_semantic_segmentation,Semantic segmentation,paper-extracted/global-single-date-paired-dataset,Global Single-Date Paired Dataset,f1_score,F1 Score,F1,true,,,,candidate,Paper text links task 'Semantic segmentation' with extracted dataset/resource 'Global Single-Date Paired Dataset'. Metric is inferred from task family; no score extracted.,source:paper-extraction|paper:paper_2601_17039|dataset_evidence:text_phrase,0.35,paper_text_candidate
paper_extracted_paper-2603-29245-task-semantic-segmentation-phdataset-mean-intersection-over-union,paper_2603_29245,task_semantic_segmentation,Semantic segmentation,paper-extracted/phdataset,PHDataset,mean_intersection_over_union,Mean Intersection over Union,mIoU,true,,,,candidate,Paper text links task 'Semantic segmentation' with extracted dataset/resource 'PHDataset'. Metric is inferred from task family; no score extracted.,source:paper-extraction|paper:paper_2603_29245|dataset_evidence:named_token,0.35,paper_text_candidate
paper_extracted_paper-2603-29245-task-semantic-segmentation-phdataset-f1-score,paper_2603_29245,task_semantic_segmentation,Semantic segmentation,paper-extracted/phdataset,PHDataset,f1_score,F1 Score,F1,true,,,,candidate,Paper text links task 'Semantic segmentation' with extracted dataset/resource 'PHDataset'. Metric is inferred from task family; no score extracted.,source:paper-extraction|paper:paper_2603_29245|dataset_evidence:named_token,0.35,paper_text_candidate
paper_extracted_paper-2603-29245-task-depth-estimation-phdataset-root-mean-squared-error,paper_2603_29245,task_depth_estimation,Depth estimation,paper-extracted/phdataset,PHDataset,root_mean_squared_error,Root Mean Squared Error,RMSE,false,,,,candidate,Paper text links task 'Depth estimation' with extracted dataset/resource 'PHDataset'. Metric is inferred from task family; no score extracted.,source:paper-extraction|paper:paper_2603_29245|dataset_evidence:named_token,0.35,paper_text_candidate
paper_extracted_paper-2311-12751-task-object-detection-geotext-1652-benchmark-mean-average-precision,paper_2311_12751,task_object_detection,Object detection,paper-extracted/geotext-1652-benchmark,GeoText-1652 Benchmark,mean_average_precision,Mean Average Precision,mAP,true,,,,candidate,Paper text links task 'Object detection' with extracted dataset/resource 'GeoText-1652 Benchmark'. Metric is inferred from task family; no score extracted.,source:paper-extraction|paper:paper_2311_12751|dataset_evidence:text_phrase,0.35,paper_text_candidate
paper_extracted_paper-2311-12751-task-object-detection-geotext-1652-benchmark-ap50,paper_2311_12751,task_object_detection,Object detection,paper-extracted/geotext-1652-benchmark,GeoText-1652 Benchmark,ap50,Average Precision at IoU 0.50,AP50,true,,,,candidate,Paper text links task 'Object detection' with extracted dataset/resource 'GeoText-1652 Benchmark'. Metric is inferred from task family; no score extracted.,source:paper-extraction|paper:paper_2311_12751|dataset_evidence:text_phrase,0.35,paper_text_candidate
paper_extracted_paper-2311-12751-task-geo-localization-geotext-1652-benchmark-recall-at-1,paper_2311_12751,task_geo_localization,Geo-localization,paper-extracted/geotext-1652-benchmark,GeoText-1652 Benchmark,recall_at_1,Recall@1,R@1,true,,,,candidate,Paper text links task 'Geo-localization' with extracted dataset/resource 'GeoText-1652 Benchmark'. Metric is inferred from task family; no score extracted.,source:paper-extraction|paper:paper_2311_12751|dataset_evidence:text_phrase,0.35,paper_text_candidate
paper_extracted_paper-2112-05090-task-image-classification-extending-the-wilds-benchmark-overall-accuracy,paper_2112_05090,task_image_classification,Image classification,paper-extracted/extending-the-wilds-benchmark,Extending the WILDS Benchmark,overall_accuracy,Overall Accuracy,OA,true,,,,candidate,Paper text links task 'Image classification' with extracted dataset/resource 'Extending the WILDS Benchmark'. Metric is inferred from task family; no score extracted.,source:paper-extraction|paper:paper_2112_05090|dataset_evidence:text_phrase,0.35,paper_text_candidate
paper_extracted_paper-2112-05090-task-image-classification-extending-the-wilds-benchmark-f1-score,paper_2112_05090,task_image_classification,Image classification,paper-extracted/extending-the-wilds-benchmark,Extending the WILDS Benchmark,f1_score,F1 Score,F1,true,,,,candidate,Paper text links task 'Image classification' with extracted dataset/resource 'Extending the WILDS Benchmark'. Metric is inferred from task family; no score extracted.,source:paper-extraction|paper:paper_2112_05090|dataset_evidence:text_phrase,0.35,paper_text_candidate
paper_extracted_paper-2502-09598-task-image-classification-multi-scale-vision-language-dataset-overall-accuracy,paper_2502_09598,task_image_classification,Image classification,paper-extracted/multi-scale-vision-language-dataset,Multi-scale Vision-Language Dataset,overall_accuracy,Overall Accuracy,OA,true,,,,candidate,Paper text links task 'Image classification' with extracted dataset/resource 'Multi-scale Vision-Language Dataset'. Metric is inferred from task family; no score extracted.,source:paper-extraction|paper:paper_2502_09598|dataset_evidence:text_phrase,0.35,paper_text_candidate
paper_extracted_paper-2502-09598-task-image-classification-multi-scale-vision-language-dataset-f1-score,paper_2502_09598,task_image_classification,Image classification,paper-extracted/multi-scale-vision-language-dataset,Multi-scale Vision-Language Dataset,f1_score,F1 Score,F1,true,,,,candidate,Paper text links task 'Image classification' with extracted dataset/resource 'Multi-scale Vision-Language Dataset'. Metric is inferred from task family; no score extracted.,source:paper-extraction|paper:paper_2502_09598|dataset_evidence:text_phrase,0.35,paper_text_candidate
paper_extracted_paper-2511-13269-task-object-detection-spatialsky-dataset-mean-average-precision,paper_2511_13269,task_object_detection,Object detection,paper-extracted/spatialsky-dataset,SpatialSky-Dataset,mean_average_precision,Mean Average Precision,mAP,true,,,,candidate,Paper text links task 'Object detection' with extracted dataset/resource 'SpatialSky-Dataset'. Metric is inferred from task family; no score extracted.,source:paper-extraction|paper:paper_2511_13269|dataset_evidence:named_token,0.35,paper_text_candidate
paper_extracted_paper-2511-13269-task-object-detection-spatialsky-dataset-ap50,paper_2511_13269,task_object_detection,Object detection,paper-extracted/spatialsky-dataset,SpatialSky-Dataset,ap50,Average Precision at IoU 0.50,AP50,true,,,,candidate,Paper text links task 'Object detection' with extracted dataset/resource 'SpatialSky-Dataset'. Metric is inferred from task family; no score extracted.,source:paper-extraction|paper:paper_2511_13269|dataset_evidence:named_token,0.35,paper_text_candidate
paper_extracted_paper-2512-22207-task-geo-localization-mllms-dataset-recall-at-1,paper_2512_22207,task_geo_localization,Geo-localization,paper-extracted/mllms-dataset,MLLMs. Dataset,recall_at_1,Recall@1,R@1,true,,,,candidate,Paper text links task 'Geo-localization' with extracted dataset/resource 'MLLMs. Dataset'. Metric is inferred from task family; no score extracted.,source:paper-extraction|paper:paper_2512_22207|dataset_evidence:text_phrase,0.35,paper_text_candidate
paper_extracted_paper-2603-18892-task-object-detection-multi-hop-compositional-spatial-reasoning-benchmark-mean-average-precision,paper_2603_18892,task_object_detection,Object detection,paper-extracted/multi-hop-compositional-spatial-reasoning-benchmark,Multi-hop Compositional Spatial Reasoning Benchmark,mean_average_precision,Mean Average Precision,mAP,true,,,,candidate,Paper text links task 'Object detection' with extracted dataset/resource 'Multi-hop Compositional Spatial Reasoning Benchmark'. Metric is inferred from task family; no score extracted.,source:paper-extraction|paper:paper_2603_18892|dataset_evidence:text_phrase,0.35,paper_text_candidate
paper_extracted_paper-2603-18892-task-object-detection-multi-hop-compositional-spatial-reasoning-benchmark-ap50,paper_2603_18892,task_object_detection,Object detection,paper-extracted/multi-hop-compositional-spatial-reasoning-benchmark,Multi-hop Compositional Spatial Reasoning Benchmark,ap50,Average Precision at IoU 0.50,AP50,true,,,,candidate,Paper text links task 'Object detection' with extracted dataset/resource 'Multi-hop Compositional Spatial Reasoning Benchmark'. Metric is inferred from task family; no score extracted.,source:paper-extraction|paper:paper_2603_18892|dataset_evidence:text_phrase,0.35,paper_text_candidate
paper_extracted_paper-2405-04634-task-semantic-segmentation-ultra-large-scale-aerial-lidar-dataset-mean-intersection-over-union,paper_2405_04634,task_semantic_segmentation,Semantic segmentation,paper-extracted/ultra-large-scale-aerial-lidar-dataset,Ultra-Large-Scale Aerial Lidar Dataset,mean_intersection_over_union,Mean Intersection over Union,mIoU,true,,,,candidate,Paper text links task 'Semantic segmentation' with extracted dataset/resource 'Ultra-Large-Scale Aerial Lidar Dataset'. Metric is inferred from task family; no score extracted.,source:paper-extraction|paper:paper_2405_04634|dataset_evidence:text_phrase,0.35,paper_text_candidate
paper_extracted_paper-2405-04634-task-semantic-segmentation-ultra-large-scale-aerial-lidar-dataset-f1-score,paper_2405_04634,task_semantic_segmentation,Semantic segmentation,paper-extracted/ultra-large-scale-aerial-lidar-dataset,Ultra-Large-Scale Aerial Lidar Dataset,f1_score,F1 Score,F1,true,,,,candidate,Paper text links task 'Semantic segmentation' with extracted dataset/resource 'Ultra-Large-Scale Aerial Lidar Dataset'. Metric is inferred from task family; no score extracted.,source:paper-extraction|paper:paper_2405_04634|dataset_evidence:text_phrase,0.35,paper_text_candidate
paper_extracted_paper-2405-04634-task-image-classification-ultra-large-scale-aerial-lidar-dataset-overall-accuracy,paper_2405_04634,task_image_classification,Image classification,paper-extracted/ultra-large-scale-aerial-lidar-dataset,Ultra-Large-Scale Aerial Lidar Dataset,overall_accuracy,Overall Accuracy,OA,true,,,,candidate,Paper text links task 'Image classification' with extracted dataset/resource 'Ultra-Large-Scale Aerial Lidar Dataset'. Metric is inferred from task family; no score extracted.,source:paper-extraction|paper:paper_2405_04634|dataset_evidence:text_phrase,0.35,paper_text_candidate
paper_extracted_paper-2405-04634-task-image-classification-ultra-large-scale-aerial-lidar-dataset-f1-score,paper_2405_04634,task_image_classification,Image classification,paper-extracted/ultra-large-scale-aerial-lidar-dataset,Ultra-Large-Scale Aerial Lidar Dataset,f1_score,F1 Score,F1,true,,,,candidate,Paper text links task 'Image classification' with extracted dataset/resource 'Ultra-Large-Scale Aerial Lidar Dataset'. Metric is inferred from task family; no score extracted.,source:paper-extraction|paper:paper_2405_04634|dataset_evidence:text_phrase,0.35,paper_text_candidate
paper_extracted_paper-openalex-w7138346067-task-geo-localization-mv3dsr-dataset-recall-at-1,paper_openalex_w7138346067,task_geo_localization,Geo-localization,paper-extracted/mv3dsr-dataset,MV3DSR-Dataset,recall_at_1,Recall@1,R@1,true,,,,candidate,Paper text links task 'Geo-localization' with extracted dataset/resource 'MV3DSR-Dataset'. Metric is inferred from task family; no score extracted.,source:paper-extraction|paper:paper_openalex_w7138346067|dataset_evidence:named_token,0.35,paper_text_candidate
paper_extracted_paper-openalex-w7139101613-task-change-detection-long-term-multi-factor-dataset-f1-score,paper_openalex_w7139101613,task_change_detection,Change detection,paper-extracted/long-term-multi-factor-dataset,Long-term Multi-factor Dataset,f1_score,F1 Score,F1,true,,,,candidate,Paper text links task 'Change detection' with extracted dataset/resource 'Long-term Multi-factor Dataset'. Metric is inferred from task family; no score extracted.,source:paper-extraction|paper:paper_openalex_w7139101613|dataset_evidence:text_phrase,0.35,paper_text_candidate
paper_extracted_paper-openalex-w7139101613-task-change-detection-long-term-multi-factor-dataset-mean-intersection-over-union,paper_openalex_w7139101613,task_change_detection,Change detection,paper-extracted/long-term-multi-factor-dataset,Long-term Multi-factor Dataset,mean_intersection_over_union,Mean Intersection over Union,mIoU,true,,,,candidate,Paper text links task 'Change detection' with extracted dataset/resource 'Long-term Multi-factor Dataset'. Metric is inferred from task family; no score extracted.,source:paper-extraction|paper:paper_openalex_w7139101613|dataset_evidence:text_phrase,0.35,paper_text_candidate
paper_extracted_paper-openalex-w7138403418-task-geo-localization-mop-uav-benchmark-recall-at-1,paper_openalex_w7138403418,task_geo_localization,Geo-localization,paper-extracted/mop-uav-benchmark,MoP-UAV Benchmark,recall_at_1,Recall@1,R@1,true,,,,candidate,Paper text links task 'Geo-localization' with extracted dataset/resource 'MoP-UAV Benchmark'. Metric is inferred from task family; no score extracted.,source:paper-extraction|paper:paper_openalex_w7138403418|dataset_evidence:text_phrase,0.35,paper_text_candidate
paper_extracted_paper-openalex-w7138447045-task-semantic-segmentation-structured-3d-building-dataset-mean-intersection-over-union,paper_openalex_w7138447045,task_semantic_segmentation,Semantic segmentation,paper-extracted/structured-3d-building-dataset,Structured 3D Building Dataset,mean_intersection_over_union,Mean Intersection over Union,mIoU,true,,,,candidate,Paper text links task 'Semantic segmentation' with extracted dataset/resource 'Structured 3D Building Dataset'. Metric is inferred from task family; no score extracted.,source:paper-extraction|paper:paper_openalex_w7138447045|dataset_evidence:text_phrase,0.35,paper_text_candidate
paper_extracted_paper-openalex-w7138447045-task-semantic-segmentation-structured-3d-building-dataset-f1-score,paper_openalex_w7138447045,task_semantic_segmentation,Semantic segmentation,paper-extracted/structured-3d-building-dataset,Structured 3D Building Dataset,f1_score,F1 Score,F1,true,,,,candidate,Paper text links task 'Semantic segmentation' with extracted dataset/resource 'Structured 3D Building Dataset'. Metric is inferred from task family; no score extracted.,source:paper-extraction|paper:paper_openalex_w7138447045|dataset_evidence:text_phrase,0.35,paper_text_candidate
paper_extracted_paper-openalex-w7138447045-task-object-detection-structured-3d-building-dataset-mean-average-precision,paper_openalex_w7138447045,task_object_detection,Object detection,paper-extracted/structured-3d-building-dataset,Structured 3D Building Dataset,mean_average_precision,Mean Average Precision,mAP,true,,,,candidate,Paper text links task 'Object detection' with extracted dataset/resource 'Structured 3D Building Dataset'. Metric is inferred from task family; no score extracted.,source:paper-extraction|paper:paper_openalex_w7138447045|dataset_evidence:text_phrase,0.35,paper_text_candidate
paper_extracted_paper-openalex-w7138447045-task-object-detection-structured-3d-building-dataset-ap50,paper_openalex_w7138447045,task_object_detection,Object detection,paper-extracted/structured-3d-building-dataset,Structured 3D Building Dataset,ap50,Average Precision at IoU 0.50,AP50,true,,,,candidate,Paper text links task 'Object detection' with extracted dataset/resource 'Structured 3D Building Dataset'. Metric is inferred from task family; no score extracted.,source:paper-extraction|paper:paper_openalex_w7138447045|dataset_evidence:text_phrase,0.35,paper_text_candidate
paper_extracted_paper-openalex-w4292828558-task-image-classification-large-scale-land-use-dataset-overall-accuracy,paper_openalex_w4292828558,task_image_classification,Image classification,paper-extracted/large-scale-land-use-dataset,Large-Scale Land Use Dataset,overall_accuracy,Overall Accuracy,OA,true,,,,candidate,Paper text links task 'Image classification' with extracted dataset/resource 'Large-Scale Land Use Dataset'. Metric is inferred from task family; no score extracted.,source:paper-extraction|paper:paper_openalex_w4292828558|dataset_evidence:text_phrase,0.35,paper_text_candidate
paper_extracted_paper-openalex-w4292828558-task-image-classification-large-scale-land-use-dataset-f1-score,paper_openalex_w4292828558,task_image_classification,Image classification,paper-extracted/large-scale-land-use-dataset,Large-Scale Land Use Dataset,f1_score,F1 Score,F1,true,,,,candidate,Paper text links task 'Image classification' with extracted dataset/resource 'Large-Scale Land Use Dataset'. Metric is inferred from task family; no score extracted.,source:paper-extraction|paper:paper_openalex_w4292828558|dataset_evidence:text_phrase,0.35,paper_text_candidate
paper_extracted_paper-openalex-w4292787468-task-image-classification-2022-multi-modal-aerial-view-object-classification-challenge-overall-accuracy,paper_openalex_w4292787468,task_image_classification,Image classification,paper-extracted/2022-multi-modal-aerial-view-object-classification-challenge,2022 Multi-modal Aerial View Object Classification Challenge,overall_accuracy,Overall Accuracy,OA,true,,,,candidate,Paper text links task 'Image classification' with extracted dataset/resource '2022 Multi-modal Aerial View Object Classification Challenge'. Metric is inferred from task family; no score extracted.,source:paper-extraction|paper:paper_openalex_w4292787468|dataset_evidence:text_phrase,0.35,paper_text_candidate
paper_extracted_paper-openalex-w4292787468-task-image-classification-2022-multi-modal-aerial-view-object-classification-challenge-f1-score,paper_openalex_w4292787468,task_image_classification,Image classification,paper-extracted/2022-multi-modal-aerial-view-object-classification-challenge,2022 Multi-modal Aerial View Object Classification Challenge,f1_score,F1 Score,F1,true,,,,candidate,Paper text links task 'Image classification' with extracted dataset/resource '2022 Multi-modal Aerial View Object Classification Challenge'. Metric is inferred from task family; no score extracted.,source:paper-extraction|paper:paper_openalex_w4292787468|dataset_evidence:text_phrase,0.35,paper_text_candidate
paper_extracted_paper-openalex-w4292787327-task-object-detection-semi-supervised-hyperspectral-object-detection-challenge-mean-average-precision,paper_openalex_w4292787327,task_object_detection,Object detection,paper-extracted/semi-supervised-hyperspectral-object-detection-challenge,Semi-Supervised Hyperspectral Object Detection Challenge,mean_average_precision,Mean Average Precision,mAP,true,,,,candidate,Paper text links task 'Object detection' with extracted dataset/resource 'Semi-Supervised Hyperspectral Object Detection Challenge'. Metric is inferred from task family; no score extracted.,source:paper-extraction|paper:paper_openalex_w4292787327|dataset_evidence:text_phrase,0.35,paper_text_candidate
paper_extracted_paper-openalex-w4292787327-task-object-detection-semi-supervised-hyperspectral-object-detection-challenge-ap50,paper_openalex_w4292787327,task_object_detection,Object detection,paper-extracted/semi-supervised-hyperspectral-object-detection-challenge,Semi-Supervised Hyperspectral Object Detection Challenge,ap50,Average Precision at IoU 0.50,AP50,true,,,,candidate,Paper text links task 'Object detection' with extracted dataset/resource 'Semi-Supervised Hyperspectral Object Detection Challenge'. Metric is inferred from task family; no score extracted.,source:paper-extraction|paper:paper_openalex_w4292787327|dataset_evidence:text_phrase,0.35,paper_text_candidate
paper_extracted_paper-openalex-w4292794013-task-object-detection-semi-supervised-hyperspectral-object-detection-challenge-mean-average-precision,paper_openalex_w4292794013,task_object_detection,Object detection,paper-extracted/semi-supervised-hyperspectral-object-detection-challenge,Semi-Supervised Hyperspectral Object Detection Challenge,mean_average_precision,Mean Average Precision,mAP,true,,,,candidate,Paper text links task 'Object detection' with extracted dataset/resource 'Semi-Supervised Hyperspectral Object Detection Challenge'. Metric is inferred from task family; no score extracted.,source:paper-extraction|paper:paper_openalex_w4292794013|dataset_evidence:text_phrase,0.35,paper_text_candidate
paper_extracted_paper-openalex-w4292794013-task-object-detection-semi-supervised-hyperspectral-object-detection-challenge-ap50,paper_openalex_w4292794013,task_object_detection,Object detection,paper-extracted/semi-supervised-hyperspectral-object-detection-challenge,Semi-Supervised Hyperspectral Object Detection Challenge,ap50,Average Precision at IoU 0.50,AP50,true,,,,candidate,Paper text links task 'Object detection' with extracted dataset/resource 'Semi-Supervised Hyperspectral Object Detection Challenge'. Metric is inferred from task family; no score extracted.,source:paper-extraction|paper:paper_openalex_w4292794013|dataset_evidence:text_phrase,0.35,paper_text_candidate
paper_extracted_paper-openalex-w4292829057-task-image-classification-multi-modal-aerial-view-object-classification-challenge-overall-accuracy,paper_openalex_w4292829057,task_image_classification,Image classification,paper-extracted/multi-modal-aerial-view-object-classification-challenge,Multi-modal Aerial View Object Classification Challenge,overall_accuracy,Overall Accuracy,OA,true,,,,candidate,Paper text links task 'Image classification' with extracted dataset/resource 'Multi-modal Aerial View Object Classification Challenge'. Metric is inferred from task family; no score extracted.,source:paper-extraction|paper:paper_openalex_w4292829057|dataset_evidence:text_phrase,0.35,paper_text_candidate
paper_extracted_paper-openalex-w4292829057-task-image-classification-multi-modal-aerial-view-object-classification-challenge-f1-score,paper_openalex_w4292829057,task_image_classification,Image classification,paper-extracted/multi-modal-aerial-view-object-classification-challenge,Multi-modal Aerial View Object Classification Challenge,f1_score,F1 Score,F1,true,,,,candidate,Paper text links task 'Image classification' with extracted dataset/resource 'Multi-modal Aerial View Object Classification Challenge'. Metric is inferred from task family; no score extracted.,source:paper-extraction|paper:paper_openalex_w4292829057|dataset_evidence:text_phrase,0.35,paper_text_candidate
paper_extracted_paper-openalex-w4292829118-task-object-detection-2022-ai-city-challenge-mean-average-precision,paper_openalex_w4292829118,task_object_detection,Object detection,paper-extracted/2022-ai-city-challenge,2022 AI City Challenge,mean_average_precision,Mean Average Precision,mAP,true,,,,candidate,Paper text links task 'Object detection' with extracted dataset/resource '2022 AI City Challenge'. Metric is inferred from task family; no score extracted.,source:paper-extraction|paper:paper_openalex_w4292829118|dataset_evidence:text_phrase,0.35,paper_text_candidate
paper_extracted_paper-openalex-w4292829118-task-object-detection-2022-ai-city-challenge-ap50,paper_openalex_w4292829118,task_object_detection,Object detection,paper-extracted/2022-ai-city-challenge,2022 AI City Challenge,ap50,Average Precision at IoU 0.50,AP50,true,,,,candidate,Paper text links task 'Object detection' with extracted dataset/resource '2022 AI City Challenge'. Metric is inferred from task family; no score extracted.,source:paper-extraction|paper:paper_openalex_w4292829118|dataset_evidence:text_phrase,0.35,paper_text_candidate
paper_extracted_cand0082-task-semantic-segmentation-whu-and-massachusetts-building-datasets-mean-intersection-over-union,cand0082,task_semantic_segmentation,Semantic segmentation,paper-extracted/whu-and-massachusetts-building-datasets,WHU and Massachusetts Building Datasets,mean_intersection_over_union,Mean Intersection over Union,mIoU,true,,,,candidate,Paper text links task 'Semantic segmentation' with extracted dataset/resource 'WHU and Massachusetts Building Datasets'. Metric is inferred from task family; no score extracted.,source:paper-extraction|paper:cand0082|dataset_evidence:text_phrase,0.35,paper_text_candidate
paper_extracted_cand0082-task-semantic-segmentation-whu-and-massachusetts-building-datasets-f1-score,cand0082,task_semantic_segmentation,Semantic segmentation,paper-extracted/whu-and-massachusetts-building-datasets,WHU and Massachusetts Building Datasets,f1_score,F1 Score,F1,true,,,,candidate,Paper text links task 'Semantic segmentation' with extracted dataset/resource 'WHU and Massachusetts Building Datasets'. Metric is inferred from task family; no score extracted.,source:paper-extraction|paper:cand0082|dataset_evidence:text_phrase,0.35,paper_text_candidate
paper_extracted_cand0163-task-semantic-segmentation-ice-fmbench-a-foundation-model-benchmark-mean-intersection-over-union,cand0163,task_semantic_segmentation,Semantic segmentation,paper-extracted/ice-fmbench-a-foundation-model-benchmark,Ice-FMBench A Foundation Model Benchmark,mean_intersection_over_union,Mean Intersection over Union,mIoU,true,,,,candidate,Paper text links task 'Semantic segmentation' with extracted dataset/resource 'Ice-FMBench A Foundation Model Benchmark'. Metric is inferred from task family; no score extracted.,source:paper-extraction|paper:cand0163|dataset_evidence:text_phrase,0.35,paper_text_candidate
paper_extracted_cand0163-task-semantic-segmentation-ice-fmbench-a-foundation-model-benchmark-f1-score,cand0163,task_semantic_segmentation,Semantic segmentation,paper-extracted/ice-fmbench-a-foundation-model-benchmark,Ice-FMBench A Foundation Model Benchmark,f1_score,F1 Score,F1,true,,,,candidate,Paper text links task 'Semantic segmentation' with extracted dataset/resource 'Ice-FMBench A Foundation Model Benchmark'. Metric is inferred from task family; no score extracted.,source:paper-extraction|paper:cand0163|dataset_evidence:text_phrase,0.35,paper_text_candidate
paper_extracted_cand0323-task-semantic-segmentation-multi-sensor-sar-image-dataset-mean-intersection-over-union,cand0323,task_semantic_segmentation,Semantic segmentation,paper-extracted/multi-sensor-sar-image-dataset,Multi-sensor SAR Image Dataset,mean_intersection_over_union,Mean Intersection over Union,mIoU,true,,,,candidate,Paper text links task 'Semantic segmentation' with extracted dataset/resource 'Multi-sensor SAR Image Dataset'. Metric is inferred from task family; no score extracted.,source:paper-extraction|paper:cand0323|dataset_evidence:text_phrase,0.35,paper_text_candidate
paper_extracted_cand0323-task-semantic-segmentation-multi-sensor-sar-image-dataset-f1-score,cand0323,task_semantic_segmentation,Semantic segmentation,paper-extracted/multi-sensor-sar-image-dataset,Multi-sensor SAR Image Dataset,f1_score,F1 Score,F1,true,,,,candidate,Paper text links task 'Semantic segmentation' with extracted dataset/resource 'Multi-sensor SAR Image Dataset'. Metric is inferred from task family; no score extracted.,source:paper-extraction|paper:cand0323|dataset_evidence:text_phrase,0.35,paper_text_candidate
paper_extracted_cand0323-task-image-classification-multi-sensor-sar-image-dataset-overall-accuracy,cand0323,task_image_classification,Image classification,paper-extracted/multi-sensor-sar-image-dataset,Multi-sensor SAR Image Dataset,overall_accuracy,Overall Accuracy,OA,true,,,,candidate,Paper text links task 'Image classification' with extracted dataset/resource 'Multi-sensor SAR Image Dataset'. Metric is inferred from task family; no score extracted.,source:paper-extraction|paper:cand0323|dataset_evidence:text_phrase,0.35,paper_text_candidate
paper_extracted_cand0323-task-image-classification-multi-sensor-sar-image-dataset-f1-score,cand0323,task_image_classification,Image classification,paper-extracted/multi-sensor-sar-image-dataset,Multi-sensor SAR Image Dataset,f1_score,F1 Score,F1,true,,,,candidate,Paper text links task 'Image classification' with extracted dataset/resource 'Multi-sensor SAR Image Dataset'. Metric is inferred from task family; no score extracted.,source:paper-extraction|paper:cand0323|dataset_evidence:text_phrase,0.35,paper_text_candidate
paper_extracted_cand0369-task-semantic-segmentation-potsdam-s-aerial-remote-sensing-dataset-mean-intersection-over-union,cand0369,task_semantic_segmentation,Semantic segmentation,paper-extracted/potsdam-s-aerial-remote-sensing-dataset,Potsdam-S Aerial Remote Sensing Dataset,mean_intersection_over_union,Mean Intersection over Union,mIoU,true,,,,candidate,Paper text links task 'Semantic segmentation' with extracted dataset/resource 'Potsdam-S Aerial Remote Sensing Dataset'. Metric is inferred from task family; no score extracted.,source:paper-extraction|paper:cand0369|dataset_evidence:text_phrase,0.35,paper_text_candidate
paper_extracted_cand0369-task-semantic-segmentation-potsdam-s-aerial-remote-sensing-dataset-f1-score,cand0369,task_semantic_segmentation,Semantic segmentation,paper-extracted/potsdam-s-aerial-remote-sensing-dataset,Potsdam-S Aerial Remote Sensing Dataset,f1_score,F1 Score,F1,true,,,,candidate,Paper text links task 'Semantic segmentation' with extracted dataset/resource 'Potsdam-S Aerial Remote Sensing Dataset'. Metric is inferred from task family; no score extracted.,source:paper-extraction|paper:cand0369|dataset_evidence:text_phrase,0.35,paper_text_candidate
paper_extracted_cand0369-task-object-detection-potsdam-s-aerial-remote-sensing-dataset-mean-average-precision,cand0369,task_object_detection,Object detection,paper-extracted/potsdam-s-aerial-remote-sensing-dataset,Potsdam-S Aerial Remote Sensing Dataset,mean_average_precision,Mean Average Precision,mAP,true,,,,candidate,Paper text links task 'Object detection' with extracted dataset/resource 'Potsdam-S Aerial Remote Sensing Dataset'. Metric is inferred from task family; no score extracted.,source:paper-extraction|paper:cand0369|dataset_evidence:text_phrase,0.35,paper_text_candidate
paper_extracted_cand0369-task-object-detection-potsdam-s-aerial-remote-sensing-dataset-ap50,cand0369,task_object_detection,Object detection,paper-extracted/potsdam-s-aerial-remote-sensing-dataset,Potsdam-S Aerial Remote Sensing Dataset,ap50,Average Precision at IoU 0.50,AP50,true,,,,candidate,Paper text links task 'Object detection' with extracted dataset/resource 'Potsdam-S Aerial Remote Sensing Dataset'. Metric is inferred from task family; no score extracted.,source:paper-extraction|paper:cand0369|dataset_evidence:text_phrase,0.35,paper_text_candidate
paper_extracted_cand0447-task-semantic-segmentation-2-dataset-mean-intersection-over-union,cand0447,task_semantic_segmentation,Semantic segmentation,paper-extracted/2-dataset,2. Dataset,mean_intersection_over_union,Mean Intersection over Union,mIoU,true,,,,candidate,Paper text links task 'Semantic segmentation' with extracted dataset/resource '2. Dataset'. Metric is inferred from task family; no score extracted.,source:paper-extraction|paper:cand0447|dataset_evidence:text_phrase,0.35,paper_text_candidate
paper_extracted_cand0447-task-semantic-segmentation-2-dataset-f1-score,cand0447,task_semantic_segmentation,Semantic segmentation,paper-extracted/2-dataset,2. Dataset,f1_score,F1 Score,F1,true,,,,candidate,Paper text links task 'Semantic segmentation' with extracted dataset/resource '2. Dataset'. Metric is inferred from task family; no score extracted.,source:paper-extraction|paper:cand0447|dataset_evidence:text_phrase,0.35,paper_text_candidate
paper_extracted_cand0447-task-image-classification-2-dataset-overall-accuracy,cand0447,task_image_classification,Image classification,paper-extracted/2-dataset,2. Dataset,overall_accuracy,Overall Accuracy,OA,true,,,,candidate,Paper text links task 'Image classification' with extracted dataset/resource '2. Dataset'. Metric is inferred from task family; no score extracted.,source:paper-extraction|paper:cand0447|dataset_evidence:text_phrase,0.35,paper_text_candidate
paper_extracted_cand0447-task-image-classification-2-dataset-f1-score,cand0447,task_image_classification,Image classification,paper-extracted/2-dataset,2. Dataset,f1_score,F1 Score,F1,true,,,,candidate,Paper text links task 'Image classification' with extracted dataset/resource '2. Dataset'. Metric is inferred from task family; no score extracted.,source:paper-extraction|paper:cand0447|dataset_evidence:text_phrase,0.35,paper_text_candidate
paper_extracted_cand0447-task-semantic-segmentation-benchmark-dense-pixel-annotation-dataset-mean-intersection-over-union,cand0447,task_semantic_segmentation,Semantic segmentation,paper-extracted/benchmark-dense-pixel-annotation-dataset,Benchmark Dense-Pixel Annotation Dataset,mean_intersection_over_union,Mean Intersection over Union,mIoU,true,,,,candidate,Paper text links task 'Semantic segmentation' with extracted dataset/resource 'Benchmark Dense-Pixel Annotation Dataset'. Metric is inferred from task family; no score extracted.,source:paper-extraction|paper:cand0447|dataset_evidence:text_phrase,0.35,paper_text_candidate
paper_extracted_cand0447-task-semantic-segmentation-benchmark-dense-pixel-annotation-dataset-f1-score,cand0447,task_semantic_segmentation,Semantic segmentation,paper-extracted/benchmark-dense-pixel-annotation-dataset,Benchmark Dense-Pixel Annotation Dataset,f1_score,F1 Score,F1,true,,,,candidate,Paper text links task 'Semantic segmentation' with extracted dataset/resource 'Benchmark Dense-Pixel Annotation Dataset'. Metric is inferred from task family; no score extracted.,source:paper-extraction|paper:cand0447|dataset_evidence:text_phrase,0.35,paper_text_candidate
paper_extracted_cand0447-task-image-classification-benchmark-dense-pixel-annotation-dataset-overall-accuracy,cand0447,task_image_classification,Image classification,paper-extracted/benchmark-dense-pixel-annotation-dataset,Benchmark Dense-Pixel Annotation Dataset,overall_accuracy,Overall Accuracy,OA,true,,,,candidate,Paper text links task 'Image classification' with extracted dataset/resource 'Benchmark Dense-Pixel Annotation Dataset'. Metric is inferred from task family; no score extracted.,source:paper-extraction|paper:cand0447|dataset_evidence:text_phrase,0.35,paper_text_candidate
paper_extracted_cand0447-task-image-classification-benchmark-dense-pixel-annotation-dataset-f1-score,cand0447,task_image_classification,Image classification,paper-extracted/benchmark-dense-pixel-annotation-dataset,Benchmark Dense-Pixel Annotation Dataset,f1_score,F1 Score,F1,true,,,,candidate,Paper text links task 'Image classification' with extracted dataset/resource 'Benchmark Dense-Pixel Annotation Dataset'. Metric is inferred from task family; no score extracted.,source:paper-extraction|paper:cand0447|dataset_evidence:text_phrase,0.35,paper_text_candidate
paper_extracted_cand0447-task-semantic-segmentation-global-10-m-land-cover-dataset-mean-intersection-over-union,cand0447,task_semantic_segmentation,Semantic segmentation,paper-extracted/global-10-m-land-cover-dataset,Global 10-m Land-Cover Dataset,mean_intersection_over_union,Mean Intersection over Union,mIoU,true,,,,candidate,Paper text links task 'Semantic segmentation' with extracted dataset/resource 'Global 10-m Land-Cover Dataset'. Metric is inferred from task family; no score extracted.,source:paper-extraction|paper:cand0447|dataset_evidence:text_phrase,0.35,paper_text_candidate
paper_extracted_cand0447-task-semantic-segmentation-global-10-m-land-cover-dataset-f1-score,cand0447,task_semantic_segmentation,Semantic segmentation,paper-extracted/global-10-m-land-cover-dataset,Global 10-m Land-Cover Dataset,f1_score,F1 Score,F1,true,,,,candidate,Paper text links task 'Semantic segmentation' with extracted dataset/resource 'Global 10-m Land-Cover Dataset'. Metric is inferred from task family; no score extracted.,source:paper-extraction|paper:cand0447|dataset_evidence:text_phrase,0.35,paper_text_candidate
paper_extracted_cand0447-task-image-classification-global-10-m-land-cover-dataset-overall-accuracy,cand0447,task_image_classification,Image classification,paper-extracted/global-10-m-land-cover-dataset,Global 10-m Land-Cover Dataset,overall_accuracy,Overall Accuracy,OA,true,,,,candidate,Paper text links task 'Image classification' with extracted dataset/resource 'Global 10-m Land-Cover Dataset'. Metric is inferred from task family; no score extracted.,source:paper-extraction|paper:cand0447|dataset_evidence:text_phrase,0.35,paper_text_candidate
paper_extracted_cand0447-task-image-classification-global-10-m-land-cover-dataset-f1-score,cand0447,task_image_classification,Image classification,paper-extracted/global-10-m-land-cover-dataset,Global 10-m Land-Cover Dataset,f1_score,F1 Score,F1,true,,,,candidate,Paper text links task 'Image classification' with extracted dataset/resource 'Global 10-m Land-Cover Dataset'. Metric is inferred from task family; no score extracted.,source:paper-extraction|paper:cand0447|dataset_evidence:text_phrase,0.35,paper_text_candidate
paper_extracted_cand0653-task-semantic-segmentation-multi-temporal-benchmark-dataset-mean-intersection-over-union,cand0653,task_semantic_segmentation,Semantic segmentation,paper-extracted/multi-temporal-benchmark-dataset,Multi-Temporal Benchmark Dataset,mean_intersection_over_union,Mean Intersection over Union,mIoU,true,,,,candidate,Paper text links task 'Semantic segmentation' with extracted dataset/resource 'Multi-Temporal Benchmark Dataset'. Metric is inferred from task family; no score extracted.,source:paper-extraction|paper:cand0653|dataset_evidence:text_phrase,0.35,paper_text_candidate
paper_extracted_cand0653-task-semantic-segmentation-multi-temporal-benchmark-dataset-f1-score,cand0653,task_semantic_segmentation,Semantic segmentation,paper-extracted/multi-temporal-benchmark-dataset,Multi-Temporal Benchmark Dataset,f1_score,F1 Score,F1,true,,,,candidate,Paper text links task 'Semantic segmentation' with extracted dataset/resource 'Multi-Temporal Benchmark Dataset'. Metric is inferred from task family; no score extracted.,source:paper-extraction|paper:cand0653|dataset_evidence:text_phrase,0.35,paper_text_candidate
paper_extracted_cand0653-task-image-classification-multi-temporal-benchmark-dataset-overall-accuracy,cand0653,task_image_classification,Image classification,paper-extracted/multi-temporal-benchmark-dataset,Multi-Temporal Benchmark Dataset,overall_accuracy,Overall Accuracy,OA,true,,,,candidate,Paper text links task 'Image classification' with extracted dataset/resource 'Multi-Temporal Benchmark Dataset'. Metric is inferred from task family; no score extracted.,source:paper-extraction|paper:cand0653|dataset_evidence:text_phrase,0.35,paper_text_candidate
paper_extracted_cand0653-task-image-classification-multi-temporal-benchmark-dataset-f1-score,cand0653,task_image_classification,Image classification,paper-extracted/multi-temporal-benchmark-dataset,Multi-Temporal Benchmark Dataset,f1_score,F1 Score,F1,true,,,,candidate,Paper text links task 'Image classification' with extracted dataset/resource 'Multi-Temporal Benchmark Dataset'. Metric is inferred from task family; no score extracted.,source:paper-extraction|paper:cand0653|dataset_evidence:text_phrase,0.35,paper_text_candidate
paper_extracted_cand0671-task-semantic-segmentation-multi-modal-remote-sensing-dataset-mean-intersection-over-union,cand0671,task_semantic_segmentation,Semantic segmentation,paper-extracted/multi-modal-remote-sensing-dataset,Multi-modal Remote Sensing Dataset,mean_intersection_over_union,Mean Intersection over Union,mIoU,true,,,,candidate,Paper text links task 'Semantic segmentation' with extracted dataset/resource 'Multi-modal Remote Sensing Dataset'. Metric is inferred from task family; no score extracted.,source:paper-extraction|paper:cand0671|dataset_evidence:text_phrase,0.35,paper_text_candidate
paper_extracted_cand0671-task-semantic-segmentation-multi-modal-remote-sensing-dataset-f1-score,cand0671,task_semantic_segmentation,Semantic segmentation,paper-extracted/multi-modal-remote-sensing-dataset,Multi-modal Remote Sensing Dataset,f1_score,F1 Score,F1,true,,,,candidate,Paper text links task 'Semantic segmentation' with extracted dataset/resource 'Multi-modal Remote Sensing Dataset'. Metric is inferred from task family; no score extracted.,source:paper-extraction|paper:cand0671|dataset_evidence:text_phrase,0.35,paper_text_candidate
paper_extracted_cand0671-task-change-detection-multi-modal-remote-sensing-dataset-f1-score,cand0671,task_change_detection,Change detection,paper-extracted/multi-modal-remote-sensing-dataset,Multi-modal Remote Sensing Dataset,f1_score,F1 Score,F1,true,,,,candidate,Paper text links task 'Change detection' with extracted dataset/resource 'Multi-modal Remote Sensing Dataset'. Metric is inferred from task family; no score extracted.,source:paper-extraction|paper:cand0671|dataset_evidence:text_phrase,0.35,paper_text_candidate
paper_extracted_cand0671-task-change-detection-multi-modal-remote-sensing-dataset-mean-intersection-over-union,cand0671,task_change_detection,Change detection,paper-extracted/multi-modal-remote-sensing-dataset,Multi-modal Remote Sensing Dataset,mean_intersection_over_union,Mean Intersection over Union,mIoU,true,,,,candidate,Paper text links task 'Change detection' with extracted dataset/resource 'Multi-modal Remote Sensing Dataset'. Metric is inferred from task family; no score extracted.,source:paper-extraction|paper:cand0671|dataset_evidence:text_phrase,0.35,paper_text_candidate
paper_extracted_cand0752-task-image-classification-uc-merced-land-use-dataset-overall-accuracy,cand0752,task_image_classification,Image classification,paper-extracted/uc-merced-land-use-dataset,UC Merced Land-Use Dataset,overall_accuracy,Overall Accuracy,OA,true,,,,candidate,Paper text links task 'Image classification' with extracted dataset/resource 'UC Merced Land-Use Dataset'. Metric is inferred from task family; no score extracted.,source:paper-extraction|paper:cand0752|dataset_evidence:text_phrase,0.35,paper_text_candidate
paper_extracted_cand0752-task-image-classification-uc-merced-land-use-dataset-f1-score,cand0752,task_image_classification,Image classification,paper-extracted/uc-merced-land-use-dataset,UC Merced Land-Use Dataset,f1_score,F1 Score,F1,true,,,,candidate,Paper text links task 'Image classification' with extracted dataset/resource 'UC Merced Land-Use Dataset'. Metric is inferred from task family; no score extracted.,source:paper-extraction|paper:cand0752|dataset_evidence:text_phrase,0.35,paper_text_candidate
paper_extracted_cand1150-task-semantic-segmentation-sar-ship-detection-dataset-mean-intersection-over-union,cand1150,task_semantic_segmentation,Semantic segmentation,paper-extracted/sar-ship-detection-dataset,SAR Ship Detection Dataset,mean_intersection_over_union,Mean Intersection over Union,mIoU,true,,,,candidate,Paper text links task 'Semantic segmentation' with extracted dataset/resource 'SAR Ship Detection Dataset'. Metric is inferred from task family; no score extracted.,source:paper-extraction|paper:cand1150|dataset_evidence:text_phrase,0.35,paper_text_candidate
paper_extracted_cand1150-task-semantic-segmentation-sar-ship-detection-dataset-f1-score,cand1150,task_semantic_segmentation,Semantic segmentation,paper-extracted/sar-ship-detection-dataset,SAR Ship Detection Dataset,f1_score,F1 Score,F1,true,,,,candidate,Paper text links task 'Semantic segmentation' with extracted dataset/resource 'SAR Ship Detection Dataset'. Metric is inferred from task family; no score extracted.,source:paper-extraction|paper:cand1150|dataset_evidence:text_phrase,0.35,paper_text_candidate
paper_extracted_cand1150-task-object-detection-sar-ship-detection-dataset-mean-average-precision,cand1150,task_object_detection,Object detection,paper-extracted/sar-ship-detection-dataset,SAR Ship Detection Dataset,mean_average_precision,Mean Average Precision,mAP,true,,,,candidate,Paper text links task 'Object detection' with extracted dataset/resource 'SAR Ship Detection Dataset'. Metric is inferred from task family; no score extracted.,source:paper-extraction|paper:cand1150|dataset_evidence:text_phrase,0.35,paper_text_candidate
paper_extracted_cand1150-task-object-detection-sar-ship-detection-dataset-ap50,cand1150,task_object_detection,Object detection,paper-extracted/sar-ship-detection-dataset,SAR Ship Detection Dataset,ap50,Average Precision at IoU 0.50,AP50,true,,,,candidate,Paper text links task 'Object detection' with extracted dataset/resource 'SAR Ship Detection Dataset'. Metric is inferred from task family; no score extracted.,source:paper-extraction|paper:cand1150|dataset_evidence:text_phrase,0.35,paper_text_candidate
paper_extracted_cand1150-task-image-classification-sar-ship-detection-dataset-overall-accuracy,cand1150,task_image_classification,Image classification,paper-extracted/sar-ship-detection-dataset,SAR Ship Detection Dataset,overall_accuracy,Overall Accuracy,OA,true,,,,candidate,Paper text links task 'Image classification' with extracted dataset/resource 'SAR Ship Detection Dataset'. Metric is inferred from task family; no score extracted.,source:paper-extraction|paper:cand1150|dataset_evidence:text_phrase,0.35,paper_text_candidate
paper_extracted_cand1150-task-image-classification-sar-ship-detection-dataset-f1-score,cand1150,task_image_classification,Image classification,paper-extracted/sar-ship-detection-dataset,SAR Ship Detection Dataset,f1_score,F1 Score,F1,true,,,,candidate,Paper text links task 'Image classification' with extracted dataset/resource 'SAR Ship Detection Dataset'. Metric is inferred from task family; no score extracted.,source:paper-extraction|paper:cand1150|dataset_evidence:text_phrase,0.35,paper_text_candidate
paper_extracted_cand1150-task-semantic-segmentation-high-resolution-sar-images-dataset-mean-intersection-over-union,cand1150,task_semantic_segmentation,Semantic segmentation,paper-extracted/high-resolution-sar-images-dataset,High-Resolution SAR Images Dataset,mean_intersection_over_union,Mean Intersection over Union,mIoU,true,,,,candidate,Paper text links task 'Semantic segmentation' with extracted dataset/resource 'High-Resolution SAR Images Dataset'. Metric is inferred from task family; no score extracted.,source:paper-extraction|paper:cand1150|dataset_evidence:text_phrase,0.35,paper_text_candidate
paper_extracted_cand1150-task-semantic-segmentation-high-resolution-sar-images-dataset-f1-score,cand1150,task_semantic_segmentation,Semantic segmentation,paper-extracted/high-resolution-sar-images-dataset,High-Resolution SAR Images Dataset,f1_score,F1 Score,F1,true,,,,candidate,Paper text links task 'Semantic segmentation' with extracted dataset/resource 'High-Resolution SAR Images Dataset'. Metric is inferred from task family; no score extracted.,source:paper-extraction|paper:cand1150|dataset_evidence:text_phrase,0.35,paper_text_candidate
paper_extracted_cand1150-task-object-detection-high-resolution-sar-images-dataset-mean-average-precision,cand1150,task_object_detection,Object detection,paper-extracted/high-resolution-sar-images-dataset,High-Resolution SAR Images Dataset,mean_average_precision,Mean Average Precision,mAP,true,,,,candidate,Paper text links task 'Object detection' with extracted dataset/resource 'High-Resolution SAR Images Dataset'. Metric is inferred from task family; no score extracted.,source:paper-extraction|paper:cand1150|dataset_evidence:text_phrase,0.35,paper_text_candidate
paper_extracted_cand1150-task-object-detection-high-resolution-sar-images-dataset-ap50,cand1150,task_object_detection,Object detection,paper-extracted/high-resolution-sar-images-dataset,High-Resolution SAR Images Dataset,ap50,Average Precision at IoU 0.50,AP50,true,,,,candidate,Paper text links task 'Object detection' with extracted dataset/resource 'High-Resolution SAR Images Dataset'. Metric is inferred from task family; no score extracted.,source:paper-extraction|paper:cand1150|dataset_evidence:text_phrase,0.35,paper_text_candidate
paper_extracted_cand1150-task-image-classification-high-resolution-sar-images-dataset-overall-accuracy,cand1150,task_image_classification,Image classification,paper-extracted/high-resolution-sar-images-dataset,High-Resolution SAR Images Dataset,overall_accuracy,Overall Accuracy,OA,true,,,,candidate,Paper text links task 'Image classification' with extracted dataset/resource 'High-Resolution SAR Images Dataset'. Metric is inferred from task family; no score extracted.,source:paper-extraction|paper:cand1150|dataset_evidence:text_phrase,0.35,paper_text_candidate
paper_extracted_cand1150-task-image-classification-high-resolution-sar-images-dataset-f1-score,cand1150,task_image_classification,Image classification,paper-extracted/high-resolution-sar-images-dataset,High-Resolution SAR Images Dataset,f1_score,F1 Score,F1,true,,,,candidate,Paper text links task 'Image classification' with extracted dataset/resource 'High-Resolution SAR Images Dataset'. Metric is inferred from task family; no score extracted.,source:paper-extraction|paper:cand1150|dataset_evidence:text_phrase,0.35,paper_text_candidate
paper_extracted_cand1447-task-semantic-segmentation-sz-dataset-mean-intersection-over-union,cand1447,task_semantic_segmentation,Semantic segmentation,paper-extracted/sz-dataset,SZ-Dataset,mean_intersection_over_union,Mean Intersection over Union,mIoU,true,,,,candidate,Paper text links task 'Semantic segmentation' with extracted dataset/resource 'SZ-Dataset'. Metric is inferred from task family; no score extracted.,source:paper-extraction|paper:cand1447|dataset_evidence:named_token,0.35,paper_text_candidate
paper_extracted_cand1447-task-semantic-segmentation-sz-dataset-f1-score,cand1447,task_semantic_segmentation,Semantic segmentation,paper-extracted/sz-dataset,SZ-Dataset,f1_score,F1 Score,F1,true,,,,candidate,Paper text links task 'Semantic segmentation' with extracted dataset/resource 'SZ-Dataset'. Metric is inferred from task family; no score extracted.,source:paper-extraction|paper:cand1447|dataset_evidence:named_token,0.35,paper_text_candidate
paper_extracted_cand1447-task-object-detection-sz-dataset-mean-average-precision,cand1447,task_object_detection,Object detection,paper-extracted/sz-dataset,SZ-Dataset,mean_average_precision,Mean Average Precision,mAP,true,,,,candidate,Paper text links task 'Object detection' with extracted dataset/resource 'SZ-Dataset'. Metric is inferred from task family; no score extracted.,source:paper-extraction|paper:cand1447|dataset_evidence:named_token,0.35,paper_text_candidate
paper_extracted_cand1447-task-object-detection-sz-dataset-ap50,cand1447,task_object_detection,Object detection,paper-extracted/sz-dataset,SZ-Dataset,ap50,Average Precision at IoU 0.50,AP50,true,,,,candidate,Paper text links task 'Object detection' with extracted dataset/resource 'SZ-Dataset'. Metric is inferred from task family; no score extracted.,source:paper-extraction|paper:cand1447|dataset_evidence:named_token,0.35,paper_text_candidate
paper_extracted_cand1474-task-semantic-segmentation-standardising-for-ai-ready-earth-observation-datasets-mean-intersection-over-union,cand1474,task_semantic_segmentation,Semantic segmentation,paper-extracted/standardising-for-ai-ready-earth-observation-datasets,Standardising for AI-ready Earth Observation Datasets,mean_intersection_over_union,Mean Intersection over Union,mIoU,true,,,,candidate,Paper text links task 'Semantic segmentation' with extracted dataset/resource 'Standardising for AI-ready Earth Observation Datasets'. Metric is inferred from task family; no score extracted.,source:paper-extraction|paper:cand1474|dataset_evidence:text_phrase,0.35,paper_text_candidate
paper_extracted_cand1474-task-semantic-segmentation-standardising-for-ai-ready-earth-observation-datasets-f1-score,cand1474,task_semantic_segmentation,Semantic segmentation,paper-extracted/standardising-for-ai-ready-earth-observation-datasets,Standardising for AI-ready Earth Observation Datasets,f1_score,F1 Score,F1,true,,,,candidate,Paper text links task 'Semantic segmentation' with extracted dataset/resource 'Standardising for AI-ready Earth Observation Datasets'. Metric is inferred from task family; no score extracted.,source:paper-extraction|paper:cand1474|dataset_evidence:text_phrase,0.35,paper_text_candidate
paper_extracted_cand1474-task-image-classification-standardising-for-ai-ready-earth-observation-datasets-overall-accuracy,cand1474,task_image_classification,Image classification,paper-extracted/standardising-for-ai-ready-earth-observation-datasets,Standardising for AI-ready Earth Observation Datasets,overall_accuracy,Overall Accuracy,OA,true,,,,candidate,Paper text links task 'Image classification' with extracted dataset/resource 'Standardising for AI-ready Earth Observation Datasets'. Metric is inferred from task family; no score extracted.,source:paper-extraction|paper:cand1474|dataset_evidence:text_phrase,0.35,paper_text_candidate
paper_extracted_cand1474-task-image-classification-standardising-for-ai-ready-earth-observation-datasets-f1-score,cand1474,task_image_classification,Image classification,paper-extracted/standardising-for-ai-ready-earth-observation-datasets,Standardising for AI-ready Earth Observation Datasets,f1_score,F1 Score,F1,true,,,,candidate,Paper text links task 'Image classification' with extracted dataset/resource 'Standardising for AI-ready Earth Observation Datasets'. Metric is inferred from task family; no score extracted.,source:paper-extraction|paper:cand1474|dataset_evidence:text_phrase,0.35,paper_text_candidate
paper_extracted_cand1647-task-image-classification-attribute-based-dataset-overall-accuracy,cand1647,task_image_classification,Image classification,paper-extracted/attribute-based-dataset,Attribute-Based Dataset,overall_accuracy,Overall Accuracy,OA,true,,,,candidate,Paper text links task 'Image classification' with extracted dataset/resource 'Attribute-Based Dataset'. Metric is inferred from task family; no score extracted.,source:paper-extraction|paper:cand1647|dataset_evidence:text_phrase,0.35,paper_text_candidate
paper_extracted_cand1647-task-image-classification-attribute-based-dataset-f1-score,cand1647,task_image_classification,Image classification,paper-extracted/attribute-based-dataset,Attribute-Based Dataset,f1_score,F1 Score,F1,true,,,,candidate,Paper text links task 'Image classification' with extracted dataset/resource 'Attribute-Based Dataset'. Metric is inferred from task family; no score extracted.,source:paper-extraction|paper:cand1647|dataset_evidence:text_phrase,0.35,paper_text_candidate
paper_extracted_cand1780-task-object-detection-multi-dimensional-and-multi-task-benchmark-mean-average-precision,cand1780,task_object_detection,Object detection,paper-extracted/multi-dimensional-and-multi-task-benchmark,Multi-Dimensional and Multi-Task Benchmark,mean_average_precision,Mean Average Precision,mAP,true,,,,candidate,Paper text links task 'Object detection' with extracted dataset/resource 'Multi-Dimensional and Multi-Task Benchmark'. Metric is inferred from task family; no score extracted.,source:paper-extraction|paper:cand1780|dataset_evidence:text_phrase,0.35,paper_text_candidate
paper_extracted_cand1780-task-object-detection-multi-dimensional-and-multi-task-benchmark-ap50,cand1780,task_object_detection,Object detection,paper-extracted/multi-dimensional-and-multi-task-benchmark,Multi-Dimensional and Multi-Task Benchmark,ap50,Average Precision at IoU 0.50,AP50,true,,,,candidate,Paper text links task 'Object detection' with extracted dataset/resource 'Multi-Dimensional and Multi-Task Benchmark'. Metric is inferred from task family; no score extracted.,source:paper-extraction|paper:cand1780|dataset_evidence:text_phrase,0.35,paper_text_candidate
paper_extracted_cand1780-task-image-classification-multi-dimensional-and-multi-task-benchmark-overall-accuracy,cand1780,task_image_classification,Image classification,paper-extracted/multi-dimensional-and-multi-task-benchmark,Multi-Dimensional and Multi-Task Benchmark,overall_accuracy,Overall Accuracy,OA,true,,,,candidate,Paper text links task 'Image classification' with extracted dataset/resource 'Multi-Dimensional and Multi-Task Benchmark'. Metric is inferred from task family; no score extracted.,source:paper-extraction|paper:cand1780|dataset_evidence:text_phrase,0.35,paper_text_candidate
paper_extracted_cand1780-task-image-classification-multi-dimensional-and-multi-task-benchmark-f1-score,cand1780,task_image_classification,Image classification,paper-extracted/multi-dimensional-and-multi-task-benchmark,Multi-Dimensional and Multi-Task Benchmark,f1_score,F1 Score,F1,true,,,,candidate,Paper text links task 'Image classification' with extracted dataset/resource 'Multi-Dimensional and Multi-Task Benchmark'. Metric is inferred from task family; no score extracted.,source:paper-extraction|paper:cand1780|dataset_evidence:text_phrase,0.35,paper_text_candidate
paper_extracted_cand1938-task-semantic-segmentation-eo4wildfires-dataset-mean-intersection-over-union,cand1938,task_semantic_segmentation,Semantic segmentation,paper-extracted/eo4wildfires-dataset,EO4WildFires Dataset,mean_intersection_over_union,Mean Intersection over Union,mIoU,true,,,,candidate,Paper text links task 'Semantic segmentation' with extracted dataset/resource 'EO4WildFires Dataset'. Metric is inferred from task family; no score extracted.,source:paper-extraction|paper:cand1938|dataset_evidence:text_phrase,0.35,paper_text_candidate
paper_extracted_cand1938-task-semantic-segmentation-eo4wildfires-dataset-f1-score,cand1938,task_semantic_segmentation,Semantic segmentation,paper-extracted/eo4wildfires-dataset,EO4WildFires Dataset,f1_score,F1 Score,F1,true,,,,candidate,Paper text links task 'Semantic segmentation' with extracted dataset/resource 'EO4WildFires Dataset'. Metric is inferred from task family; no score extracted.,source:paper-extraction|paper:cand1938|dataset_evidence:text_phrase,0.35,paper_text_candidate
paper_extracted_cand1938-task-change-detection-eo4wildfires-dataset-f1-score,cand1938,task_change_detection,Change detection,paper-extracted/eo4wildfires-dataset,EO4WildFires Dataset,f1_score,F1 Score,F1,true,,,,candidate,Paper text links task 'Change detection' with extracted dataset/resource 'EO4WildFires Dataset'. Metric is inferred from task family; no score extracted.,source:paper-extraction|paper:cand1938|dataset_evidence:text_phrase,0.35,paper_text_candidate
paper_extracted_cand1938-task-change-detection-eo4wildfires-dataset-mean-intersection-over-union,cand1938,task_change_detection,Change detection,paper-extracted/eo4wildfires-dataset,EO4WildFires Dataset,mean_intersection_over_union,Mean Intersection over Union,mIoU,true,,,,candidate,Paper text links task 'Change detection' with extracted dataset/resource 'EO4WildFires Dataset'. Metric is inferred from task family; no score extracted.,source:paper-extraction|paper:cand1938|dataset_evidence:text_phrase,0.35,paper_text_candidate
paper_extracted_cand2063-task-image-classification-meta-dataset-overall-accuracy,cand2063,task_image_classification,Image classification,paper-extracted/meta-dataset,Meta-Dataset,overall_accuracy,Overall Accuracy,OA,true,,,,candidate,Paper text links task 'Image classification' with extracted dataset/resource 'Meta-Dataset'. Metric is inferred from task family; no score extracted.,source:paper-extraction|paper:cand2063|dataset_evidence:named_token,0.35,paper_text_candidate
paper_extracted_cand2063-task-image-classification-meta-dataset-f1-score,cand2063,task_image_classification,Image classification,paper-extracted/meta-dataset,Meta-Dataset,f1_score,F1 Score,F1,true,,,,candidate,Paper text links task 'Image classification' with extracted dataset/resource 'Meta-Dataset'. Metric is inferred from task family; no score extracted.,source:paper-extraction|paper:cand2063|dataset_evidence:named_token,0.35,paper_text_candidate
paper_extracted_cand2370-task-semantic-segmentation-so2sat-lcz42-dataset-mean-intersection-over-union,cand2370,task_semantic_segmentation,Semantic segmentation,paper-extracted/so2sat-lcz42-dataset,So2Sat LCZ42 Dataset,mean_intersection_over_union,Mean Intersection over Union,mIoU,true,,,,candidate,Paper text links task 'Semantic segmentation' with extracted dataset/resource 'So2Sat LCZ42 Dataset'. Metric is inferred from task family; no score extracted.,source:paper-extraction|paper:cand2370|dataset_evidence:text_phrase,0.35,paper_text_candidate
paper_extracted_cand2370-task-semantic-segmentation-so2sat-lcz42-dataset-f1-score,cand2370,task_semantic_segmentation,Semantic segmentation,paper-extracted/so2sat-lcz42-dataset,So2Sat LCZ42 Dataset,f1_score,F1 Score,F1,true,,,,candidate,Paper text links task 'Semantic segmentation' with extracted dataset/resource 'So2Sat LCZ42 Dataset'. Metric is inferred from task family; no score extracted.,source:paper-extraction|paper:cand2370|dataset_evidence:text_phrase,0.35,paper_text_candidate
paper_extracted_cand2370-task-image-classification-so2sat-lcz42-dataset-overall-accuracy,cand2370,task_image_classification,Image classification,paper-extracted/so2sat-lcz42-dataset,So2Sat LCZ42 Dataset,overall_accuracy,Overall Accuracy,OA,true,,,,candidate,Paper text links task 'Image classification' with extracted dataset/resource 'So2Sat LCZ42 Dataset'. Metric is inferred from task family; no score extracted.,source:paper-extraction|paper:cand2370|dataset_evidence:text_phrase,0.35,paper_text_candidate
paper_extracted_cand2370-task-image-classification-so2sat-lcz42-dataset-f1-score,cand2370,task_image_classification,Image classification,paper-extracted/so2sat-lcz42-dataset,So2Sat LCZ42 Dataset,f1_score,F1 Score,F1,true,,,,candidate,Paper text links task 'Image classification' with extracted dataset/resource 'So2Sat LCZ42 Dataset'. Metric is inferred from task family; no score extracted.,source:paper-extraction|paper:cand2370|dataset_evidence:text_phrase,0.35,paper_text_candidate
paper_extracted_cand2370-task-depth-estimation-so2sat-lcz42-dataset-root-mean-squared-error,cand2370,task_depth_estimation,Depth estimation,paper-extracted/so2sat-lcz42-dataset,So2Sat LCZ42 Dataset,root_mean_squared_error,Root Mean Squared Error,RMSE,false,,,,candidate,Paper text links task 'Depth estimation' with extracted dataset/resource 'So2Sat LCZ42 Dataset'. Metric is inferred from task family; no score extracted.,source:paper-extraction|paper:cand2370|dataset_evidence:text_phrase,0.35,paper_text_candidate
paper_extracted_cand3045-task-object-detection-spatio-temporal-dataset-mean-average-precision,cand3045,task_object_detection,Object detection,paper-extracted/spatio-temporal-dataset,Spatio-Temporal Dataset,mean_average_precision,Mean Average Precision,mAP,true,,,,candidate,Paper text links task 'Object detection' with extracted dataset/resource 'Spatio-Temporal Dataset'. Metric is inferred from task family; no score extracted.,source:paper-extraction|paper:cand3045|dataset_evidence:text_phrase,0.35,paper_text_candidate
paper_extracted_cand3045-task-object-detection-spatio-temporal-dataset-ap50,cand3045,task_object_detection,Object detection,paper-extracted/spatio-temporal-dataset,Spatio-Temporal Dataset,ap50,Average Precision at IoU 0.50,AP50,true,,,,candidate,Paper text links task 'Object detection' with extracted dataset/resource 'Spatio-Temporal Dataset'. Metric is inferred from task family; no score extracted.,source:paper-extraction|paper:cand3045|dataset_evidence:text_phrase,0.35,paper_text_candidate
paper_extracted_cand3045-task-depth-estimation-spatio-temporal-dataset-root-mean-squared-error,cand3045,task_depth_estimation,Depth estimation,paper-extracted/spatio-temporal-dataset,Spatio-Temporal Dataset,root_mean_squared_error,Root Mean Squared Error,RMSE,false,,,,candidate,Paper text links task 'Depth estimation' with extracted dataset/resource 'Spatio-Temporal Dataset'. Metric is inferred from task family; no score extracted.,source:paper-extraction|paper:cand3045|dataset_evidence:text_phrase,0.35,paper_text_candidate
paper_extracted_cand3080-task-semantic-segmentation-large-scale-wind-turbine-dataset-mean-intersection-over-union,cand3080,task_semantic_segmentation,Semantic segmentation,paper-extracted/large-scale-wind-turbine-dataset,Large-Scale Wind Turbine Dataset,mean_intersection_over_union,Mean Intersection over Union,mIoU,true,,,,candidate,Paper text links task 'Semantic segmentation' with extracted dataset/resource 'Large-Scale Wind Turbine Dataset'. Metric is inferred from task family; no score extracted.,source:paper-extraction|paper:cand3080|dataset_evidence:text_phrase,0.35,paper_text_candidate
paper_extracted_cand3080-task-semantic-segmentation-large-scale-wind-turbine-dataset-f1-score,cand3080,task_semantic_segmentation,Semantic segmentation,paper-extracted/large-scale-wind-turbine-dataset,Large-Scale Wind Turbine Dataset,f1_score,F1 Score,F1,true,,,,candidate,Paper text links task 'Semantic segmentation' with extracted dataset/resource 'Large-Scale Wind Turbine Dataset'. Metric is inferred from task family; no score extracted.,source:paper-extraction|paper:cand3080|dataset_evidence:text_phrase,0.35,paper_text_candidate
paper_extracted_cand3080-task-object-detection-large-scale-wind-turbine-dataset-mean-average-precision,cand3080,task_object_detection,Object detection,paper-extracted/large-scale-wind-turbine-dataset,Large-Scale Wind Turbine Dataset,mean_average_precision,Mean Average Precision,mAP,true,,,,candidate,Paper text links task 'Object detection' with extracted dataset/resource 'Large-Scale Wind Turbine Dataset'. Metric is inferred from task family; no score extracted.,source:paper-extraction|paper:cand3080|dataset_evidence:text_phrase,0.35,paper_text_candidate
paper_extracted_cand3080-task-object-detection-large-scale-wind-turbine-dataset-ap50,cand3080,task_object_detection,Object detection,paper-extracted/large-scale-wind-turbine-dataset,Large-Scale Wind Turbine Dataset,ap50,Average Precision at IoU 0.50,AP50,true,,,,candidate,Paper text links task 'Object detection' with extracted dataset/resource 'Large-Scale Wind Turbine Dataset'. Metric is inferred from task family; no score extracted.,source:paper-extraction|paper:cand3080|dataset_evidence:text_phrase,0.35,paper_text_candidate
paper_extracted_cand3095-task-image-classification-clip-benchmark-overall-accuracy,cand3095,task_image_classification,Image classification,paper-extracted/clip-benchmark,CLIP Benchmark,overall_accuracy,Overall Accuracy,OA,true,,,,candidate,Paper text links task 'Image classification' with extracted dataset/resource 'CLIP Benchmark'. Metric is inferred from task family; no score extracted.,source:paper-extraction|paper:cand3095|dataset_evidence:text_phrase,0.35,paper_text_candidate
paper_extracted_cand3095-task-image-classification-clip-benchmark-f1-score,cand3095,task_image_classification,Image classification,paper-extracted/clip-benchmark,CLIP Benchmark,f1_score,F1 Score,F1,true,,,,candidate,Paper text links task 'Image classification' with extracted dataset/resource 'CLIP Benchmark'. Metric is inferred from task family; no score extracted.,source:paper-extraction|paper:cand3095|dataset_evidence:text_phrase,0.35,paper_text_candidate
paper_extracted_cand3138-task-image-classification-quasi-global-satellite-precipitation-dataset-overall-accuracy,cand3138,task_image_classification,Image classification,paper-extracted/quasi-global-satellite-precipitation-dataset,Quasi-Global Satellite Precipitation Dataset,overall_accuracy,Overall Accuracy,OA,true,,,,candidate,Paper text links task 'Image classification' with extracted dataset/resource 'Quasi-Global Satellite Precipitation Dataset'. Metric is inferred from task family; no score extracted.,source:paper-extraction|paper:cand3138|dataset_evidence:text_phrase,0.35,paper_text_candidate
paper_extracted_cand3138-task-image-classification-quasi-global-satellite-precipitation-dataset-f1-score,cand3138,task_image_classification,Image classification,paper-extracted/quasi-global-satellite-precipitation-dataset,Quasi-Global Satellite Precipitation Dataset,f1_score,F1 Score,F1,true,,,,candidate,Paper text links task 'Image classification' with extracted dataset/resource 'Quasi-Global Satellite Precipitation Dataset'. Metric is inferred from task family; no score extracted.,source:paper-extraction|paper:cand3138|dataset_evidence:text_phrase,0.35,paper_text_candidate
paper_extracted_cand3163-task-semantic-segmentation-spatial-temporal-spectral-structured-dataset-mean-intersection-over-union,cand3163,task_semantic_segmentation,Semantic segmentation,paper-extracted/spatial-temporal-spectral-structured-dataset,Spatial-Temporal-Spectral Structured Dataset,mean_intersection_over_union,Mean Intersection over Union,mIoU,true,,,,candidate,Paper text links task 'Semantic segmentation' with extracted dataset/resource 'Spatial-Temporal-Spectral Structured Dataset'. Metric is inferred from task family; no score extracted.,source:paper-extraction|paper:cand3163|dataset_evidence:text_phrase,0.35,paper_text_candidate
paper_extracted_cand3163-task-semantic-segmentation-spatial-temporal-spectral-structured-dataset-f1-score,cand3163,task_semantic_segmentation,Semantic segmentation,paper-extracted/spatial-temporal-spectral-structured-dataset,Spatial-Temporal-Spectral Structured Dataset,f1_score,F1 Score,F1,true,,,,candidate,Paper text links task 'Semantic segmentation' with extracted dataset/resource 'Spatial-Temporal-Spectral Structured Dataset'. Metric is inferred from task family; no score extracted.,source:paper-extraction|paper:cand3163|dataset_evidence:text_phrase,0.35,paper_text_candidate
paper_extracted_cand3163-task-change-detection-spatial-temporal-spectral-structured-dataset-f1-score,cand3163,task_change_detection,Change detection,paper-extracted/spatial-temporal-spectral-structured-dataset,Spatial-Temporal-Spectral Structured Dataset,f1_score,F1 Score,F1,true,,,,candidate,Paper text links task 'Change detection' with extracted dataset/resource 'Spatial-Temporal-Spectral Structured Dataset'. Metric is inferred from task family; no score extracted.,source:paper-extraction|paper:cand3163|dataset_evidence:text_phrase,0.35,paper_text_candidate
paper_extracted_cand3163-task-change-detection-spatial-temporal-spectral-structured-dataset-mean-intersection-over-union,cand3163,task_change_detection,Change detection,paper-extracted/spatial-temporal-spectral-structured-dataset,Spatial-Temporal-Spectral Structured Dataset,mean_intersection_over_union,Mean Intersection over Union,mIoU,true,,,,candidate,Paper text links task 'Change detection' with extracted dataset/resource 'Spatial-Temporal-Spectral Structured Dataset'. Metric is inferred from task family; no score extracted.,source:paper-extraction|paper:cand3163|dataset_evidence:text_phrase,0.35,paper_text_candidate
paper_extracted_cand3163-task-image-classification-spatial-temporal-spectral-structured-dataset-overall-accuracy,cand3163,task_image_classification,Image classification,paper-extracted/spatial-temporal-spectral-structured-dataset,Spatial-Temporal-Spectral Structured Dataset,overall_accuracy,Overall Accuracy,OA,true,,,,candidate,Paper text links task 'Image classification' with extracted dataset/resource 'Spatial-Temporal-Spectral Structured Dataset'. Metric is inferred from task family; no score extracted.,source:paper-extraction|paper:cand3163|dataset_evidence:text_phrase,0.35,paper_text_candidate
paper_extracted_cand3163-task-image-classification-spatial-temporal-spectral-structured-dataset-f1-score,cand3163,task_image_classification,Image classification,paper-extracted/spatial-temporal-spectral-structured-dataset,Spatial-Temporal-Spectral Structured Dataset,f1_score,F1 Score,F1,true,,,,candidate,Paper text links task 'Image classification' with extracted dataset/resource 'Spatial-Temporal-Spectral Structured Dataset'. Metric is inferred from task family; no score extracted.,source:paper-extraction|paper:cand3163|dataset_evidence:text_phrase,0.35,paper_text_candidate
paper_extracted_cand3169-task-depth-estimation-iarpa-2019-challenge-dataset-root-mean-squared-error,cand3169,task_depth_estimation,Depth estimation,paper-extracted/iarpa-2019-challenge-dataset,IARPA 2019 Challenge Dataset,root_mean_squared_error,Root Mean Squared Error,RMSE,false,,,,candidate,Paper text links task 'Depth estimation' with extracted dataset/resource 'IARPA 2019 Challenge Dataset'. Metric is inferred from task family; no score extracted.,source:paper-extraction|paper:cand3169|dataset_evidence:text_phrase,0.35,paper_text_candidate
paper_extracted_cand3203-task-object-detection-point-prompted-paradigm-and-benchmark-mean-average-precision,cand3203,task_object_detection,Object detection,paper-extracted/point-prompted-paradigm-and-benchmark,Point-Prompted Paradigm and Benchmark,mean_average_precision,Mean Average Precision,mAP,true,,,,candidate,Paper text links task 'Object detection' with extracted dataset/resource 'Point-Prompted Paradigm and Benchmark'. Metric is inferred from task family; no score extracted.,source:paper-extraction|paper:cand3203|dataset_evidence:text_phrase,0.35,paper_text_candidate
paper_extracted_cand3203-task-object-detection-point-prompted-paradigm-and-benchmark-ap50,cand3203,task_object_detection,Object detection,paper-extracted/point-prompted-paradigm-and-benchmark,Point-Prompted Paradigm and Benchmark,ap50,Average Precision at IoU 0.50,AP50,true,,,,candidate,Paper text links task 'Object detection' with extracted dataset/resource 'Point-Prompted Paradigm and Benchmark'. Metric is inferred from task family; no score extracted.,source:paper-extraction|paper:cand3203|dataset_evidence:text_phrase,0.35,paper_text_candidate
paper_extracted_cand3284-task-semantic-segmentation-hunan-mine-uav-dataset-mean-intersection-over-union,cand3284,task_semantic_segmentation,Semantic segmentation,paper-extracted/hunan-mine-uav-dataset,HUNAN Mine UAV Dataset,mean_intersection_over_union,Mean Intersection over Union,mIoU,true,,,,candidate,Paper text links task 'Semantic segmentation' with extracted dataset/resource 'HUNAN Mine UAV Dataset'. Metric is inferred from task family; no score extracted.,source:paper-extraction|paper:cand3284|dataset_evidence:text_phrase,0.35,paper_text_candidate
paper_extracted_cand3284-task-semantic-segmentation-hunan-mine-uav-dataset-f1-score,cand3284,task_semantic_segmentation,Semantic segmentation,paper-extracted/hunan-mine-uav-dataset,HUNAN Mine UAV Dataset,f1_score,F1 Score,F1,true,,,,candidate,Paper text links task 'Semantic segmentation' with extracted dataset/resource 'HUNAN Mine UAV Dataset'. Metric is inferred from task family; no score extracted.,source:paper-extraction|paper:cand3284|dataset_evidence:text_phrase,0.35,paper_text_candidate
paper_extracted_cand3299-task-image-classification-large-scale-and-diverse-dataset-overall-accuracy,cand3299,task_image_classification,Image classification,paper-extracted/large-scale-and-diverse-dataset,Large-Scale and Diverse Dataset,overall_accuracy,Overall Accuracy,OA,true,,,,candidate,Paper text links task 'Image classification' with extracted dataset/resource 'Large-Scale and Diverse Dataset'. Metric is inferred from task family; no score extracted.,source:paper-extraction|paper:cand3299|dataset_evidence:text_phrase,0.35,paper_text_candidate
paper_extracted_cand3299-task-image-classification-large-scale-and-diverse-dataset-f1-score,cand3299,task_image_classification,Image classification,paper-extracted/large-scale-and-diverse-dataset,Large-Scale and Diverse Dataset,f1_score,F1 Score,F1,true,,,,candidate,Paper text links task 'Image classification' with extracted dataset/resource 'Large-Scale and Diverse Dataset'. Metric is inferred from task family; no score extracted.,source:paper-extraction|paper:cand3299|dataset_evidence:text_phrase,0.35,paper_text_candidate
paper_extracted_cand3301-task-image-classification-volunteer-collected-biodiversity-datasets-overall-accuracy,cand3301,task_image_classification,Image classification,paper-extracted/volunteer-collected-biodiversity-datasets,Volunteer-Collected Biodiversity Datasets,overall_accuracy,Overall Accuracy,OA,true,,,,candidate,Paper text links task 'Image classification' with extracted dataset/resource 'Volunteer-Collected Biodiversity Datasets'. Metric is inferred from task family; no score extracted.,source:paper-extraction|paper:cand3301|dataset_evidence:text_phrase,0.35,paper_text_candidate
paper_extracted_cand3301-task-image-classification-volunteer-collected-biodiversity-datasets-f1-score,cand3301,task_image_classification,Image classification,paper-extracted/volunteer-collected-biodiversity-datasets,Volunteer-Collected Biodiversity Datasets,f1_score,F1 Score,F1,true,,,,candidate,Paper text links task 'Image classification' with extracted dataset/resource 'Volunteer-Collected Biodiversity Datasets'. Metric is inferred from task family; no score extracted.,source:paper-extraction|paper:cand3301|dataset_evidence:text_phrase,0.35,paper_text_candidate
paper_extracted_cand3467-task-semantic-segmentation-large-scale-multimodal-urban-digital-twin-benchmark-dataset-mean-intersection-over-union,cand3467,task_semantic_segmentation,Semantic segmentation,paper-extracted/large-scale-multimodal-urban-digital-twin-benchmark-dataset,Large-Scale Multimodal Urban Digital Twin Benchmark Dataset,mean_intersection_over_union,Mean Intersection over Union,mIoU,true,,,,candidate,Paper text links task 'Semantic segmentation' with extracted dataset/resource 'Large-Scale Multimodal Urban Digital Twin Benchmark Dataset'. Metric is inferred from task family; no score extracted.,source:paper-extraction|paper:cand3467|dataset_evidence:text_phrase,0.35,paper_text_candidate
paper_extracted_cand3467-task-semantic-segmentation-large-scale-multimodal-urban-digital-twin-benchmark-dataset-f1-score,cand3467,task_semantic_segmentation,Semantic segmentation,paper-extracted/large-scale-multimodal-urban-digital-twin-benchmark-dataset,Large-Scale Multimodal Urban Digital Twin Benchmark Dataset,f1_score,F1 Score,F1,true,,,,candidate,Paper text links task 'Semantic segmentation' with extracted dataset/resource 'Large-Scale Multimodal Urban Digital Twin Benchmark Dataset'. Metric is inferred from task family; no score extracted.,source:paper-extraction|paper:cand3467|dataset_evidence:text_phrase,0.35,paper_text_candidate
paper_extracted_cand3564-task-semantic-segmentation-small-in-domain-datasets-mean-intersection-over-union,cand3564,task_semantic_segmentation,Semantic segmentation,paper-extracted/small-in-domain-datasets,Small In-Domain Datasets,mean_intersection_over_union,Mean Intersection over Union,mIoU,true,,,,candidate,Paper text links task 'Semantic segmentation' with extracted dataset/resource 'Small In-Domain Datasets'. Metric is inferred from task family; no score extracted.,source:paper-extraction|paper:cand3564|dataset_evidence:text_phrase,0.35,paper_text_candidate
paper_extracted_cand3564-task-semantic-segmentation-small-in-domain-datasets-f1-score,cand3564,task_semantic_segmentation,Semantic segmentation,paper-extracted/small-in-domain-datasets,Small In-Domain Datasets,f1_score,F1 Score,F1,true,,,,candidate,Paper text links task 'Semantic segmentation' with extracted dataset/resource 'Small In-Domain Datasets'. Metric is inferred from task family; no score extracted.,source:paper-extraction|paper:cand3564|dataset_evidence:text_phrase,0.35,paper_text_candidate
paper_extracted_cand3564-task-image-classification-small-in-domain-datasets-overall-accuracy,cand3564,task_image_classification,Image classification,paper-extracted/small-in-domain-datasets,Small In-Domain Datasets,overall_accuracy,Overall Accuracy,OA,true,,,,candidate,Paper text links task 'Image classification' with extracted dataset/resource 'Small In-Domain Datasets'. Metric is inferred from task family; no score extracted.,source:paper-extraction|paper:cand3564|dataset_evidence:text_phrase,0.35,paper_text_candidate
paper_extracted_cand3564-task-image-classification-small-in-domain-datasets-f1-score,cand3564,task_image_classification,Image classification,paper-extracted/small-in-domain-datasets,Small In-Domain Datasets,f1_score,F1 Score,F1,true,,,,candidate,Paper text links task 'Image classification' with extracted dataset/resource 'Small In-Domain Datasets'. Metric is inferred from task family; no score extracted.,source:paper-extraction|paper:cand3564|dataset_evidence:text_phrase,0.35,paper_text_candidate
paper_extracted_cand4096-task-semantic-segmentation-2020-gaofen-challenge-mean-intersection-over-union,cand4096,task_semantic_segmentation,Semantic segmentation,paper-extracted/2020-gaofen-challenge,2020 Gaofen Challenge,mean_intersection_over_union,Mean Intersection over Union,mIoU,true,,,,candidate,Paper text links task 'Semantic segmentation' with extracted dataset/resource '2020 Gaofen Challenge'. Metric is inferred from task family; no score extracted.,source:paper-extraction|paper:cand4096|dataset_evidence:text_phrase,0.35,paper_text_candidate
paper_extracted_cand4096-task-semantic-segmentation-2020-gaofen-challenge-f1-score,cand4096,task_semantic_segmentation,Semantic segmentation,paper-extracted/2020-gaofen-challenge,2020 Gaofen Challenge,f1_score,F1 Score,F1,true,,,,candidate,Paper text links task 'Semantic segmentation' with extracted dataset/resource '2020 Gaofen Challenge'. Metric is inferred from task family; no score extracted.,source:paper-extraction|paper:cand4096|dataset_evidence:text_phrase,0.35,paper_text_candidate
paper_extracted_cand4096-task-change-detection-2020-gaofen-challenge-f1-score,cand4096,task_change_detection,Change detection,paper-extracted/2020-gaofen-challenge,2020 Gaofen Challenge,f1_score,F1 Score,F1,true,,,,candidate,Paper text links task 'Change detection' with extracted dataset/resource '2020 Gaofen Challenge'. Metric is inferred from task family; no score extracted.,source:paper-extraction|paper:cand4096|dataset_evidence:text_phrase,0.35,paper_text_candidate
paper_extracted_cand4096-task-change-detection-2020-gaofen-challenge-mean-intersection-over-union,cand4096,task_change_detection,Change detection,paper-extracted/2020-gaofen-challenge,2020 Gaofen Challenge,mean_intersection_over_union,Mean Intersection over Union,mIoU,true,,,,candidate,Paper text links task 'Change detection' with extracted dataset/resource '2020 Gaofen Challenge'. Metric is inferred from task family; no score extracted.,source:paper-extraction|paper:cand4096|dataset_evidence:text_phrase,0.35,paper_text_candidate
paper_extracted_cand4189-task-object-detection-kompsat-3-3a-image-text-dataset-mean-average-precision,cand4189,task_object_detection,Object detection,paper-extracted/kompsat-3-3a-image-text-dataset,KOMPSAT-3/3A Image-text Dataset,mean_average_precision,Mean Average Precision,mAP,true,,,,candidate,Paper text links task 'Object detection' with extracted dataset/resource 'KOMPSAT-3/3A Image-text Dataset'. Metric is inferred from task family; no score extracted.,source:paper-extraction|paper:cand4189|dataset_evidence:text_phrase,0.35,paper_text_candidate
paper_extracted_cand4189-task-object-detection-kompsat-3-3a-image-text-dataset-ap50,cand4189,task_object_detection,Object detection,paper-extracted/kompsat-3-3a-image-text-dataset,KOMPSAT-3/3A Image-text Dataset,ap50,Average Precision at IoU 0.50,AP50,true,,,,candidate,Paper text links task 'Object detection' with extracted dataset/resource 'KOMPSAT-3/3A Image-text Dataset'. Metric is inferred from task family; no score extracted.,source:paper-extraction|paper:cand4189|dataset_evidence:text_phrase,0.35,paper_text_candidate
paper_extracted_cand4189-task-change-detection-kompsat-3-3a-image-text-dataset-f1-score,cand4189,task_change_detection,Change detection,paper-extracted/kompsat-3-3a-image-text-dataset,KOMPSAT-3/3A Image-text Dataset,f1_score,F1 Score,F1,true,,,,candidate,Paper text links task 'Change detection' with extracted dataset/resource 'KOMPSAT-3/3A Image-text Dataset'. Metric is inferred from task family; no score extracted.,source:paper-extraction|paper:cand4189|dataset_evidence:text_phrase,0.35,paper_text_candidate
paper_extracted_cand4189-task-change-detection-kompsat-3-3a-image-text-dataset-mean-intersection-over-union,cand4189,task_change_detection,Change detection,paper-extracted/kompsat-3-3a-image-text-dataset,KOMPSAT-3/3A Image-text Dataset,mean_intersection_over_union,Mean Intersection over Union,mIoU,true,,,,candidate,Paper text links task 'Change detection' with extracted dataset/resource 'KOMPSAT-3/3A Image-text Dataset'. Metric is inferred from task family; no score extracted.,source:paper-extraction|paper:cand4189|dataset_evidence:text_phrase,0.35,paper_text_candidate
paper_extracted_cand4244-task-semantic-segmentation-multitemporal-large-scale-sentinel-2-benchmark-dataset-mean-intersection-over-union,cand4244,task_semantic_segmentation,Semantic segmentation,paper-extracted/multitemporal-large-scale-sentinel-2-benchmark-dataset,Multitemporal Large-Scale Sentinel-2 Benchmark Dataset,mean_intersection_over_union,Mean Intersection over Union,mIoU,true,,,,candidate,Paper text links task 'Semantic segmentation' with extracted dataset/resource 'Multitemporal Large-Scale Sentinel-2 Benchmark Dataset'. Metric is inferred from task family; no score extracted.,source:paper-extraction|paper:cand4244|dataset_evidence:text_phrase,0.35,paper_text_candidate
paper_extracted_cand4244-task-semantic-segmentation-multitemporal-large-scale-sentinel-2-benchmark-dataset-f1-score,cand4244,task_semantic_segmentation,Semantic segmentation,paper-extracted/multitemporal-large-scale-sentinel-2-benchmark-dataset,Multitemporal Large-Scale Sentinel-2 Benchmark Dataset,f1_score,F1 Score,F1,true,,,,candidate,Paper text links task 'Semantic segmentation' with extracted dataset/resource 'Multitemporal Large-Scale Sentinel-2 Benchmark Dataset'. Metric is inferred from task family; no score extracted.,source:paper-extraction|paper:cand4244|dataset_evidence:text_phrase,0.35,paper_text_candidate
paper_extracted_cand4244-task-image-classification-multitemporal-large-scale-sentinel-2-benchmark-dataset-overall-accuracy,cand4244,task_image_classification,Image classification,paper-extracted/multitemporal-large-scale-sentinel-2-benchmark-dataset,Multitemporal Large-Scale Sentinel-2 Benchmark Dataset,overall_accuracy,Overall Accuracy,OA,true,,,,candidate,Paper text links task 'Image classification' with extracted dataset/resource 'Multitemporal Large-Scale Sentinel-2 Benchmark Dataset'. Metric is inferred from task family; no score extracted.,source:paper-extraction|paper:cand4244|dataset_evidence:text_phrase,0.35,paper_text_candidate
paper_extracted_cand4244-task-image-classification-multitemporal-large-scale-sentinel-2-benchmark-dataset-f1-score,cand4244,task_image_classification,Image classification,paper-extracted/multitemporal-large-scale-sentinel-2-benchmark-dataset,Multitemporal Large-Scale Sentinel-2 Benchmark Dataset,f1_score,F1 Score,F1,true,,,,candidate,Paper text links task 'Image classification' with extracted dataset/resource 'Multitemporal Large-Scale Sentinel-2 Benchmark Dataset'. Metric is inferred from task family; no score extracted.,source:paper-extraction|paper:cand4244|dataset_evidence:text_phrase,0.35,paper_text_candidate
paper_extracted_cand4245-task-object-detection-hybrid-uav-based-human-detection-benchmark-mean-average-precision,cand4245,task_object_detection,Object detection,paper-extracted/hybrid-uav-based-human-detection-benchmark,Hybrid UAV-Based Human Detection Benchmark,mean_average_precision,Mean Average Precision,mAP,true,,,,candidate,Paper text links task 'Object detection' with extracted dataset/resource 'Hybrid UAV-Based Human Detection Benchmark'. Metric is inferred from task family; no score extracted.,source:paper-extraction|paper:cand4245|dataset_evidence:text_phrase,0.35,paper_text_candidate
paper_extracted_cand4245-task-object-detection-hybrid-uav-based-human-detection-benchmark-ap50,cand4245,task_object_detection,Object detection,paper-extracted/hybrid-uav-based-human-detection-benchmark,Hybrid UAV-Based Human Detection Benchmark,ap50,Average Precision at IoU 0.50,AP50,true,,,,candidate,Paper text links task 'Object detection' with extracted dataset/resource 'Hybrid UAV-Based Human Detection Benchmark'. Metric is inferred from task family; no score extracted.,source:paper-extraction|paper:cand4245|dataset_evidence:text_phrase,0.35,paper_text_candidate
paper_extracted_cand4253-task-semantic-segmentation-sea-ice-segmentation-of-2021-gaofen-challenge-mean-intersection-over-union,cand4253,task_semantic_segmentation,Semantic segmentation,paper-extracted/sea-ice-segmentation-of-2021-gaofen-challenge,Sea-Ice Segmentation of 2021 Gaofen Challenge,mean_intersection_over_union,Mean Intersection over Union,mIoU,true,,,,candidate,Paper text links task 'Semantic segmentation' with extracted dataset/resource 'Sea-Ice Segmentation of 2021 Gaofen Challenge'. Metric is inferred from task family; no score extracted.,source:paper-extraction|paper:cand4253|dataset_evidence:text_phrase,0.35,paper_text_candidate
paper_extracted_cand4253-task-semantic-segmentation-sea-ice-segmentation-of-2021-gaofen-challenge-f1-score,cand4253,task_semantic_segmentation,Semantic segmentation,paper-extracted/sea-ice-segmentation-of-2021-gaofen-challenge,Sea-Ice Segmentation of 2021 Gaofen Challenge,f1_score,F1 Score,F1,true,,,,candidate,Paper text links task 'Semantic segmentation' with extracted dataset/resource 'Sea-Ice Segmentation of 2021 Gaofen Challenge'. Metric is inferred from task family; no score extracted.,source:paper-extraction|paper:cand4253|dataset_evidence:text_phrase,0.35,paper_text_candidate
paper_extracted_cand4253-task-object-detection-sea-ice-segmentation-of-2021-gaofen-challenge-mean-average-precision,cand4253,task_object_detection,Object detection,paper-extracted/sea-ice-segmentation-of-2021-gaofen-challenge,Sea-Ice Segmentation of 2021 Gaofen Challenge,mean_average_precision,Mean Average Precision,mAP,true,,,,candidate,Paper text links task 'Object detection' with extracted dataset/resource 'Sea-Ice Segmentation of 2021 Gaofen Challenge'. Metric is inferred from task family; no score extracted.,source:paper-extraction|paper:cand4253|dataset_evidence:text_phrase,0.35,paper_text_candidate
paper_extracted_cand4253-task-object-detection-sea-ice-segmentation-of-2021-gaofen-challenge-ap50,cand4253,task_object_detection,Object detection,paper-extracted/sea-ice-segmentation-of-2021-gaofen-challenge,Sea-Ice Segmentation of 2021 Gaofen Challenge,ap50,Average Precision at IoU 0.50,AP50,true,,,,candidate,Paper text links task 'Object detection' with extracted dataset/resource 'Sea-Ice Segmentation of 2021 Gaofen Challenge'. Metric is inferred from task family; no score extracted.,source:paper-extraction|paper:cand4253|dataset_evidence:text_phrase,0.35,paper_text_candidate
paper_extracted_cand4353-task-semantic-segmentation-2024-ey-open-science-data-challenge-mean-intersection-over-union,cand4353,task_semantic_segmentation,Semantic segmentation,paper-extracted/2024-ey-open-science-data-challenge,2024 EY Open Science Data Challenge,mean_intersection_over_union,Mean Intersection over Union,mIoU,true,,,,candidate,Paper text links task 'Semantic segmentation' with extracted dataset/resource '2024 EY Open Science Data Challenge'. Metric is inferred from task family; no score extracted.,source:paper-extraction|paper:cand4353|dataset_evidence:text_phrase,0.35,paper_text_candidate
paper_extracted_cand4353-task-semantic-segmentation-2024-ey-open-science-data-challenge-f1-score,cand4353,task_semantic_segmentation,Semantic segmentation,paper-extracted/2024-ey-open-science-data-challenge,2024 EY Open Science Data Challenge,f1_score,F1 Score,F1,true,,,,candidate,Paper text links task 'Semantic segmentation' with extracted dataset/resource '2024 EY Open Science Data Challenge'. Metric is inferred from task family; no score extracted.,source:paper-extraction|paper:cand4353|dataset_evidence:text_phrase,0.35,paper_text_candidate
paper_extracted_cand4353-task-object-detection-2024-ey-open-science-data-challenge-mean-average-precision,cand4353,task_object_detection,Object detection,paper-extracted/2024-ey-open-science-data-challenge,2024 EY Open Science Data Challenge,mean_average_precision,Mean Average Precision,mAP,true,,,,candidate,Paper text links task 'Object detection' with extracted dataset/resource '2024 EY Open Science Data Challenge'. Metric is inferred from task family; no score extracted.,source:paper-extraction|paper:cand4353|dataset_evidence:text_phrase,0.35,paper_text_candidate
paper_extracted_cand4353-task-object-detection-2024-ey-open-science-data-challenge-ap50,cand4353,task_object_detection,Object detection,paper-extracted/2024-ey-open-science-data-challenge,2024 EY Open Science Data Challenge,ap50,Average Precision at IoU 0.50,AP50,true,,,,candidate,Paper text links task 'Object detection' with extracted dataset/resource '2024 EY Open Science Data Challenge'. Metric is inferred from task family; no score extracted.,source:paper-extraction|paper:cand4353|dataset_evidence:text_phrase,0.35,paper_text_candidate
paper_extracted_cand4353-task-change-detection-2024-ey-open-science-data-challenge-f1-score,cand4353,task_change_detection,Change detection,paper-extracted/2024-ey-open-science-data-challenge,2024 EY Open Science Data Challenge,f1_score,F1 Score,F1,true,,,,candidate,Paper text links task 'Change detection' with extracted dataset/resource '2024 EY Open Science Data Challenge'. Metric is inferred from task family; no score extracted.,source:paper-extraction|paper:cand4353|dataset_evidence:text_phrase,0.35,paper_text_candidate
paper_extracted_cand4353-task-change-detection-2024-ey-open-science-data-challenge-mean-intersection-over-union,cand4353,task_change_detection,Change detection,paper-extracted/2024-ey-open-science-data-challenge,2024 EY Open Science Data Challenge,mean_intersection_over_union,Mean Intersection over Union,mIoU,true,,,,candidate,Paper text links task 'Change detection' with extracted dataset/resource '2024 EY Open Science Data Challenge'. Metric is inferred from task family; no score extracted.,source:paper-extraction|paper:cand4353|dataset_evidence:text_phrase,0.35,paper_text_candidate
paper_extracted_cand4421-task-semantic-segmentation-2020-gaofen-challenge-mean-intersection-over-union,cand4421,task_semantic_segmentation,Semantic segmentation,paper-extracted/2020-gaofen-challenge,2020 Gaofen Challenge,mean_intersection_over_union,Mean Intersection over Union,mIoU,true,,,,candidate,Paper text links task 'Semantic segmentation' with extracted dataset/resource '2020 Gaofen Challenge'. Metric is inferred from task family; no score extracted.,source:paper-extraction|paper:cand4421|dataset_evidence:text_phrase,0.35,paper_text_candidate
paper_extracted_cand4421-task-semantic-segmentation-2020-gaofen-challenge-f1-score,cand4421,task_semantic_segmentation,Semantic segmentation,paper-extracted/2020-gaofen-challenge,2020 Gaofen Challenge,f1_score,F1 Score,F1,true,,,,candidate,Paper text links task 'Semantic segmentation' with extracted dataset/resource '2020 Gaofen Challenge'. Metric is inferred from task family; no score extracted.,source:paper-extraction|paper:cand4421|dataset_evidence:text_phrase,0.35,paper_text_candidate
paper_extracted_cand4421-task-image-classification-2020-gaofen-challenge-overall-accuracy,cand4421,task_image_classification,Image classification,paper-extracted/2020-gaofen-challenge,2020 Gaofen Challenge,overall_accuracy,Overall Accuracy,OA,true,,,,candidate,Paper text links task 'Image classification' with extracted dataset/resource '2020 Gaofen Challenge'. Metric is inferred from task family; no score extracted.,source:paper-extraction|paper:cand4421|dataset_evidence:text_phrase,0.35,paper_text_candidate
paper_extracted_cand4421-task-image-classification-2020-gaofen-challenge-f1-score,cand4421,task_image_classification,Image classification,paper-extracted/2020-gaofen-challenge,2020 Gaofen Challenge,f1_score,F1 Score,F1,true,,,,candidate,Paper text links task 'Image classification' with extracted dataset/resource '2020 Gaofen Challenge'. Metric is inferred from task family; no score extracted.,source:paper-extraction|paper:cand4421|dataset_evidence:text_phrase,0.35,paper_text_candidate
paper_extracted_cand4597-task-change-detection-global-era5-based-tropical-cyclone-wind-field-dataset-f1-score,cand4597,task_change_detection,Change detection,paper-extracted/global-era5-based-tropical-cyclone-wind-field-dataset,Global ERA5-based Tropical Cyclone Wind Field Dataset,f1_score,F1 Score,F1,true,,,,candidate,Paper text links task 'Change detection' with extracted dataset/resource 'Global ERA5-based Tropical Cyclone Wind Field Dataset'. Metric is inferred from task family; no score extracted.,source:paper-extraction|paper:cand4597|dataset_evidence:text_phrase,0.35,paper_text_candidate
paper_extracted_cand4597-task-change-detection-global-era5-based-tropical-cyclone-wind-field-dataset-mean-intersection-over-union,cand4597,task_change_detection,Change detection,paper-extracted/global-era5-based-tropical-cyclone-wind-field-dataset,Global ERA5-based Tropical Cyclone Wind Field Dataset,mean_intersection_over_union,Mean Intersection over Union,mIoU,true,,,,candidate,Paper text links task 'Change detection' with extracted dataset/resource 'Global ERA5-based Tropical Cyclone Wind Field Dataset'. Metric is inferred from task family; no score extracted.,source:paper-extraction|paper:cand4597|dataset_evidence:text_phrase,0.35,paper_text_candidate
paper_extracted_cand4602-task-image-classification-mrl-eye-dataset-overall-accuracy,cand4602,task_image_classification,Image classification,paper-extracted/mrl-eye-dataset,MRL Eye Dataset,overall_accuracy,Overall Accuracy,OA,true,,,,candidate,Paper text links task 'Image classification' with extracted dataset/resource 'MRL Eye Dataset'. Metric is inferred from task family; no score extracted.,source:paper-extraction|paper:cand4602|dataset_evidence:text_phrase,0.35,paper_text_candidate
paper_extracted_cand4602-task-image-classification-mrl-eye-dataset-f1-score,cand4602,task_image_classification,Image classification,paper-extracted/mrl-eye-dataset,MRL Eye Dataset,f1_score,F1 Score,F1,true,,,,candidate,Paper text links task 'Image classification' with extracted dataset/resource 'MRL Eye Dataset'. Metric is inferred from task family; no score extracted.,source:paper-extraction|paper:cand4602|dataset_evidence:text_phrase,0.35,paper_text_candidate
paper_extracted_cand4835-task-semantic-segmentation-ku-river-dataset-mean-intersection-over-union,cand4835,task_semantic_segmentation,Semantic segmentation,paper-extracted/ku-river-dataset,KU River Dataset,mean_intersection_over_union,Mean Intersection over Union,mIoU,true,,,,candidate,Paper text links task 'Semantic segmentation' with extracted dataset/resource 'KU River Dataset'. Metric is inferred from task family; no score extracted.,source:paper-extraction|paper:cand4835|dataset_evidence:text_phrase,0.35,paper_text_candidate
paper_extracted_cand4835-task-semantic-segmentation-ku-river-dataset-f1-score,cand4835,task_semantic_segmentation,Semantic segmentation,paper-extracted/ku-river-dataset,KU River Dataset,f1_score,F1 Score,F1,true,,,,candidate,Paper text links task 'Semantic segmentation' with extracted dataset/resource 'KU River Dataset'. Metric is inferred from task family; no score extracted.,source:paper-extraction|paper:cand4835|dataset_evidence:text_phrase,0.35,paper_text_candidate
paper_extracted_cand4835-task-change-detection-ku-river-dataset-f1-score,cand4835,task_change_detection,Change detection,paper-extracted/ku-river-dataset,KU River Dataset,f1_score,F1 Score,F1,true,,,,candidate,Paper text links task 'Change detection' with extracted dataset/resource 'KU River Dataset'. Metric is inferred from task family; no score extracted.,source:paper-extraction|paper:cand4835|dataset_evidence:text_phrase,0.35,paper_text_candidate
paper_extracted_cand4835-task-change-detection-ku-river-dataset-mean-intersection-over-union,cand4835,task_change_detection,Change detection,paper-extracted/ku-river-dataset,KU River Dataset,mean_intersection_over_union,Mean Intersection over Union,mIoU,true,,,,candidate,Paper text links task 'Change detection' with extracted dataset/resource 'KU River Dataset'. Metric is inferred from task family; no score extracted.,source:paper-extraction|paper:cand4835|dataset_evidence:text_phrase,0.35,paper_text_candidate
paper_extracted_cand5110-task-semantic-segmentation-technical-report-for-cvpr-2024-weatherproof-dataset-mean-intersection-over-union,cand5110,task_semantic_segmentation,Semantic segmentation,paper-extracted/technical-report-for-cvpr-2024-weatherproof-dataset,Technical Report for CVPR 2024 WeatherProof Dataset,mean_intersection_over_union,Mean Intersection over Union,mIoU,true,,,,candidate,Paper text links task 'Semantic segmentation' with extracted dataset/resource 'Technical Report for CVPR 2024 WeatherProof Dataset'. Metric is inferred from task family; no score extracted.,source:paper-extraction|paper:cand5110|dataset_evidence:text_phrase,0.35,paper_text_candidate
paper_extracted_cand5110-task-semantic-segmentation-technical-report-for-cvpr-2024-weatherproof-dataset-f1-score,cand5110,task_semantic_segmentation,Semantic segmentation,paper-extracted/technical-report-for-cvpr-2024-weatherproof-dataset,Technical Report for CVPR 2024 WeatherProof Dataset,f1_score,F1 Score,F1,true,,,,candidate,Paper text links task 'Semantic segmentation' with extracted dataset/resource 'Technical Report for CVPR 2024 WeatherProof Dataset'. Metric is inferred from task family; no score extracted.,source:paper-extraction|paper:cand5110|dataset_evidence:text_phrase,0.35,paper_text_candidate
paper_extracted_cand5110-task-semantic-segmentation-24-ug2-weatherproof-dataset-challenge-mean-intersection-over-union,cand5110,task_semantic_segmentation,Semantic segmentation,paper-extracted/24-ug2-weatherproof-dataset-challenge,24 UG2 WeatherProof Dataset Challenge,mean_intersection_over_union,Mean Intersection over Union,mIoU,true,,,,candidate,Paper text links task 'Semantic segmentation' with extracted dataset/resource '24 UG2 WeatherProof Dataset Challenge'. Metric is inferred from task family; no score extracted.,source:paper-extraction|paper:cand5110|dataset_evidence:text_phrase,0.35,paper_text_candidate
paper_extracted_cand5110-task-semantic-segmentation-24-ug2-weatherproof-dataset-challenge-f1-score,cand5110,task_semantic_segmentation,Semantic segmentation,paper-extracted/24-ug2-weatherproof-dataset-challenge,24 UG2 WeatherProof Dataset Challenge,f1_score,F1 Score,F1,true,,,,candidate,Paper text links task 'Semantic segmentation' with extracted dataset/resource '24 UG2 WeatherProof Dataset Challenge'. Metric is inferred from task family; no score extracted.,source:paper-extraction|paper:cand5110|dataset_evidence:text_phrase,0.35,paper_text_candidate
paper_extracted_cand5265-task-semantic-segmentation-paired-dataset-mean-intersection-over-union,cand5265,task_semantic_segmentation,Semantic segmentation,paper-extracted/paired-dataset,Paired-Dataset,mean_intersection_over_union,Mean Intersection over Union,mIoU,true,,,,candidate,Paper text links task 'Semantic segmentation' with extracted dataset/resource 'Paired-Dataset'. Metric is inferred from task family; no score extracted.,source:paper-extraction|paper:cand5265|dataset_evidence:named_token,0.35,paper_text_candidate
paper_extracted_cand5265-task-semantic-segmentation-paired-dataset-f1-score,cand5265,task_semantic_segmentation,Semantic segmentation,paper-extracted/paired-dataset,Paired-Dataset,f1_score,F1 Score,F1,true,,,,candidate,Paper text links task 'Semantic segmentation' with extracted dataset/resource 'Paired-Dataset'. Metric is inferred from task family; no score extracted.,source:paper-extraction|paper:cand5265|dataset_evidence:named_token,0.35,paper_text_candidate
paper_extracted_cand5315-task-geo-localization-4th-in-the-uavm2024-challenge-recall-at-1,cand5315,task_geo_localization,Geo-localization,paper-extracted/4th-in-the-uavm2024-challenge,4th in the UAVM2024 Challenge,recall_at_1,Recall@1,R@1,true,,,,candidate,Paper text links task 'Geo-localization' with extracted dataset/resource '4th in the UAVM2024 Challenge'. Metric is inferred from task family; no score extracted.,source:paper-extraction|paper:cand5315|dataset_evidence:text_phrase,0.35,paper_text_candidate
paper_extracted_cand5335-task-semantic-segmentation-hyperfm250k-subset-hyperfm-dataset-mean-intersection-over-union,cand5335,task_semantic_segmentation,Semantic segmentation,paper-extracted/hyperfm250k-subset-hyperfm-dataset,HyperFM250k_subset HyperFM Dataset,mean_intersection_over_union,Mean Intersection over Union,mIoU,true,,,,candidate,Paper text links task 'Semantic segmentation' with extracted dataset/resource 'HyperFM250k_subset HyperFM Dataset'. Metric is inferred from task family; no score extracted.,source:paper-extraction|paper:cand5335|dataset_evidence:text_phrase,0.35,paper_text_candidate
paper_extracted_cand5335-task-semantic-segmentation-hyperfm250k-subset-hyperfm-dataset-f1-score,cand5335,task_semantic_segmentation,Semantic segmentation,paper-extracted/hyperfm250k-subset-hyperfm-dataset,HyperFM250k_subset HyperFM Dataset,f1_score,F1 Score,F1,true,,,,candidate,Paper text links task 'Semantic segmentation' with extracted dataset/resource 'HyperFM250k_subset HyperFM Dataset'. Metric is inferred from task family; no score extracted.,source:paper-extraction|paper:cand5335|dataset_evidence:text_phrase,0.35,paper_text_candidate
paper_extracted_cand5491-task-object-detection-ship-dataset-mean-average-precision,cand5491,task_object_detection,Object detection,paper-extracted/ship-dataset,Ship-Dataset,mean_average_precision,Mean Average Precision,mAP,true,,,,candidate,Paper text links task 'Object detection' with extracted dataset/resource 'Ship-Dataset'. Metric is inferred from task family; no score extracted.,source:paper-extraction|paper:cand5491|dataset_evidence:named_token,0.35,paper_text_candidate
paper_extracted_cand5491-task-object-detection-ship-dataset-ap50,cand5491,task_object_detection,Object detection,paper-extracted/ship-dataset,Ship-Dataset,ap50,Average Precision at IoU 0.50,AP50,true,,,,candidate,Paper text links task 'Object detection' with extracted dataset/resource 'Ship-Dataset'. Metric is inferred from task family; no score extracted.,source:paper-extraction|paper:cand5491|dataset_evidence:named_token,0.35,paper_text_candidate
paper_extracted_cand5491-task-depth-estimation-ship-dataset-root-mean-squared-error,cand5491,task_depth_estimation,Depth estimation,paper-extracted/ship-dataset,Ship-Dataset,root_mean_squared_error,Root Mean Squared Error,RMSE,false,,,,candidate,Paper text links task 'Depth estimation' with extracted dataset/resource 'Ship-Dataset'. Metric is inferred from task family; no score extracted.,source:paper-extraction|paper:cand5491|dataset_evidence:named_token,0.35,paper_text_candidate
paper_extracted_cand5534-task-image-classification-luwa-dataset-overall-accuracy,cand5534,task_image_classification,Image classification,paper-extracted/luwa-dataset,LUWA Dataset,overall_accuracy,Overall Accuracy,OA,true,,,,candidate,Paper text links task 'Image classification' with extracted dataset/resource 'LUWA Dataset'. Metric is inferred from task family; no score extracted.,source:paper-extraction|paper:cand5534|dataset_evidence:text_phrase,0.35,paper_text_candidate
paper_extracted_cand5534-task-image-classification-luwa-dataset-f1-score,cand5534,task_image_classification,Image classification,paper-extracted/luwa-dataset,LUWA Dataset,f1_score,F1 Score,F1,true,,,,candidate,Paper text links task 'Image classification' with extracted dataset/resource 'LUWA Dataset'. Metric is inferred from task family; no score extracted.,source:paper-extraction|paper:cand5534|dataset_evidence:text_phrase,0.35,paper_text_candidate
paper_extracted_cand5558-task-semantic-segmentation-attention-residual-network-and-new-cross-scene-dataset-mean-intersection-over-union,cand5558,task_semantic_segmentation,Semantic segmentation,paper-extracted/attention-residual-network-and-new-cross-scene-dataset,Attention Residual Network and New Cross-Scene Dataset,mean_intersection_over_union,Mean Intersection over Union,mIoU,true,,,,candidate,Paper text links task 'Semantic segmentation' with extracted dataset/resource 'Attention Residual Network and New Cross-Scene Dataset'. Metric is inferred from task family; no score extracted.,source:paper-extraction|paper:cand5558|dataset_evidence:text_phrase,0.35,paper_text_candidate
paper_extracted_cand5558-task-semantic-segmentation-attention-residual-network-and-new-cross-scene-dataset-f1-score,cand5558,task_semantic_segmentation,Semantic segmentation,paper-extracted/attention-residual-network-and-new-cross-scene-dataset,Attention Residual Network and New Cross-Scene Dataset,f1_score,F1 Score,F1,true,,,,candidate,Paper text links task 'Semantic segmentation' with extracted dataset/resource 'Attention Residual Network and New Cross-Scene Dataset'. Metric is inferred from task family; no score extracted.,source:paper-extraction|paper:cand5558|dataset_evidence:text_phrase,0.35,paper_text_candidate
paper_extracted_cand5558-task-image-classification-attention-residual-network-and-new-cross-scene-dataset-overall-accuracy,cand5558,task_image_classification,Image classification,paper-extracted/attention-residual-network-and-new-cross-scene-dataset,Attention Residual Network and New Cross-Scene Dataset,overall_accuracy,Overall Accuracy,OA,true,,,,candidate,Paper text links task 'Image classification' with extracted dataset/resource 'Attention Residual Network and New Cross-Scene Dataset'. Metric is inferred from task family; no score extracted.,source:paper-extraction|paper:cand5558|dataset_evidence:text_phrase,0.35,paper_text_candidate
paper_extracted_cand5558-task-image-classification-attention-residual-network-and-new-cross-scene-dataset-f1-score,cand5558,task_image_classification,Image classification,paper-extracted/attention-residual-network-and-new-cross-scene-dataset,Attention Residual Network and New Cross-Scene Dataset,f1_score,F1 Score,F1,true,,,,candidate,Paper text links task 'Image classification' with extracted dataset/resource 'Attention Residual Network and New Cross-Scene Dataset'. Metric is inferred from task family; no score extracted.,source:paper-extraction|paper:cand5558|dataset_evidence:text_phrase,0.35,paper_text_candidate
paper_extracted_cand5663-task-semantic-segmentation-high-resolution-gaofen-3-fusar-map-dataset-mean-intersection-over-union,cand5663,task_semantic_segmentation,Semantic segmentation,paper-extracted/high-resolution-gaofen-3-fusar-map-dataset,High-Resolution Gaofen-3 FUSAR-Map Dataset,mean_intersection_over_union,Mean Intersection over Union,mIoU,true,,,,candidate,Paper text links task 'Semantic segmentation' with extracted dataset/resource 'High-Resolution Gaofen-3 FUSAR-Map Dataset'. Metric is inferred from task family; no score extracted.,source:paper-extraction|paper:cand5663|dataset_evidence:text_phrase,0.35,paper_text_candidate
paper_extracted_cand5663-task-semantic-segmentation-high-resolution-gaofen-3-fusar-map-dataset-f1-score,cand5663,task_semantic_segmentation,Semantic segmentation,paper-extracted/high-resolution-gaofen-3-fusar-map-dataset,High-Resolution Gaofen-3 FUSAR-Map Dataset,f1_score,F1 Score,F1,true,,,,candidate,Paper text links task 'Semantic segmentation' with extracted dataset/resource 'High-Resolution Gaofen-3 FUSAR-Map Dataset'. Metric is inferred from task family; no score extracted.,source:paper-extraction|paper:cand5663|dataset_evidence:text_phrase,0.35,paper_text_candidate
paper_extracted_cand5663-task-image-classification-high-resolution-gaofen-3-fusar-map-dataset-overall-accuracy,cand5663,task_image_classification,Image classification,paper-extracted/high-resolution-gaofen-3-fusar-map-dataset,High-Resolution Gaofen-3 FUSAR-Map Dataset,overall_accuracy,Overall Accuracy,OA,true,,,,candidate,Paper text links task 'Image classification' with extracted dataset/resource 'High-Resolution Gaofen-3 FUSAR-Map Dataset'. Metric is inferred from task family; no score extracted.,source:paper-extraction|paper:cand5663|dataset_evidence:text_phrase,0.35,paper_text_candidate
paper_extracted_cand5663-task-image-classification-high-resolution-gaofen-3-fusar-map-dataset-f1-score,cand5663,task_image_classification,Image classification,paper-extracted/high-resolution-gaofen-3-fusar-map-dataset,High-Resolution Gaofen-3 FUSAR-Map Dataset,f1_score,F1 Score,F1,true,,,,candidate,Paper text links task 'Image classification' with extracted dataset/resource 'High-Resolution Gaofen-3 FUSAR-Map Dataset'. Metric is inferred from task family; no score extracted.,source:paper-extraction|paper:cand5663|dataset_evidence:text_phrase,0.35,paper_text_candidate
paper_extracted_cand5663-task-semantic-segmentation-2020-gaofen-challenge-mean-intersection-over-union,cand5663,task_semantic_segmentation,Semantic segmentation,paper-extracted/2020-gaofen-challenge,2020 Gaofen Challenge,mean_intersection_over_union,Mean Intersection over Union,mIoU,true,,,,candidate,Paper text links task 'Semantic segmentation' with extracted dataset/resource '2020 Gaofen Challenge'. Metric is inferred from task family; no score extracted.,source:paper-extraction|paper:cand5663|dataset_evidence:text_phrase,0.35,paper_text_candidate
paper_extracted_cand5663-task-semantic-segmentation-2020-gaofen-challenge-f1-score,cand5663,task_semantic_segmentation,Semantic segmentation,paper-extracted/2020-gaofen-challenge,2020 Gaofen Challenge,f1_score,F1 Score,F1,true,,,,candidate,Paper text links task 'Semantic segmentation' with extracted dataset/resource '2020 Gaofen Challenge'. Metric is inferred from task family; no score extracted.,source:paper-extraction|paper:cand5663|dataset_evidence:text_phrase,0.35,paper_text_candidate
paper_extracted_cand5663-task-image-classification-2020-gaofen-challenge-overall-accuracy,cand5663,task_image_classification,Image classification,paper-extracted/2020-gaofen-challenge,2020 Gaofen Challenge,overall_accuracy,Overall Accuracy,OA,true,,,,candidate,Paper text links task 'Image classification' with extracted dataset/resource '2020 Gaofen Challenge'. Metric is inferred from task family; no score extracted.,source:paper-extraction|paper:cand5663|dataset_evidence:text_phrase,0.35,paper_text_candidate
paper_extracted_cand5663-task-image-classification-2020-gaofen-challenge-f1-score,cand5663,task_image_classification,Image classification,paper-extracted/2020-gaofen-challenge,2020 Gaofen Challenge,f1_score,F1 Score,F1,true,,,,candidate,Paper text links task 'Image classification' with extracted dataset/resource '2020 Gaofen Challenge'. Metric is inferred from task family; no score extracted.,source:paper-extraction|paper:cand5663|dataset_evidence:text_phrase,0.35,paper_text_candidate
paper_extracted_cand5763-task-object-detection-mi-oad-dataset-mean-average-precision,cand5763,task_object_detection,Object detection,paper-extracted/mi-oad-dataset,MI-OAD Dataset,mean_average_precision,Mean Average Precision,mAP,true,,,,candidate,Paper text links task 'Object detection' with extracted dataset/resource 'MI-OAD Dataset'. Metric is inferred from task family; no score extracted.,source:paper-extraction|paper:cand5763|dataset_evidence:text_phrase,0.35,paper_text_candidate
paper_extracted_cand5763-task-object-detection-mi-oad-dataset-ap50,cand5763,task_object_detection,Object detection,paper-extracted/mi-oad-dataset,MI-OAD Dataset,ap50,Average Precision at IoU 0.50,AP50,true,,,,candidate,Paper text links task 'Object detection' with extracted dataset/resource 'MI-OAD Dataset'. Metric is inferred from task family; no score extracted.,source:paper-extraction|paper:cand5763|dataset_evidence:text_phrase,0.35,paper_text_candidate
paper_extracted_cand5927-task-semantic-segmentation-peruvian-coastal-sar-oil-spill-segmentation-dataset-mean-intersection-over-union,cand5927,task_semantic_segmentation,Semantic segmentation,paper-extracted/peruvian-coastal-sar-oil-spill-segmentation-dataset,Peruvian Coastal SAR Oil Spill Segmentation Dataset,mean_intersection_over_union,Mean Intersection over Union,mIoU,true,,,,candidate,Paper text links task 'Semantic segmentation' with extracted dataset/resource 'Peruvian Coastal SAR Oil Spill Segmentation Dataset'. Metric is inferred from task family; no score extracted.,source:paper-extraction|paper:cand5927|dataset_evidence:text_phrase,0.35,paper_text_candidate
paper_extracted_cand5927-task-semantic-segmentation-peruvian-coastal-sar-oil-spill-segmentation-dataset-f1-score,cand5927,task_semantic_segmentation,Semantic segmentation,paper-extracted/peruvian-coastal-sar-oil-spill-segmentation-dataset,Peruvian Coastal SAR Oil Spill Segmentation Dataset,f1_score,F1 Score,F1,true,,,,candidate,Paper text links task 'Semantic segmentation' with extracted dataset/resource 'Peruvian Coastal SAR Oil Spill Segmentation Dataset'. Metric is inferred from task family; no score extracted.,source:paper-extraction|paper:cand5927|dataset_evidence:text_phrase,0.35,paper_text_candidate
paper_extracted_cand6024-task-semantic-segmentation-earthnet2021-challenge-mean-intersection-over-union,cand6024,task_semantic_segmentation,Semantic segmentation,paper-extracted/earthnet2021-challenge,EarthNet2021 Challenge,mean_intersection_over_union,Mean Intersection over Union,mIoU,true,,,,candidate,Paper text links task 'Semantic segmentation' with extracted dataset/resource 'EarthNet2021 Challenge'. Metric is inferred from task family; no score extracted.,source:paper-extraction|paper:cand6024|dataset_evidence:text_phrase,0.35,paper_text_candidate
paper_extracted_cand6024-task-semantic-segmentation-earthnet2021-challenge-f1-score,cand6024,task_semantic_segmentation,Semantic segmentation,paper-extracted/earthnet2021-challenge,EarthNet2021 Challenge,f1_score,F1 Score,F1,true,,,,candidate,Paper text links task 'Semantic segmentation' with extracted dataset/resource 'EarthNet2021 Challenge'. Metric is inferred from task family; no score extracted.,source:paper-extraction|paper:cand6024|dataset_evidence:text_phrase,0.35,paper_text_candidate
paper_extracted_cand6055-task-semantic-segmentation-zy-3-and-gaofen-image-dataset-mean-intersection-over-union,cand6055,task_semantic_segmentation,Semantic segmentation,paper-extracted/zy-3-and-gaofen-image-dataset,ZY-3 and Gaofen Image Dataset,mean_intersection_over_union,Mean Intersection over Union,mIoU,true,,,,candidate,Paper text links task 'Semantic segmentation' with extracted dataset/resource 'ZY-3 and Gaofen Image Dataset'. Metric is inferred from task family; no score extracted.,source:paper-extraction|paper:cand6055|dataset_evidence:text_phrase,0.35,paper_text_candidate
paper_extracted_cand6055-task-semantic-segmentation-zy-3-and-gaofen-image-dataset-f1-score,cand6055,task_semantic_segmentation,Semantic segmentation,paper-extracted/zy-3-and-gaofen-image-dataset,ZY-3 and Gaofen Image Dataset,f1_score,F1 Score,F1,true,,,,candidate,Paper text links task 'Semantic segmentation' with extracted dataset/resource 'ZY-3 and Gaofen Image Dataset'. Metric is inferred from task family; no score extracted.,source:paper-extraction|paper:cand6055|dataset_evidence:text_phrase,0.35,paper_text_candidate
paper_extracted_cand6055-task-image-classification-zy-3-and-gaofen-image-dataset-overall-accuracy,cand6055,task_image_classification,Image classification,paper-extracted/zy-3-and-gaofen-image-dataset,ZY-3 and Gaofen Image Dataset,overall_accuracy,Overall Accuracy,OA,true,,,,candidate,Paper text links task 'Image classification' with extracted dataset/resource 'ZY-3 and Gaofen Image Dataset'. Metric is inferred from task family; no score extracted.,source:paper-extraction|paper:cand6055|dataset_evidence:text_phrase,0.35,paper_text_candidate
paper_extracted_cand6055-task-image-classification-zy-3-and-gaofen-image-dataset-f1-score,cand6055,task_image_classification,Image classification,paper-extracted/zy-3-and-gaofen-image-dataset,ZY-3 and Gaofen Image Dataset,f1_score,F1 Score,F1,true,,,,candidate,Paper text links task 'Image classification' with extracted dataset/resource 'ZY-3 and Gaofen Image Dataset'. Metric is inferred from task family; no score extracted.,source:paper-extraction|paper:cand6055|dataset_evidence:text_phrase,0.35,paper_text_candidate
paper_extracted_cand6121-task-change-detection-high-resolution-river-masking-dataset-f1-score,cand6121,task_change_detection,Change detection,paper-extracted/high-resolution-river-masking-dataset,High-Resolution River Masking Dataset,f1_score,F1 Score,F1,true,,,,candidate,Paper text links task 'Change detection' with extracted dataset/resource 'High-Resolution River Masking Dataset'. Metric is inferred from task family; no score extracted.,source:paper-extraction|paper:cand6121|dataset_evidence:text_phrase,0.35,paper_text_candidate
paper_extracted_cand6121-task-change-detection-high-resolution-river-masking-dataset-mean-intersection-over-union,cand6121,task_change_detection,Change detection,paper-extracted/high-resolution-river-masking-dataset,High-Resolution River Masking Dataset,mean_intersection_over_union,Mean Intersection over Union,mIoU,true,,,,candidate,Paper text links task 'Change detection' with extracted dataset/resource 'High-Resolution River Masking Dataset'. Metric is inferred from task family; no score extracted.,source:paper-extraction|paper:cand6121|dataset_evidence:text_phrase,0.35,paper_text_candidate
paper_extracted_cand6235-task-semantic-segmentation-high-resolution-uav-semantic-segmentation-dataset-mean-intersection-over-union,cand6235,task_semantic_segmentation,Semantic segmentation,paper-extracted/high-resolution-uav-semantic-segmentation-dataset,High Resolution UAV Semantic Segmentation Dataset,mean_intersection_over_union,Mean Intersection over Union,mIoU,true,,,,candidate,Paper text links task 'Semantic segmentation' with extracted dataset/resource 'High Resolution UAV Semantic Segmentation Dataset'. Metric is inferred from task family; no score extracted.,source:paper-extraction|paper:cand6235|dataset_evidence:text_phrase,0.35,paper_text_candidate
paper_extracted_cand6235-task-semantic-segmentation-high-resolution-uav-semantic-segmentation-dataset-f1-score,cand6235,task_semantic_segmentation,Semantic segmentation,paper-extracted/high-resolution-uav-semantic-segmentation-dataset,High Resolution UAV Semantic Segmentation Dataset,f1_score,F1 Score,F1,true,,,,candidate,Paper text links task 'Semantic segmentation' with extracted dataset/resource 'High Resolution UAV Semantic Segmentation Dataset'. Metric is inferred from task family; no score extracted.,source:paper-extraction|paper:cand6235|dataset_evidence:text_phrase,0.35,paper_text_candidate
paper_extracted_cand6235-task-change-detection-high-resolution-uav-semantic-segmentation-dataset-f1-score,cand6235,task_change_detection,Change detection,paper-extracted/high-resolution-uav-semantic-segmentation-dataset,High Resolution UAV Semantic Segmentation Dataset,f1_score,F1 Score,F1,true,,,,candidate,Paper text links task 'Change detection' with extracted dataset/resource 'High Resolution UAV Semantic Segmentation Dataset'. Metric is inferred from task family; no score extracted.,source:paper-extraction|paper:cand6235|dataset_evidence:text_phrase,0.35,paper_text_candidate
paper_extracted_cand6235-task-change-detection-high-resolution-uav-semantic-segmentation-dataset-mean-intersection-over-union,cand6235,task_change_detection,Change detection,paper-extracted/high-resolution-uav-semantic-segmentation-dataset,High Resolution UAV Semantic Segmentation Dataset,mean_intersection_over_union,Mean Intersection over Union,mIoU,true,,,,candidate,Paper text links task 'Change detection' with extracted dataset/resource 'High Resolution UAV Semantic Segmentation Dataset'. Metric is inferred from task family; no score extracted.,source:paper-extraction|paper:cand6235|dataset_evidence:text_phrase,0.35,paper_text_candidate
paper_extracted_cand6235-task-image-classification-high-resolution-uav-semantic-segmentation-dataset-overall-accuracy,cand6235,task_image_classification,Image classification,paper-extracted/high-resolution-uav-semantic-segmentation-dataset,High Resolution UAV Semantic Segmentation Dataset,overall_accuracy,Overall Accuracy,OA,true,,,,candidate,Paper text links task 'Image classification' with extracted dataset/resource 'High Resolution UAV Semantic Segmentation Dataset'. Metric is inferred from task family; no score extracted.,source:paper-extraction|paper:cand6235|dataset_evidence:text_phrase,0.35,paper_text_candidate
paper_extracted_cand6235-task-image-classification-high-resolution-uav-semantic-segmentation-dataset-f1-score,cand6235,task_image_classification,Image classification,paper-extracted/high-resolution-uav-semantic-segmentation-dataset,High Resolution UAV Semantic Segmentation Dataset,f1_score,F1 Score,F1,true,,,,candidate,Paper text links task 'Image classification' with extracted dataset/resource 'High Resolution UAV Semantic Segmentation Dataset'. Metric is inferred from task family; no score extracted.,source:paper-extraction|paper:cand6235|dataset_evidence:text_phrase,0.35,paper_text_candidate
paper_extracted_cand6358-task-semantic-segmentation-classification-using-the-multilabeled-sentinel-2-bigearthnet-archive-mean-intersection-over-union,cand6358,task_semantic_segmentation,Semantic segmentation,paper-extracted/classification-using-the-multilabeled-sentinel-2-bigearthnet-archive,Classification Using the Multilabeled Sentinel-2 BigEarthNet Archive,mean_intersection_over_union,Mean Intersection over Union,mIoU,true,,,,candidate,Paper text links task 'Semantic segmentation' with extracted dataset/resource 'Classification Using the Multilabeled Sentinel-2 BigEarthNet Archive'. Metric is inferred from task family; no score extracted.,source:paper-extraction|paper:cand6358|dataset_evidence:text_phrase,0.35,paper_text_candidate
paper_extracted_cand6358-task-semantic-segmentation-classification-using-the-multilabeled-sentinel-2-bigearthnet-archive-f1-score,cand6358,task_semantic_segmentation,Semantic segmentation,paper-extracted/classification-using-the-multilabeled-sentinel-2-bigearthnet-archive,Classification Using the Multilabeled Sentinel-2 BigEarthNet Archive,f1_score,F1 Score,F1,true,,,,candidate,Paper text links task 'Semantic segmentation' with extracted dataset/resource 'Classification Using the Multilabeled Sentinel-2 BigEarthNet Archive'. Metric is inferred from task family; no score extracted.,source:paper-extraction|paper:cand6358|dataset_evidence:text_phrase,0.35,paper_text_candidate
paper_extracted_cand6358-task-image-classification-classification-using-the-multilabeled-sentinel-2-bigearthnet-archive-overall-accuracy,cand6358,task_image_classification,Image classification,paper-extracted/classification-using-the-multilabeled-sentinel-2-bigearthnet-archive,Classification Using the Multilabeled Sentinel-2 BigEarthNet Archive,overall_accuracy,Overall Accuracy,OA,true,,,,candidate,Paper text links task 'Image classification' with extracted dataset/resource 'Classification Using the Multilabeled Sentinel-2 BigEarthNet Archive'. Metric is inferred from task family; no score extracted.,source:paper-extraction|paper:cand6358|dataset_evidence:text_phrase,0.35,paper_text_candidate
paper_extracted_cand6358-task-image-classification-classification-using-the-multilabeled-sentinel-2-bigearthnet-archive-f1-score,cand6358,task_image_classification,Image classification,paper-extracted/classification-using-the-multilabeled-sentinel-2-bigearthnet-archive,Classification Using the Multilabeled Sentinel-2 BigEarthNet Archive,f1_score,F1 Score,F1,true,,,,candidate,Paper text links task 'Image classification' with extracted dataset/resource 'Classification Using the Multilabeled Sentinel-2 BigEarthNet Archive'. Metric is inferred from task family; no score extracted.,source:paper-extraction|paper:cand6358|dataset_evidence:text_phrase,0.35,paper_text_candidate
paper_extracted_cand6456-task-semantic-segmentation-large-scale-low-altitude-multimodal-dataset-mean-intersection-over-union,cand6456,task_semantic_segmentation,Semantic segmentation,paper-extracted/large-scale-low-altitude-multimodal-dataset,Large-Scale Low-Altitude Multimodal Dataset,mean_intersection_over_union,Mean Intersection over Union,mIoU,true,,,,candidate,Paper text links task 'Semantic segmentation' with extracted dataset/resource 'Large-Scale Low-Altitude Multimodal Dataset'. Metric is inferred from task family; no score extracted.,source:paper-extraction|paper:cand6456|dataset_evidence:text_phrase,0.35,paper_text_candidate
paper_extracted_cand6456-task-semantic-segmentation-large-scale-low-altitude-multimodal-dataset-f1-score,cand6456,task_semantic_segmentation,Semantic segmentation,paper-extracted/large-scale-low-altitude-multimodal-dataset,Large-Scale Low-Altitude Multimodal Dataset,f1_score,F1 Score,F1,true,,,,candidate,Paper text links task 'Semantic segmentation' with extracted dataset/resource 'Large-Scale Low-Altitude Multimodal Dataset'. Metric is inferred from task family; no score extracted.,source:paper-extraction|paper:cand6456|dataset_evidence:text_phrase,0.35,paper_text_candidate
paper_extracted_cand6456-task-object-detection-large-scale-low-altitude-multimodal-dataset-mean-average-precision,cand6456,task_object_detection,Object detection,paper-extracted/large-scale-low-altitude-multimodal-dataset,Large-Scale Low-Altitude Multimodal Dataset,mean_average_precision,Mean Average Precision,mAP,true,,,,candidate,Paper text links task 'Object detection' with extracted dataset/resource 'Large-Scale Low-Altitude Multimodal Dataset'. Metric is inferred from task family; no score extracted.,source:paper-extraction|paper:cand6456|dataset_evidence:text_phrase,0.35,paper_text_candidate
paper_extracted_cand6456-task-object-detection-large-scale-low-altitude-multimodal-dataset-ap50,cand6456,task_object_detection,Object detection,paper-extracted/large-scale-low-altitude-multimodal-dataset,Large-Scale Low-Altitude Multimodal Dataset,ap50,Average Precision at IoU 0.50,AP50,true,,,,candidate,Paper text links task 'Object detection' with extracted dataset/resource 'Large-Scale Low-Altitude Multimodal Dataset'. Metric is inferred from task family; no score extracted.,source:paper-extraction|paper:cand6456|dataset_evidence:text_phrase,0.35,paper_text_candidate
paper_extracted_cand6456-task-change-detection-large-scale-low-altitude-multimodal-dataset-f1-score,cand6456,task_change_detection,Change detection,paper-extracted/large-scale-low-altitude-multimodal-dataset,Large-Scale Low-Altitude Multimodal Dataset,f1_score,F1 Score,F1,true,,,,candidate,Paper text links task 'Change detection' with extracted dataset/resource 'Large-Scale Low-Altitude Multimodal Dataset'. Metric is inferred from task family; no score extracted.,source:paper-extraction|paper:cand6456|dataset_evidence:text_phrase,0.35,paper_text_candidate
paper_extracted_cand6456-task-change-detection-large-scale-low-altitude-multimodal-dataset-mean-intersection-over-union,cand6456,task_change_detection,Change detection,paper-extracted/large-scale-low-altitude-multimodal-dataset,Large-Scale Low-Altitude Multimodal Dataset,mean_intersection_over_union,Mean Intersection over Union,mIoU,true,,,,candidate,Paper text links task 'Change detection' with extracted dataset/resource 'Large-Scale Low-Altitude Multimodal Dataset'. Metric is inferred from task family; no score extracted.,source:paper-extraction|paper:cand6456|dataset_evidence:text_phrase,0.35,paper_text_candidate
paper_extracted_cand6480-task-semantic-segmentation-deepflood-for-inundated-vegetation-high-resolution-dataset-mean-intersection-over-union,cand6480,task_semantic_segmentation,Semantic segmentation,paper-extracted/deepflood-for-inundated-vegetation-high-resolution-dataset,DeepFlood for Inundated Vegetation High-Resolution Dataset,mean_intersection_over_union,Mean Intersection over Union,mIoU,true,,,,candidate,Paper text links task 'Semantic segmentation' with extracted dataset/resource 'DeepFlood for Inundated Vegetation High-Resolution Dataset'. Metric is inferred from task family; no score extracted.,source:paper-extraction|paper:cand6480|dataset_evidence:text_phrase,0.35,paper_text_candidate
paper_extracted_cand6480-task-semantic-segmentation-deepflood-for-inundated-vegetation-high-resolution-dataset-f1-score,cand6480,task_semantic_segmentation,Semantic segmentation,paper-extracted/deepflood-for-inundated-vegetation-high-resolution-dataset,DeepFlood for Inundated Vegetation High-Resolution Dataset,f1_score,F1 Score,F1,true,,,,candidate,Paper text links task 'Semantic segmentation' with extracted dataset/resource 'DeepFlood for Inundated Vegetation High-Resolution Dataset'. Metric is inferred from task family; no score extracted.,source:paper-extraction|paper:cand6480|dataset_evidence:text_phrase,0.35,paper_text_candidate
paper_extracted_cand6480-task-change-detection-deepflood-for-inundated-vegetation-high-resolution-dataset-f1-score,cand6480,task_change_detection,Change detection,paper-extracted/deepflood-for-inundated-vegetation-high-resolution-dataset,DeepFlood for Inundated Vegetation High-Resolution Dataset,f1_score,F1 Score,F1,true,,,,candidate,Paper text links task 'Change detection' with extracted dataset/resource 'DeepFlood for Inundated Vegetation High-Resolution Dataset'. Metric is inferred from task family; no score extracted.,source:paper-extraction|paper:cand6480|dataset_evidence:text_phrase,0.35,paper_text_candidate
paper_extracted_cand6480-task-change-detection-deepflood-for-inundated-vegetation-high-resolution-dataset-mean-intersection-over-union,cand6480,task_change_detection,Change detection,paper-extracted/deepflood-for-inundated-vegetation-high-resolution-dataset,DeepFlood for Inundated Vegetation High-Resolution Dataset,mean_intersection_over_union,Mean Intersection over Union,mIoU,true,,,,candidate,Paper text links task 'Change detection' with extracted dataset/resource 'DeepFlood for Inundated Vegetation High-Resolution Dataset'. Metric is inferred from task family; no score extracted.,source:paper-extraction|paper:cand6480|dataset_evidence:text_phrase,0.35,paper_text_candidate
paper_extracted_cand6550-task-object-detection-high-accuracy-vehicle-trajectory-dataset-mean-average-precision,cand6550,task_object_detection,Object detection,paper-extracted/high-accuracy-vehicle-trajectory-dataset,High-Accuracy Vehicle Trajectory Dataset,mean_average_precision,Mean Average Precision,mAP,true,,,,candidate,Paper text links task 'Object detection' with extracted dataset/resource 'High-Accuracy Vehicle Trajectory Dataset'. Metric is inferred from task family; no score extracted.,source:paper-extraction|paper:cand6550|dataset_evidence:text_phrase,0.35,paper_text_candidate
paper_extracted_cand6550-task-object-detection-high-accuracy-vehicle-trajectory-dataset-ap50,cand6550,task_object_detection,Object detection,paper-extracted/high-accuracy-vehicle-trajectory-dataset,High-Accuracy Vehicle Trajectory Dataset,ap50,Average Precision at IoU 0.50,AP50,true,,,,candidate,Paper text links task 'Object detection' with extracted dataset/resource 'High-Accuracy Vehicle Trajectory Dataset'. Metric is inferred from task family; no score extracted.,source:paper-extraction|paper:cand6550|dataset_evidence:text_phrase,0.35,paper_text_candidate
paper_extracted_cand6976-task-semantic-segmentation-small-scale-dataset-mean-intersection-over-union,cand6976,task_semantic_segmentation,Semantic segmentation,paper-extracted/small-scale-dataset,Small-Scale Dataset,mean_intersection_over_union,Mean Intersection over Union,mIoU,true,,,,candidate,Paper text links task 'Semantic segmentation' with extracted dataset/resource 'Small-Scale Dataset'. Metric is inferred from task family; no score extracted.,source:paper-extraction|paper:cand6976|dataset_evidence:text_phrase,0.35,paper_text_candidate
paper_extracted_cand6976-task-semantic-segmentation-small-scale-dataset-f1-score,cand6976,task_semantic_segmentation,Semantic segmentation,paper-extracted/small-scale-dataset,Small-Scale Dataset,f1_score,F1 Score,F1,true,,,,candidate,Paper text links task 'Semantic segmentation' with extracted dataset/resource 'Small-Scale Dataset'. Metric is inferred from task family; no score extracted.,source:paper-extraction|paper:cand6976|dataset_evidence:text_phrase,0.35,paper_text_candidate
paper_extracted_cand6976-task-object-detection-small-scale-dataset-mean-average-precision,cand6976,task_object_detection,Object detection,paper-extracted/small-scale-dataset,Small-Scale Dataset,mean_average_precision,Mean Average Precision,mAP,true,,,,candidate,Paper text links task 'Object detection' with extracted dataset/resource 'Small-Scale Dataset'. Metric is inferred from task family; no score extracted.,source:paper-extraction|paper:cand6976|dataset_evidence:text_phrase,0.35,paper_text_candidate
paper_extracted_cand6976-task-object-detection-small-scale-dataset-ap50,cand6976,task_object_detection,Object detection,paper-extracted/small-scale-dataset,Small-Scale Dataset,ap50,Average Precision at IoU 0.50,AP50,true,,,,candidate,Paper text links task 'Object detection' with extracted dataset/resource 'Small-Scale Dataset'. Metric is inferred from task family; no score extracted.,source:paper-extraction|paper:cand6976|dataset_evidence:text_phrase,0.35,paper_text_candidate
paper_extracted_cand6976-task-change-detection-small-scale-dataset-f1-score,cand6976,task_change_detection,Change detection,paper-extracted/small-scale-dataset,Small-Scale Dataset,f1_score,F1 Score,F1,true,,,,candidate,Paper text links task 'Change detection' with extracted dataset/resource 'Small-Scale Dataset'. Metric is inferred from task family; no score extracted.,source:paper-extraction|paper:cand6976|dataset_evidence:text_phrase,0.35,paper_text_candidate
paper_extracted_cand6976-task-change-detection-small-scale-dataset-mean-intersection-over-union,cand6976,task_change_detection,Change detection,paper-extracted/small-scale-dataset,Small-Scale Dataset,mean_intersection_over_union,Mean Intersection over Union,mIoU,true,,,,candidate,Paper text links task 'Change detection' with extracted dataset/resource 'Small-Scale Dataset'. Metric is inferred from task family; no score extracted.,source:paper-extraction|paper:cand6976|dataset_evidence:text_phrase,0.35,paper_text_candidate
paper_extracted_cand7046-task-object-detection-multi-label-dataset-mean-average-precision,cand7046,task_object_detection,Object detection,paper-extracted/multi-label-dataset,Multi-label Dataset,mean_average_precision,Mean Average Precision,mAP,true,,,,candidate,Paper text links task 'Object detection' with extracted dataset/resource 'Multi-label Dataset'. Metric is inferred from task family; no score extracted.,source:paper-extraction|paper:cand7046|dataset_evidence:text_phrase,0.35,paper_text_candidate
paper_extracted_cand7046-task-object-detection-multi-label-dataset-ap50,cand7046,task_object_detection,Object detection,paper-extracted/multi-label-dataset,Multi-label Dataset,ap50,Average Precision at IoU 0.50,AP50,true,,,,candidate,Paper text links task 'Object detection' with extracted dataset/resource 'Multi-label Dataset'. Metric is inferred from task family; no score extracted.,source:paper-extraction|paper:cand7046|dataset_evidence:text_phrase,0.35,paper_text_candidate
paper_extracted_cand7046-task-change-detection-multi-label-dataset-f1-score,cand7046,task_change_detection,Change detection,paper-extracted/multi-label-dataset,Multi-label Dataset,f1_score,F1 Score,F1,true,,,,candidate,Paper text links task 'Change detection' with extracted dataset/resource 'Multi-label Dataset'. Metric is inferred from task family; no score extracted.,source:paper-extraction|paper:cand7046|dataset_evidence:text_phrase,0.35,paper_text_candidate
paper_extracted_cand7046-task-change-detection-multi-label-dataset-mean-intersection-over-union,cand7046,task_change_detection,Change detection,paper-extracted/multi-label-dataset,Multi-label Dataset,mean_intersection_over_union,Mean Intersection over Union,mIoU,true,,,,candidate,Paper text links task 'Change detection' with extracted dataset/resource 'Multi-label Dataset'. Metric is inferred from task family; no score extracted.,source:paper-extraction|paper:cand7046|dataset_evidence:text_phrase,0.35,paper_text_candidate
paper_extracted_cand7046-task-image-classification-multi-label-dataset-overall-accuracy,cand7046,task_image_classification,Image classification,paper-extracted/multi-label-dataset,Multi-label Dataset,overall_accuracy,Overall Accuracy,OA,true,,,,candidate,Paper text links task 'Image classification' with extracted dataset/resource 'Multi-label Dataset'. Metric is inferred from task family; no score extracted.,source:paper-extraction|paper:cand7046|dataset_evidence:text_phrase,0.35,paper_text_candidate
paper_extracted_cand7046-task-image-classification-multi-label-dataset-f1-score,cand7046,task_image_classification,Image classification,paper-extracted/multi-label-dataset,Multi-label Dataset,f1_score,F1 Score,F1,true,,,,candidate,Paper text links task 'Image classification' with extracted dataset/resource 'Multi-label Dataset'. Metric is inferred from task family; no score extracted.,source:paper-extraction|paper:cand7046|dataset_evidence:text_phrase,0.35,paper_text_candidate
paper_extracted_cand7086-task-semantic-segmentation-io-segmentation-dataset-mean-intersection-over-union,cand7086,task_semantic_segmentation,Semantic segmentation,paper-extracted/io-segmentation-dataset,IO Segmentation Dataset,mean_intersection_over_union,Mean Intersection over Union,mIoU,true,,,,candidate,Paper text links task 'Semantic segmentation' with extracted dataset/resource 'IO Segmentation Dataset'. Metric is inferred from task family; no score extracted.,source:paper-extraction|paper:cand7086|dataset_evidence:text_phrase,0.35,paper_text_candidate
paper_extracted_cand7086-task-semantic-segmentation-io-segmentation-dataset-f1-score,cand7086,task_semantic_segmentation,Semantic segmentation,paper-extracted/io-segmentation-dataset,IO Segmentation Dataset,f1_score,F1 Score,F1,true,,,,candidate,Paper text links task 'Semantic segmentation' with extracted dataset/resource 'IO Segmentation Dataset'. Metric is inferred from task family; no score extracted.,source:paper-extraction|paper:cand7086|dataset_evidence:text_phrase,0.35,paper_text_candidate
paper_extracted_cand7095-task-object-detection-vocabulary-object-detection-track-for-v3det-challenge-mean-average-precision,cand7095,task_object_detection,Object detection,paper-extracted/vocabulary-object-detection-track-for-v3det-challenge,Vocabulary Object Detection Track for V3Det Challenge,mean_average_precision,Mean Average Precision,mAP,true,,,,candidate,Paper text links task 'Object detection' with extracted dataset/resource 'Vocabulary Object Detection Track for V3Det Challenge'. Metric is inferred from task family; no score extracted.,source:paper-extraction|paper:cand7095|dataset_evidence:text_phrase,0.35,paper_text_candidate
paper_extracted_cand7095-task-object-detection-vocabulary-object-detection-track-for-v3det-challenge-ap50,cand7095,task_object_detection,Object detection,paper-extracted/vocabulary-object-detection-track-for-v3det-challenge,Vocabulary Object Detection Track for V3Det Challenge,ap50,Average Precision at IoU 0.50,AP50,true,,,,candidate,Paper text links task 'Object detection' with extracted dataset/resource 'Vocabulary Object Detection Track for V3Det Challenge'. Metric is inferred from task family; no score extracted.,source:paper-extraction|paper:cand7095|dataset_evidence:text_phrase,0.35,paper_text_candidate
paper_extracted_cand7095-task-object-detection-v3det-challenge-mean-average-precision,cand7095,task_object_detection,Object detection,paper-extracted/v3det-challenge,V3Det Challenge,mean_average_precision,Mean Average Precision,mAP,true,,,,candidate,Paper text links task 'Object detection' with extracted dataset/resource 'V3Det Challenge'. Metric is inferred from task family; no score extracted.,source:paper-extraction|paper:cand7095|dataset_evidence:text_phrase,0.35,paper_text_candidate
paper_extracted_cand7095-task-object-detection-v3det-challenge-ap50,cand7095,task_object_detection,Object detection,paper-extracted/v3det-challenge,V3Det Challenge,ap50,Average Precision at IoU 0.50,AP50,true,,,,candidate,Paper text links task 'Object detection' with extracted dataset/resource 'V3Det Challenge'. Metric is inferred from task family; no score extracted.,source:paper-extraction|paper:cand7095|dataset_evidence:text_phrase,0.35,paper_text_candidate
paper_extracted_cand7155-task-image-classification-aptos-2019-blindness-detection-kaggle-dataset-overall-accuracy,cand7155,task_image_classification,Image classification,paper-extracted/aptos-2019-blindness-detection-kaggle-dataset,APTOS 2019 Blindness Detection Kaggle Dataset,overall_accuracy,Overall Accuracy,OA,true,,,,candidate,Paper text links task 'Image classification' with extracted dataset/resource 'APTOS 2019 Blindness Detection Kaggle Dataset'. Metric is inferred from task family; no score extracted.,source:paper-extraction|paper:cand7155|dataset_evidence:text_phrase,0.35,paper_text_candidate
paper_extracted_cand7155-task-image-classification-aptos-2019-blindness-detection-kaggle-dataset-f1-score,cand7155,task_image_classification,Image classification,paper-extracted/aptos-2019-blindness-detection-kaggle-dataset,APTOS 2019 Blindness Detection Kaggle Dataset,f1_score,F1 Score,F1,true,,,,candidate,Paper text links task 'Image classification' with extracted dataset/resource 'APTOS 2019 Blindness Detection Kaggle Dataset'. Metric is inferred from task family; no score extracted.,source:paper-extraction|paper:cand7155|dataset_evidence:text_phrase,0.35,paper_text_candidate
paper_extracted_cand7277-task-semantic-segmentation-world-cover-dataset-mean-intersection-over-union,cand7277,task_semantic_segmentation,Semantic segmentation,paper-extracted/world-cover-dataset,World-Cover Dataset,mean_intersection_over_union,Mean Intersection over Union,mIoU,true,,,,candidate,Paper text links task 'Semantic segmentation' with extracted dataset/resource 'World-Cover Dataset'. Metric is inferred from task family; no score extracted.,source:paper-extraction|paper:cand7277|dataset_evidence:text_phrase,0.35,paper_text_candidate
paper_extracted_cand7277-task-semantic-segmentation-world-cover-dataset-f1-score,cand7277,task_semantic_segmentation,Semantic segmentation,paper-extracted/world-cover-dataset,World-Cover Dataset,f1_score,F1 Score,F1,true,,,,candidate,Paper text links task 'Semantic segmentation' with extracted dataset/resource 'World-Cover Dataset'. Metric is inferred from task family; no score extracted.,source:paper-extraction|paper:cand7277|dataset_evidence:text_phrase,0.35,paper_text_candidate
paper_extracted_cand7622-task-image-classification-cross-dataset-overall-accuracy,cand7622,task_image_classification,Image classification,paper-extracted/cross-dataset,Cross-Dataset,overall_accuracy,Overall Accuracy,OA,true,,,,candidate,Paper text links task 'Image classification' with extracted dataset/resource 'Cross-Dataset'. Metric is inferred from task family; no score extracted.,source:paper-extraction|paper:cand7622|dataset_evidence:named_token,0.35,paper_text_candidate
paper_extracted_cand7622-task-image-classification-cross-dataset-f1-score,cand7622,task_image_classification,Image classification,paper-extracted/cross-dataset,Cross-Dataset,f1_score,F1 Score,F1,true,,,,candidate,Paper text links task 'Image classification' with extracted dataset/resource 'Cross-Dataset'. Metric is inferred from task family; no score extracted.,source:paper-extraction|paper:cand7622|dataset_evidence:named_token,0.35,paper_text_candidate
paper_extracted_cand7625-task-change-detection-000-level-flame-and-smoke-detection-dataset-f1-score,cand7625,task_change_detection,Change detection,paper-extracted/000-level-flame-and-smoke-detection-dataset,000-level Flame and Smoke Detection Dataset,f1_score,F1 Score,F1,true,,,,candidate,Paper text links task 'Change detection' with extracted dataset/resource '000-level Flame and Smoke Detection Dataset'. Metric is inferred from task family; no score extracted.,source:paper-extraction|paper:cand7625|dataset_evidence:text_phrase,0.35,paper_text_candidate
paper_extracted_cand7625-task-change-detection-000-level-flame-and-smoke-detection-dataset-mean-intersection-over-union,cand7625,task_change_detection,Change detection,paper-extracted/000-level-flame-and-smoke-detection-dataset,000-level Flame and Smoke Detection Dataset,mean_intersection_over_union,Mean Intersection over Union,mIoU,true,,,,candidate,Paper text links task 'Change detection' with extracted dataset/resource '000-level Flame and Smoke Detection Dataset'. Metric is inferred from task family; no score extracted.,source:paper-extraction|paper:cand7625|dataset_evidence:text_phrase,0.35,paper_text_candidate
paper_extracted_cand7732-task-object-detection-pre-and-post-disaster-remote-sensing-datasets-mean-average-precision,cand7732,task_object_detection,Object detection,paper-extracted/pre-and-post-disaster-remote-sensing-datasets,Pre- and Post-Disaster Remote Sensing Datasets,mean_average_precision,Mean Average Precision,mAP,true,,,,candidate,Paper text links task 'Object detection' with extracted dataset/resource 'Pre- and Post-Disaster Remote Sensing Datasets'. Metric is inferred from task family; no score extracted.,source:paper-extraction|paper:cand7732|dataset_evidence:text_phrase,0.35,paper_text_candidate
paper_extracted_cand7732-task-object-detection-pre-and-post-disaster-remote-sensing-datasets-ap50,cand7732,task_object_detection,Object detection,paper-extracted/pre-and-post-disaster-remote-sensing-datasets,Pre- and Post-Disaster Remote Sensing Datasets,ap50,Average Precision at IoU 0.50,AP50,true,,,,candidate,Paper text links task 'Object detection' with extracted dataset/resource 'Pre- and Post-Disaster Remote Sensing Datasets'. Metric is inferred from task family; no score extracted.,source:paper-extraction|paper:cand7732|dataset_evidence:text_phrase,0.35,paper_text_candidate
paper_extracted_cand7732-task-change-detection-pre-and-post-disaster-remote-sensing-datasets-f1-score,cand7732,task_change_detection,Change detection,paper-extracted/pre-and-post-disaster-remote-sensing-datasets,Pre- and Post-Disaster Remote Sensing Datasets,f1_score,F1 Score,F1,true,,,,candidate,Paper text links task 'Change detection' with extracted dataset/resource 'Pre- and Post-Disaster Remote Sensing Datasets'. Metric is inferred from task family; no score extracted.,source:paper-extraction|paper:cand7732|dataset_evidence:text_phrase,0.35,paper_text_candidate
paper_extracted_cand7732-task-change-detection-pre-and-post-disaster-remote-sensing-datasets-mean-intersection-over-union,cand7732,task_change_detection,Change detection,paper-extracted/pre-and-post-disaster-remote-sensing-datasets,Pre- and Post-Disaster Remote Sensing Datasets,mean_intersection_over_union,Mean Intersection over Union,mIoU,true,,,,candidate,Paper text links task 'Change detection' with extracted dataset/resource 'Pre- and Post-Disaster Remote Sensing Datasets'. Metric is inferred from task family; no score extracted.,source:paper-extraction|paper:cand7732|dataset_evidence:text_phrase,0.35,paper_text_candidate
paper_extracted_cand7732-task-image-classification-pre-and-post-disaster-remote-sensing-datasets-overall-accuracy,cand7732,task_image_classification,Image classification,paper-extracted/pre-and-post-disaster-remote-sensing-datasets,Pre- and Post-Disaster Remote Sensing Datasets,overall_accuracy,Overall Accuracy,OA,true,,,,candidate,Paper text links task 'Image classification' with extracted dataset/resource 'Pre- and Post-Disaster Remote Sensing Datasets'. Metric is inferred from task family; no score extracted.,source:paper-extraction|paper:cand7732|dataset_evidence:text_phrase,0.35,paper_text_candidate
paper_extracted_cand7732-task-image-classification-pre-and-post-disaster-remote-sensing-datasets-f1-score,cand7732,task_image_classification,Image classification,paper-extracted/pre-and-post-disaster-remote-sensing-datasets,Pre- and Post-Disaster Remote Sensing Datasets,f1_score,F1 Score,F1,true,,,,candidate,Paper text links task 'Image classification' with extracted dataset/resource 'Pre- and Post-Disaster Remote Sensing Datasets'. Metric is inferred from task family; no score extracted.,source:paper-extraction|paper:cand7732|dataset_evidence:text_phrase,0.35,paper_text_candidate
paper_extracted_cand7759-task-semantic-segmentation-generalized-scene-classification-from-small-scale-datasets-mean-intersection-over-union,cand7759,task_semantic_segmentation,Semantic segmentation,paper-extracted/generalized-scene-classification-from-small-scale-datasets,Generalized Scene Classification From Small-Scale Datasets,mean_intersection_over_union,Mean Intersection over Union,mIoU,true,,,,candidate,Paper text links task 'Semantic segmentation' with extracted dataset/resource 'Generalized Scene Classification From Small-Scale Datasets'. Metric is inferred from task family; no score extracted.,source:paper-extraction|paper:cand7759|dataset_evidence:text_phrase,0.35,paper_text_candidate
paper_extracted_cand7759-task-semantic-segmentation-generalized-scene-classification-from-small-scale-datasets-f1-score,cand7759,task_semantic_segmentation,Semantic segmentation,paper-extracted/generalized-scene-classification-from-small-scale-datasets,Generalized Scene Classification From Small-Scale Datasets,f1_score,F1 Score,F1,true,,,,candidate,Paper text links task 'Semantic segmentation' with extracted dataset/resource 'Generalized Scene Classification From Small-Scale Datasets'. Metric is inferred from task family; no score extracted.,source:paper-extraction|paper:cand7759|dataset_evidence:text_phrase,0.35,paper_text_candidate
paper_extracted_cand7759-task-image-classification-generalized-scene-classification-from-small-scale-datasets-overall-accuracy,cand7759,task_image_classification,Image classification,paper-extracted/generalized-scene-classification-from-small-scale-datasets,Generalized Scene Classification From Small-Scale Datasets,overall_accuracy,Overall Accuracy,OA,true,,,,candidate,Paper text links task 'Image classification' with extracted dataset/resource 'Generalized Scene Classification From Small-Scale Datasets'. Metric is inferred from task family; no score extracted.,source:paper-extraction|paper:cand7759|dataset_evidence:text_phrase,0.35,paper_text_candidate
paper_extracted_cand7759-task-image-classification-generalized-scene-classification-from-small-scale-datasets-f1-score,cand7759,task_image_classification,Image classification,paper-extracted/generalized-scene-classification-from-small-scale-datasets,Generalized Scene Classification From Small-Scale Datasets,f1_score,F1 Score,F1,true,,,,candidate,Paper text links task 'Image classification' with extracted dataset/resource 'Generalized Scene Classification From Small-Scale Datasets'. Metric is inferred from task family; no score extracted.,source:paper-extraction|paper:cand7759|dataset_evidence:text_phrase,0.35,paper_text_candidate
paper_extracted_cand7879-task-depth-estimation-cross-dataset-root-mean-squared-error,cand7879,task_depth_estimation,Depth estimation,paper-extracted/cross-dataset,Cross-Dataset,root_mean_squared_error,Root Mean Squared Error,RMSE,false,,,,candidate,Paper text links task 'Depth estimation' with extracted dataset/resource 'Cross-Dataset'. Metric is inferred from task family; no score extracted.,source:paper-extraction|paper:cand7879|dataset_evidence:named_token,0.35,paper_text_candidate
paper_extracted_cand8143-task-semantic-segmentation-topology-annotated-panoptic-dataset-mean-intersection-over-union,cand8143,task_semantic_segmentation,Semantic segmentation,paper-extracted/topology-annotated-panoptic-dataset,Topology-Annotated Panoptic Dataset,mean_intersection_over_union,Mean Intersection over Union,mIoU,true,,,,candidate,Paper text links task 'Semantic segmentation' with extracted dataset/resource 'Topology-Annotated Panoptic Dataset'. Metric is inferred from task family; no score extracted.,source:paper-extraction|paper:cand8143|dataset_evidence:text_phrase,0.35,paper_text_candidate
paper_extracted_cand8143-task-semantic-segmentation-topology-annotated-panoptic-dataset-f1-score,cand8143,task_semantic_segmentation,Semantic segmentation,paper-extracted/topology-annotated-panoptic-dataset,Topology-Annotated Panoptic Dataset,f1_score,F1 Score,F1,true,,,,candidate,Paper text links task 'Semantic segmentation' with extracted dataset/resource 'Topology-Annotated Panoptic Dataset'. Metric is inferred from task family; no score extracted.,source:paper-extraction|paper:cand8143|dataset_evidence:text_phrase,0.35,paper_text_candidate
paper_extracted_cand8143-task-image-classification-topology-annotated-panoptic-dataset-overall-accuracy,cand8143,task_image_classification,Image classification,paper-extracted/topology-annotated-panoptic-dataset,Topology-Annotated Panoptic Dataset,overall_accuracy,Overall Accuracy,OA,true,,,,candidate,Paper text links task 'Image classification' with extracted dataset/resource 'Topology-Annotated Panoptic Dataset'. Metric is inferred from task family; no score extracted.,source:paper-extraction|paper:cand8143|dataset_evidence:text_phrase,0.35,paper_text_candidate
paper_extracted_cand8143-task-image-classification-topology-annotated-panoptic-dataset-f1-score,cand8143,task_image_classification,Image classification,paper-extracted/topology-annotated-panoptic-dataset,Topology-Annotated Panoptic Dataset,f1_score,F1 Score,F1,true,,,,candidate,Paper text links task 'Image classification' with extracted dataset/resource 'Topology-Annotated Panoptic Dataset'. Metric is inferred from task family; no score extracted.,source:paper-extraction|paper:cand8143|dataset_evidence:text_phrase,0.35,paper_text_candidate
paper_extracted_cand8143-task-depth-estimation-topology-annotated-panoptic-dataset-root-mean-squared-error,cand8143,task_depth_estimation,Depth estimation,paper-extracted/topology-annotated-panoptic-dataset,Topology-Annotated Panoptic Dataset,root_mean_squared_error,Root Mean Squared Error,RMSE,false,,,,candidate,Paper text links task 'Depth estimation' with extracted dataset/resource 'Topology-Annotated Panoptic Dataset'. Metric is inferred from task family; no score extracted.,source:paper-extraction|paper:cand8143|dataset_evidence:text_phrase,0.35,paper_text_candidate
paper_extracted_cand8363-task-semantic-segmentation-sentinel-1-2-multi-modal-cropland-segmentation-dataset-mean-intersection-over-union,cand8363,task_semantic_segmentation,Semantic segmentation,paper-extracted/sentinel-1-2-multi-modal-cropland-segmentation-dataset,Sentinel-1/2 Multi-Modal Cropland Segmentation Dataset,mean_intersection_over_union,Mean Intersection over Union,mIoU,true,,,,candidate,Paper text links task 'Semantic segmentation' with extracted dataset/resource 'Sentinel-1/2 Multi-Modal Cropland Segmentation Dataset'. Metric is inferred from task family; no score extracted.,source:paper-extraction|paper:cand8363|dataset_evidence:text_phrase,0.35,paper_text_candidate
paper_extracted_cand8363-task-semantic-segmentation-sentinel-1-2-multi-modal-cropland-segmentation-dataset-f1-score,cand8363,task_semantic_segmentation,Semantic segmentation,paper-extracted/sentinel-1-2-multi-modal-cropland-segmentation-dataset,Sentinel-1/2 Multi-Modal Cropland Segmentation Dataset,f1_score,F1 Score,F1,true,,,,candidate,Paper text links task 'Semantic segmentation' with extracted dataset/resource 'Sentinel-1/2 Multi-Modal Cropland Segmentation Dataset'. Metric is inferred from task family; no score extracted.,source:paper-extraction|paper:cand8363|dataset_evidence:text_phrase,0.35,paper_text_candidate
paper_extracted_cand8363-task-image-classification-sentinel-1-2-multi-modal-cropland-segmentation-dataset-overall-accuracy,cand8363,task_image_classification,Image classification,paper-extracted/sentinel-1-2-multi-modal-cropland-segmentation-dataset,Sentinel-1/2 Multi-Modal Cropland Segmentation Dataset,overall_accuracy,Overall Accuracy,OA,true,,,,candidate,Paper text links task 'Image classification' with extracted dataset/resource 'Sentinel-1/2 Multi-Modal Cropland Segmentation Dataset'. Metric is inferred from task family; no score extracted.,source:paper-extraction|paper:cand8363|dataset_evidence:text_phrase,0.35,paper_text_candidate
paper_extracted_cand8363-task-image-classification-sentinel-1-2-multi-modal-cropland-segmentation-dataset-f1-score,cand8363,task_image_classification,Image classification,paper-extracted/sentinel-1-2-multi-modal-cropland-segmentation-dataset,Sentinel-1/2 Multi-Modal Cropland Segmentation Dataset,f1_score,F1 Score,F1,true,,,,candidate,Paper text links task 'Image classification' with extracted dataset/resource 'Sentinel-1/2 Multi-Modal Cropland Segmentation Dataset'. Metric is inferred from task family; no score extracted.,source:paper-extraction|paper:cand8363|dataset_evidence:text_phrase,0.35,paper_text_candidate
paper_extracted_cand8462-task-change-detection-cas-landslide-dataset-f1-score,cand8462,task_change_detection,Change detection,paper-extracted/cas-landslide-dataset,CAS Landslide Dataset,f1_score,F1 Score,F1,true,,,,candidate,Paper text links task 'Change detection' with extracted dataset/resource 'CAS Landslide Dataset'. Metric is inferred from task family; no score extracted.,source:paper-extraction|paper:cand8462|dataset_evidence:text_phrase,0.35,paper_text_candidate
paper_extracted_cand8462-task-change-detection-cas-landslide-dataset-mean-intersection-over-union,cand8462,task_change_detection,Change detection,paper-extracted/cas-landslide-dataset,CAS Landslide Dataset,mean_intersection_over_union,Mean Intersection over Union,mIoU,true,,,,candidate,Paper text links task 'Change detection' with extracted dataset/resource 'CAS Landslide Dataset'. Metric is inferred from task family; no score extracted.,source:paper-extraction|paper:cand8462|dataset_evidence:text_phrase,0.35,paper_text_candidate
paper_extracted_cand8523-task-object-detection-city-scale-and-harmonized-dataset-mean-average-precision,cand8523,task_object_detection,Object detection,paper-extracted/city-scale-and-harmonized-dataset,City-scale and Harmonized Dataset,mean_average_precision,Mean Average Precision,mAP,true,,,,candidate,Paper text links task 'Object detection' with extracted dataset/resource 'City-scale and Harmonized Dataset'. Metric is inferred from task family; no score extracted.,source:paper-extraction|paper:cand8523|dataset_evidence:text_phrase,0.35,paper_text_candidate
paper_extracted_cand8523-task-object-detection-city-scale-and-harmonized-dataset-ap50,cand8523,task_object_detection,Object detection,paper-extracted/city-scale-and-harmonized-dataset,City-scale and Harmonized Dataset,ap50,Average Precision at IoU 0.50,AP50,true,,,,candidate,Paper text links task 'Object detection' with extracted dataset/resource 'City-scale and Harmonized Dataset'. Metric is inferred from task family; no score extracted.,source:paper-extraction|paper:cand8523|dataset_evidence:text_phrase,0.35,paper_text_candidate
paper_extracted_cand8523-task-depth-estimation-city-scale-and-harmonized-dataset-root-mean-squared-error,cand8523,task_depth_estimation,Depth estimation,paper-extracted/city-scale-and-harmonized-dataset,City-scale and Harmonized Dataset,root_mean_squared_error,Root Mean Squared Error,RMSE,false,,,,candidate,Paper text links task 'Depth estimation' with extracted dataset/resource 'City-scale and Harmonized Dataset'. Metric is inferred from task family; no score extracted.,source:paper-extraction|paper:cand8523|dataset_evidence:text_phrase,0.35,paper_text_candidate
paper_extracted_cand8877-task-geo-localization-multi-source-geo-localization-dataset-recall-at-1,cand8877,task_geo_localization,Geo-localization,paper-extracted/multi-source-geo-localization-dataset,Multi-Source Geo-localization Dataset,recall_at_1,Recall@1,R@1,true,,,,candidate,Paper text links task 'Geo-localization' with extracted dataset/resource 'Multi-Source Geo-localization Dataset'. Metric is inferred from task family; no score extracted.,source:paper-extraction|paper:cand8877|dataset_evidence:text_phrase,0.35,paper_text_candidate
paper_extracted_cand9279-task-semantic-segmentation-large-scale-vision-language-dataset-mean-intersection-over-union,cand9279,task_semantic_segmentation,Semantic segmentation,paper-extracted/large-scale-vision-language-dataset,Large-scale Vision-Language Dataset,mean_intersection_over_union,Mean Intersection over Union,mIoU,true,,,,candidate,Paper text links task 'Semantic segmentation' with extracted dataset/resource 'Large-scale Vision-Language Dataset'. Metric is inferred from task family; no score extracted.,source:paper-extraction|paper:cand9279|dataset_evidence:text_phrase,0.35,paper_text_candidate
paper_extracted_cand9279-task-semantic-segmentation-large-scale-vision-language-dataset-f1-score,cand9279,task_semantic_segmentation,Semantic segmentation,paper-extracted/large-scale-vision-language-dataset,Large-scale Vision-Language Dataset,f1_score,F1 Score,F1,true,,,,candidate,Paper text links task 'Semantic segmentation' with extracted dataset/resource 'Large-scale Vision-Language Dataset'. Metric is inferred from task family; no score extracted.,source:paper-extraction|paper:cand9279|dataset_evidence:text_phrase,0.35,paper_text_candidate
paper_extracted_cand9307-task-semantic-segmentation-method-for-day-night-aerial-infrared-image-dataset-mean-intersection-over-union,cand9307,task_semantic_segmentation,Semantic segmentation,paper-extracted/method-for-day-night-aerial-infrared-image-dataset,Method for Day-Night Aerial Infrared Image Dataset,mean_intersection_over_union,Mean Intersection over Union,mIoU,true,,,,candidate,Paper text links task 'Semantic segmentation' with extracted dataset/resource 'Method for Day-Night Aerial Infrared Image Dataset'. Metric is inferred from task family; no score extracted.,source:paper-extraction|paper:cand9307|dataset_evidence:text_phrase,0.35,paper_text_candidate
paper_extracted_cand9307-task-semantic-segmentation-method-for-day-night-aerial-infrared-image-dataset-f1-score,cand9307,task_semantic_segmentation,Semantic segmentation,paper-extracted/method-for-day-night-aerial-infrared-image-dataset,Method for Day-Night Aerial Infrared Image Dataset,f1_score,F1 Score,F1,true,,,,candidate,Paper text links task 'Semantic segmentation' with extracted dataset/resource 'Method for Day-Night Aerial Infrared Image Dataset'. Metric is inferred from task family; no score extracted.,source:paper-extraction|paper:cand9307|dataset_evidence:text_phrase,0.35,paper_text_candidate
paper_extracted_cand9762-task-image-classification-4th-multi-modal-aerial-view-image-challenge-overall-accuracy,cand9762,task_image_classification,Image classification,paper-extracted/4th-multi-modal-aerial-view-image-challenge,4th Multi-Modal Aerial View Image Challenge,overall_accuracy,Overall Accuracy,OA,true,,,,candidate,Paper text links task 'Image classification' with extracted dataset/resource '4th Multi-Modal Aerial View Image Challenge'. Metric is inferred from task family; no score extracted.,source:paper-extraction|paper:cand9762|dataset_evidence:text_phrase,0.35,paper_text_candidate
paper_extracted_cand9762-task-image-classification-4th-multi-modal-aerial-view-image-challenge-f1-score,cand9762,task_image_classification,Image classification,paper-extracted/4th-multi-modal-aerial-view-image-challenge,4th Multi-Modal Aerial View Image Challenge,f1_score,F1 Score,F1,true,,,,candidate,Paper text links task 'Image classification' with extracted dataset/resource '4th Multi-Modal Aerial View Image Challenge'. Metric is inferred from task family; no score extracted.,source:paper-extraction|paper:cand9762|dataset_evidence:text_phrase,0.35,paper_text_candidate
paper_extracted_cand9762-task-depth-estimation-4th-multi-modal-aerial-view-image-challenge-root-mean-squared-error,cand9762,task_depth_estimation,Depth estimation,paper-extracted/4th-multi-modal-aerial-view-image-challenge,4th Multi-Modal Aerial View Image Challenge,root_mean_squared_error,Root Mean Squared Error,RMSE,false,,,,candidate,Paper text links task 'Depth estimation' with extracted dataset/resource '4th Multi-Modal Aerial View Image Challenge'. Metric is inferred from task family; no score extracted.,source:paper-extraction|paper:cand9762|dataset_evidence:text_phrase,0.35,paper_text_candidate
paper_extracted_cand9762-task-image-classification-2025-the-multi-modal-aerial-view-image-challenge-overall-accuracy,cand9762,task_image_classification,Image classification,paper-extracted/2025-the-multi-modal-aerial-view-image-challenge,2025 The Multi-modal Aerial View Image Challenge,overall_accuracy,Overall Accuracy,OA,true,,,,candidate,Paper text links task 'Image classification' with extracted dataset/resource '2025 The Multi-modal Aerial View Image Challenge'. Metric is inferred from task family; no score extracted.,source:paper-extraction|paper:cand9762|dataset_evidence:text_phrase,0.35,paper_text_candidate
paper_extracted_cand9762-task-image-classification-2025-the-multi-modal-aerial-view-image-challenge-f1-score,cand9762,task_image_classification,Image classification,paper-extracted/2025-the-multi-modal-aerial-view-image-challenge,2025 The Multi-modal Aerial View Image Challenge,f1_score,F1 Score,F1,true,,,,candidate,Paper text links task 'Image classification' with extracted dataset/resource '2025 The Multi-modal Aerial View Image Challenge'. Metric is inferred from task family; no score extracted.,source:paper-extraction|paper:cand9762|dataset_evidence:text_phrase,0.35,paper_text_candidate
paper_extracted_cand9762-task-depth-estimation-2025-the-multi-modal-aerial-view-image-challenge-root-mean-squared-error,cand9762,task_depth_estimation,Depth estimation,paper-extracted/2025-the-multi-modal-aerial-view-image-challenge,2025 The Multi-modal Aerial View Image Challenge,root_mean_squared_error,Root Mean Squared Error,RMSE,false,,,,candidate,Paper text links task 'Depth estimation' with extracted dataset/resource '2025 The Multi-modal Aerial View Image Challenge'. Metric is inferred from task family; no score extracted.,source:paper-extraction|paper:cand9762|dataset_evidence:text_phrase,0.35,paper_text_candidate
paper_extracted_cand9800-task-image-classification-analyzing-the-separability-of-sar-classification-dataset-overall-accuracy,cand9800,task_image_classification,Image classification,paper-extracted/analyzing-the-separability-of-sar-classification-dataset,Analyzing the Separability of SAR Classification Dataset,overall_accuracy,Overall Accuracy,OA,true,,,,candidate,Paper text links task 'Image classification' with extracted dataset/resource 'Analyzing the Separability of SAR Classification Dataset'. Metric is inferred from task family; no score extracted.,source:paper-extraction|paper:cand9800|dataset_evidence:text_phrase,0.35,paper_text_candidate
paper_extracted_cand9800-task-image-classification-analyzing-the-separability-of-sar-classification-dataset-f1-score,cand9800,task_image_classification,Image classification,paper-extracted/analyzing-the-separability-of-sar-classification-dataset,Analyzing the Separability of SAR Classification Dataset,f1_score,F1 Score,F1,true,,,,candidate,Paper text links task 'Image classification' with extracted dataset/resource 'Analyzing the Separability of SAR Classification Dataset'. Metric is inferred from task family; no score extracted.,source:paper-extraction|paper:cand9800|dataset_evidence:text_phrase,0.35,paper_text_candidate
paper_extracted_cand9808-task-image-classification-sentinel-1-sar-image-dataset-overall-accuracy,cand9808,task_image_classification,Image classification,paper-extracted/sentinel-1-sar-image-dataset,Sentinel-1 SAR Image Dataset,overall_accuracy,Overall Accuracy,OA,true,,,,candidate,Paper text links task 'Image classification' with extracted dataset/resource 'Sentinel-1 SAR Image Dataset'. Metric is inferred from task family; no score extracted.,source:paper-extraction|paper:cand9808|dataset_evidence:text_phrase,0.35,paper_text_candidate
paper_extracted_cand9808-task-image-classification-sentinel-1-sar-image-dataset-f1-score,cand9808,task_image_classification,Image classification,paper-extracted/sentinel-1-sar-image-dataset,Sentinel-1 SAR Image Dataset,f1_score,F1 Score,F1,true,,,,candidate,Paper text links task 'Image classification' with extracted dataset/resource 'Sentinel-1 SAR Image Dataset'. Metric is inferred from task family; no score extracted.,source:paper-extraction|paper:cand9808|dataset_evidence:text_phrase,0.35,paper_text_candidate
paper_extracted_cand9842-task-image-classification-mrl-eye-dataset-overall-accuracy,cand9842,task_image_classification,Image classification,paper-extracted/mrl-eye-dataset,MRL Eye Dataset,overall_accuracy,Overall Accuracy,OA,true,,,,candidate,Paper text links task 'Image classification' with extracted dataset/resource 'MRL Eye Dataset'. Metric is inferred from task family; no score extracted.,source:paper-extraction|paper:cand9842|dataset_evidence:text_phrase,0.35,paper_text_candidate
paper_extracted_cand9842-task-image-classification-mrl-eye-dataset-f1-score,cand9842,task_image_classification,Image classification,paper-extracted/mrl-eye-dataset,MRL Eye Dataset,f1_score,F1 Score,F1,true,,,,candidate,Paper text links task 'Image classification' with extracted dataset/resource 'MRL Eye Dataset'. Metric is inferred from task family; no score extracted.,source:paper-extraction|paper:cand9842|dataset_evidence:text_phrase,0.35,paper_text_candidate
paper_extracted_cand10286-task-object-detection-analysis-and-generalizability-of-the-mtarsi-dataset-mean-average-precision,cand10286,task_object_detection,Object detection,paper-extracted/analysis-and-generalizability-of-the-mtarsi-dataset,Analysis and Generalizability of the MTARSI Dataset,mean_average_precision,Mean Average Precision,mAP,true,,,,candidate,Paper text links task 'Object detection' with extracted dataset/resource 'Analysis and Generalizability of the MTARSI Dataset'. Metric is inferred from task family; no score extracted.,source:paper-extraction|paper:cand10286|dataset_evidence:text_phrase,0.35,paper_text_candidate
paper_extracted_cand10286-task-object-detection-analysis-and-generalizability-of-the-mtarsi-dataset-ap50,cand10286,task_object_detection,Object detection,paper-extracted/analysis-and-generalizability-of-the-mtarsi-dataset,Analysis and Generalizability of the MTARSI Dataset,ap50,Average Precision at IoU 0.50,AP50,true,,,,candidate,Paper text links task 'Object detection' with extracted dataset/resource 'Analysis and Generalizability of the MTARSI Dataset'. Metric is inferred from task family; no score extracted.,source:paper-extraction|paper:cand10286|dataset_evidence:text_phrase,0.35,paper_text_candidate
paper_extracted_cand10286-task-image-classification-analysis-and-generalizability-of-the-mtarsi-dataset-overall-accuracy,cand10286,task_image_classification,Image classification,paper-extracted/analysis-and-generalizability-of-the-mtarsi-dataset,Analysis and Generalizability of the MTARSI Dataset,overall_accuracy,Overall Accuracy,OA,true,,,,candidate,Paper text links task 'Image classification' with extracted dataset/resource 'Analysis and Generalizability of the MTARSI Dataset'. Metric is inferred from task family; no score extracted.,source:paper-extraction|paper:cand10286|dataset_evidence:text_phrase,0.35,paper_text_candidate
paper_extracted_cand10286-task-image-classification-analysis-and-generalizability-of-the-mtarsi-dataset-f1-score,cand10286,task_image_classification,Image classification,paper-extracted/analysis-and-generalizability-of-the-mtarsi-dataset,Analysis and Generalizability of the MTARSI Dataset,f1_score,F1 Score,F1,true,,,,candidate,Paper text links task 'Image classification' with extracted dataset/resource 'Analysis and Generalizability of the MTARSI Dataset'. Metric is inferred from task family; no score extracted.,source:paper-extraction|paper:cand10286|dataset_evidence:text_phrase,0.35,paper_text_candidate
paper_extracted_cand10286-task-super-resolution-analysis-and-generalizability-of-the-mtarsi-dataset-peak-signal-to-noise-ratio,cand10286,task_super_resolution,Super-resolution,paper-extracted/analysis-and-generalizability-of-the-mtarsi-dataset,Analysis and Generalizability of the MTARSI Dataset,peak_signal_to_noise_ratio,Peak Signal-to-Noise Ratio,PSNR,true,,,,candidate,Paper text links task 'Super-resolution' with extracted dataset/resource 'Analysis and Generalizability of the MTARSI Dataset'. Metric is inferred from task family; no score extracted.,source:paper-extraction|paper:cand10286|dataset_evidence:text_phrase,0.35,paper_text_candidate
paper_extracted_cand10286-task-super-resolution-analysis-and-generalizability-of-the-mtarsi-dataset-structural-similarity,cand10286,task_super_resolution,Super-resolution,paper-extracted/analysis-and-generalizability-of-the-mtarsi-dataset,Analysis and Generalizability of the MTARSI Dataset,structural_similarity,Structural Similarity,SSIM,true,,,,candidate,Paper text links task 'Super-resolution' with extracted dataset/resource 'Analysis and Generalizability of the MTARSI Dataset'. Metric is inferred from task family; no score extracted.,source:paper-extraction|paper:cand10286|dataset_evidence:text_phrase,0.35,paper_text_candidate
paper_extracted_cand10311-task-object-detection-large-scale-fine-grained-dataset-mean-average-precision,cand10311,task_object_detection,Object detection,paper-extracted/large-scale-fine-grained-dataset,Large-Scale Fine-Grained Dataset,mean_average_precision,Mean Average Precision,mAP,true,,,,candidate,Paper text links task 'Object detection' with extracted dataset/resource 'Large-Scale Fine-Grained Dataset'. Metric is inferred from task family; no score extracted.,source:paper-extraction|paper:cand10311|dataset_evidence:text_phrase,0.35,paper_text_candidate
paper_extracted_cand10311-task-object-detection-large-scale-fine-grained-dataset-ap50,cand10311,task_object_detection,Object detection,paper-extracted/large-scale-fine-grained-dataset,Large-Scale Fine-Grained Dataset,ap50,Average Precision at IoU 0.50,AP50,true,,,,candidate,Paper text links task 'Object detection' with extracted dataset/resource 'Large-Scale Fine-Grained Dataset'. Metric is inferred from task family; no score extracted.,source:paper-extraction|paper:cand10311|dataset_evidence:text_phrase,0.35,paper_text_candidate
paper_extracted_cand10311-task-image-classification-large-scale-fine-grained-dataset-overall-accuracy,cand10311,task_image_classification,Image classification,paper-extracted/large-scale-fine-grained-dataset,Large-Scale Fine-Grained Dataset,overall_accuracy,Overall Accuracy,OA,true,,,,candidate,Paper text links task 'Image classification' with extracted dataset/resource 'Large-Scale Fine-Grained Dataset'. Metric is inferred from task family; no score extracted.,source:paper-extraction|paper:cand10311|dataset_evidence:text_phrase,0.35,paper_text_candidate
paper_extracted_cand10311-task-image-classification-large-scale-fine-grained-dataset-f1-score,cand10311,task_image_classification,Image classification,paper-extracted/large-scale-fine-grained-dataset,Large-Scale Fine-Grained Dataset,f1_score,F1 Score,F1,true,,,,candidate,Paper text links task 'Image classification' with extracted dataset/resource 'Large-Scale Fine-Grained Dataset'. Metric is inferred from task family; no score extracted.,source:paper-extraction|paper:cand10311|dataset_evidence:text_phrase,0.35,paper_text_candidate
paper_extracted_cand10348-task-semantic-segmentation-simulated-3d-datasets-mean-intersection-over-union,cand10348,task_semantic_segmentation,Semantic segmentation,paper-extracted/simulated-3d-datasets,Simulated 3D Datasets,mean_intersection_over_union,Mean Intersection over Union,mIoU,true,,,,candidate,Paper text links task 'Semantic segmentation' with extracted dataset/resource 'Simulated 3D Datasets'. Metric is inferred from task family; no score extracted.,source:paper-extraction|paper:cand10348|dataset_evidence:text_phrase,0.35,paper_text_candidate
paper_extracted_cand10348-task-semantic-segmentation-simulated-3d-datasets-f1-score,cand10348,task_semantic_segmentation,Semantic segmentation,paper-extracted/simulated-3d-datasets,Simulated 3D Datasets,f1_score,F1 Score,F1,true,,,,candidate,Paper text links task 'Semantic segmentation' with extracted dataset/resource 'Simulated 3D Datasets'. Metric is inferred from task family; no score extracted.,source:paper-extraction|paper:cand10348|dataset_evidence:text_phrase,0.35,paper_text_candidate
paper_extracted_cand10348-task-change-detection-simulated-3d-datasets-f1-score,cand10348,task_change_detection,Change detection,paper-extracted/simulated-3d-datasets,Simulated 3D Datasets,f1_score,F1 Score,F1,true,,,,candidate,Paper text links task 'Change detection' with extracted dataset/resource 'Simulated 3D Datasets'. Metric is inferred from task family; no score extracted.,source:paper-extraction|paper:cand10348|dataset_evidence:text_phrase,0.35,paper_text_candidate
paper_extracted_cand10348-task-change-detection-simulated-3d-datasets-mean-intersection-over-union,cand10348,task_change_detection,Change detection,paper-extracted/simulated-3d-datasets,Simulated 3D Datasets,mean_intersection_over_union,Mean Intersection over Union,mIoU,true,,,,candidate,Paper text links task 'Change detection' with extracted dataset/resource 'Simulated 3D Datasets'. Metric is inferred from task family; no score extracted.,source:paper-extraction|paper:cand10348|dataset_evidence:text_phrase,0.35,paper_text_candidate
paper_extracted_cand10437-task-semantic-segmentation-out-of-distribution-detection-in-multi-label-datasets-mean-intersection-over-union,cand10437,task_semantic_segmentation,Semantic segmentation,paper-extracted/out-of-distribution-detection-in-multi-label-datasets,Out-of-Distribution Detection in Multi-Label Datasets,mean_intersection_over_union,Mean Intersection over Union,mIoU,true,,,,candidate,Paper text links task 'Semantic segmentation' with extracted dataset/resource 'Out-of-Distribution Detection in Multi-Label Datasets'. Metric is inferred from task family; no score extracted.,source:paper-extraction|paper:cand10437|dataset_evidence:text_phrase,0.35,paper_text_candidate
paper_extracted_cand10437-task-semantic-segmentation-out-of-distribution-detection-in-multi-label-datasets-f1-score,cand10437,task_semantic_segmentation,Semantic segmentation,paper-extracted/out-of-distribution-detection-in-multi-label-datasets,Out-of-Distribution Detection in Multi-Label Datasets,f1_score,F1 Score,F1,true,,,,candidate,Paper text links task 'Semantic segmentation' with extracted dataset/resource 'Out-of-Distribution Detection in Multi-Label Datasets'. Metric is inferred from task family; no score extracted.,source:paper-extraction|paper:cand10437|dataset_evidence:text_phrase,0.35,paper_text_candidate
paper_extracted_cand10437-task-object-detection-out-of-distribution-detection-in-multi-label-datasets-mean-average-precision,cand10437,task_object_detection,Object detection,paper-extracted/out-of-distribution-detection-in-multi-label-datasets,Out-of-Distribution Detection in Multi-Label Datasets,mean_average_precision,Mean Average Precision,mAP,true,,,,candidate,Paper text links task 'Object detection' with extracted dataset/resource 'Out-of-Distribution Detection in Multi-Label Datasets'. Metric is inferred from task family; no score extracted.,source:paper-extraction|paper:cand10437|dataset_evidence:text_phrase,0.35,paper_text_candidate
paper_extracted_cand10437-task-object-detection-out-of-distribution-detection-in-multi-label-datasets-ap50,cand10437,task_object_detection,Object detection,paper-extracted/out-of-distribution-detection-in-multi-label-datasets,Out-of-Distribution Detection in Multi-Label Datasets,ap50,Average Precision at IoU 0.50,AP50,true,,,,candidate,Paper text links task 'Object detection' with extracted dataset/resource 'Out-of-Distribution Detection in Multi-Label Datasets'. Metric is inferred from task family; no score extracted.,source:paper-extraction|paper:cand10437|dataset_evidence:text_phrase,0.35,paper_text_candidate
paper_extracted_source-paper-aethervision-bench-an-open-vocabulary-rgb-infr-92914317f2-task-semantic-segmentation-open-vocabulary-rgb-infrared-benchmark-mea,source_paper_aethervision-bench-an-open-vocabulary-rgb-infr_92914317f2,task_semantic_segmentation,Semantic segmentation,paper-extracted/open-vocabulary-rgb-infrared-benchmark,Open-Vocabulary RGB-Infrared Benchmark,mean_intersection_over_union,Mean Intersection over Union,mIoU,true,,,,candidate,Paper text links task 'Semantic segmentation' with extracted dataset/resource 'Open-Vocabulary RGB-Infrared Benchmark'. Metric is inferred from task family; no score extracted.,source:paper-extraction|paper:source_paper_aethervision-bench-an-open-vocabulary-rgb-infr_92914317f2|dataset_evidence:text_phrase,0.35,paper_text_candidate
paper_extracted_source-paper-aethervision-bench-an-open-vocabulary-rgb-infr-92914317f2-task-semantic-segmentation-open-vocabulary-rgb-infrared-benchmark-f1,source_paper_aethervision-bench-an-open-vocabulary-rgb-infr_92914317f2,task_semantic_segmentation,Semantic segmentation,paper-extracted/open-vocabulary-rgb-infrared-benchmark,Open-Vocabulary RGB-Infrared Benchmark,f1_score,F1 Score,F1,true,,,,candidate,Paper text links task 'Semantic segmentation' with extracted dataset/resource 'Open-Vocabulary RGB-Infrared Benchmark'. Metric is inferred from task family; no score extracted.,source:paper-extraction|paper:source_paper_aethervision-bench-an-open-vocabulary-rgb-infr_92914317f2|dataset_evidence:text_phrase,0.35,paper_text_candidate
structured_ingest_image-classification_sukiewang-poi-benchmark_overall_accuracy,,task_image_classification,Image Classification,sukiewang/poi-benchmark,poi-benchmark,overall_accuracy,Overall Accuracy,OA,true,,,,candidate,Structured source identified dataset/resource as benchmark or challenge: poi-benchmark.,source:structured-ingest|https://huggingface.co/datasets/sukiewang/poi-benchmark|source:huggingface-ingest/tag:task_categories:image-to-text/tag:task_categories:visual-question-answering/tag:task_categories:image-classification/tag:language:zh/tag:language:en/tag:license:cc-by-4.0/tag:size_categories:100K<n<1M/tag:format:webdataset/tag:modality:image/tag:modality:text/tag:library:datasets/tag:library:webdataset,0.40,structured_source_dataset_flag
structured_ingest_image-classification_zenodo-18904135_overall_accuracy,,task_image_classification,Image Classification,zenodo/18904135,DGGS Benchmark Replication Study - Results Dataset,overall_accuracy,Overall Accuracy,OA,true,,,,candidate,Structured source identified dataset/resource as benchmark or challenge: DGGS Benchmark Replication Study - Results Dataset.,source:structured-ingest|https://zenodo.org/records/18904135|source:zenodo/record:18904135,0.40,structured_source_dataset_flag
structured_ingest_object-detection_zenodo-19100554_mean_average_precision,,task_object_detection,Object Detection,zenodo/19100554,Demining Research Community Seeded Field Multimodal Landmine Detection Dataset,mean_average_precision,Mean Average Precision,mAP,true,,,,candidate,Structured source identified dataset/resource as benchmark or challenge: Demining Research Community Seeded Field Multimodal Landmine Detection Dataset.,source:structured-ingest|https://zenodo.org/records/19100554|source:zenodo/record:19100554/keyword:Landmine Detection/keyword:Mine Action/keyword:UXO/keyword:Landmine/keyword:Humanitarian Mine Action/keyword:UAV,0.40,structured_source_dataset_flag
