source_repo,source_section,category,task,dataset,date,samples,modal,annotations,data_sources,gsd,paper,paper_url,link,link_url,image_size,text_count,image_count,content,description,entry_title,entry_url,mentioned_datasets,notes
https://github.com/xiaoaoran/awesome-RSFMs,VFM Datasets,VFM Datasets,,FMoW-RGB,2018,363.6k,RGB,62 classes,"QuickBird-2, GeoEye-1, WorldView-2/3",varying,paper,https://openaccess.thecvf.com/content_cvpr_2018/html/Christie_Functional_Map_of_CVPR_2018_paper.html,download,https://github.com/fMoW/dataset,,,,,,FMoW-RGB,https://github.com/fMoW/dataset,,imported from xiaoaoran dataset table
https://github.com/xiaoaoran/awesome-RSFMs,VFM Datasets,VFM Datasets,,BigEarthNet,2019,1.2 million,"MSI,SAR",19 LULC classes,Sentinel-1/2,"10,20,60m",paper,https://ieeexplore.ieee.org/abstract/document/8900532,download,https://bigearth.net,,,,,,BigEarthNet,https://bigearth.net,,imported from xiaoaoran dataset table
https://github.com/xiaoaoran/awesome-RSFMs,VFM Datasets,VFM Datasets,,SeCo,2021,1 million,MSI,None,Sentinel-2; NAIP,"10,20,60m",paper,https://openaccess.thecvf.com/content/ICCV2021/html/Manas_Seasonal_Contrast_Unsupervised_Pre-Training_From_Uncurated_Remote_Sensing_Data_ICCV_2021_paper.html,download,https://github.com/ServiceNow/seasonal-contrast?tab=readme-ov-file,,,,,,SeCo,https://github.com/ServiceNow/seasonal-contrast?tab=readme-ov-file,,imported from xiaoaoran dataset table
https://github.com/xiaoaoran/awesome-RSFMs,VFM Datasets,VFM Datasets,,FMoW-Sentinel,2022,"882,779",MSI,None,Sentinel-2,10m,paper,https://proceedings.neurips.cc/paper_files/paper/2022/hash/01c561df365429f33fcd7a7faa44c985-Abstract-Conference.html,download,https://sustainlab-group.github.io/SatMAE/,,,,,,FMoW-Sentinel,https://sustainlab-group.github.io/SatMAE/,,imported from xiaoaoran dataset table
https://github.com/xiaoaoran/awesome-RSFMs,VFM Datasets,VFM Datasets,,MillionAID,2022,1 million,RGB,51 LULC classes,"SPOT, IKONOS,WorldView, Landsat, etc.",0.5m-153m,paper,https://ieeexplore.ieee.org/abstract/document/9782149,download,https://captain-whu.github.io/DiRS/,,,,,,MillionAID,https://captain-whu.github.io/DiRS/,,imported from xiaoaoran dataset table
https://github.com/xiaoaoran/awesome-RSFMs,VFM Datasets,VFM Datasets,,GeoPile,2023,600K,RGB,None,"Sentinel-2, NAIP, etc.",0.1m-30m,paper,https://openaccess.thecvf.com/content/ICCV2023/html/Mendieta_Towards_Geospatial_Foundation_Models_via_Continual_Pretraining_ICCV_2023_paper.html,download,https://github.com/mmendiet/GFM,,,,,,GeoPile,https://github.com/mmendiet/GFM,,imported from xiaoaoran dataset table
https://github.com/xiaoaoran/awesome-RSFMs,VFM Datasets,VFM Datasets,,SSL4EO-L,2023,5 million,MSI,None,Landsat 4–9,30m,paper,https://proceedings.neurips.cc/paper_files/paper/2023/file/bbf7ee04e2aefec136ecf60e346c2e61-Paper-Datasets_and_Benchmarks.pdf,download,https://huggingface.co/datasets/torchgeo/ssl4eo_l,,,,,,SSL4EO-L,https://huggingface.co/datasets/torchgeo/ssl4eo_l,,imported from xiaoaoran dataset table
https://github.com/xiaoaoran/awesome-RSFMs,VFM Datasets,VFM Datasets,,SSL4EO-S12,2023,3 million,"MSI, SAR",None,Sentinel-1/2,10m,paper,https://arxiv.org/pdf/2211.07044,download,https://github.com/zhu-xlab/SSL4EO-S12,,,,,,SSL4EO-S12,https://github.com/zhu-xlab/SSL4EO-S12,,imported from xiaoaoran dataset table
https://github.com/xiaoaoran/awesome-RSFMs,VFM Datasets,VFM Datasets,,SatlasPretrain,2023,856K tiles,"RGB,MSI,SAR",137 classes of 7 types,"Sentinel-1/2, NAIP, NOAA Lidar Scans","0.5–2m,10m",paper,https://openaccess.thecvf.com/content/ICCV2023/html/Bastani_SatlasPretrain_A_Large-Scale_Dataset_for_Remote_Sensing_Image_Understanding_ICCV_2023_paper.html,download,https://github.com/allenai/satlas/blob/main/SatlasPretrain.md,,,,,,SatlasPretrain,https://github.com/allenai/satlas/blob/main/SatlasPretrain.md,,imported from xiaoaoran dataset table
https://github.com/xiaoaoran/awesome-RSFMs,VFM Datasets,VFM Datasets,,MMEarth,2024,1.2 million,"RGB,MSI,SAR,DSM",None,"Sentinel-1/2, Aster DEM, etc.","10,20,60m",paper,https://arxiv.org/pdf/2405.02771,download,https://github.com/vishalned/MMEarth-data,,,,,,MMEarth,https://github.com/vishalned/MMEarth-data,,imported from xiaoaoran dataset table
https://github.com/xiaoaoran/awesome-RSFMs,VLM Datasets,VLM Datasets,VQA,RSVQA-LR,,,Vision-Language,,,10,,,download,https://zenodo.org/records/6344334,256,77K,772,"Questions for existing judging, area estimation, object comparison, scene recognition","Questions for existing judging, area estimation, object comparison, scene recognition",RSVQA-LR,https://zenodo.org/records/6344334,,imported from xiaoaoran dataset table
https://github.com/xiaoaoran/awesome-RSFMs,VLM Datasets,VLM Datasets,VQA,RSVQA-HR,,,Vision-Language,,,0.15,,,download,https://zenodo.org/records/6344367,512,955K,"10,659","Questions for existing judging, area estimation, object comparison, scene recognition","Questions for existing judging, area estimation, object comparison, scene recognition",RSVQA-HR,https://zenodo.org/records/6344367,,imported from xiaoaoran dataset table
https://github.com/xiaoaoran/awesome-RSFMs,VLM Datasets,VLM Datasets,VQA,RSVQAxBen,,,Vision-Language,,,10--60,,,download,https://zenodo.org/records/5084904,120,15M,"590,326","Questions for existing judging, object comparison, scene recognition","Questions for existing judging, object comparison, scene recognition",RSVQAxBen,https://zenodo.org/records/5084904,,imported from xiaoaoran dataset table
https://github.com/xiaoaoran/awesome-RSFMs,VLM Datasets,VLM Datasets,VQA,RSIVQA,,,Vision-Language,,,0.3--8,,,download,https://github.com/spectralpublic/RSIVQA,"512--4,000",111K,"37,000","Questions for existing judging, area estimation, object comparison, scene recognition","Questions for existing judging, area estimation, object comparison, scene recognition",RSIVQA,https://github.com/spectralpublic/RSIVQA,,imported from xiaoaoran dataset table
https://github.com/xiaoaoran/awesome-RSFMs,VLM Datasets,VLM Datasets,VQA,HRVQA,,,Vision-Language,,,0.08,,,download,https://hrvqa.nl,"1,024","1,070K","53,512","Questions for existing judging, object comparison, scene recognition","Questions for existing judging, object comparison, scene recognition",HRVQA,https://hrvqa.nl,,imported from xiaoaoran dataset table
https://github.com/xiaoaoran/awesome-RSFMs,VLM Datasets,VLM Datasets,VQA,CDVQA,,,Vision-Language,,,0.5--3,,,download,https://github.com/YZHJessica/CDVQA,512,122K,"2,968",Questions for object changes,Questions for object changes,CDVQA,https://github.com/YZHJessica/CDVQA,,imported from xiaoaoran dataset table
https://github.com/xiaoaoran/awesome-RSFMs,VLM Datasets,VLM Datasets,VQA,FloodNet,,,Vision-Language,,,-,,,download,https://github.com/BinaLab/FloodNet-Challenge-EARTHVISION2021,"3,000--4,000",11K,"2,343",Questions for for building and road damage assessment in disaster scenes,Questions for for building and road damage assessment in disaster scenes,FloodNet,https://github.com/BinaLab/FloodNet-Challenge-EARTHVISION2021,,imported from xiaoaoran dataset table
https://github.com/xiaoaoran/awesome-RSFMs,VLM Datasets,VLM Datasets,VQA,RescueNet-VQA,,,Vision-Language,,,0.15,,,download,https://www.codabench.org/competitions/1550,"3,000--4,000",103K,"4,375",Questions for building and road damage assessment in disaster scenes,Questions for building and road damage assessment in disaster scenes,RescueNet-VQA,https://www.codabench.org/competitions/1550,,imported from xiaoaoran dataset table
https://github.com/xiaoaoran/awesome-RSFMs,VLM Datasets,VLM Datasets,VQA,EarthVQA,,,Vision-Language,,,0.3,,,download,https://github.com/Junjue-Wang/EarthVQA,"1,024",208K,"6,000","Questions for relational judging, relational counting, situation analysis, and comprehensive analysis","Questions for relational judging, relational counting, situation analysis, and comprehensive analysis",EarthVQA,https://github.com/Junjue-Wang/EarthVQA,,imported from xiaoaoran dataset table
https://github.com/xiaoaoran/awesome-RSFMs,VLM Datasets,VLM Datasets,Image-Text Pre-tranining,RemoteCLIP,,,Vision-Language,,,varied,,,download,https://github.com/ChenDelong1999/RemoteCLIP,varied,not specified,not specified,"Developed based on retrieval, detection and segmentation data","Developed based on retrieval, detection and segmentation data",RemoteCLIP,https://github.com/ChenDelong1999/RemoteCLIP,,imported from xiaoaoran dataset table
https://github.com/xiaoaoran/awesome-RSFMs,VLM Datasets,VLM Datasets,Image-Text Pre-tranining,RS5M,,,Vision-Language,,,varied,,,download,https://github.com/om-ai-lab/RS5M,not specified,5M,5M,"Filtered public datasets, captioned existing data","Filtered public datasets, captioned existing data",RS5M,https://github.com/om-ai-lab/RS5M,,imported from xiaoaoran dataset table
https://github.com/xiaoaoran/awesome-RSFMs,VLM Datasets,VLM Datasets,Image-Text Pre-tranining,SKyScript,,,Vision-Language,,,0.1 - 30,,,download,https://github.com/wangzhecheng/SkyScript,not specified,2.6M,2.6M,Earth Engine images linked with OpenStreetMap semantics,Earth Engine images linked with OpenStreetMap semantics,SKyScript,https://github.com/wangzhecheng/SkyScript,,imported from xiaoaoran dataset table
https://github.com/xiaoaoran/awesome-RSFMs,VLM Datasets,VLM Datasets,Caption,RSICD,,,Vision-Language,,,-,,,download,https://github.com/201528014227051/RSICD_optimal,224,"24,333","10,921",Urban scenes for object description,Urban scenes for object description,RSICD,https://github.com/201528014227051/RSICD_optimal,,imported from xiaoaoran dataset table
https://github.com/xiaoaoran/awesome-RSFMs,VLM Datasets,VLM Datasets,Caption,UCM-Caption,,,Vision-Language,,,0.3,,,download,https://pan.baidu.com/s/1mjPToHq#list/path=\%2F,256,"2,100","10,500",Urban scenes for object description,Urban scenes for object description,UCM-Caption,https://pan.baidu.com/s/1mjPToHq#list/path=\%2F,,imported from xiaoaoran dataset table
https://github.com/xiaoaoran/awesome-RSFMs,VLM Datasets,VLM Datasets,Caption,Sydney,,,Vision-Language,,,0.5,,,download,https://pan.baidu.com/s/1hujEmcG#list/path=\%2F,500,613,"3,065",Urban scenes for object description,Urban scenes for object description,Sydney,https://pan.baidu.com/s/1hujEmcG#list/path=\%2F,,imported from xiaoaoran dataset table
https://github.com/xiaoaoran/awesome-RSFMs,VLM Datasets,VLM Datasets,Caption,NWPU-Caption,,,Vision-Language,,,0.2-30,,,download,https://github.com/HaiyanHuang98/NWPU-Captions,256,"157,500","31,500",Urban scenes for object description,Urban scenes for object description,NWPU-Caption,https://github.com/HaiyanHuang98/NWPU-Captions,,imported from xiaoaoran dataset table
https://github.com/xiaoaoran/awesome-RSFMs,VLM Datasets,VLM Datasets,Caption,RSITMD,,,Vision-Language,,,-,,,download,https://github.com/xiaoyuan1996/AMFMN/tree/master/RSITMD,224,"4,743","4,743",Urban scenes for object description,Urban scenes for object description,RSITMD,https://github.com/xiaoyuan1996/AMFMN/tree/master/RSITMD,,imported from xiaoaoran dataset table
https://github.com/xiaoaoran/awesome-RSFMs,VLM Datasets,VLM Datasets,Caption,RSICap,,,Vision-Language,,,varied,,,download,https://github.com/Lavender105/RSGPT,512,"3,100","2,585",Urban scenes for object description,Urban scenes for object description,RSICap,https://github.com/Lavender105/RSGPT,,imported from xiaoaoran dataset table
https://github.com/xiaoaoran/awesome-RSFMs,VLM Datasets,VLM Datasets,Caption,ChatEarthNet,,,Vision-Language,,,10,,,download,https://github.com/zhu-xlab/ChatEarthNet,256,"173,488","163,488",Urban and rural scenes for object description,Urban and rural scenes for object description,ChatEarthNet,https://github.com/zhu-xlab/ChatEarthNet,,imported from xiaoaoran dataset table
https://github.com/xiaoaoran/awesome-RSFMs,VLM Datasets,VLM Datasets,Visual Grounding,GeoVG,,,Vision-Language,,,0.24--4.8,,,download,https://drive.google.com/file/d/1kgnmVC6FVKdxCwaoG77sOfkaIHS_XiFt/view,"1,024","7,933","4,239",Visual grounding based on object properties and relations,Visual grounding based on object properties and relations,GeoVG,https://drive.google.com/file/d/1kgnmVC6FVKdxCwaoG77sOfkaIHS_XiFt/view,,imported from xiaoaoran dataset table
https://github.com/xiaoaoran/awesome-RSFMs,VLM Datasets,VLM Datasets,Visual Grounding,DIOR-RSVG,,,Vision-Language,,,0.5--30,,,download,https://drive.google.com/drive/folders/1hTqtYsC6B-m4ED2ewx5oKuYZV13EoJp_,800,"38,320","17,402",Visual grounding based on object properties and relations,Visual grounding based on object properties and relations,DIOR-RSVG,https://drive.google.com/drive/folders/1hTqtYsC6B-m4ED2ewx5oKuYZV13EoJp_,,imported from xiaoaoran dataset table
https://github.com/xiaoaoran/awesome-RSFMs,VLM Datasets,VLM Datasets,Mixed Multi-task,MMRS-1M,,,Vision-Language,,,varied,,,download,https://github.com/wivizhang/EarthGPT,varied,1M,"975,022","Collections of RSICD, UCM-Captions, FloodNet, RSIVQA, UC Merced, DOTA, DIOR-RSVG, etc","Collections of RSICD, UCM-Captions, FloodNet, RSIVQA, UC Merced, DOTA, DIOR-RSVG, etc",MMRS-1M,https://github.com/wivizhang/EarthGPT,,imported from xiaoaoran dataset table
https://github.com/xiaoaoran/awesome-RSFMs,VLM Datasets,VLM Datasets,Mixed Multi-task,Geochat-Set,,,Vision-Language,,,varied,,,download,https://github.com/mbzuai-oryx/GeoChat,varied,318k,"141,246","Developed based on DOTA, DIOR, FAIR1M, FloodNet, RSVQA and NWPU-RESISC45","Developed based on DOTA, DIOR, FAIR1M, FloodNet, RSVQA and NWPU-RESISC45",Geochat-Set,https://github.com/mbzuai-oryx/GeoChat,,imported from xiaoaoran dataset table
https://github.com/xiaoaoran/awesome-RSFMs,VLM Datasets,VLM Datasets,Mixed Multi-task,LHRS-Align,,,Vision-Language,,,1.0,,,download,https://github.com/NJU-LHRS/LHRS-Bot,256,1.15M,1.15M,Constructed from Google Map and OSM properties,Constructed from Google Map and OSM properties,LHRS-Align,https://github.com/NJU-LHRS/LHRS-Bot,,imported from xiaoaoran dataset table
https://github.com/xiaoaoran/awesome-RSFMs,VLM Datasets,VLM Datasets,Mixed Multi-task,VRSBench,,,Vision-Language,,,varied,,,download,https://github.com/lx709/VRSBench,512,"205,307","29,614",Developed based on DOTA-v2 and DIOR dataset,Developed based on DOTA-v2 and DIOR dataset,VRSBench,https://github.com/lx709/VRSBench,,imported from xiaoaoran dataset table
https://github.com/satellite-image-deep-learning/techniques,Classification,Classification,Classification,EuroSat-Satellite-CNN-and-ResNet,,,,,,,,,EuroSat-Satellite-CNN-and-ResNet,https://github.com/Rumeysakeskin/EuroSat-Satellite-CNN-and-ResNet,,,,Classifying custom image datasets by creating Convolutional Neural Networks and Residual Networks from scratch with PyTorch,Classifying custom image datasets by creating Convolutional Neural Networks and Residual Networks from scratch with PyTorch,EuroSat-Satellite-CNN-and-ResNet,https://github.com/Rumeysakeskin/EuroSat-Satellite-CNN-and-ResNet,,extracted from dataset/benchmark/challenge mention in techniques README; verify before citing
https://github.com/satellite-image-deep-learning/techniques,Classification,Classification,Classification,Land-Cover-Classification-using-Sentinel-2-Dataset,,,,,,,,,Land-Cover-Classification-using-Sentinel-2-Dataset,https://github.com/raoofnaushad/Land-Cover-Classification-using-Sentinel-2-Dataset,,,,well written Medium article accompanying this repo but using the EuroSAT dataset,well written Medium article accompanying this repo but using the EuroSAT dataset,Land-Cover-Classification-using-Sentinel-2-Dataset,https://github.com/raoofnaushad/Land-Cover-Classification-using-Sentinel-2-Dataset,well written Medium article,extracted from dataset/benchmark/challenge mention in techniques README; verify before citing
https://github.com/satellite-image-deep-learning/techniques,Classification,Classification,Classification,Urban Atlas dataset,,,,,,,,,Comparing urban environments using satellite imagery and convolutional neural networks,https://github.com/adrianalbert/urban-environments,,,,includes interesting study of the image embedding features extracted for each image on the Urban Atlas dataset,includes interesting study of the image embedding features extracted for each image on the Urban Atlas dataset,Comparing urban environments using satellite imagery and convolutional neural networks,https://github.com/adrianalbert/urban-environments,,extracted from dataset/benchmark/challenge mention in techniques README; verify before citing
https://github.com/satellite-image-deep-learning/techniques,Classification,Classification,Classification,RSI-CB,,,,,,,,,RSI-CB,https://github.com/lehaifeng/RSI-CB,,,,A Large Scale Remote Sensing Image Classification Benchmark via Crowdsource Data. See also Remote-sensing-image-classification,A Large Scale Remote Sensing Image Classification Benchmark via Crowdsource Data. See also Remote-sensing-image-classification,RSI-CB,https://github.com/lehaifeng/RSI-CB,Remote-sensing-image-classification,extracted from dataset/benchmark/challenge mention in techniques README; verify before citing
https://github.com/satellite-image-deep-learning/techniques,Classification,Classification,Classification,remote-sense-quickstart,,,,,,,,,remote-sense-quickstart,https://github.com/CarryHJR/remote-sense-quickstart,,,,"classification on a number of datasets, including with attention visualization","classification on a number of datasets, including with attention visualization",remote-sense-quickstart,https://github.com/CarryHJR/remote-sense-quickstart,,extracted from dataset/benchmark/challenge mention in techniques README; verify before citing
https://github.com/satellite-image-deep-learning/techniques,Classification,Classification,Classification,Multimodal Remote Sensing Benchmark,,,,,,,,,ISPRS_S2FL,https://github.com/danfenghong/ISPRS_S2FL,,,,Multimodal Remote Sensing Benchmark Datasets for Land Cover Classification with A Shared and Specific Feature Learning Model,Multimodal Remote Sensing Benchmark Datasets for Land Cover Classification with A Shared and Specific Feature Learning Model,ISPRS_S2FL,https://github.com/danfenghong/ISPRS_S2FL,,extracted from dataset/benchmark/challenge mention in techniques README; verify before citing
https://github.com/satellite-image-deep-learning/techniques,Classification,Classification,Classification,RSD46-WHU & AID dataset; CNN are pretrained on the RSD46-WHU & AID dataset,,,,,,,,,remote_sensing_pretrained_models,https://github.com/lsh1994/remote_sensing_pretrained_models,,,,"as an alternative to fine tuning on models pretrained on ImageNet, here some CNN are pretrained on the RSD46-WHU & AID datasets","as an alternative to fine tuning on models pretrained on ImageNet, here some CNN are pretrained on the RSD46-WHU & AID datasets",remote_sensing_pretrained_models,https://github.com/lsh1994/remote_sensing_pretrained_models,,extracted from dataset/benchmark/challenge mention in techniques README; verify before citing
https://github.com/satellite-image-deep-learning/techniques,Classification,Classification,Classification,An open-source benchmark,,,,,,,,,aitlas-arena,https://github.com/biasvariancelabs/aitlas-arena,,,,An open-source benchmark framework for evaluating state-of-the-art deep learning approaches for image classification in Earth Observation (EO),An open-source benchmark framework for evaluating state-of-the-art deep learning approaches for image classification in Earth Observation (EO),aitlas-arena,https://github.com/biasvariancelabs/aitlas-arena,,extracted from dataset/benchmark/challenge mention in techniques README; verify before citing
https://github.com/satellite-image-deep-learning/techniques,Classification,Classification,Classification,Kaggle Challenge,,,,,,,,,satellite-deforestation,https://github.com/drewhibbard/satellite-deforestation,,,,"Using Satellite Imagery to Identify the Leading Indicators of Deforestation, applied to the Kaggle Challenge Understanding the Amazon from Space","Using Satellite Imagery to Identify the Leading Indicators of Deforestation, applied to the Kaggle Challenge Understanding the Amazon from Space",satellite-deforestation,https://github.com/drewhibbard/satellite-deforestation,,extracted from dataset/benchmark/challenge mention in techniques README; verify before citing
https://github.com/satellite-image-deep-learning/techniques,Classification,Classification,Classification,A Remote Sensing Dataset; Fire Risk Assessment with Benchmark,,,,,,,,,FireRisk,https://github.com/CharmonyShen/FireRisk,,,,A Remote Sensing Dataset for Fire Risk Assessment with Benchmarks Using Supervised and Self-supervised Learning,A Remote Sensing Dataset for Fire Risk Assessment with Benchmarks Using Supervised and Self-supervised Learning,FireRisk,https://github.com/CharmonyShen/FireRisk,,extracted from dataset/benchmark/challenge mention in techniques README; verify before citing
https://github.com/satellite-image-deep-learning/techniques,Segmentation - Land use & land cover,Segmentation,Segmentation - Land use & land cover,A Remote Sensing Land-Cover Dataset,,,,,,,,,LoveDA,https://github.com/Junjue-Wang/LoveDA,,,,A Remote Sensing Land-Cover Dataset for Domain Adaptive Semantic Segmentation,A Remote Sensing Land-Cover Dataset for Domain Adaptive Semantic Segmentation,LoveDA,https://github.com/Junjue-Wang/LoveDA,,extracted from dataset/benchmark/challenge mention in techniques README; verify before citing
https://github.com/satellite-image-deep-learning/techniques,Segmentation - Land use & land cover,Segmentation,Segmentation - Land use & land cover,DeepGlobe Land Cover Classification Challenge solution,,,,,,,,,DeepGlobe Land Cover Classification Challenge solution,https://github.com/GeneralLi95/deepglobe_land_cover_classification_with_deeplabv3plus,,,,DeepGlobe Land Cover Classification Challenge solution,DeepGlobe Land Cover Classification Challenge solution,DeepGlobe Land Cover Classification Challenge solution,https://github.com/GeneralLi95/deepglobe_land_cover_classification_with_deeplabv3plus,,extracted from dataset/benchmark/challenge mention in techniques README; verify before citing
https://github.com/satellite-image-deep-learning/techniques,Segmentation - Land use & land cover,Segmentation,Segmentation - Land use & land cover,WHU-OPT-SAR-dataset,,,,,,,,,MCANet,https://github.com/yisun98/SOLC,,,,A joint semantic segmentation framework of optical and SAR images for land use classification. Uses WHU-OPT-SAR-dataset,A joint semantic segmentation framework of optical and SAR images for land use classification. Uses WHU-OPT-SAR-dataset,MCANet,https://github.com/yisun98/SOLC,WHU-OPT-SAR-dataset,extracted from dataset/benchmark/challenge mention in techniques README; verify before citing
https://github.com/satellite-image-deep-learning/techniques,Segmentation - Land use & land cover,Segmentation,Segmentation - Land use & land cover,generalizablersc,,,,,,,,,generalizablersc,https://github.com/dgominski/generalizablersc,,,,Cross-dataset Learning for Generalizable Land Use Scene Classification,Cross-dataset Learning for Generalizable Land Use Scene Classification,generalizablersc,https://github.com/dgominski/generalizablersc,,extracted from dataset/benchmark/challenge mention in techniques README; verify before citing
https://github.com/satellite-image-deep-learning/techniques,Segmentation - Land use & land cover,Segmentation,Segmentation - Land use & land cover,FLAIR-2 challenge,,,,,,,,,FLAIR-2 challenge,https://github.com/IGNF/FLAIR-2,,,,Semantic segmentation and domain adaptation challenge proposed by the French National Institute of Geographical and Forest Information (IGN),Semantic segmentation and domain adaptation challenge proposed by the French National Institute of Geographical and Forest Information (IGN),FLAIR-2 challenge,https://github.com/IGNF/FLAIR-2,,extracted from dataset/benchmark/challenge mention in techniques README; verify before citing
https://github.com/satellite-image-deep-learning/techniques,Segmentation - Land use & land cover,Segmentation,Segmentation - Land use & land cover,IGARSS 2023,,,,,,,,,igarss-spada,https://github.com/links-ads/spada,,,,Dataset and code for the paper Land Cover Segmentation with Sparse Annotations from Sentinel-2 Imagery IGARSS 2023,Dataset and code for the paper Land Cover Segmentation with Sparse Annotations from Sentinel-2 Imagery IGARSS 2023,igarss-spada,https://github.com/links-ads/spada,IGARSS 2023,extracted from dataset/benchmark/challenge mention in techniques README; verify before citing
https://github.com/satellite-image-deep-learning/techniques,"Segmentation - Vegetation, deforestation, crops & field boundaries",Segmentation,"Segmentation - Vegetation, deforestation, crops & field boundaries",kenya-crop-mask,,,,,,,,,kenya-crop-mask,https://github.com/nasaharvest/kenya-crop-mask,,,,"Annual and in-season crop mapping in Kenya - LSTM classifier to classify pixels as containing crop or not, and a multi-spectral forecaster that provides a 12 month time series given a partial input. Dataset downloaded from GEE and pytorch lightning used for training","Annual and in-season crop mapping in Kenya - LSTM classifier to classify pixels as containing crop or not, and a multi-spectral forecaster that provides a 12 month time series given a partial input. Dataset downloaded from GEE and pytorch lightning used for training",kenya-crop-mask,https://github.com/nasaharvest/kenya-crop-mask,,extracted from dataset/benchmark/challenge mention in techniques README; verify before citing
https://github.com/satellite-image-deep-learning/techniques,"Segmentation - Vegetation, deforestation, crops & field boundaries",Segmentation,"Segmentation - Vegetation, deforestation, crops & field boundaries",S4A-Models,,,,,,,,,S4A-Models,https://github.com/Orion-AI-Lab/S4A-Models,,,,Various experiments on the Sen4AgriNet dataset,Various experiments on the Sen4AgriNet dataset,S4A-Models,https://github.com/Orion-AI-Lab/S4A-Models,,extracted from dataset/benchmark/challenge mention in techniques README; verify before citing
https://github.com/satellite-image-deep-learning/techniques,"Segmentation - Vegetation, deforestation, crops & field boundaries",Segmentation,"Segmentation - Vegetation, deforestation, crops & field boundaries","Official repository for the ""Identifying trees on satellite images"" challenge from Omdena",,,,,,,,,"Official repository for the ""Identifying trees on satellite images"" challenge from Omdena",https://github.com/cienciaydatos/ai-challenge-trees,,,,"Official repository for the ""Identifying trees on satellite images"" challenge from Omdena","Official repository for the ""Identifying trees on satellite images"" challenge from Omdena","Official repository for the ""Identifying trees on satellite images"" challenge from Omdena",https://github.com/cienciaydatos/ai-challenge-trees,,extracted from dataset/benchmark/challenge mention in techniques README; verify before citing
https://github.com/satellite-image-deep-learning/techniques,"Segmentation - Vegetation, deforestation, crops & field boundaries",Segmentation,"Segmentation - Vegetation, deforestation, crops & field boundaries",dataset,,,,,,,,,urban-tree-detection,https://github.com/jonathanventura/urban-tree-detection,,,,Individual Tree Detection in Large-Scale Urban Environments using High-Resolution Multispectral Imagery. With dataset,Individual Tree Detection in Large-Scale Urban Environments using High-Resolution Multispectral Imagery. With dataset,urban-tree-detection,https://github.com/jonathanventura/urban-tree-detection,dataset,extracted from dataset/benchmark/challenge mention in techniques README; verify before citing
https://github.com/satellite-image-deep-learning/techniques,"Segmentation - Vegetation, deforestation, crops & field boundaries",Segmentation,"Segmentation - Vegetation, deforestation, crops & field boundaries",BioMassters challenge,,,,,,,,,BioMassters_baseline,https://github.com/fnands/BioMassters_baseline,,,,a basic pytorch lightning baseline using a UNet for getting started with the BioMassters challenge (biomass estimation),a basic pytorch lightning baseline using a UNet for getting started with the BioMassters challenge (biomass estimation),BioMassters_baseline,https://github.com/fnands/BioMassters_baseline,BioMassters challenge,extracted from dataset/benchmark/challenge mention in techniques README; verify before citing
https://github.com/satellite-image-deep-learning/techniques,"Segmentation - Vegetation, deforestation, crops & field boundaries",Segmentation,"Segmentation - Vegetation, deforestation, crops & field boundaries",UNet-defmapping,,,,,,,,,UNet-defmapping,https://github.com/bragagnololu/UNet-defmapping,,,,"master's thesis using UNet to map deforestation using Sentinel-2 Level 2A images, applied to Amazon and Atlantic Rainforest dataset","master's thesis using UNet to map deforestation using Sentinel-2 Level 2A images, applied to Amazon and Atlantic Rainforest dataset",UNet-defmapping,https://github.com/bragagnololu/UNet-defmapping,,extracted from dataset/benchmark/challenge mention in techniques README; verify before citing
https://github.com/satellite-image-deep-learning/techniques,"Segmentation - Vegetation, deforestation, crops & field boundaries",Segmentation,"Segmentation - Vegetation, deforestation, crops & field boundaries",Unet entry to the CVPR Multiearth 2023 deforestation challenge,,,,,,,,,cvpr-multiearth-deforestation-segmentation,https://github.com/h2oai/cvpr-multiearth-deforestation-segmentation,,,,multimodal Unet entry to the CVPR Multiearth 2023 deforestation challenge,multimodal Unet entry to the CVPR Multiearth 2023 deforestation challenge,cvpr-multiearth-deforestation-segmentation,https://github.com/h2oai/cvpr-multiearth-deforestation-segmentation,,extracted from dataset/benchmark/challenge mention in techniques README; verify before citing
https://github.com/satellite-image-deep-learning/techniques,"Segmentation - Vegetation, deforestation, crops & field boundaries",Segmentation,"Segmentation - Vegetation, deforestation, crops & field boundaries",TransU-Net for deforestation mapping. Uses the Amazon and Atlantic forest dataset,,,,,,,,,TransUNetplus2,https://github.com/aj1365/TransUNetplus2,,,,TransU-Net++: Rethinking attention gated TransU-Net for deforestation mapping. Uses the Amazon and Atlantic forest dataset,TransU-Net++: Rethinking attention gated TransU-Net for deforestation mapping. Uses the Amazon and Atlantic forest dataset,TransUNetplus2,https://github.com/aj1365/TransUNetplus2,,extracted from dataset/benchmark/challenge mention in techniques README; verify before citing
https://github.com/satellite-image-deep-learning/techniques,"Segmentation - Vegetation, deforestation, crops & field boundaries",Segmentation,"Segmentation - Vegetation, deforestation, crops & field boundaries",Radiant Earth Spot the Crop Challenge,,,,,,,,,Radiant Earth Spot the Crop Challenge,https://github.com/radiantearth/spot-the-crop-challenge,,,,"Winning models from the Radiant Earth Spot the Crop Challenge, uses a time-series of Sentinel-2 multispectral data to classify crops in the Western Cape of South Africa. Another solution","Winning models from the Radiant Earth Spot the Crop Challenge, uses a time-series of Sentinel-2 multispectral data to classify crops in the Western Cape of South Africa. Another solution",Radiant Earth Spot the Crop Challenge,https://github.com/radiantearth/spot-the-crop-challenge,Another solution,extracted from dataset/benchmark/challenge mention in techniques README; verify before citing
https://github.com/satellite-image-deep-learning/techniques,"Segmentation - Vegetation, deforestation, crops & field boundaries",Segmentation,"Segmentation - Vegetation, deforestation, crops & field boundaries",ai4boundaries,,,,,,,,,ai4boundaries,https://github.com/waldnerf/ai4boundaries,,,,a Python package that facilitates download of the AI4boundaries data set,a Python package that facilitates download of the AI4boundaries data set,ai4boundaries,https://github.com/waldnerf/ai4boundaries,,extracted from dataset/benchmark/challenge mention in techniques README; verify before citing
https://github.com/satellite-image-deep-learning/techniques,"Segmentation - Vegetation, deforestation, crops & field boundaries",Segmentation,"Segmentation - Vegetation, deforestation, crops & field boundaries",Nasa Harvest Rwanda Field Boundary Detection Challenge,,,,,,,,,Nasa_harvest_field_boundary_competition,https://github.com/radiantearth/Nasa_harvest_field_boundary_competition,,,,Nasa Harvest Rwanda Field Boundary Detection Challenge Tutorial,Nasa Harvest Rwanda Field Boundary Detection Challenge Tutorial,Nasa_harvest_field_boundary_competition,https://github.com/radiantearth/Nasa_harvest_field_boundary_competition,,extracted from dataset/benchmark/challenge mention in techniques README; verify before citing
https://github.com/satellite-image-deep-learning/techniques,"Segmentation - Vegetation, deforestation, crops & field boundaries",Segmentation,"Segmentation - Vegetation, deforestation, crops & field boundaries",NASA Harvest Field Boundary Detection Challenge,,,,,,,,,nasa_harvest_boundary_detection_challenge,https://github.com/geoaigroup/nasa_harvest_boundary_detection_challenge,,,,the 4th place solution for NASA Harvest Field Boundary Detection Challenge on Zindi.,the 4th place solution for NASA Harvest Field Boundary Detection Challenge on Zindi.,nasa_harvest_boundary_detection_challenge,https://github.com/geoaigroup/nasa_harvest_boundary_detection_challenge,,extracted from dataset/benchmark/challenge mention in techniques README; verify before citing
https://github.com/satellite-image-deep-learning/techniques,"Segmentation - Water, coastlines, rivers & floods",Segmentation,"Segmentation - Water, coastlines, rivers & floods",Hurricane Harvey. Dataset,,,,,,,,,Houston_flooding,https://github.com/Lichtphyz/Houston_flooding,,,,"labeling each pixel as either flooded or not using data from Hurricane Harvey. Dataset consisted of pre and post flood images, and a ground truth floodwater mask was created using unsupervised clustering (with DBScan) of image pixels with human cluster verification/adjustment","labeling each pixel as either flooded or not using data from Hurricane Harvey. Dataset consisted of pre and post flood images, and a ground truth floodwater mask was created using unsupervised clustering (with DBScan) of image pixels with human cluster verification/adjustment",Houston_flooding,https://github.com/Lichtphyz/Houston_flooding,,extracted from dataset/benchmark/challenge mention in techniques README; verify before citing
https://github.com/satellite-image-deep-learning/techniques,"Segmentation - Water, coastlines, rivers & floods",Segmentation,"Segmentation - Water, coastlines, rivers & floods",Earth Surface Water Dataset,,,,,,,,,WatNet,https://github.com/xinluo2018/WatNet,,,,"A deep ConvNet for surface water mapping based on Sentinel-2 image, uses the Earth Surface Water Dataset","A deep ConvNet for surface water mapping based on Sentinel-2 image, uses the Earth Surface Water Dataset",WatNet,https://github.com/xinluo2018/WatNet,Earth Surface Water Dataset,extracted from dataset/benchmark/challenge mention in techniques README; verify before citing
https://github.com/satellite-image-deep-learning/techniques,"Segmentation - Water, coastlines, rivers & floods",Segmentation,"Segmentation - Water, coastlines, rivers & floods",A Multimodal Dataset,,,,,,,,,mmflood,https://github.com/edornd/mmflood,,,,MMFlood: A Multimodal Dataset for Flood Delineation From Satellite Imagery (Sentinel 1 SAR),MMFlood: A Multimodal Dataset for Flood Delineation From Satellite Imagery (Sentinel 1 SAR),mmflood,https://github.com/edornd/mmflood,,extracted from dataset/benchmark/challenge mention in techniques README; verify before citing
https://github.com/satellite-image-deep-learning/techniques,"Segmentation - Water, coastlines, rivers & floods",Segmentation,"Segmentation - Water, coastlines, rivers & floods",SAR and Incomplete Multispectral Data. Uses c2smsfloods dataset; Extent Mapping using SAR and Incomplete Multispectral Data. Uses c2smsfloods dataset,,,,,,,,,SMAGNet,https://github.com/ASUcicilab/SMAGNet,,,,A Spatially Masked Adaptive Gated Network for Multimodal Post-Flood Water Extent Mapping using SAR and Incomplete Multispectral Data. Uses c2smsfloods dataset,A Spatially Masked Adaptive Gated Network for Multimodal Post-Flood Water Extent Mapping using SAR and Incomplete Multispectral Data. Uses c2smsfloods dataset,SMAGNet,https://github.com/ASUcicilab/SMAGNet,,extracted from dataset/benchmark/challenge mention in techniques README; verify before citing
https://github.com/satellite-image-deep-learning/techniques,"Segmentation - Water, coastlines, rivers & floods",Segmentation,"Segmentation - Water, coastlines, rivers & floods",IBM BlueSky Challenge - ZeroFlood,,,,,,,,,IBM BlueSky Challenge - ZeroFlood,https://github.com/oroikono/IBM-BlueSky-Challenge-ZeroFlood,,,,IBM BlueSky Challenge - ZeroFlood,IBM BlueSky Challenge - ZeroFlood,IBM BlueSky Challenge - ZeroFlood,https://github.com/oroikono/IBM-BlueSky-Challenge-ZeroFlood,,extracted from dataset/benchmark/challenge mention in techniques README; verify before citing
https://github.com/satellite-image-deep-learning/techniques,"Segmentation - Fire, smoke & burn areas",Segmentation,"Segmentation - Fire, smoke & burn areas",Satellite Burned Area Dataset,,,,,,,,,burned-area-baseline,https://github.com/lccol/burned-area-baseline,,,,baseline unet model accompanying the Satellite Burned Area Dataset (Sentinel 1 & 2),baseline unet model accompanying the Satellite Burned Area Dataset (Sentinel 1 & 2),burned-area-baseline,https://github.com/lccol/burned-area-baseline,,extracted from dataset/benchmark/challenge mention in techniques README; verify before citing
https://github.com/satellite-image-deep-learning/techniques,"Segmentation - Fire, smoke & burn areas",Segmentation,"Segmentation - Fire, smoke & burn areas",ECML/PKDD 2023 challenge,,,,,,,,,chabud2023,https://github.com/developmentseed/chabud2023,,,,Change detection for Burned area Delineation (ChaBuD) ECML/PKDD 2023 challenge,Change detection for Burned area Delineation (ChaBuD) ECML/PKDD 2023 challenge,chabud2023,https://github.com/developmentseed/chabud2023,,extracted from dataset/benchmark/challenge mention in techniques README; verify before citing
https://github.com/satellite-image-deep-learning/techniques,"Segmentation - Fire, smoke & burn areas",Segmentation,"Segmentation - Fire, smoke & burn areas",Post Wildfire Burnt-up Detection using Siamese-UNet,,,,,,,,,Post Wildfire Burnt-up Detection using Siamese-UNet,https://github.com/kavyagupta/chabud,,,,on Chadbud dataset,on Chadbud dataset,Post Wildfire Burnt-up Detection using Siamese-UNet,https://github.com/kavyagupta/chabud,,extracted from dataset/benchmark/challenge mention in techniques README; verify before citing
https://github.com/satellite-image-deep-learning/techniques,Segmentation - Glaciers,Segmentation,Segmentation - Glaciers,HED-UNet,,,,,,,,,HED-UNet,https://github.com/khdlr/HED-UNet,,,,"a model for simultaneous semantic segmentation and edge detection, examples provided are glacier fronts and building footprints using the Inria Aerial Image Labeling dataset","a model for simultaneous semantic segmentation and edge detection, examples provided are glacier fronts and building footprints using the Inria Aerial Image Labeling dataset",HED-UNet,https://github.com/khdlr/HED-UNet,,extracted from dataset/benchmark/challenge mention in techniques README; verify before citing
https://github.com/satellite-image-deep-learning/techniques,Segmentation - Roads & sidewalks,Segmentation,Segmentation - Roads & sidewalks,Winning Solutions from SpaceNet Road Detection and Routing Challenge,,,,,,,,,Winning Solutions from SpaceNet Road Detection and Routing Challenge,https://github.com/SpaceNetChallenge/RoadDetector,,,,Winning Solutions from SpaceNet Road Detection and Routing Challenge,Winning Solutions from SpaceNet Road Detection and Routing Challenge,Winning Solutions from SpaceNet Road Detection and Routing Challenge,https://github.com/SpaceNetChallenge/RoadDetector,,extracted from dataset/benchmark/challenge mention in techniques README; verify before citing
https://github.com/satellite-image-deep-learning/techniques,Segmentation - Roads & sidewalks,Segmentation,Segmentation - Roads & sidewalks,SpaceNet Roads Dataset,,,,,,,,,road_detection_mtl,https://github.com/ntelo007/road_detection_mtl,,,,"Road Detection using a multi-task Learning technique to improve the performance of the road detection task by incorporating prior knowledge constraints, uses the SpaceNet Roads Dataset","Road Detection using a multi-task Learning technique to improve the performance of the road detection task by incorporating prior knowledge constraints, uses the SpaceNet Roads Dataset",road_detection_mtl,https://github.com/ntelo007/road_detection_mtl,,extracted from dataset/benchmark/challenge mention in techniques README; verify before citing
https://github.com/satellite-image-deep-learning/techniques,Segmentation - Roads & sidewalks,Segmentation,Segmentation - Roads & sidewalks,DeepGlobe-Road-Extraction-Challenge,,,,,,,,,road_extraction_remote_sensing,https://github.com/jiankang1991/road_extraction_remote_sensing,,,,"pytorch implementation, CVPR2018 DeepGlobe Road Extraction Challenge submission. See also DeepGlobe-Road-Extraction-Challenge","pytorch implementation, CVPR2018 DeepGlobe Road Extraction Challenge submission. See also DeepGlobe-Road-Extraction-Challenge",road_extraction_remote_sensing,https://github.com/jiankang1991/road_extraction_remote_sensing,DeepGlobe-Road-Extraction-Challenge,extracted from dataset/benchmark/challenge mention in techniques README; verify before citing
https://github.com/satellite-image-deep-learning/techniques,Segmentation - Roads & sidewalks,Segmentation,Segmentation - Roads & sidewalks,RoadDetections dataset by Microsoft,,,,,,,,,RoadDetections dataset by Microsoft,https://github.com/microsoft/RoadDetections,,,,RoadDetections dataset by Microsoft,RoadDetections dataset by Microsoft,RoadDetections dataset by Microsoft,https://github.com/microsoft/RoadDetections,,extracted from dataset/benchmark/challenge mention in techniques README; verify before citing
https://github.com/satellite-image-deep-learning/techniques,Segmentation - Roads & sidewalks,Segmentation,Segmentation - Roads & sidewalks,Massachusetts Roads Dataset,,,,,,,,,Satellite Imagery Road Segmentation,https://medium.com/@nithishmailme/satellite-imagery-road-segmentation-ad2964dc3812,,,,intro article on Medium using the kaggle Massachusetts Roads Dataset,intro article on Medium using the kaggle Massachusetts Roads Dataset,Satellite Imagery Road Segmentation,https://medium.com/@nithishmailme/satellite-imagery-road-segmentation-ad2964dc3812,Massachusetts Roads Dataset,extracted from dataset/benchmark/challenge mention in techniques README; verify before citing
https://github.com/satellite-image-deep-learning/techniques,Segmentation - Roads & sidewalks,Segmentation,Segmentation - Roads & sidewalks,Inria and Massachusetts dataset,,,,,,,,,Istanbul_Dataset,https://github.com/TolgaBkm/Istanbul_Dataset,,,,"segmentation on the Istanbul, Inria and Massachusetts datasets","segmentation on the Istanbul, Inria and Massachusetts datasets",Istanbul_Dataset,https://github.com/TolgaBkm/Istanbul_Dataset,,extracted from dataset/benchmark/challenge mention in techniques README; verify before citing
https://github.com/satellite-image-deep-learning/techniques,Segmentation - Roads & sidewalks,Segmentation,Segmentation - Roads & sidewalks,D-LinkNet,,,,,,,,,D-LinkNet,https://github.com/ShenweiXie/D-LinkNet,,,,1st place solution in DeepGlobe Road Extraction Challenge,1st place solution in DeepGlobe Road Extraction Challenge,D-LinkNet,https://github.com/ShenweiXie/D-LinkNet,,extracted from dataset/benchmark/challenge mention in techniques README; verify before citing
https://github.com/satellite-image-deep-learning/techniques,Segmentation - Roads & sidewalks,Segmentation,Segmentation - Roads & sidewalks,A scalable computer vision approach for generating sidewalk network dataset,,,,,,,,,tile2net,https://github.com/VIDA-NYU/tile2net,,,,Mapping the walk: A scalable computer vision approach for generating sidewalk network datasets from aerial imagery,Mapping the walk: A scalable computer vision approach for generating sidewalk network datasets from aerial imagery,tile2net,https://github.com/VIDA-NYU/tile2net,,extracted from dataset/benchmark/challenge mention in techniques README; verify before citing
https://github.com/satellite-image-deep-learning/techniques,Segmentation - Roads & sidewalks,Segmentation,Segmentation - Roads & sidewalks,SpaceNet 3 dataset,,,,,,,,,Fine–Grained Extraction of Road Networks via Joint Learning of Connectivity and Segmentation,https://github.com/YXu556/RoadExtraction,,,,uses SpaceNet 3 dataset,uses SpaceNet 3 dataset,Fine–Grained Extraction of Road Networks via Joint Learning of Connectivity and Segmentation,https://github.com/YXu556/RoadExtraction,,extracted from dataset/benchmark/challenge mention in techniques README; verify before citing
https://github.com/satellite-image-deep-learning/techniques,Segmentation - Buildings & rooftops,Segmentation,Segmentation - Buildings & rooftops,U-Net on the Massachusetts Roads Dataset; Semantic Segmentation in Satellite Imagery uses U-Net on the Massachusetts Roads Dataset,,,,,,,,,Road and Building Semantic Segmentation in Satellite Imagery,https://github.com/Paulymorphous/Road-Segmentation,,,,Road and Building Semantic Segmentation in Satellite Imagery uses U-Net on the Massachusetts Roads Dataset & keras,Road and Building Semantic Segmentation in Satellite Imagery uses U-Net on the Massachusetts Roads Dataset & keras,Road and Building Semantic Segmentation in Satellite Imagery,https://github.com/Paulymorphous/Road-Segmentation,,extracted from dataset/benchmark/challenge mention in techniques README; verify before citing
https://github.com/satellite-image-deep-learning/techniques,Segmentation - Buildings & rooftops,Segmentation,Segmentation - Buildings & rooftops,Dataset creation,,,,,,,,,find unauthorized constructions using aerial photography,https://medium.com/towards-artificial-intelligence/find-unauthorized-constructions-using-aerial-photography-and-deep-learning-with-code-part-2-b56ca80c8c99,,,,Dataset creation,Dataset creation,find unauthorized constructions using aerial photography,https://medium.com/towards-artificial-intelligence/find-unauthorized-constructions-using-aerial-photography-and-deep-learning-with-code-part-2-b56ca80c8c99,Dataset creation,extracted from dataset/benchmark/challenge mention in techniques README; verify before citing
https://github.com/satellite-image-deep-learning/techniques,Segmentation - Buildings & rooftops,Segmentation,Segmentation - Buildings & rooftops,Google AI blog post. See the open-buildings dataset,,,,,,,,,Mapping Africa’s Buildings with Satellite Imagery: Google AI blog post,https://ai.googleblog.com/2021/07/mapping-africas-buildings-with.html,,,,Mapping Africa’s Buildings with Satellite Imagery: Google AI blog post. See the open-buildings dataset,Mapping Africa’s Buildings with Satellite Imagery: Google AI blog post. See the open-buildings dataset,Mapping Africa’s Buildings with Satellite Imagery: Google AI blog post,https://ai.googleblog.com/2021/07/mapping-africas-buildings-with.html,open-buildings,extracted from dataset/benchmark/challenge mention in techniques README; verify before citing
https://github.com/satellite-image-deep-learning/techniques,Segmentation - Buildings & rooftops,Segmentation,Segmentation - Buildings & rooftops,Semantic-segmentation repo by fuweifu-vtoo,,,,,,,,,Semantic-segmentation repo by fuweifu-vtoo,https://github.com/fuweifu-vtoo/Semantic-segmentation,,,,uses pytorch and the Massachusetts Buildings & Roads Datasets,uses pytorch and the Massachusetts Buildings & Roads Datasets,Semantic-segmentation repo by fuweifu-vtoo,https://github.com/fuweifu-vtoo/Semantic-segmentation,Massachusetts Buildings & Roads Datasets,extracted from dataset/benchmark/challenge mention in techniques README; verify before citing
https://github.com/satellite-image-deep-learning/techniques,Segmentation - Buildings & rooftops,Segmentation,Segmentation - Buildings & rooftops,Data from the SpaceNet Challenge,,,,,,,,,SpaceNetExploration,https://github.com/yangsiyu007/SpaceNetExploration,,,,A sample project demonstrating how to extract building footprints from satellite images using a semantic segmentation model. Data from the SpaceNet Challenge,A sample project demonstrating how to extract building footprints from satellite images using a semantic segmentation model. Data from the SpaceNet Challenge,SpaceNetExploration,https://github.com/yangsiyu007/SpaceNetExploration,,extracted from dataset/benchmark/challenge mention in techniques README; verify before citing
https://github.com/satellite-image-deep-learning/techniques,Segmentation - Buildings & rooftops,Segmentation,Segmentation - Buildings & rooftops,Rooftop-Instance-Segmentation,,,,,,,,,Rooftop-Instance-Segmentation,https://github.com/MasterSkepticista/Rooftop-Instance-Segmentation,,,,"VGG-16, Instance Segmentation, uses the Airs dataset","VGG-16, Instance Segmentation, uses the Airs dataset",Rooftop-Instance-Segmentation,https://github.com/MasterSkepticista/Rooftop-Instance-Segmentation,,extracted from dataset/benchmark/challenge mention in techniques README; verify before citing
https://github.com/satellite-image-deep-learning/techniques,Segmentation - Buildings & rooftops,Segmentation,Segmentation - Buildings & rooftops,An Artificial Intelligence Dataset,,,,,,,,,solar-farms-mapping,https://github.com/microsoft/solar-farms-mapping,,,,An Artificial Intelligence Dataset for Solar Energy Locations in India,An Artificial Intelligence Dataset for Solar Energy Locations in India,solar-farms-mapping,https://github.com/microsoft/solar-farms-mapping,,extracted from dataset/benchmark/challenge mention in techniques README; verify before citing
https://github.com/satellite-image-deep-learning/techniques,Segmentation - Buildings & rooftops,Segmentation,Segmentation - Buildings & rooftops,poultry-cafos,,,,,,,,,poultry-cafos,https://github.com/microsoft/poultry-cafos,,,,This repo contains code for detecting poultry barns from high-resolution aerial imagery and an accompanying dataset of predicted barns over the United States,This repo contains code for detecting poultry barns from high-resolution aerial imagery and an accompanying dataset of predicted barns over the United States,poultry-cafos,https://github.com/microsoft/poultry-cafos,,extracted from dataset/benchmark/challenge mention in techniques README; verify before citing
https://github.com/satellite-image-deep-learning/techniques,Segmentation - Buildings & rooftops,Segmentation,Segmentation - Buildings & rooftops,Massachusetts road & building dataset,,,,,,,,,ssai-cnn,https://github.com/mitmul/ssai-cnn,,,,This is an implementation of Volodymyr Mnih's dissertation methods on his Massachusetts road & building dataset,This is an implementation of Volodymyr Mnih's dissertation methods on his Massachusetts road & building dataset,ssai-cnn,https://github.com/mitmul/ssai-cnn,,extracted from dataset/benchmark/challenge mention in techniques README; verify before citing
https://github.com/satellite-image-deep-learning/techniques,Segmentation - Buildings & rooftops,Segmentation,Segmentation - Buildings & rooftops,Massachusetts Buildings Dataset; Inria Aerial Image Labeling Dataset,,,,,,,,,building-footprint-segmentation,https://github.com/fuzailpalnak/building-footprint-segmentation,,,,"pip installable library to train building footprint segmentation on satellite and aerial imagery, applied to Massachusetts Buildings Dataset and Inria Aerial Image Labeling Dataset","pip installable library to train building footprint segmentation on satellite and aerial imagery, applied to Massachusetts Buildings Dataset and Inria Aerial Image Labeling Dataset",building-footprint-segmentation,https://github.com/fuzailpalnak/building-footprint-segmentation,,extracted from dataset/benchmark/challenge mention in techniques README; verify before citing
https://github.com/satellite-image-deep-learning/techniques,Segmentation - Buildings & rooftops,Segmentation,Segmentation - Buildings & rooftops,Spacenet 7 dataset,,,,,,,,,SatFootprint,https://github.com/PriyanK7n/SatFootprint,,,,building segmentation on the Spacenet 7 dataset,building segmentation on the Spacenet 7 dataset,SatFootprint,https://github.com/PriyanK7n/SatFootprint,,extracted from dataset/benchmark/challenge mention in techniques README; verify before citing
https://github.com/satellite-image-deep-learning/techniques,Segmentation - Buildings & rooftops,Segmentation,Segmentation - Buildings & rooftops,Open Cities AI Challenge,,,,,,,,,Open Cities AI Challenge,https://www.drivendata.org/competitions/60/building-segmentation-disaster-resilience/,,,,Segmenting Buildings for Disaster Resilience. Winning solutions on Github,Segmenting Buildings for Disaster Resilience. Winning solutions on Github,Open Cities AI Challenge,https://www.drivendata.org/competitions/60/building-segmentation-disaster-resilience/,on Github,extracted from dataset/benchmark/challenge mention in techniques README; verify before citing
https://github.com/satellite-image-deep-learning/techniques,Segmentation - Buildings & rooftops,Segmentation,Segmentation - Buildings & rooftops,Fusing multiple segmentation models based on different datasets into a single edge-deployable model,,,,,,,,,Fusing multiple segmentation models based on different datasets into a single edge-deployable model,https://github.com/markusmeingast/Satellite-Classifier,,,,"roof, car & road segmentation","roof, car & road segmentation",Fusing multiple segmentation models based on different datasets into a single edge-deployable model,https://github.com/markusmeingast/Satellite-Classifier,,extracted from dataset/benchmark/challenge mention in techniques README; verify before citing
https://github.com/satellite-image-deep-learning/techniques,Segmentation - Buildings & rooftops,Segmentation,Segmentation - Buildings & rooftops,Pix2Pix to segment the footprint of a building. The dataset,,,,,,,,,ground-truth-gan-segmentation,https://github.com/zakariamejdoul/ground-truth-gan-segmentation,,,,use Pix2Pix to segment the footprint of a building. The dataset used is AIRS,use Pix2Pix to segment the footprint of a building. The dataset used is AIRS,ground-truth-gan-segmentation,https://github.com/zakariamejdoul/ground-truth-gan-segmentation,,extracted from dataset/benchmark/challenge mention in techniques README; verify before citing
https://github.com/satellite-image-deep-learning/techniques,Segmentation - Buildings & rooftops,Segmentation,Segmentation - Buildings & rooftops,UBC-dataset,,,,,,,,,UBC-dataset,https://github.com/AICyberTeam/UBC-dataset,,,,a dataset for building detection and classification from very high-resolution satellite imagery with the focus on object-level interpretation of individual buildings,a dataset for building detection and classification from very high-resolution satellite imagery with the focus on object-level interpretation of individual buildings,UBC-dataset,https://github.com/AICyberTeam/UBC-dataset,,extracted from dataset/benchmark/challenge mention in techniques README; verify before citing
https://github.com/satellite-image-deep-learning/techniques,Segmentation - Buildings & rooftops,Segmentation,Segmentation - Buildings & rooftops,BES-Net,,,,,,,,,BES-Net,https://github.com/FlyC235/BESNet,,,,Boundary Enhancing Semantic Context Network for High-Resolution Image Semantic Segmentation. Applied to Vaihingen and Potsdam datasets,Boundary Enhancing Semantic Context Network for High-Resolution Image Semantic Segmentation. Applied to Vaihingen and Potsdam datasets,BES-Net,https://github.com/FlyC235/BESNet,,extracted from dataset/benchmark/challenge mention in techniques README; verify before citing
https://github.com/satellite-image-deep-learning/techniques,Segmentation - Buildings & rooftops,Segmentation,Segmentation - Buildings & rooftops,RAMP,,,,,,,,,RAMP,https://rampml.global/,,,,model and buildings dataset to support a wide variety of humanitarian use cases,model and buildings dataset to support a wide variety of humanitarian use cases,RAMP,https://rampml.global/,,extracted from dataset/benchmark/challenge mention in techniques README; verify before citing
https://github.com/satellite-image-deep-learning/techniques,Segmentation - Buildings & rooftops,Segmentation,Segmentation - Buildings & rooftops,SpaceNet challenge,,,,,,,,,Thesis_Semantic_Image_Segmentation_on_Satellite_Imagery_using_UNets,https://github.com/rinkwitz/Thesis_Semantic_Image_Segmentation_on_Satellite_Imagery_using_UNets,,,,This master thesis aims to perform semantic segmentation of buildings on satellite images from the SpaceNet challenge 1 dataset using the U-Net architecture,This master thesis aims to perform semantic segmentation of buildings on satellite images from the SpaceNet challenge 1 dataset using the U-Net architecture,Thesis_Semantic_Image_Segmentation_on_Satellite_Imagery_using_UNets,https://github.com/rinkwitz/Thesis_Semantic_Image_Segmentation_on_Satellite_Imagery_using_UNets,,extracted from dataset/benchmark/challenge mention in techniques README; verify before citing
https://github.com/satellite-image-deep-learning/techniques,Segmentation - Solar panels,Segmentation,Segmentation - Solar panels,Dataset on kaggle,,,,,,,,,DeepSolar,https://github.com/wangzhecheng/DeepSolar,,,,"A Machine Learning Framework to Efficiently Construct a Solar Deployment Database in the United States. Dataset on kaggle, actually used a CNN for classification and segmentation is obtained by applying a threshold to the activation map. Original code is tf1 but tf2/kers and a pytorch implementation are available. Also checkout [Visualizations and in-depth analysis .. of the factors that can explain the adoption of solar energy in .. Virginia]","A Machine Learning Framework to Efficiently Construct a Solar Deployment Database in the United States. Dataset on kaggle, actually used a CNN for classification and segmentation is obtained by applying a threshold to the activation map. Original code is tf1 but tf2/kers and a pytorch implementation are available. Also checkout [Visualizations and in-depth analysis .. of the factors that can explain the adoption of solar energy in .. Virginia]",DeepSolar,https://github.com/wangzhecheng/DeepSolar,Dataset on kaggle; tf2/kers; pytorch implementation,extracted from dataset/benchmark/challenge mention in techniques README; verify before citing
https://github.com/satellite-image-deep-learning/techniques,Segmentation - Solar panels,Segmentation,Segmentation - Solar panels,Mask RCNN and Amir dataset,,,,,,,,,solar_plant_detection,https://github.com/Amirmoradi94/solar_plant_detection,,,,boundary extraction of Photovoltaic (PV) plants using Mask RCNN and Amir dataset,boundary extraction of Photovoltaic (PV) plants using Mask RCNN and Amir dataset,solar_plant_detection,https://github.com/Amirmoradi94/solar_plant_detection,,extracted from dataset/benchmark/challenge mention in techniques README; verify before citing
https://github.com/satellite-image-deep-learning/techniques,Segmentation - Solar panels,Segmentation,Segmentation - Solar panels,solar-panel-locator,,,,,,,,,solar-panel-locator,https://github.com/TorrBorr/solar-panel-locator,,,,"the number of solar panel pixels was only ~0.2% of the total pixels in the dataset, so solar panel data was upsampled to account for the class imbalance","the number of solar panel pixels was only ~0.2% of the total pixels in the dataset, so solar panel data was upsampled to account for the class imbalance",solar-panel-locator,https://github.com/TorrBorr/solar-panel-locator,,extracted from dataset/benchmark/challenge mention in techniques README; verify before citing
https://github.com/satellite-image-deep-learning/techniques,Segmentation - Ships & vessels,Segmentation,Segmentation - Ships & vessels,Universal-segmentation-baseline-Kaggle-Airbus-Ship-Detection,,,,,,,,,Universal-segmentation-baseline-Kaggle-Airbus-Ship-Detection,https://github.com/OniroAI/Universal-segmentation-baseline-Kaggle-Airbus-Ship-Detection,,,,Kaggle Airbus Ship Detection Challenge - bronze medal solution,Kaggle Airbus Ship Detection Challenge - bronze medal solution,Universal-segmentation-baseline-Kaggle-Airbus-Ship-Detection,https://github.com/OniroAI/Universal-segmentation-baseline-Kaggle-Airbus-Ship-Detection,,extracted from dataset/benchmark/challenge mention in techniques README; verify before citing
https://github.com/satellite-image-deep-learning/techniques,Segmentation - Other manmade,Segmentation,Segmentation - Other manmade,MADOS,,,,,,,,,MADOS,https://github.com/gkakogeorgiou/mados,,,,Detecting Marine Pollutants and Sea Surface Features with Deep Learning in Sentinel-2 Imagery on the MADOS dataset,Detecting Marine Pollutants and Sea Surface Features with Deep Learning in Sentinel-2 Imagery on the MADOS dataset,MADOS,https://github.com/gkakogeorgiou/mados,,extracted from dataset/benchmark/challenge mention in techniques README; verify before citing
https://github.com/satellite-image-deep-learning/techniques,Segmentation - Other manmade,Segmentation,Segmentation - Other manmade,SADMA,,,,,,,,,SADMA,https://github.com/sheikhazhanmohammed/SADMA,,,,Residual Attention UNet on MARIDA: Marine Debris Archive is a marine debris-oriented dataset on Sentinel-2 satellite images,Residual Attention UNet on MARIDA: Marine Debris Archive is a marine debris-oriented dataset on Sentinel-2 satellite images,SADMA,https://github.com/sheikhazhanmohammed/SADMA,,extracted from dataset/benchmark/challenge mention in techniques README; verify before citing
https://github.com/satellite-image-deep-learning/techniques,Segmentation - Other manmade,Segmentation,Segmentation - Other manmade,MAP-Mapper,,,,,,,,,MAP-Mapper,https://github.com/CoDIS-Lab/MAP-Mapper,,,,"Marine Plastic Mapper is a tool for assessing marine macro-plastic density to identify plastic hotspots, underpinned by the MARIDA dataset.","Marine Plastic Mapper is a tool for assessing marine macro-plastic density to identify plastic hotspots, underpinned by the MARIDA dataset.",MAP-Mapper,https://github.com/CoDIS-Lab/MAP-Mapper,,extracted from dataset/benchmark/challenge mention in techniques README; verify before citing
https://github.com/satellite-image-deep-learning/techniques,Panoptic segmentation,Panoptic segmentation,Panoptic segmentation,pastis-benchmark,,,,,,,,,pastis-benchmark,https://github.com/VSainteuf/pastis-benchmark,,,,pastis-benchmark,pastis-benchmark,pastis-benchmark,https://github.com/VSainteuf/pastis-benchmark,,extracted from dataset/benchmark/challenge mention in techniques README; verify before citing
https://github.com/satellite-image-deep-learning/techniques,Panoptic segmentation,Panoptic segmentation,Panoptic segmentation,BSB-Aerial-Dataset,,,,,,,,,BSB-Aerial-Dataset,https://github.com/osmarluiz/BSB-Aerial-Dataset,,,,an example on how to use Detectron2's Panoptic-FPN in the BSB Aerial Dataset,an example on how to use Detectron2's Panoptic-FPN in the BSB Aerial Dataset,BSB-Aerial-Dataset,https://github.com/osmarluiz/BSB-Aerial-Dataset,,extracted from dataset/benchmark/challenge mention in techniques README; verify before citing
https://github.com/satellite-image-deep-learning/techniques,Segmentation - Miscellaneous,Segmentation,Segmentation - Miscellaneous,Toolbox with support for many remote sensing dataset; Semantic Segmentation Toolbox with support for many remote sensing dataset,,,,,,,,,mmsegmentation,https://github.com/open-mmlab/mmsegmentation,,,,"Semantic Segmentation Toolbox with support for many remote sensing datasets including LoveDA, Potsdam, Vaihingen & iSAID","Semantic Segmentation Toolbox with support for many remote sensing datasets including LoveDA, Potsdam, Vaihingen & iSAID",mmsegmentation,https://github.com/open-mmlab/mmsegmentation,,extracted from dataset/benchmark/challenge mention in techniques README; verify before citing
https://github.com/satellite-image-deep-learning/techniques,Segmentation - Miscellaneous,Segmentation,Segmentation - Miscellaneous,satellite-segmentation-pytorch,,,,,,,,,satellite-segmentation-pytorch,https://github.com/obravo7/satellite-segmentation-pytorch,,,,explores a wide variety of image augmentations to increase training dataset size,explores a wide variety of image augmentations to increase training dataset size,satellite-segmentation-pytorch,https://github.com/obravo7/satellite-segmentation-pytorch,,extracted from dataset/benchmark/challenge mention in techniques README; verify before citing
https://github.com/satellite-image-deep-learning/techniques,Segmentation - Miscellaneous,Segmentation,Segmentation - Miscellaneous,Potsdam Dataset,,,,,,,,,BayesianUNet,https://github.com/tha-santacruz/BayesianUNet,,,,"Pytorch Bayesian UNet model for segmentation and uncertainty prediction, applied to the Potsdam Dataset","Pytorch Bayesian UNet model for segmentation and uncertainty prediction, applied to the Potsdam Dataset",BayesianUNet,https://github.com/tha-santacruz/BayesianUNet,,extracted from dataset/benchmark/challenge mention in techniques README; verify before citing
https://github.com/satellite-image-deep-learning/techniques,Segmentation - Miscellaneous,Segmentation,Segmentation - Miscellaneous,LWN-for-UAVRSI,,,,,,,,,LWN-for-UAVRSI,https://github.com/syliudf/LWN-for-UAVRSI,,,,"Light-Weight Semantic Segmentation Network for UAV Remote Sensing Images, applied to Vaihingen, UAVid and UDD6 datasets","Light-Weight Semantic Segmentation Network for UAV Remote Sensing Images, applied to Vaihingen, UAVid and UDD6 datasets",LWN-for-UAVRSI,https://github.com/syliudf/LWN-for-UAVRSI,,extracted from dataset/benchmark/challenge mention in techniques README; verify before citing
https://github.com/satellite-image-deep-learning/techniques,Instance segmentation,Instance segmentation,Instance segmentation,Building-Detection-MaskRCNN,,,,,,,,,Building-Detection-MaskRCNN,https://github.com/Mstfakts/Building-Detection-MaskRCNN,,,,Building detection from the SpaceNet dataset by using Mask RCNN,Building detection from the SpaceNet dataset by using Mask RCNN,Building-Detection-MaskRCNN,https://github.com/Mstfakts/Building-Detection-MaskRCNN,,extracted from dataset/benchmark/challenge mention in techniques README; verify before citing
https://github.com/satellite-image-deep-learning/techniques,Instance segmentation,Instance segmentation,Instance segmentation,Circle Finder Challenge,,,,,,,,,Circle_Finder,https://github.com/zinsmatt/Circle_Finder,,,,"Circular Shapes Detection in Satellite Imagery, 2nd place solution to the Circle Finder Challenge","Circular Shapes Detection in Satellite Imagery, 2nd place solution to the Circle Finder Challenge",Circle_Finder,https://github.com/zinsmatt/Circle_Finder,,extracted from dataset/benchmark/challenge mention in techniques README; verify before citing
https://github.com/satellite-image-deep-learning/techniques,Object detection with rotated bounding boxes,Object detection with rotated bounding boxes,Object detection with rotated bounding boxes,Rotated Object Detection Benchmark,,,,,,,,,mmrotate,https://github.com/open-mmlab/mmrotate,,,,"Rotated Object Detection Benchmark, with pretrained models and function for inferencing on very large images","Rotated Object Detection Benchmark, with pretrained models and function for inferencing on very large images",mmrotate,https://github.com/open-mmlab/mmrotate,,extracted from dataset/benchmark/challenge mention in techniques README; verify before citing
https://github.com/satellite-image-deep-learning/techniques,Object detection with rotated bounding boxes,Object detection with rotated bounding boxes,Object detection with rotated bounding boxes,Rotated-RetinaNet,,,,,,,,,Rotated-RetinaNet,https://github.com/ming71/Rotated-RetinaNet,,,,"implemented in pytorch, it supports the following datasets: DOTA, HRSC2016, ICDAR2013, ICDAR2015, UCAS-AOD, NWPU VHR-10, VOC2007","implemented in pytorch, it supports the following datasets: DOTA, HRSC2016, ICDAR2013, ICDAR2015, UCAS-AOD, NWPU VHR-10, VOC2007",Rotated-RetinaNet,https://github.com/ming71/Rotated-RetinaNet,,extracted from dataset/benchmark/challenge mention in techniques README; verify before citing
https://github.com/satellite-image-deep-learning/techniques,Object detection with rotated bounding boxes,Object detection with rotated bounding boxes,Object detection with rotated bounding boxes,The sixth place winning solution in 2021 Gaofen Challenge,,,,,,,,,OBBDet_Swin,https://github.com/ming71/OBBDet_Swin,,,,The sixth place winning solution in 2021 Gaofen Challenge,The sixth place winning solution in 2021 Gaofen Challenge,OBBDet_Swin,https://github.com/ming71/OBBDet_Swin,,extracted from dataset/benchmark/challenge mention in techniques README; verify before citing
https://github.com/satellite-image-deep-learning/techniques,Object detection with rotated bounding boxes,Object detection with rotated bounding boxes,Object detection with rotated bounding boxes,Rotation-RetinaNet-PyTorch,,,,,,,,,Rotation-RetinaNet-PyTorch,https://github.com/HsLOL/Rotation-RetinaNet-PyTorch,,,,oriented detector Rotation-RetinaNet implementation on Optical and SAR ship dataset,oriented detector Rotation-RetinaNet implementation on Optical and SAR ship dataset,Rotation-RetinaNet-PyTorch,https://github.com/HsLOL/Rotation-RetinaNet-PyTorch,,extracted from dataset/benchmark/challenge mention in techniques README; verify before citing
https://github.com/satellite-image-deep-learning/techniques,Object detection with rotated bounding boxes,Object detection with rotated bounding boxes,Object detection with rotated bounding boxes,Rotation-EfficientDet-D0,,,,,,,,,Rotation-EfficientDet-D0,https://github.com/HsLOL/Rotation-EfficientDet-D0,,,,"A PyTorch Implementation Rotation Detector based EfficientDet Detector, applied to custom rotation vehicle datasets","A PyTorch Implementation Rotation Detector based EfficientDet Detector, applied to custom rotation vehicle datasets",Rotation-EfficientDet-D0,https://github.com/HsLOL/Rotation-EfficientDet-D0,,extracted from dataset/benchmark/challenge mention in techniques README; verify before citing
https://github.com/satellite-image-deep-learning/techniques,Object detection with rotated bounding boxes,Object detection with rotated bounding boxes,Object detection with rotated bounding boxes,DOTA dataset,,,,,,,,,DODet,https://github.com/yanqingyao1994/DODet,,,,"Dual alignment for oriented object detection, uses DOTA dataset","Dual alignment for oriented object detection, uses DOTA dataset",DODet,https://github.com/yanqingyao1994/DODet,,extracted from dataset/benchmark/challenge mention in techniques README; verify before citing
https://github.com/satellite-image-deep-learning/techniques,Object detection with rotated bounding boxes,Object detection with rotated bounding boxes,Object detection with rotated bounding boxes,Detecting objects with precise orientation from aerial images. Applied to dataset,,,,,,,,,AProNet,https://github.com/geovsion/AProNet,,,,Detecting objects with precise orientation from aerial images. Applied to datasets DOTA and HRSC2016,Detecting objects with precise orientation from aerial images. Applied to datasets DOTA and HRSC2016,AProNet,https://github.com/geovsion/AProNet,,extracted from dataset/benchmark/challenge mention in techniques README; verify before citing
https://github.com/satellite-image-deep-learning/techniques,Object detection with rotated bounding boxes,Object detection with rotated bounding boxes,Object detection with rotated bounding boxes,UCAS-AOD-benchmark,,,,,,,,,UCAS-AOD-benchmark,https://github.com/ming71/UCAS-AOD-benchmark,,,,A benchmark of UCAS-AOD dataset,A benchmark of UCAS-AOD dataset,UCAS-AOD-benchmark,https://github.com/ming71/UCAS-AOD-benchmark,,extracted from dataset/benchmark/challenge mention in techniques README; verify before citing
https://github.com/satellite-image-deep-learning/techniques,Object detection with rotated bounding boxes,Object detection with rotated bounding boxes,Object detection with rotated bounding boxes,AD-Toolbox,,,,,,,,,AD-Toolbox,https://github.com/liuyanyi/AD-Toolbox,,,,"Aerial Detection Toolbox based on MMDetection and MMRotate, with support for more datasets","Aerial Detection Toolbox based on MMDetection and MMRotate, with support for more datasets",AD-Toolbox,https://github.com/liuyanyi/AD-Toolbox,,extracted from dataset/benchmark/challenge mention in techniques README; verify before citing
https://github.com/satellite-image-deep-learning/techniques,Object detection with rotated bounding boxes,Object detection with rotated bounding boxes,Object detection with rotated bounding boxes,SODA-A dataset,,,,,,,,,CFINet,https://github.com/shaunyuan22/CFINet,,,,Small Object Detection via Coarse-to-fine Proposal Generation and Imitation Learning. Introduces SODA-A dataset,Small Object Detection via Coarse-to-fine Proposal Generation and Imitation Learning. Introduces SODA-A dataset,CFINet,https://github.com/shaunyuan22/CFINet,SODA-A dataset,extracted from dataset/benchmark/challenge mention in techniques README; verify before citing
https://github.com/satellite-image-deep-learning/techniques,Object detection enhanced by super resolution,Object detection enhanced by super resolution,Object detection enhanced by super resolution,EESRGAN; OGST,,,,,,,,,EESRGAN,https://github.com/divyam96/EESRGAN,,,,Small-Object Detection in Remote Sensing Images with End-to-End Edge-Enhanced GAN and Object Detector Network. Applied to COWC & OGST datasets,Small-Object Detection in Remote Sensing Images with End-to-End Edge-Enhanced GAN and Object Detector Network. Applied to COWC & OGST datasets,EESRGAN,https://github.com/divyam96/EESRGAN,OGST,extracted from dataset/benchmark/challenge mention in techniques README; verify before citing
https://github.com/satellite-image-deep-learning/techniques,Salient object detection,Salient object detection,Salient object detection,ORSSD-dataset,,,,,,,,,ORSSD-dataset,https://github.com/rmcong/ORSSD-dataset,,,,salient object detection dataset,salient object detection dataset,ORSSD-dataset,https://github.com/rmcong/ORSSD-dataset,,extracted from dataset/benchmark/challenge mention in techniques README; verify before citing
https://github.com/satellite-image-deep-learning/techniques,Salient object detection,Salient object detection,Salient object detection,EORSSD-dataset,,,,,,,,,EORSSD-dataset,https://github.com/rmcong/EORSSD-dataset,,,,Extended Optical Remote Sensing Saliency Detection (EORSSD) Dataset,Extended Optical Remote Sensing Saliency Detection (EORSSD) Dataset,EORSSD-dataset,https://github.com/rmcong/EORSSD-dataset,,extracted from dataset/benchmark/challenge mention in techniques README; verify before citing
https://github.com/satellite-image-deep-learning/techniques,"Object detection - Buildings, rooftops & solar panels","Object detection - Buildings, rooftops & solar panels","Object detection - Buildings, rooftops & solar panels",Detect buildings in the Spacenet dataset,,,,,,,,,ssd-spacenet,https://github.com/aurotripathy/ssd-spacenet,,,,Detect buildings in the Spacenet dataset using Single Shot MultiBox Detector (SSD),Detect buildings in the Spacenet dataset using Single Shot MultiBox Detector (SSD),ssd-spacenet,https://github.com/aurotripathy/ssd-spacenet,,extracted from dataset/benchmark/challenge mention in techniques README; verify before citing
https://github.com/satellite-image-deep-learning/techniques,"Object detection - Buildings, rooftops & solar panels","Object detection - Buildings, rooftops & solar panels","Object detection - Buildings, rooftops & solar panels",AICrowd Mapping Challenge; YOLOv5 applied to the AICrowd Mapping Challenge,,,,,,,,,mappingchallenge,https://github.com/krishanr/mappingchallenge,,,,YOLOv5 applied to the AICrowd Mapping Challenge dataset,YOLOv5 applied to the AICrowd Mapping Challenge dataset,mappingchallenge,https://github.com/krishanr/mappingchallenge,,extracted from dataset/benchmark/challenge mention in techniques README; verify before citing
https://github.com/satellite-image-deep-learning/techniques,"Object detection - Ships, boats, vessels & wake","Object detection - Ships, boats, vessels & wake","Object detection - Ships, boats, vessels & wake",Airbus Ship Detection Challenge,,,,,,,,,Airbus Ship Detection Challenge,https://www.kaggle.com/c/airbus-ship-detection,,,,using oriented bounding boxes. Read Detecting ships in satellite imagery: five years later…,using oriented bounding boxes. Read Detecting ships in satellite imagery: five years later…,Airbus Ship Detection Challenge,https://www.kaggle.com/c/airbus-ship-detection,Detecting ships in satellite imagery: five years later…,extracted from dataset/benchmark/challenge mention in techniques README; verify before citing
https://github.com/satellite-image-deep-learning/techniques,"Object detection - Ships, boats, vessels & wake","Object detection - Ships, boats, vessels & wake","Object detection - Ships, boats, vessels & wake",kaggle-ships-in-Google-Earth-yolov8,,,,,,,,,kaggle-ships-in-Google-Earth-yolov8,https://github.com/robmarkcole/kaggle-ships-in-satellite-imagery-with-YOLOv8,,,,Applying YOLOv8 to Kaggle Ships in Google Earth dataset,Applying YOLOv8 to Kaggle Ships in Google Earth dataset,kaggle-ships-in-Google-Earth-yolov8,https://github.com/robmarkcole/kaggle-ships-in-satellite-imagery-with-YOLOv8,,extracted from dataset/benchmark/challenge mention in techniques README; verify before citing
https://github.com/satellite-image-deep-learning/techniques,"Object detection - Ships, boats, vessels & wake","Object detection - Ships, boats, vessels & wake","Object detection - Ships, boats, vessels & wake",Ship-Detection-from-Satellite-Images-using-YOLOV4,,,,,,,,,Ship-Detection-from-Satellite-Images-using-YOLOV4,https://github.com/debasis-dotcom/Ship-Detection-from-Satellite-Images-using-YOLOV4,,,,uses Kaggle Airbus Ship Detection dataset,uses Kaggle Airbus Ship Detection dataset,Ship-Detection-from-Satellite-Images-using-YOLOV4,https://github.com/debasis-dotcom/Ship-Detection-from-Satellite-Images-using-YOLOV4,,extracted from dataset/benchmark/challenge mention in techniques README; verify before citing
https://github.com/satellite-image-deep-learning/techniques,"Object detection - Ships, boats, vessels & wake","Object detection - Ships, boats, vessels & wake","Object detection - Ships, boats, vessels & wake",Satellite-Imagery-Datasets-Containing-Ships,,,,,,,,,Satellite-Imagery-Datasets-Containing-Ships,https://github.com/JasonManesis/Satellite-Imagery-Datasets-Containing-Ships,,,,"A list of optical and radar satellite datasets for ship detection, classification, semantic segmentation and instance segmentation tasks","A list of optical and radar satellite datasets for ship detection, classification, semantic segmentation and instance segmentation tasks",Satellite-Imagery-Datasets-Containing-Ships,https://github.com/JasonManesis/Satellite-Imagery-Datasets-Containing-Ships,,extracted from dataset/benchmark/challenge mention in techniques README; verify before citing
https://github.com/satellite-image-deep-learning/techniques,"Object detection - Ships, boats, vessels & wake","Object detection - Ships, boats, vessels & wake","Object detection - Ships, boats, vessels & wake",Pytorch. Custom dataset; Project based on reduced model of Yolov5 architecture using Pytorch. Custom dataset,,,,,,,,,vesselTracker,https://github.com/carlossantamarizq/vesselTracker,,,,Project based on reduced model of Yolov5 architecture using Pytorch. Custom dataset based on SAR imagery provided by Sentinel-1 through Earth Engine API,Project based on reduced model of Yolov5 architecture using Pytorch. Custom dataset based on SAR imagery provided by Sentinel-1 through Earth Engine API,vesselTracker,https://github.com/carlossantamarizq/vesselTracker,,extracted from dataset/benchmark/challenge mention in techniques README; verify before citing
https://github.com/satellite-image-deep-learning/techniques,"Object detection - Ships, boats, vessels & wake","Object detection - Ships, boats, vessels & wake","Object detection - Ships, boats, vessels & wake",FGSCR-42,,,,,,,,,FGSCR-42,https://github.com/DYH666/FGSCR-42,,,,A public Dataset for Fine-Grained Ship Classification in Remote sensing images,A public Dataset for Fine-Grained Ship Classification in Remote sensing images,FGSCR-42,https://github.com/DYH666/FGSCR-42,,extracted from dataset/benchmark/challenge mention in techniques README; verify before citing
https://github.com/satellite-image-deep-learning/techniques,"Object detection - Ships, boats, vessels & wake","Object detection - Ships, boats, vessels & wake","Object detection - Ships, boats, vessels & wake",LEVIR-Ship,,,,,,,,,LEVIR-Ship,https://github.com/WindVChen/LEVIR-Ship,,,,a dataset for tiny ship detection under medium-resolution remote sensing images,a dataset for tiny ship detection under medium-resolution remote sensing images,LEVIR-Ship,https://github.com/WindVChen/LEVIR-Ship,,extracted from dataset/benchmark/challenge mention in techniques README; verify before citing
https://github.com/satellite-image-deep-learning/techniques,"Object detection - Ships, boats, vessels & wake","Object detection - Ships, boats, vessels & wake","Object detection - Ships, boats, vessels & wake",Method for Tiny Ship Detection in Remote Sensing Images With a New Large-Scale Dataset,,,,,,,,,DRENet,https://github.com/WindVChen/DRENet,,,,A Degraded Reconstruction Enhancement-Based Method for Tiny Ship Detection in Remote Sensing Images With a New Large-Scale Dataset,A Degraded Reconstruction Enhancement-Based Method for Tiny Ship Detection in Remote Sensing Images With a New Large-Scale Dataset,DRENet,https://github.com/WindVChen/DRENet,,extracted from dataset/benchmark/challenge mention in techniques README; verify before citing
https://github.com/satellite-image-deep-learning/techniques,"Object detection - Ships, boats, vessels & wake","Object detection - Ships, boats, vessels & wake","Object detection - Ships, boats, vessels & wake",xView3-The-First-Place-Solution,,,,,,,,,xView3-The-First-Place-Solution,https://github.com/BloodAxe/xView3-The-First-Place-Solution,,,,"A winning solution for xView 3 challenge (Vessel detection, classification and length estimation on Sentinetl-1 images). Contains trained models, inference pipeline and training code & configs to reproduce the results.","A winning solution for xView 3 challenge (Vessel detection, classification and length estimation on Sentinetl-1 images). Contains trained models, inference pipeline and training code & configs to reproduce the results.",xView3-The-First-Place-Solution,https://github.com/BloodAxe/xView3-The-First-Place-Solution,xView 3,extracted from dataset/benchmark/challenge mention in techniques README; verify before citing
https://github.com/satellite-image-deep-learning/techniques,"Object detection - Ships, boats, vessels & wake","Object detection - Ships, boats, vessels & wake","Object detection - Ships, boats, vessels & wake",Multiple Receptive Field Adaptive Feature Enhancement. Uses LEVIR-Ship & AI-TODv2 dataset,,,,,,,,,ORFENet,https://github.com/dyl96/ORFENet,,,,Tiny Object Detection in Remote Sensing Images Based on Object Reconstruction and Multiple Receptive Field Adaptive Feature Enhancement. Uses LEVIR-Ship & AI-TODv2 datasets,Tiny Object Detection in Remote Sensing Images Based on Object Reconstruction and Multiple Receptive Field Adaptive Feature Enhancement. Uses LEVIR-Ship & AI-TODv2 datasets,ORFENet,https://github.com/dyl96/ORFENet,,extracted from dataset/benchmark/challenge mention in techniques README; verify before citing
https://github.com/satellite-image-deep-learning/techniques,"Object detection - Cars, vehicles & trains","Object detection - Cars, vehicles & trains","Object detection - Cars, vehicles & trains",VEDAI dataset,,,,,,,,,pytorch-vedai,https://github.com/MichelHalmes/pytorch-vedai,,,,object detection on the VEDAI dataset: Vehicle Detection in Aerial Imagery,object detection on the VEDAI dataset: Vehicle Detection in Aerial Imagery,pytorch-vedai,https://github.com/MichelHalmes/pytorch-vedai,,extracted from dataset/benchmark/challenge mention in techniques README; verify before citing
https://github.com/satellite-image-deep-learning/techniques,"Object detection - Cars, vehicles & trains","Object detection - Cars, vehicles & trains","Object detection - Cars, vehicles & trains",Yolov3 & COWC dataset,,,,,,,,,CarCounting,https://github.com/JacksonPeoples/CarCounting,,,,using Yolov3 & COWC dataset,using Yolov3 & COWC dataset,CarCounting,https://github.com/JacksonPeoples/CarCounting,,extracted from dataset/benchmark/challenge mention in techniques README; verify before citing
https://github.com/satellite-image-deep-learning/techniques,"Object detection - Cars, vehicles & trains","Object detection - Cars, vehicles & trains","Object detection - Cars, vehicles & trains",RSVC2021-Dataset,,,,,,,,,RSVC2021-Dataset,https://github.com/YinongGuo/RSVC2021-Dataset,,,,"A dataset for Vehicle Counting in Remote Sensing images, created from the DOTA & ITCVD","A dataset for Vehicle Counting in Remote Sensing images, created from the DOTA & ITCVD",RSVC2021-Dataset,https://github.com/YinongGuo/RSVC2021-Dataset,,extracted from dataset/benchmark/challenge mention in techniques README; verify before citing
https://github.com/satellite-image-deep-learning/techniques,Object detection - Planes & aircraft,Object detection - Planes & aircraft,Object detection - Planes & aircraft,RarePlanes dataset,,,,,,,,,yoltv4,https://github.com/avanetten/yoltv4,,,,yoltv4 includes examples on the RarePlanes dataset,yoltv4 includes examples on the RarePlanes dataset,yoltv4,https://github.com/avanetten/yoltv4,RarePlanes dataset,extracted from dataset/benchmark/challenge mention in techniques README; verify before citing
https://github.com/satellite-image-deep-learning/techniques,Object detection - Planes & aircraft,Object detection - Planes & aircraft,Object detection - Planes & aircraft,aircraft-detection,,,,,,,,,aircraft-detection,https://github.com/hakeemtfrank/aircraft-detection,,,,experiments to test the performance of a Gaussian process (GP) classifier with various kernels on the UC Merced land use land cover (LULC) dataset,experiments to test the performance of a Gaussian process (GP) classifier with various kernels on the UC Merced land use land cover (LULC) dataset,aircraft-detection,https://github.com/hakeemtfrank/aircraft-detection,,extracted from dataset/benchmark/challenge mention in techniques README; verify before citing
https://github.com/satellite-image-deep-learning/techniques,Object detection - Planes & aircraft,Object detection - Planes & aircraft,Object detection - Planes & aircraft,aircraft-detection-from-satellite-images-yolov3,,,,,,,,,aircraft-detection-from-satellite-images-yolov3,https://github.com/emrekrtorun/aircraft-detection-from-satellite-images-yolov3,,,,trained on kaggle cgi-planes-in-satellite-imagery-w-bboxes dataset,trained on kaggle cgi-planes-in-satellite-imagery-w-bboxes dataset,aircraft-detection-from-satellite-images-yolov3,https://github.com/emrekrtorun/aircraft-detection-from-satellite-images-yolov3,,extracted from dataset/benchmark/challenge mention in techniques README; verify before citing
https://github.com/satellite-image-deep-learning/techniques,Object detection - Planes & aircraft,Object detection - Planes & aircraft,Object detection - Planes & aircraft,HRPlanesv2-Data-Set,,,,,,,,,HRPlanesv2-Data-Set,https://github.com/dilsadunsal/HRPlanesv2-Data-Set,,,,YOLOv4 and YOLOv5 weights trained on the HRPlanesv2 dataset,YOLOv4 and YOLOv5 weights trained on the HRPlanesv2 dataset,HRPlanesv2-Data-Set,https://github.com/dilsadunsal/HRPlanesv2-Data-Set,,extracted from dataset/benchmark/challenge mention in techniques README; verify before citing
https://github.com/satellite-image-deep-learning/techniques,Object detection - Planes & aircraft,Object detection - Planes & aircraft,Object detection - Planes & aircraft,PlanesNet dataset,,,,,,,,,ergo-planes-detector,https://github.com/evilsocket/ergo-planes-detector,,,,"An ergo based project that relies on a convolutional neural network to detect airplanes from satellite imagery, uses the PlanesNet dataset","An ergo based project that relies on a convolutional neural network to detect airplanes from satellite imagery, uses the PlanesNet dataset",ergo-planes-detector,https://github.com/evilsocket/ergo-planes-detector,,extracted from dataset/benchmark/challenge mention in techniques README; verify before citing
https://github.com/satellite-image-deep-learning/techniques,Object detection - Planes & aircraft,Object detection - Planes & aircraft,Object detection - Planes & aircraft,pytorch-remote-sensing,,,,,,,,,pytorch-remote-sensing,https://github.com/miko7879/pytorch-remote-sensing,,,,Aircraft detection using the 'Airbus Aircraft Detection' dataset and Faster-RCNN with ResNet-50 backbone using pytorch,Aircraft detection using the 'Airbus Aircraft Detection' dataset and Faster-RCNN with ResNet-50 backbone using pytorch,pytorch-remote-sensing,https://github.com/miko7879/pytorch-remote-sensing,,extracted from dataset/benchmark/challenge mention in techniques README; verify before citing
https://github.com/satellite-image-deep-learning/techniques,Object detection - Planes & aircraft,Object detection - Planes & aircraft,Object detection - Planes & aircraft,HRPlanes dataset; YOLOv4 and Faster R-CNN networks trained with HRPlanes dataset,,,,,,,,,HRPlanes,https://github.com/TolgaBkm/HRPlanes,,,,weights of YOLOv4 and Faster R-CNN networks trained with HRPlanes dataset,weights of YOLOv4 and Faster R-CNN networks trained with HRPlanes dataset,HRPlanes,https://github.com/TolgaBkm/HRPlanes,,extracted from dataset/benchmark/challenge mention in techniques README; verify before citing
https://github.com/satellite-image-deep-learning/techniques,Object detection - Planes & aircraft,Object detection - Planes & aircraft,Object detection - Planes & aircraft,YOLOv5 and the RarePlanes dataset,,,,,,,article,https://medium.com/artificialis/detecting-aircrafts-on-airbus-pleiades-imagery-with-yolov5-5f3d464b75ad,rareplanes-yolov5,https://github.com/jeffaudi/rareplanes-yolov5,,,,"using YOLOv5 and the RarePlanes dataset to detect and classify sub-characteristics of aircraft, with article","using YOLOv5 and the RarePlanes dataset to detect and classify sub-characteristics of aircraft, with article",rareplanes-yolov5,https://github.com/jeffaudi/rareplanes-yolov5,article,extracted from dataset/benchmark/challenge mention in techniques README; verify before citing
https://github.com/satellite-image-deep-learning/techniques,Object detection - Planes & aircraft,Object detection - Planes & aircraft,Object detection - Planes & aircraft,Incrementally Tuning Synthetic Training Dataset,,,,,,,,,OnlyPlanes,https://github.com/naivelogic/OnlyPlanes,,,,Incrementally Tuning Synthetic Training Datasets for Satellite Object Detection,Incrementally Tuning Synthetic Training Datasets for Satellite Object Detection,OnlyPlanes,https://github.com/naivelogic/OnlyPlanes,,extracted from dataset/benchmark/challenge mention in techniques README; verify before citing
https://github.com/satellite-image-deep-learning/techniques,Object detection - Infrastructure & utilities,Object detection - Infrastructure & utilities,Object detection - Infrastructure & utilities,PCAN; dataset,,,,,,,,,PCAN,https://www.mdpi.com/2072-4292/13/7/1243,,,,"Part-Based Context Attention Network for Thermal Power Plant Detection in Remote Sensing Imagery, with dataset","Part-Based Context Attention Network for Thermal Power Plant Detection in Remote Sensing Imagery, with dataset",PCAN,https://www.mdpi.com/2072-4292/13/7/1243,dataset,extracted from dataset/benchmark/challenge mention in techniques README; verify before citing
https://github.com/satellite-image-deep-learning/techniques,Object detection - Oil storage tank detection,Object detection - Oil storage tank detection,Object detection - Oil storage tank detection,Airbus Oil Storage Detection dataset,,,,,,,,,oil_storage-detector,https://github.com/TheodorEmanuelsson/oil_storage-detector,,,,using yolov5 and the Airbus Oil Storage Detection dataset,using yolov5 and the Airbus Oil Storage Detection dataset,oil_storage-detector,https://github.com/TheodorEmanuelsson/oil_storage-detector,,extracted from dataset/benchmark/challenge mention in techniques README; verify before citing
https://github.com/satellite-image-deep-learning/techniques,Object detection - Oil storage tank detection,Object detection - Oil storage tank detection,Object detection - Oil storage tank detection,Fast-Large-Image-Object-Detection-yolov7,,,,,,,,,Fast-Large-Image-Object-Detection-yolov7,https://github.com/shah0nawaz/Fast-Large-Image-Object-Detection-yolov7,,,,The oil yolov7 model is trained on oil storage tanks (OST) dataset,The oil yolov7 model is trained on oil storage tanks (OST) dataset,Fast-Large-Image-Object-Detection-yolov7,https://github.com/shah0nawaz/Fast-Large-Image-Object-Detection-yolov7,,extracted from dataset/benchmark/challenge mention in techniques README; verify before citing
https://github.com/satellite-image-deep-learning/techniques,Object detection - Miscellaneous,Object detection - Miscellaneous,Object detection - Miscellaneous,Tensorflow Benchmarks for Object Detection in Aerial Images,,,,,,,,,Tensorflow Benchmarks for Object Detection in Aerial Images,https://github.com/yangxue0827/RotationDetection,,,,Tensorflow Benchmarks for Object Detection in Aerial Images,Tensorflow Benchmarks for Object Detection in Aerial Images,Tensorflow Benchmarks for Object Detection in Aerial Images,https://github.com/yangxue0827/RotationDetection,,extracted from dataset/benchmark/challenge mention in techniques README; verify before citing
https://github.com/satellite-image-deep-learning/techniques,Object detection - Miscellaneous,Object detection - Miscellaneous,Object detection - Miscellaneous,Pytorch Benchmarks for Object Detection in Aerial Images,,,,,,,,,Pytorch Benchmarks for Object Detection in Aerial Images,https://github.com/dingjiansw101/AerialDetection,,,,Pytorch Benchmarks for Object Detection in Aerial Images,Pytorch Benchmarks for Object Detection in Aerial Images,Pytorch Benchmarks for Object Detection in Aerial Images,https://github.com/dingjiansw101/AerialDetection,,extracted from dataset/benchmark/challenge mention in techniques README; verify before citing
https://github.com/satellite-image-deep-learning/techniques,Object detection - Miscellaneous,Object detection - Miscellaneous,Object detection - Miscellaneous,View 2018 Object Detection Challenge,,,,,,,,,xview-yolov3,https://github.com/ultralytics/xview-yolov3,,,,xView 2018 Object Detection Challenge: YOLOv3 Training and Inference,xView 2018 Object Detection Challenge: YOLOv3 Training and Inference,xview-yolov3,https://github.com/ultralytics/xview-yolov3,,extracted from dataset/benchmark/challenge mention in techniques README; verify before citing
https://github.com/satellite-image-deep-learning/techniques,Object detection - Miscellaneous,Object detection - Miscellaneous,Object detection - Miscellaneous,Faster RCNN for xView satellite data challenge,,,,,,,,,Faster RCNN for xView satellite data challenge,https://github.com/samirsen/small-object-detection,,,,Faster RCNN for xView satellite data challenge,Faster RCNN for xView satellite data challenge,Faster RCNN for xView satellite data challenge,https://github.com/samirsen/small-object-detection,,extracted from dataset/benchmark/challenge mention in techniques README; verify before citing
https://github.com/satellite-image-deep-learning/techniques,Object detection - Miscellaneous,Object detection - Miscellaneous,Object detection - Miscellaneous,Object Detection Satellite Imagery Multi-vehicles Dataset (SIMD),,,,,,,,,Object Detection Satellite Imagery Multi-vehicles Dataset (SIMD),https://github.com/asimniazi63/Object-Detection-on-Satellite-Images,,,,"RetinaNet,Yolov3 and Faster RCNN for multi object detection on satellite images dataset","RetinaNet,Yolov3 and Faster RCNN for multi object detection on satellite images dataset",Object Detection Satellite Imagery Multi-vehicles Dataset (SIMD),https://github.com/asimniazi63/Object-Detection-on-Satellite-Images,,extracted from dataset/benchmark/challenge mention in techniques README; verify before citing
https://github.com/satellite-image-deep-learning/techniques,Object detection - Miscellaneous,Object detection - Miscellaneous,Object detection - Miscellaneous,Electric-Pylon-Detection-in-RSI,,,,,,,,,Electric-Pylon-Detection-in-RSI,https://github.com/qsjxyz/Electric-Pylon-Detection-in-RSI,,,,a dataset which contains 1500 remote sensing images of electric pylons used to train ten deep learning models,a dataset which contains 1500 remote sensing images of electric pylons used to train ten deep learning models,Electric-Pylon-Detection-in-RSI,https://github.com/qsjxyz/Electric-Pylon-Detection-in-RSI,,extracted from dataset/benchmark/challenge mention in techniques README; verify before citing
https://github.com/satellite-image-deep-learning/techniques,Object detection - Miscellaneous,Object detection - Miscellaneous,Object detection - Miscellaneous,RetinaNet-PyTorch,,,,,,,,,RetinaNet-PyTorch,https://github.com/HsLOL/RetinaNet-PyTorch,,,,RetinaNet implementation on remote sensing ship dataset (SSDD),RetinaNet implementation on remote sensing ship dataset (SSDD),RetinaNet-PyTorch,https://github.com/HsLOL/RetinaNet-PyTorch,,extracted from dataset/benchmark/challenge mention in techniques README; verify before citing
https://github.com/satellite-image-deep-learning/techniques,Object detection - Miscellaneous,Object detection - Miscellaneous,Object detection - Miscellaneous,Object-Detection-YoloV3-RetinaNet-FasterRCNN,,,,,,,,,Object-Detection-YoloV3-RetinaNet-FasterRCNN,https://github.com/bostankhan6/Object-Detection-YoloV3-RetinaNet-FasterRCNN,,,,trained on a private dataset,trained on a private dataset,Object-Detection-YoloV3-RetinaNet-FasterRCNN,https://github.com/bostankhan6/Object-Detection-YoloV3-RetinaNet-FasterRCNN,,extracted from dataset/benchmark/challenge mention in techniques README; verify before citing
https://github.com/satellite-image-deep-learning/techniques,Object detection - Miscellaneous,Object detection - Miscellaneous,Object detection - Miscellaneous,Google-earth-Object-Recognition,,,,,,,,,Google-earth-Object-Recognition,https://github.com/InnovAIco/Google-earth-Object-Recognition,,,,Code for training and evaluating on Dior Dataset (Google Earth Images) using RetinaNet and YOLOV5,Code for training and evaluating on Dior Dataset (Google Earth Images) using RetinaNet and YOLOV5,Google-earth-Object-Recognition,https://github.com/InnovAIco/Google-earth-Object-Recognition,,extracted from dataset/benchmark/challenge mention in techniques README; verify before citing
https://github.com/satellite-image-deep-learning/techniques,Object detection - Miscellaneous,Object detection - Miscellaneous,Object detection - Miscellaneous,DIOR dataset,,,,,,,,,dior_detect,https://github.com/hm-better/dior_detect,,,,benchmarks for object detection on DIOR dataset,benchmarks for object detection on DIOR dataset,dior_detect,https://github.com/hm-better/dior_detect,,extracted from dataset/benchmark/challenge mention in techniques README; verify before citing
https://github.com/satellite-image-deep-learning/techniques,Object detection - Miscellaneous,Object detection - Miscellaneous,Object detection - Miscellaneous,NWD,,,,,,,,,NWD,https://github.com/jwwangchn/NWD,,,,A Normalized Gaussian Wasserstein Distance for Tiny Object Detection. Uses AI-TOD dataset,A Normalized Gaussian Wasserstein Distance for Tiny Object Detection. Uses AI-TOD dataset,NWD,https://github.com/jwwangchn/NWD,,extracted from dataset/benchmark/challenge mention in techniques README; verify before citing
https://github.com/satellite-image-deep-learning/techniques,Object detection - Miscellaneous,Object detection - Miscellaneous,Object detection - Miscellaneous,small-object-detection-benchmark,,,,,,,,,small-object-detection-benchmark,https://github.com/fcakyon/small-object-detection-benchmark,,,,Slicing Aided Hyper Inference and Fine-tuning for Small Object Detection (SAHI),Slicing Aided Hyper Inference and Fine-tuning for Small Object Detection (SAHI),small-object-detection-benchmark,https://github.com/fcakyon/small-object-detection-benchmark,,extracted from dataset/benchmark/challenge mention in techniques README; verify before citing
https://github.com/satellite-image-deep-learning/techniques,Object detection - Miscellaneous,Object detection - Miscellaneous,Object detection - Miscellaneous,YOLOV7 applied to xView1 Dataset,,,,,,,,,Satellite_Imagery_Detection_YOLOV7,https://github.com/Radhika-Keni/Satellite_Imagery_Detection_YOLOV7,,,,YOLOV7 applied to xView1 Dataset,YOLOV7 applied to xView1 Dataset,Satellite_Imagery_Detection_YOLOV7,https://github.com/Radhika-Keni/Satellite_Imagery_Detection_YOLOV7,,extracted from dataset/benchmark/challenge mention in techniques README; verify before citing
https://github.com/satellite-image-deep-learning/techniques,Object detection - Miscellaneous,Object detection - Miscellaneous,Object detection - Miscellaneous,Satellite-Remote-Sensing-Image-Object-Detection,,,,,,,,,Satellite-Remote-Sensing-Image-Object-Detection,https://github.com/ypw-lbj/Satellite-Remote-Sensing-Image-Object-Detection,,,,using RefineDet & DOTA dataset,using RefineDet & DOTA dataset,Satellite-Remote-Sensing-Image-Object-Detection,https://github.com/ypw-lbj/Satellite-Remote-Sensing-Image-Object-Detection,,extracted from dataset/benchmark/challenge mention in techniques README; verify before citing
https://github.com/satellite-image-deep-learning/techniques,Object detection - Miscellaneous,Object detection - Miscellaneous,Object detection - Miscellaneous,DQ-DETR,,,,,,,,,DQ-DETR,https://github.com/hoiliu-0801/DQ-DETR,,,,"DETR with Dynamic Query for Tiny Object Detection, uses AI-TOD-v1 and AI-TOD-v2 Datasets","DETR with Dynamic Query for Tiny Object Detection, uses AI-TOD-v1 and AI-TOD-v2 Datasets",DQ-DETR,https://github.com/hoiliu-0801/DQ-DETR,,extracted from dataset/benchmark/challenge mention in techniques README; verify before citing
https://github.com/satellite-image-deep-learning/techniques,Object counting,Object counting,Object counting,A Large-scale Dataset; Remote Sensing Object Counting and A Benchmark,,,,,,,,,Counting from Sky,https://github.com/gaoguangshuai/Counting-from-Sky-A-Large-scale-Dataset-for-Remote-Sensing-Object-Counting-and-A-Benchmark-Method,,,,A Large-scale Dataset for Remote Sensing Object Counting and A Benchmark Method,A Large-scale Dataset for Remote Sensing Object Counting and A Benchmark Method,Counting from Sky,https://github.com/gaoguangshuai/Counting-from-Sky-A-Large-scale-Dataset-for-Remote-Sensing-Object-Counting-and-A-Benchmark-Method,,extracted from dataset/benchmark/challenge mention in techniques README; verify before citing
https://github.com/satellite-image-deep-learning/techniques,Regression,Regression,Regression,Seabed-Net,,,,,,,,,Seabed-Net,https://github.com/pagraf/Seabed-Net,,,,"A multi-task network for joint bathymetry and pixel-based seabed classification from remote sensing imagery in shallow waters, uses MagicBathyNet dataset","A multi-task network for joint bathymetry and pixel-based seabed classification from remote sensing imagery in shallow waters, uses MagicBathyNet dataset",Seabed-Net,https://github.com/pagraf/Seabed-Net,MagicBathyNet,extracted from dataset/benchmark/challenge mention in techniques README; verify before citing
https://github.com/satellite-image-deep-learning/techniques,Regression,Regression,Regression,Emb2Heights challenge,,,,,,,,,Emb2Heights,https://github.com/VMarsocci/emb2heights-baselines,,,,"baseline for the Emb2Heights challenge - trains and runs inference for a model that predicts sub-pixel land cover percentages (Building, Vegetation, Water) and continuous structure heights (nDSM) directly from Earth Observation embeddings","baseline for the Emb2Heights challenge - trains and runs inference for a model that predicts sub-pixel land cover percentages (Building, Vegetation, Water) and continuous structure heights (nDSM) directly from Earth Observation embeddings",Emb2Heights,https://github.com/VMarsocci/emb2heights-baselines,,extracted from dataset/benchmark/challenge mention in techniques README; verify before citing
https://github.com/satellite-image-deep-learning/techniques,Cloud detection & removal,Cloud detection & removal,Cloud detection & removal,Sentinel 2 cloud dataset,,,,,,,,,CloudSEN12,https://github.com/cloudsen12,,,,Sentinel 2 cloud dataset with a varierty of models here,Sentinel 2 cloud dataset with a varierty of models here,CloudSEN12,https://github.com/cloudsen12,varierty of models here,extracted from dataset/benchmark/challenge mention in techniques README; verify before citing
https://github.com/satellite-image-deep-learning/techniques,Cloud detection & removal,Cloud detection & removal,Cloud detection & removal,Kaggle 38-Cloud dataset; Unet on the Kaggle 38-Cloud dataset,,,,,,,,,Segmentation of Clouds in Satellite Images Using Deep Learning,https://medium.com/swlh/segmentation-of-clouds-in-satellite-images-using-deep-learning-a9f56e0aa83d,,,,semantic segmentation using a Unet on the Kaggle 38-Cloud dataset,semantic segmentation using a Unet on the Kaggle 38-Cloud dataset,Segmentation of Clouds in Satellite Images Using Deep Learning,https://medium.com/swlh/segmentation-of-clouds-in-satellite-images-using-deep-learning-a9f56e0aa83d,,extracted from dataset/benchmark/challenge mention in techniques README; verify before citing
https://github.com/satellite-image-deep-learning/techniques,Cloud detection & removal,Cloud detection & removal,Cloud detection & removal,Cloud Cover Detection Challenge,,,,,,,,,cloud-cover-winners,https://github.com/drivendataorg/cloud-cover-winners,,,,winning submissions for the On Cloud N: Cloud Cover Detection Challenge,winning submissions for the On Cloud N: Cloud Cover Detection Challenge,cloud-cover-winners,https://github.com/drivendataorg/cloud-cover-winners,,extracted from dataset/benchmark/challenge mention in techniques README; verify before citing
https://github.com/satellite-image-deep-learning/techniques,Cloud detection & removal,Cloud detection & removal,Cloud detection & removal,On-Cloud-N: Cloud Cover Detection Challenge - 19th Place Solution,,,,,,,,,On-Cloud-N: Cloud Cover Detection Challenge - 19th Place Solution,https://github.com/max-schaefer-dev/on-cloud-n-19th-place-solution,,,,On-Cloud-N: Cloud Cover Detection Challenge - 19th Place Solution,On-Cloud-N: Cloud Cover Detection Challenge - 19th Place Solution,On-Cloud-N: Cloud Cover Detection Challenge - 19th Place Solution,https://github.com/max-schaefer-dev/on-cloud-n-19th-place-solution,,extracted from dataset/benchmark/challenge mention in techniques README; verify before citing
https://github.com/satellite-image-deep-learning/techniques,Cloud detection & removal,Cloud detection & removal,Cloud detection & removal,Clouds-Segmentation-Project,,,,,,,,,Clouds-Segmentation-Project,https://github.com/TamirShalev/Clouds-Segmentation-Project,,,,"treats as a 3 class problem; Open clouds, Closed clouds and no clouds, uses pytorch on a dataset that consists of IR & Visual Grayscale images","treats as a 3 class problem; Open clouds, Closed clouds and no clouds, uses pytorch on a dataset that consists of IR & Visual Grayscale images",Clouds-Segmentation-Project,https://github.com/TamirShalev/Clouds-Segmentation-Project,,extracted from dataset/benchmark/challenge mention in techniques README; verify before citing
https://github.com/satellite-image-deep-learning/techniques,Cloud detection & removal,Cloud detection & removal,Cloud detection & removal,SEN12MS-CR-TS,,,,,,,,,SEN12MS-CR-TS,https://github.com/PatrickTUM/SEN12MS-CR-TS,,,,A Remote Sensing Data Set for Multi-modal Multi-temporal Cloud Removal,A Remote Sensing Data Set for Multi-modal Multi-temporal Cloud Removal,SEN12MS-CR-TS,https://github.com/PatrickTUM/SEN12MS-CR-TS,,extracted from dataset/benchmark/challenge mention in techniques README; verify before citing
https://github.com/satellite-image-deep-learning/techniques,Cloud detection & removal,Cloud detection & removal,Cloud detection & removal,AISD,,,,,,,,,AISD,https://github.com/RSrscoder/AISD,,,,Deeply supervised convolutional neural network for shadow detection based on a novel aerial shadow imagery dataset,Deeply supervised convolutional neural network for shadow detection based on a novel aerial shadow imagery dataset,AISD,https://github.com/RSrscoder/AISD,,extracted from dataset/benchmark/challenge mention in techniques README; verify before citing
https://github.com/satellite-image-deep-learning/techniques,Cloud detection & removal,Cloud detection & removal,Cloud detection & removal,Cloud-Segmentation-from-Satellite-Imagery,,,,,,,,,Cloud-Segmentation-from-Satellite-Imagery,https://github.com/vedantk-b/Cloud-Segmentation-from-Satellite-Imagery,,,,applied to Sentinel-2 dataset,applied to Sentinel-2 dataset,Cloud-Segmentation-from-Satellite-Imagery,https://github.com/vedantk-b/Cloud-Segmentation-from-Satellite-Imagery,,extracted from dataset/benchmark/challenge mention in techniques README; verify before citing
https://github.com/satellite-image-deep-learning/techniques,Cloud detection & removal,Cloud detection & removal,Cloud detection & removal,Cloud Detection Dataset; High-Resolution Cloud Detection Dataset,,,,,,,,,HRC_WHU,https://github.com/dr-lizhiwei/HRC_WHU,,,,High-Resolution Cloud Detection Dataset comprising 150 RGB images and a resolution varying from 0.5 to 15 m in different global regions,High-Resolution Cloud Detection Dataset comprising 150 RGB images and a resolution varying from 0.5 to 15 m in different global regions,HRC_WHU,https://github.com/dr-lizhiwei/HRC_WHU,,extracted from dataset/benchmark/challenge mention in techniques README; verify before citing
https://github.com/satellite-image-deep-learning/techniques,Cloud detection & removal,Cloud detection & removal,Cloud detection & removal,cloud_segmentation_comparative,,,,,,,,,cloud_segmentation_comparative,https://github.com/toelt-llc/cloud_segmentation_comparative,,,,BenchCloudVision: A Benchmark Analysis of Deep Learning Approaches for Cloud Detection and Segmentation in Remote Sensing Imagery,BenchCloudVision: A Benchmark Analysis of Deep Learning Approaches for Cloud Detection and Segmentation in Remote Sensing Imagery,cloud_segmentation_comparative,https://github.com/toelt-llc/cloud_segmentation_comparative,,extracted from dataset/benchmark/challenge mention in techniques README; verify before citing
https://github.com/satellite-image-deep-learning/techniques,Change detection,Change Detection,Change detection,awesome-remote-sensing-change-detection,,,,,,,,,awesome-remote-sensing-change-detection,https://github.com/wenhwu/awesome-remote-sensing-change-detection,,,,awesome-remote-sensing-change-detection lists many datasets and publications,awesome-remote-sensing-change-detection lists many datasets and publications,awesome-remote-sensing-change-detection,https://github.com/wenhwu/awesome-remote-sensing-change-detection,,extracted from dataset/benchmark/challenge mention in techniques README; verify before citing
https://github.com/satellite-image-deep-learning/techniques,Change detection,Change Detection,Change detection,Urban Change Detection for Multispectral Earth Observation Using Convolutional Neural Networks,,,,,,,,,Urban Change Detection for Multispectral Earth Observation Using Convolutional Neural Networks,https://github.com/rcdaudt/patch_based_change_detection,,,,used the Onera Satellite Change Detection (OSCD) dataset,used the Onera Satellite Change Detection (OSCD) dataset,Urban Change Detection for Multispectral Earth Observation Using Convolutional Neural Networks,https://github.com/rcdaudt/patch_based_change_detection,,extracted from dataset/benchmark/challenge mention in techniques README; verify before citing
https://github.com/satellite-image-deep-learning/techniques,Change detection,Change Detection,Change detection,SenseEarth2020-ChangeDetection,,,,,,,,,SenseEarth2020-ChangeDetection,https://github.com/LiheYoung/SenseEarth2020-ChangeDetection,,,,"1st place solution to the Satellite Image Change Detection Challenge hosted by SenseTime; predictions of five HRNet-based segmentation models are ensembled, serving as pseudo labels of unchanged areas","1st place solution to the Satellite Image Change Detection Challenge hosted by SenseTime; predictions of five HRNet-based segmentation models are ensembled, serving as pseudo labels of unchanged areas",SenseEarth2020-ChangeDetection,https://github.com/LiheYoung/SenseEarth2020-ChangeDetection,,extracted from dataset/benchmark/challenge mention in techniques README; verify before citing
https://github.com/satellite-image-deep-learning/techniques,Change detection,Change Detection,Change detection,GitHub for the DIUx xView Detection Challenge,,,,,,,,,GitHub for the DIUx xView Detection Challenge,https://github.com/DIUx-xView,,,,The xView2 Challenge focuses on automating the process of assessing building damage after a natural disaster,The xView2 Challenge focuses on automating the process of assessing building damage after a natural disaster,GitHub for the DIUx xView Detection Challenge,https://github.com/DIUx-xView,,extracted from dataset/benchmark/challenge mention in techniques README; verify before citing
https://github.com/satellite-image-deep-learning/techniques,Change detection,Change Detection,Change detection,Metric-Based Network and an Open Aerial Image Dataset; A Deeply Supervised Attention Metric-Based Network and an Open Aerial Image Dataset,,,,,,,,,DSAMNet,https://github.com/liumency/DSAMNet,,,,A Deeply Supervised Attention Metric-Based Network and an Open Aerial Image Dataset for Remote Sensing Change Detection,A Deeply Supervised Attention Metric-Based Network and an Open Aerial Image Dataset for Remote Sensing Change Detection,DSAMNet,https://github.com/liumency/DSAMNet,,extracted from dataset/benchmark/challenge mention in techniques README; verify before citing
https://github.com/satellite-image-deep-learning/techniques,Change detection,Change Detection,Change detection,ChangeFormer,,,,,,,,,ChangeFormer,https://github.com/wgcban/ChangeFormer,,,,"A Transformer-Based Siamese Network for Change Detection. Uses transformer architecture to address the limitations of CNN in handling multi-scale long-range details. Demonstrates that ChangeFormer captures much finer details compared to the other SOTA methods, achieving better performance on benchmark datasets","A Transformer-Based Siamese Network for Change Detection. Uses transformer architecture to address the limitations of CNN in handling multi-scale long-range details. Demonstrates that ChangeFormer captures much finer details compared to the other SOTA methods, achieving better performance on benchmark datasets",ChangeFormer,https://github.com/wgcban/ChangeFormer,,extracted from dataset/benchmark/challenge mention in techniques README; verify before citing
https://github.com/satellite-image-deep-learning/techniques,Change detection,Change Detection,Change detection,Planetscope imagery on four dataset; Images. Applied to Sentinel-2 and high-resolution Planetscope imagery on four dataset,,,,,,,,,SiROC,https://github.com/lukaskondmann/SiROC,,,,Spatial Context Awareness for Unsupervised Change Detection in Optical Satellite Images. Applied to Sentinel-2 and high-resolution Planetscope imagery on four datasets,Spatial Context Awareness for Unsupervised Change Detection in Optical Satellite Images. Applied to Sentinel-2 and high-resolution Planetscope imagery on four datasets,SiROC,https://github.com/lukaskondmann/SiROC,,extracted from dataset/benchmark/challenge mention in techniques README; verify before citing
https://github.com/satellite-image-deep-learning/techniques,Change detection,Change Detection,Change detection,Onera Satellite Change Detection dataset,,,,,,,,,DS_UNet,https://github.com/SebastianHafner/DS_UNet,,,,"Sentinel-1 and Sentinel-2 Data Fusion for Urban Change Detection using a Dual Stream U-Net, uses Onera Satellite Change Detection dataset","Sentinel-1 and Sentinel-2 Data Fusion for Urban Change Detection using a Dual Stream U-Net, uses Onera Satellite Change Detection dataset",DS_UNet,https://github.com/SebastianHafner/DS_UNet,,extracted from dataset/benchmark/challenge mention in techniques README; verify before citing
https://github.com/satellite-image-deep-learning/techniques,Change detection,Change Detection,Change detection,Dual-Task Siamese network and semi-supervised learning. Uses SpaceNet 7 dataset,,,,,,,,,SiameseSSL,https://github.com/SebastianHafner/SiameseSSL,,,,Urban change detection with a Dual-Task Siamese network and semi-supervised learning. Uses SpaceNet 7 dataset,Urban change detection with a Dual-Task Siamese network and semi-supervised learning. Uses SpaceNet 7 dataset,SiameseSSL,https://github.com/SebastianHafner/SiameseSSL,,extracted from dataset/benchmark/challenge mention in techniques README; verify before citing
https://github.com/satellite-image-deep-learning/techniques,Change detection,Change Detection,Change detection,CD-SOTA-methods,,,,,,,,,CD-SOTA-methods,https://github.com/wgcban/CD-SOTA-methods,,,,Remote sensing change detection: State-of-the-art methods and available datasets,Remote sensing change detection: State-of-the-art methods and available datasets,CD-SOTA-methods,https://github.com/wgcban/CD-SOTA-methods,,extracted from dataset/benchmark/challenge mention in techniques README; verify before citing
https://github.com/satellite-image-deep-learning/techniques,Change detection,Change Detection,Change detection,View2 challenge,,,,,,,,,xView2_Vulcan,https://github.com/RitwikGupta/xView2-Vulcan,,,,Damage assessment using pre and post orthoimagery. Modified + productionized model based off the first-place model from the xView2 challenge.,Damage assessment using pre and post orthoimagery. Modified + productionized model based off the first-place model from the xView2 challenge.,xView2_Vulcan,https://github.com/RitwikGupta/xView2-Vulcan,,extracted from dataset/benchmark/challenge mention in techniques README; verify before citing
https://github.com/satellite-image-deep-learning/techniques,Change detection,Change Detection,Change detection,Deep Learning Model For Change Detection. Uses LEVIR-CD & WHU-CD dataset,,,,,,,,,Tiny_model_4_CD,https://github.com/AndreaCodegoni/Tiny_model_4_CD,,,,TINYCD: A (Not So) Deep Learning Model For Change Detection. Uses LEVIR-CD & WHU-CD datasets,TINYCD: A (Not So) Deep Learning Model For Change Detection. Uses LEVIR-CD & WHU-CD datasets,Tiny_model_4_CD,https://github.com/AndreaCodegoni/Tiny_model_4_CD,,extracted from dataset/benchmark/challenge mention in techniques README; verify before citing
https://github.com/satellite-image-deep-learning/techniques,Change detection,Change Detection,Change detection,Sentinel 2 CaiRoad & CalFire dataset; Change Event Dataset,,,,,,,,,satellite-change-events,https://github.com/utkarshmall13/satellite-change-events,,,,"Change Event Dataset for Discovery from Spatio-temporal Remote Sensing Imagery, uses Sentinel 2 CaiRoad & CalFire datasets","Change Event Dataset for Discovery from Spatio-temporal Remote Sensing Imagery, uses Sentinel 2 CaiRoad & CalFire datasets",satellite-change-events,https://github.com/utkarshmall13/satellite-change-events,,extracted from dataset/benchmark/challenge mention in techniques README; verify before citing
https://github.com/satellite-image-deep-learning/techniques,Change detection,Change Detection,Change detection,multi-task-L-UNet,,,,,,,,,multi-task-L-UNet,https://github.com/mpapadomanolaki/multi-task-L-UNet,,,,A Deep Multi-Task Learning Framework Coupling Semantic Segmentation and Fully Convolutional LSTM Networks for Urban Change Detection. Applied to SpaceNet7 dataset,A Deep Multi-Task Learning Framework Coupling Semantic Segmentation and Fully Convolutional LSTM Networks for Urban Change Detection. Applied to SpaceNet7 dataset,multi-task-L-UNet,https://github.com/mpapadomanolaki/multi-task-L-UNet,,extracted from dataset/benchmark/challenge mention in techniques README; verify before citing
https://github.com/satellite-image-deep-learning/techniques,Change detection,Change Detection,Change detection,An Attention-Guided Edge Refinement Network and a Dataset,,,,,,,,,AERNet,https://github.com/zjd1836/AERNet,,,,AERNet: An Attention-Guided Edge Refinement Network and a Dataset for Remote Sensing Building Change Detection (HRCUS-CD),AERNet: An Attention-Guided Edge Refinement Network and a Dataset for Remote Sensing Building Change Detection (HRCUS-CD),AERNet,https://github.com/zjd1836/AERNet,,extracted from dataset/benchmark/challenge mention in techniques README; verify before citing
https://github.com/satellite-image-deep-learning/techniques,Change detection,Change Detection,Change detection,S1GFlood-Detection,,,,,,,,,S1GFlood-Detection,https://github.com/Tamer-Saleh/S1GFlood-Detection,,,,DAM-Net: Global Flood Detection from SAR Imagery Using Differential Attention Metric-Based Vision Transformers. Includes S1GFloods dataset,DAM-Net: Global Flood Detection from SAR Imagery Using Differential Attention Metric-Based Vision Transformers. Includes S1GFloods dataset,S1GFlood-Detection,https://github.com/Tamer-Saleh/S1GFlood-Detection,,extracted from dataset/benchmark/challenge mention in techniques README; verify before citing
https://github.com/satellite-image-deep-learning/techniques,Change detection,Change Detection,Change detection,pytorch-change-models,,,,,,,,,pytorch-change-models,https://github.com/Z-Zheng/pytorch-change-models,,,,"out-of-box contemporary spatiotemporal change model implementations, standard metrics, and datasets","out-of-box contemporary spatiotemporal change model implementations, standard metrics, and datasets",pytorch-change-models,https://github.com/Z-Zheng/pytorch-change-models,,extracted from dataset/benchmark/challenge mention in techniques README; verify before citing
https://github.com/satellite-image-deep-learning/techniques,Time series,Time Series,Time series,Entry for the EarthNet2021 challenge,,,,,,,,,satellite_image_forecasting,https://github.com/rudolfwilliam/satellite_image_forecasting,,,,predict future satellite images from past ones using features such as precipitation and elevation maps. Entry for the EarthNet2021 challenge,predict future satellite images from past ones using features such as precipitation and elevation maps. Entry for the EarthNet2021 challenge,satellite_image_forecasting,https://github.com/rudolfwilliam/satellite_image_forecasting,EarthNet2021,extracted from dataset/benchmark/challenge mention in techniques README; verify before citing
https://github.com/satellite-image-deep-learning/techniques,Time series,Time Series,Time series,Spatio-Temporal Graph Benchmark,,,,,,,paper,https://ieeexplore.ieee.org/abstract/document/10281458,graph-dynamic-earth-net,https://github.com/corentin-dfg/graph-dynamic-earth-net,,,,Graph Dynamic Earth Net: Spatio-Temporal Graph Benchmark for Satellite Image Time Series paper,Graph Dynamic Earth Net: Spatio-Temporal Graph Benchmark for Satellite Image Time Series paper,graph-dynamic-earth-net,https://github.com/corentin-dfg/graph-dynamic-earth-net,paper,extracted from dataset/benchmark/challenge mention in techniques README; verify before citing
https://github.com/satellite-image-deep-learning/techniques,Crop classification,Classification,Crop classification,We also introduce an open-access dataset,,,,,,,,,timematch,https://github.com/jnyborg/timematch,,,,A method to perform unsupervised cross-region adaptation of crop classifiers trained with satellite image time series. We also introduce an open-access dataset for cross-region adaptation with SITS from four different regions in Europe,A method to perform unsupervised cross-region adaptation of crop classifiers trained with satellite image time series. We also introduce an open-access dataset for cross-region adaptation with SITS from four different regions in Europe,timematch,https://github.com/jnyborg/timematch,,extracted from dataset/benchmark/challenge mention in techniques README; verify before citing
https://github.com/satellite-image-deep-learning/techniques,Crop classification,Classification,Crop classification,Lombardy crop dataset,,,,,,,,,in-season-and-dynamic-crop-mapping,https://gitlab.com/artelabsuper/in-season-and-dynamic-crop-mapping,,,,"In-season and dynamic crop mapping using 3D convolution neural networks and sentinel-2 time series, uses the Lombardy crop dataset","In-season and dynamic crop mapping using 3D convolution neural networks and sentinel-2 time series, uses the Lombardy crop dataset",in-season-and-dynamic-crop-mapping,https://gitlab.com/artelabsuper/in-season-and-dynamic-crop-mapping,,extracted from dataset/benchmark/challenge mention in techniques README; verify before citing
https://github.com/satellite-image-deep-learning/techniques,Crop classification,Classification,Crop classification,Zindi AgriFieldNet India Challenge,,,,,,,,,model_ecaas_agrifieldnet_gold,https://github.com/radiantearth/model_ecaas_agrifieldnet_gold,,,,AgriFieldNet Model for Crop Types Detection. First place solution of the of the Zindi AgriFieldNet India Challenge for Crop Types Detection from Satellite Imagery.,AgriFieldNet Model for Crop Types Detection. First place solution of the of the Zindi AgriFieldNet India Challenge for Crop Types Detection from Satellite Imagery.,model_ecaas_agrifieldnet_gold,https://github.com/radiantearth/model_ecaas_agrifieldnet_gold,Zindi AgriFieldNet India Challenge,extracted from dataset/benchmark/challenge mention in techniques README; verify before citing
https://github.com/satellite-image-deep-learning/techniques,Crop classification,Classification,Crop classification,A Large-scale Dataset,,,,,,,,,H2Crop,https://github.com/flyakon/H2Crop,,,,Fine-grained Hierarchical Crop Type Classification from Integrated Hyperspectral EnMAP Data and Multispectral Sentinel-2 Time Series: A Large-scale Dataset and Dual-stream Transformer Method,Fine-grained Hierarchical Crop Type Classification from Integrated Hyperspectral EnMAP Data and Multispectral Sentinel-2 Time Series: A Large-scale Dataset and Dual-stream Transformer Method,H2Crop,https://github.com/flyakon/H2Crop,,extracted from dataset/benchmark/challenge mention in techniques README; verify before citing
https://github.com/satellite-image-deep-learning/techniques,Crop yield & vegetation forecasting,Crop / Agriculture,Crop yield & vegetation forecasting,MMST-ViT,,,,,,,,,MMST-ViT,https://github.com/fudong03/MMST-ViT,,,,Climate Change-aware Crop Yield Prediction via Multi-Modal Spatial-Temporal Vision Transformer. This paper utilizes the Tiny CropNet dataset of county-level crop yield predictions,Climate Change-aware Crop Yield Prediction via Multi-Modal Spatial-Temporal Vision Transformer. This paper utilizes the Tiny CropNet dataset of county-level crop yield predictions,MMST-ViT,https://github.com/fudong03/MMST-ViT,,extracted from dataset/benchmark/challenge mention in techniques README; verify before citing
https://github.com/satellite-image-deep-learning/techniques,Crop yield & vegetation forecasting,Crop / Agriculture,Crop yield & vegetation forecasting,SICKLE,,,,,,,,,SICKLE,https://github.com/Depanshu-Sani/SICKLE,,,,"A Multi-Sensor Satellite Imagery Dataset Annotated with Multiple Key Cropping Parameters. Basline solutions: U-TAE, U-Net3D and ConvLSTM","A Multi-Sensor Satellite Imagery Dataset Annotated with Multiple Key Cropping Parameters. Basline solutions: U-TAE, U-Net3D and ConvLSTM",SICKLE,https://github.com/Depanshu-Sani/SICKLE,,extracted from dataset/benchmark/challenge mention in techniques README; verify before citing
https://github.com/satellite-image-deep-learning/techniques,Crop yield & vegetation forecasting,Crop / Agriculture,Crop yield & vegetation forecasting,UniCrop,,,,,,,,,UniCrop,https://github.com/CoDIS-Lab/UniCrop,,,,"a configuration-driven, universal data pipeline designed to automate the construction of analysis-ready environmental datasets for crop yield modelling","a configuration-driven, universal data pipeline designed to automate the construction of analysis-ready environmental datasets for crop yield modelling",UniCrop,https://github.com/CoDIS-Lab/UniCrop,,extracted from dataset/benchmark/challenge mention in techniques README; verify before citing
https://github.com/satellite-image-deep-learning/techniques,Crop yield & vegetation forecasting,Crop / Agriculture,Crop yield & vegetation forecasting,A Multimodal Benchmark,,,,,,,,,YieldSAT,https://yieldsat.github.io/,,,,A Multimodal Benchmark Dataset for High-Resolution Crop Yield Prediction.,A Multimodal Benchmark Dataset for High-Resolution Crop Yield Prediction.,YieldSAT,https://yieldsat.github.io/,,extracted from dataset/benchmark/challenge mention in techniques README; verify before citing
https://github.com/satellite-image-deep-learning/techniques,Wealth and economic activity,Wealth and economic activity,Wealth and economic activity,SustainBench,,,,,,,,,SustainBench,https://github.com/sustainlab-group/sustainbench/,,,,Benchmarks for Monitoring the Sustainable Development Goals with Machine Learning,Benchmarks for Monitoring the Sustainable Development Goals with Machine Learning,SustainBench,https://github.com/sustainlab-group/sustainbench/,,extracted from dataset/benchmark/challenge mention in techniques README; verify before citing
https://github.com/satellite-image-deep-learning/techniques,Disaster response,Disaster Response,Disaster response,Machine Learning-based Damage Assessment for Disaster Relief on Google AI blog,,,,,,,,,Machine Learning-based Damage Assessment for Disaster Relief on Google AI blog,https://ai.googleblog.com/2020/06/machine-learning-based-damage.html,,,,"uses object detection to locate buildings, then a classifier to determine if a building is damaged. Challenge of generalising due to small dataset","uses object detection to locate buildings, then a classifier to determine if a building is damaged. Challenge of generalising due to small dataset",Machine Learning-based Damage Assessment for Disaster Relief on Google AI blog,https://ai.googleblog.com/2020/06/machine-learning-based-damage.html,,extracted from dataset/benchmark/challenge mention in techniques README; verify before citing
https://github.com/satellite-image-deep-learning/techniques,Disaster response,Disaster Response,Disaster response,Satellite Images. Uses xView2 xBD dataset; Novel Hierarchical Transformer Architecture on Satellite Images. Uses xView2 xBD dataset,,,,,,,,,DAHiTra,https://github.com/nka77/DAHiTra,,,,Large-scale Building Damage Assessment using a Novel Hierarchical Transformer Architecture on Satellite Images. Uses xView2 xBD dataset,Large-scale Building Damage Assessment using a Novel Hierarchical Transformer Architecture on Satellite Images. Uses xView2 xBD dataset,DAHiTra,https://github.com/nka77/DAHiTra,,extracted from dataset/benchmark/challenge mention in techniques README; verify before citing
https://github.com/satellite-image-deep-learning/techniques,Multi image super-resolution (MISR),Resolution Enhancement,Multi image super-resolution (MISR),ESA PROBA-V challenge,,,,,,,,,deepsum,https://github.com/diegovalsesia/deepsum,,,,Deep neural network for Super-resolution of Unregistered Multitemporal images (ESA PROBA-V challenge),Deep neural network for Super-resolution of Unregistered Multitemporal images (ESA PROBA-V challenge),deepsum,https://github.com/diegovalsesia/deepsum,,extracted from dataset/benchmark/challenge mention in techniques README; verify before citing
https://github.com/satellite-image-deep-learning/techniques,Multi image super-resolution (MISR),Resolution Enhancement,Multi image super-resolution (MISR),TR-MISR,,,,,,,paper,https://ieeexplore.ieee.org/abstract/document/9684717,TR-MISR,https://github.com/Suanmd/TR-MISR,,,,Transformer-based MISR framework for the the PROBA-V super-resolution challenge. With paper,Transformer-based MISR framework for the the PROBA-V super-resolution challenge. With paper,TR-MISR,https://github.com/Suanmd/TR-MISR,paper,extracted from dataset/benchmark/challenge mention in techniques README; verify before citing
https://github.com/satellite-image-deep-learning/techniques,Multi image super-resolution (MISR),Resolution Enhancement,Multi image super-resolution (MISR),Repurposing the Proba-V challenge,,,,,,,,,ProbaVref,https://github.com/centreborelli/ProbaVref,,,,Repurposing the Proba-V challenge for reference-aware super resolution,Repurposing the Proba-V challenge for reference-aware super resolution,ProbaVref,https://github.com/centreborelli/ProbaVref,,extracted from dataset/benchmark/challenge mention in techniques README; verify before citing
https://github.com/satellite-image-deep-learning/techniques,Multi image super-resolution (MISR),Resolution Enhancement,Multi image super-resolution (MISR),proba-v-super-resolution-challenge,,,,,,,,,proba-v-super-resolution-challenge,https://github.com/cedricoeldorf/proba-v-super-resolution-challenge,,,,Solution to ESA's satellite imagery super resolution challenge,Solution to ESA's satellite imagery super resolution challenge,proba-v-super-resolution-challenge,https://github.com/cedricoeldorf/proba-v-super-resolution-challenge,,extracted from dataset/benchmark/challenge mention in techniques README; verify before citing
https://github.com/satellite-image-deep-learning/techniques,Single image super-resolution (SISR),Resolution Enhancement,Single image super-resolution (SISR),SEN2VENµS,,,,,,,paper,https://www.mdpi.com/2306-5729/7/7/96,SEN2VENµS,https://zenodo.org/record/6514159#.YoRxM5PMK3I,,,,a dataset for the training of Sentinel-2 super-resolution algorithms. With paper,a dataset for the training of Sentinel-2 super-resolution algorithms. With paper,SEN2VENµS,https://zenodo.org/record/6514159#.YoRxM5PMK3I,paper,extracted from dataset/benchmark/challenge mention in techniques README; verify before citing
https://github.com/satellite-image-deep-learning/techniques,Single image super-resolution (SISR),Resolution Enhancement,Single image super-resolution (SISR),A comprehensive benchmark,,,,,,,,,OpenSR Test,https://github.com/ESAOpenSR/opensr-test,,,,A comprehensive benchmark for real-world Sentinel-2 imagery super-resolution,A comprehensive benchmark for real-world Sentinel-2 imagery super-resolution,OpenSR Test,https://github.com/ESAOpenSR/opensr-test,,extracted from dataset/benchmark/challenge mention in techniques README; verify before citing
https://github.com/satellite-image-deep-learning/techniques,Super-resolution - Miscellaneous,Resolution Enhancement,Super-resolution - Miscellaneous,Metrics for Benchmark,,,,,,,,,pytorch-enhance,https://github.com/isaaccorley/pytorch-enhance,,,,"Library of Image Super-Resolution Models, Datasets, and Metrics for Benchmarking or Pretrained Use. Also checkout this implementation in Jax","Library of Image Super-Resolution Models, Datasets, and Metrics for Benchmarking or Pretrained Use. Also checkout this implementation in Jax",pytorch-enhance,https://github.com/isaaccorley/pytorch-enhance,checkout this implementation in Jax,extracted from dataset/benchmark/challenge mention in techniques README; verify before citing
https://github.com/satellite-image-deep-learning/techniques,Super-resolution - Miscellaneous,Resolution Enhancement,Super-resolution - Miscellaneous,AI-based Super resolution and change detection to enforce Sentinel-2 systematic usage,,,,,,,,,AI-based Super resolution and change detection to enforce Sentinel-2 systematic usage,https://medium.com/@sistema_gmbh/ai-based-super-resolution-and-change-detection-to-enforce-sentinel-2-systematic-usage-65aa37d0365,,,,Worldview-2 images (2m) were used to create a reference dataset and increase the spatial resolution of the Copernicus sensor from 10m to 5m,Worldview-2 images (2m) were used to create a reference dataset and increase the spatial resolution of the Copernicus sensor from 10m to 5m,AI-based Super resolution and change detection to enforce Sentinel-2 systematic usage,https://medium.com/@sistema_gmbh/ai-based-super-resolution-and-change-detection-to-enforce-sentinel-2-systematic-usage-65aa37d0365,,extracted from dataset/benchmark/challenge mention in techniques README; verify before citing
https://github.com/satellite-image-deep-learning/techniques,Super-resolution - Miscellaneous,Resolution Enhancement,Super-resolution - Miscellaneous,OLI2MSI,,,,,,,,,OLI2MSI,https://github.com/wjwjww/OLI2MSI,,,,dataset for remote sensing imagery super-resolution composed of Landsat8-OLI and Sentinel2-MSI images,dataset for remote sensing imagery super-resolution composed of Landsat8-OLI and Sentinel2-MSI images,OLI2MSI,https://github.com/wjwjww/OLI2MSI,,extracted from dataset/benchmark/challenge mention in techniques README; verify before citing
https://github.com/satellite-image-deep-learning/techniques,Super-resolution - Miscellaneous,Resolution Enhancement,Super-resolution - Miscellaneous,Sentinel2-SR-Toolbox,,,,,,,,,Sentinel2-SR-Toolbox,https://github.com/matciotola/Sentinel2-SR-Toolbox,,,,"A Comprehensive Benchmarking Framework for Sentinel-2 Sharpening: Methods, Dataset, and Evaluation Metrics","A Comprehensive Benchmarking Framework for Sentinel-2 Sharpening: Methods, Dataset, and Evaluation Metrics",Sentinel2-SR-Toolbox,https://github.com/matciotola/Sentinel2-SR-Toolbox,,extracted from dataset/benchmark/challenge mention in techniques README; verify before citing
https://github.com/satellite-image-deep-learning/techniques,Pansharpening,Resolution Enhancement,Pansharpening,PSData,,,,,,,,,PSData,https://github.com/yisun98/PSData,,,,"A Large-Scale General Pan-sharpening DataSet, which contains PSData3 (QB, GF-2, WV-3) and PSData4 (QB, GF-1, GF-2, WV-2).","A Large-Scale General Pan-sharpening DataSet, which contains PSData3 (QB, GF-2, WV-3) and PSData4 (QB, GF-1, GF-2, WV-2).",PSData,https://github.com/yisun98/PSData,,extracted from dataset/benchmark/challenge mention in techniques README; verify before citing
https://github.com/satellite-image-deep-learning/techniques,Pansharpening,Resolution Enhancement,Pansharpening,DLPan-Toolbox,,,,,,,,,DLPan-Toolbox,https://github.com/liangjiandeng/DLPan-Toolbox,,,,"Machine Learning in Pansharpening: A Benchmark, from Shallow to Deep Networks","Machine Learning in Pansharpening: A Benchmark, from Shallow to Deep Networks",DLPan-Toolbox,https://github.com/liangjiandeng/DLPan-Toolbox,,extracted from dataset/benchmark/challenge mention in techniques README; verify before citing
https://github.com/satellite-image-deep-learning/techniques,Image-to-image translation,Image-to-image translation,Image-to-image translation,Kaggle Pix2Pix Maps,,,,,,,,,Kaggle Pix2Pix Maps,https://www.kaggle.com/datasets/alincijov/pix2pix-maps,,,,dataset for pix2pix to take a google map satellite photo and build a street map,dataset for pix2pix to take a google map satellite photo and build a street map,Kaggle Pix2Pix Maps,https://www.kaggle.com/datasets/alincijov/pix2pix-maps,,extracted from dataset/benchmark/challenge mention in techniques README; verify before citing
https://github.com/satellite-image-deep-learning/techniques,Data fusion,Data Fusion,Data fusion,Aerial-Template-Matching,,,,,,,,,Aerial-Template-Matching,https://github.com/m-hamza-mughal/Aerial-Template-Matching,,,,development of an algorithm for template Matching on aerial imagery applied to UAV dataset,development of an algorithm for template Matching on aerial imagery applied to UAV dataset,Aerial-Template-Matching,https://github.com/m-hamza-mughal/Aerial-Template-Matching,,extracted from dataset/benchmark/challenge mention in techniques README; verify before citing
https://github.com/satellite-image-deep-learning/techniques,Data fusion,Data Fusion,Data fusion,SOLC; WHU-OPT-SAR-dataset,,,,,,,,,SOLC,https://github.com/yisun98/SOLC,,,,MCANet: A joint semantic segmentation framework of optical and SAR images for land use classification. Uses WHU-OPT-SAR-dataset,MCANet: A joint semantic segmentation framework of optical and SAR images for land use classification. Uses WHU-OPT-SAR-dataset,SOLC,https://github.com/yisun98/SOLC,WHU-OPT-SAR-dataset,extracted from dataset/benchmark/challenge mention in techniques README; verify before citing
https://github.com/satellite-image-deep-learning/techniques,Data fusion,Data Fusion,Data fusion,RSI-MMSegmentation,,,,,,,,,RSI-MMSegmentation,https://github.com/EarthNets/RSI-MMSegmentation,,,,GAMUS: A Geometry-aware Multi-modal Semantic Segmentation Benchmark for Remote Sensing Data,GAMUS: A Geometry-aware Multi-modal Semantic Segmentation Benchmark for Remote Sensing Data,RSI-MMSegmentation,https://github.com/EarthNets/RSI-MMSegmentation,,extracted from dataset/benchmark/challenge mention in techniques README; verify before citing
https://github.com/satellite-image-deep-learning/techniques,Data fusion,Data Fusion,Data fusion,DFC2022 dataset; Dice loss to perform semantic segmentation on the DFC2022 dataset,,,,,,,,,dfc2022-baseline,https://github.com/isaaccorley/dfc2022-baseline,,,,"baseline solution to the 2022 IEEE GRSS Data Fusion Contest (DFC2022) using TorchGeo, PyTorch Lightning, and Segmentation Models PyTorch to train a U-Net with a ResNet-18 backbone and a loss function of Focal + Dice loss to perform semantic segmentation on the DFC2022 dataset","baseline solution to the 2022 IEEE GRSS Data Fusion Contest (DFC2022) using TorchGeo, PyTorch Lightning, and Segmentation Models PyTorch to train a U-Net with a ResNet-18 backbone and a loss function of Focal + Dice loss to perform semantic segmentation on the DFC2022 dataset",dfc2022-baseline,https://github.com/isaaccorley/dfc2022-baseline,,extracted from dataset/benchmark/challenge mention in techniques README; verify before citing
https://github.com/satellite-image-deep-learning/techniques,Generative networks,Generative networks,Generative networks,CNN in segmenting land cover classes outside of the training dataset,,,,,,,,,Using Generative Adversarial Networks to Address Scarcity of Geospatial Training Data,https://medium.com/radiant-earth-insights/using-generative-adversarial-networks-to-address-scarcity-of-geospatial-training-data-e61cacec986e,,,,"GAN perform better than CNN in segmenting land cover classes outside of the training dataset (article, no code)","GAN perform better than CNN in segmenting land cover classes outside of the training dataset (article, no code)",Using Generative Adversarial Networks to Address Scarcity of Geospatial Training Data,https://medium.com/radiant-earth-insights/using-generative-adversarial-networks-to-address-scarcity-of-geospatial-training-data-e61cacec986e,,extracted from dataset/benchmark/challenge mention in techniques README; verify before citing
https://github.com/satellite-image-deep-learning/techniques,Generative networks,Generative networks,Generative networks,Generative adversarial networks in satellite image dataset,,,,,,,article,https://blog.softwaremill.com/generative-adversarial-networks-in-satellite-image-datasets-augmentation-b7045d2f51ab,sentinel-cgan,https://github.com/softwaremill/sentinel-cgan,,,,code for article: Generative adversarial networks in satellite image datasets augmentation,code for article: Generative adversarial networks in satellite image datasets augmentation,sentinel-cgan,https://github.com/softwaremill/sentinel-cgan,article,extracted from dataset/benchmark/challenge mention in techniques README; verify before citing
https://github.com/satellite-image-deep-learning/techniques,"Autoencoders, dimensionality reduction, image embeddings & similarity search","Autoencoders, dimensionality reduction, image embeddings & similarity search","Autoencoders, dimensionality reduction, image embeddings & similarity search",CLIP-rsicd,,,,,,,,,CLIP-rsicd,https://github.com/arampacha/CLIP-rsicd,,,,"fine tuning CLIP on the RSICD image captioning dataset, to enable querying large catalogues in natural language using 🤗","fine tuning CLIP on the RSICD image captioning dataset, to enable querying large catalogues in natural language using 🤗",CLIP-rsicd,https://github.com/arampacha/CLIP-rsicd,RSICD,extracted from dataset/benchmark/challenge mention in techniques README; verify before citing
https://github.com/satellite-image-deep-learning/techniques,"Autoencoders, dimensionality reduction, image embeddings & similarity search","Autoencoders, dimensionality reduction, image embeddings & similarity search","Autoencoders, dimensionality reduction, image embeddings & similarity search",UC Merced Land Use Dataset; ResNet architecture on UC Merced Land Use Dataset,,,,,,,,,Large_Scale_GeoVisual_Search,https://github.com/sdhayalk/Large_Scale_GeoVisual_Search,,,,ResNet architecture on UC Merced Land Use Dataset with hamming distance for similarity based search,ResNet architecture on UC Merced Land Use Dataset with hamming distance for similarity based search,Large_Scale_GeoVisual_Search,https://github.com/sdhayalk/Large_Scale_GeoVisual_Search,,extracted from dataset/benchmark/challenge mention in techniques README; verify before citing
https://github.com/satellite-image-deep-learning/techniques,"Autoencoders, dimensionality reduction, image embeddings & similarity search","Autoencoders, dimensionality reduction, image embeddings & similarity search","Autoencoders, dimensionality reduction, image embeddings & similarity search",Applied to Airbus ship detection dataset,,,,,,,,,Airbus_SDC_dup,https://github.com/WillieMaddox/Airbus_SDC_dup,,,,Project focused on detecting duplicate regions of overlapping satellite imagery. Applied to Airbus ship detection dataset,Project focused on detecting duplicate regions of overlapping satellite imagery. Applied to Airbus ship detection dataset,Airbus_SDC_dup,https://github.com/WillieMaddox/Airbus_SDC_dup,,extracted from dataset/benchmark/challenge mention in techniques README; verify before citing
https://github.com/satellite-image-deep-learning/techniques,"Autoencoders, dimensionality reduction, image embeddings & similarity search","Autoencoders, dimensionality reduction, image embeddings & similarity search","Autoencoders, dimensionality reduction, image embeddings & similarity search",AID dataset; Image Vector Database and Multimodal Search using fine-tuned ResNet50 on AID dataset,,,,,,,,,rs-cbir,https://github.com/amirafshari/rs-cbir,,,,Satellite Image Vector Database and Multimodal Search using fine-tuned ResNet50 on AID dataset,Satellite Image Vector Database and Multimodal Search using fine-tuned ResNet50 on AID dataset,rs-cbir,https://github.com/amirafshari/rs-cbir,,extracted from dataset/benchmark/challenge mention in techniques README; verify before citing
https://github.com/satellite-image-deep-learning/techniques,"Autoencoders, dimensionality reduction, image embeddings & similarity search","Autoencoders, dimensionality reduction, image embeddings & similarity search","Autoencoders, dimensionality reduction, image embeddings & similarity search",Encoding Framework and Benchmark; A Location Encoding Framework and Benchmark,,,,,,,,,TorchSpatial,https://github.com/seai-lab/TorchSpatial,,,,A Location Encoding Framework and Benchmark for Spatial Representation Learning,A Location Encoding Framework and Benchmark for Spatial Representation Learning,TorchSpatial,https://github.com/seai-lab/TorchSpatial,,extracted from dataset/benchmark/challenge mention in techniques README; verify before citing
https://github.com/satellite-image-deep-learning/techniques,"Autoencoders, dimensionality reduction, image embeddings & similarity search","Autoencoders, dimensionality reduction, image embeddings & similarity search","Autoencoders, dimensionality reduction, image embeddings & similarity search",Temporal MOSAIKS,,,,,,,,,Temporal MOSAIKS,https://github.com/isaaccorley/temporal-mosaiks,,,,Embed2Scale Challenge 4th Place Solution (Training Free!),Embed2Scale Challenge 4th Place Solution (Training Free!),Temporal MOSAIKS,https://github.com/isaaccorley/temporal-mosaiks,,extracted from dataset/benchmark/challenge mention in techniques README; verify before citing
https://github.com/satellite-image-deep-learning/techniques,"Autoencoders, dimensionality reduction, image embeddings & similarity search","Autoencoders, dimensionality reduction, image embeddings & similarity search","Autoencoders, dimensionality reduction, image embeddings & similarity search",NeuCo-Bench,,,,,,,,,NeuCo-Bench,https://github.com/embed2scale/NeuCo-Bench,,,,a benchmarking framework for evaluating compressed embeddings on downstream tasks. Originally developed to evaluate challenge submissions for the 2025 EARTHVISION Challenge at CVPR,a benchmarking framework for evaluating compressed embeddings on downstream tasks. Originally developed to evaluate challenge submissions for the 2025 EARTHVISION Challenge at CVPR,NeuCo-Bench,https://github.com/embed2scale/NeuCo-Bench,,extracted from dataset/benchmark/challenge mention in techniques README; verify before citing
https://github.com/satellite-image-deep-learning/techniques,Anomaly detection,Anomaly detection,Anomaly detection,AgriSen-COG,,,,,,,,,AgriSen-COG,https://github.com/tselea/agrisen-cog,,,,"a Multicountry, Multitemporal Large-Scale Sentinel-2 Benchmark Dataset for Crop Mapping: includes an anomaly detection preprocessing step","a Multicountry, Multitemporal Large-Scale Sentinel-2 Benchmark Dataset for Crop Mapping: includes an anomaly detection preprocessing step",AgriSen-COG,https://github.com/tselea/agrisen-cog,,extracted from dataset/benchmark/challenge mention in techniques README; verify before citing
https://github.com/satellite-image-deep-learning/techniques,Image retrieval,Image retrieval,Image retrieval,Hoss-ReID,,,,,,,,,Hoss-ReID,https://github.com/Alioth2000/Hoss-ReID,,,,Cross-modal ship re-identification (optical + SAR): HOSS ReID dataset and TransOSS baseline method (ICCV 2025),Cross-modal ship re-identification (optical + SAR): HOSS ReID dataset and TransOSS baseline method (ICCV 2025),Hoss-ReID,https://github.com/Alioth2000/Hoss-ReID,,extracted from dataset/benchmark/challenge mention in techniques README; verify before citing
https://github.com/satellite-image-deep-learning/techniques,Image Captioning,Vision-Language,Image Captioning,Transformer-for-image-captioning,,,,,,,,,Transformer-for-image-captioning,https://github.com/RicRicci22/Transformer-for-image-captioning,,,,"a transformer for image captioning, trained on the UCM dataset","a transformer for image captioning, trained on the UCM dataset",Transformer-for-image-captioning,https://github.com/RicRicci22/Transformer-for-image-captioning,,extracted from dataset/benchmark/challenge mention in techniques README; verify before citing
https://github.com/satellite-image-deep-learning/techniques,Few & zero shot learning,Few & zero shot learning,Few & zero shot learning,OEM-Fewshot-Challenge,,,,,,,,,OEM-Fewshot-Challenge,https://github.com/cliffbb/OEM-Fewshot-Challenge,,,,OpenEarthMap Land Cover Mapping Few-Shot Challenge,OpenEarthMap Land Cover Mapping Few-Shot Challenge,OEM-Fewshot-Challenge,https://github.com/cliffbb/OEM-Fewshot-Challenge,,extracted from dataset/benchmark/challenge mention in techniques README; verify before citing
https://github.com/satellite-image-deep-learning/techniques,Few & zero shot learning,Few & zero shot learning,Few & zero shot learning,Framework. 1st place in the OpenEarthMap Land Cover Mapping Few-Shot Challenge; Segmentation Framework. 1st place in the OpenEarthMap Land Cover Mapping Few-Shot Challenge,,,,,,,,,SegLand,https://github.com/LiZhuoHong/SegLand,,,,Generalized Few-Shot Meets Remote Sensing: Discovering Novel Classes in Land Cover Mapping via Hybrid Semantic Segmentation Framework. 1st place in the OpenEarthMap Land Cover Mapping Few-Shot Challenge,Generalized Few-Shot Meets Remote Sensing: Discovering Novel Classes in Land Cover Mapping via Hybrid Semantic Segmentation Framework. 1st place in the OpenEarthMap Land Cover Mapping Few-Shot Challenge,SegLand,https://github.com/LiZhuoHong/SegLand,,extracted from dataset/benchmark/challenge mention in techniques README; verify before citing
https://github.com/satellite-image-deep-learning/techniques,"Self-supervised, unsupervised & contrastive learning","Self-supervised, unsupervised & contrastive learning","Self-supervised, unsupervised & contrastive learning",Self-Supervised-Learner by spaceml-org,,,,,,,,,Self-Supervised-Learner by spaceml-org,https://github.com/spaceml-org/Self-Supervised-Learner,,,,"train a classifier with fewer labeled examples needed using self-supervised learning, example applied to UC Merced land use dataset","train a classifier with fewer labeled examples needed using self-supervised learning, example applied to UC Merced land use dataset",Self-Supervised-Learner by spaceml-org,https://github.com/spaceml-org/Self-Supervised-Learner,,extracted from dataset/benchmark/challenge mention in techniques README; verify before citing
https://github.com/satellite-image-deep-learning/techniques,"Self-supervised, unsupervised & contrastive learning","Self-supervised, unsupervised & contrastive learning","Self-supervised, unsupervised & contrastive learning",BigEarthNet dataset,,,,,,,,,TheColorOutOfSpace,https://github.com/stevinc/TheColorOutOfSpace,,,,"The color out of space: learning self-supervised representations for Earth Observation imagery, using the BigEarthNet dataset","The color out of space: learning self-supervised representations for Earth Observation imagery, using the BigEarthNet dataset",TheColorOutOfSpace,https://github.com/stevinc/TheColorOutOfSpace,,extracted from dataset/benchmark/challenge mention in techniques README; verify before citing
https://github.com/satellite-image-deep-learning/techniques,"Self-supervised, unsupervised & contrastive learning","Self-supervised, unsupervised & contrastive learning","Self-supervised, unsupervised & contrastive learning",VISSL,,,,,,,,,vissl_experiments,https://github.com/lewfish/ssl/tree/main/vissl_experiments,,,,Self-supervised Learning using Facebook VISSL on the RESISC-45 satellite imagery classification dataset,Self-supervised Learning using Facebook VISSL on the RESISC-45 satellite imagery classification dataset,vissl_experiments,https://github.com/lewfish/ssl/tree/main/vissl_experiments,VISSL,extracted from dataset/benchmark/challenge mention in techniques README; verify before citing
https://github.com/satellite-image-deep-learning/techniques,"Self-supervised, unsupervised & contrastive learning","Self-supervised, unsupervised & contrastive learning","Self-supervised, unsupervised & contrastive learning",UnigeoCLIP,,,,,,,,,UnigeoCLIP,https://github.com/gastruc/unigeoclip,,,,"a large-scale multimodal remote sensing dataset for semantically grounded foundation modeling. It contains approximately 2.5 million spatially aligned samples spanning optical imagery, SAR, elevation, canopy height, land-cover products, and geographic metadata, paired with semantically grounded captions generated through an agentic captioning framework.","a large-scale multimodal remote sensing dataset for semantically grounded foundation modeling. It contains approximately 2.5 million spatially aligned samples spanning optical imagery, SAR, elevation, canopy height, land-cover products, and geographic metadata, paired with semantically grounded captions generated through an agentic captioning framework.",UnigeoCLIP,https://github.com/gastruc/unigeoclip,,extracted from dataset/benchmark/challenge mention in techniques README; verify before citing
https://github.com/satellite-image-deep-learning/techniques,Weakly & semi-supervised learning,Weakly & semi-supervised learning,Weakly & semi-supervised learning,Sensing Imagery. Demonstrates that segmentation can be performed using small dataset,,,,,,,,,weakly_supervised,https://github.com/LobellLab/weakly_supervised,,,,Weakly Supervised Deep Learning for Segmentation of Remote Sensing Imagery. Demonstrates that segmentation can be performed using small datasets comprised of pixel or image labels,Weakly Supervised Deep Learning for Segmentation of Remote Sensing Imagery. Demonstrates that segmentation can be performed using small datasets comprised of pixel or image labels,weakly_supervised,https://github.com/LobellLab/weakly_supervised,,extracted from dataset/benchmark/challenge mention in techniques README; verify before citing
https://github.com/satellite-image-deep-learning/techniques,Weakly & semi-supervised learning,Weakly & semi-supervised learning,Weakly & semi-supervised learning,EuroSAT dataset,,,,,,,,,MSMatch,https://github.com/gomezzz/MSMatch,,,,Semi-Supervised Multispectral Scene Classification with Few Labels. Includes code to work with both the RGB and the multispectral (MS) versions of EuroSAT dataset and the UC Merced Land Use (UCM) dataset,Semi-Supervised Multispectral Scene Classification with Few Labels. Includes code to work with both the RGB and the multispectral (MS) versions of EuroSAT dataset and the UC Merced Land Use (UCM) dataset,MSMatch,https://github.com/gomezzz/MSMatch,,extracted from dataset/benchmark/challenge mention in techniques README; verify before citing
https://github.com/satellite-image-deep-learning/techniques,Weakly & semi-supervised learning,Weakly & semi-supervised learning,Weakly & semi-supervised learning,Semi-supervised learning in satellite image classification,,,,,,,,,Semi-supervised learning in satellite image classification,https://medium.com/sentinel-hub/semi-supervised-learning-in-satellite-image-classification-e0874a76fc61,,,,experimenting with MixMatch and the EuroSAT data set,experimenting with MixMatch and the EuroSAT data set,Semi-supervised learning in satellite image classification,https://medium.com/sentinel-hub/semi-supervised-learning-in-satellite-image-classification-e0874a76fc61,,extracted from dataset/benchmark/challenge mention in techniques README; verify before citing
https://github.com/satellite-image-deep-learning/techniques,Weakly & semi-supervised learning,Weakly & semi-supervised learning,Weakly & semi-supervised learning,HR land-cover mapping. Introduces the 0.5 m/pixel Tokyo Dataset,,,,,,,,,VCNet,https://github.com/Tusaifei/VCNet,,,,a weakly supervised end-to-end deep-learning network for large-scale HR land-cover mapping. Introduces the 0.5 m/pixel Tokyo Dataset.,a weakly supervised end-to-end deep-learning network for large-scale HR land-cover mapping. Introduces the 0.5 m/pixel Tokyo Dataset.,VCNet,https://github.com/Tusaifei/VCNet,,extracted from dataset/benchmark/challenge mention in techniques README; verify before citing
https://github.com/satellite-image-deep-learning/techniques,Active learning,Active learning,Active learning,Active-Labeler by spaceml-org,,,,,,,,,Active-Labeler by spaceml-org,https://github.com/spaceml-org/Active-Labeler,,,,a CLI Tool that facilitates labeling datasets with just a SINGLE line of code,a CLI Tool that facilitates labeling datasets with just a SINGLE line of code,Active-Labeler by spaceml-org,https://github.com/spaceml-org/Active-Labeler,,extracted from dataset/benchmark/challenge mention in techniques README; verify before citing
https://github.com/satellite-image-deep-learning/techniques,Adversarial ML,SAR,Adversarial ML,UAE-RS,,,,,,,,,UAE-RS,https://github.com/YonghaoXu/UAE-RS,,,,dataset that provides black-box adversarial samples in the remote sensing field,dataset that provides black-box adversarial samples in the remote sensing field,UAE-RS,https://github.com/YonghaoXu/UAE-RS,,extracted from dataset/benchmark/challenge mention in techniques README; verify before citing
https://github.com/satellite-image-deep-learning/techniques,Image registration,Image registration,Image registration,Perform automatic subpixel co-registration of two satellite image dataset,,,,,,,,,arosics,https://danschef.git-pages.gfz-potsdam.de/arosics/doc/about.html,,,,"Perform automatic subpixel co-registration of two satellite image datasets using phase-correlation, XY translations only.","Perform automatic subpixel co-registration of two satellite image datasets using phase-correlation, XY translations only.",arosics,https://danschef.git-pages.gfz-potsdam.de/arosics/doc/about.html,,extracted from dataset/benchmark/challenge mention in techniques README; verify before citing
https://github.com/satellite-image-deep-learning/techniques,Image registration,Image registration,Image registration,remote-sensing-images-registration-dataset,,,,,,,,,remote-sensing-images-registration-dataset,https://github.com/liliangzhi110/remote-sensing-images-registration-dataset,,,,"at 0.23m, 3.75m & 30m resolution","at 0.23m, 3.75m & 30m resolution",remote-sensing-images-registration-dataset,https://github.com/liliangzhi110/remote-sensing-images-registration-dataset,,extracted from dataset/benchmark/challenge mention in techniques README; verify before citing
https://github.com/satellite-image-deep-learning/techniques,Image registration,Image registration,Image registration,Interspectral image registration dataset,,,,,,,,,Interspectral image registration dataset,https://medium.com/dronehub/datasets-96fc4f9a92e5,,,,including satellite and drone imagery,including satellite and drone imagery,Interspectral image registration dataset,https://medium.com/dronehub/datasets-96fc4f9a92e5,,extracted from dataset/benchmark/challenge mention in techniques README; verify before citing
https://github.com/satellite-image-deep-learning/techniques,"Terrain mapping, Disparity Estimation, Lidar, DEMs & NeRF","Terrain mapping, Disparity Estimation, Lidar, DEMs & NeRF","Terrain mapping, Disparity Estimation, Lidar, DEMs & NeRF",overhead-geopose-challenge,,,,,,,,,overhead-geopose-challenge,https://www.drivendata.org/competitions/78/overhead-geopose-challenge/,,,,competition to build computer vision algorithms that can effectively model the height and pose of ground objects for monocular satellite images taken from oblique angles. Blog post MEET THE WINNERS OF THE OVERHEAD GEOPOSE CHALLENGE,competition to build computer vision algorithms that can effectively model the height and pose of ground objects for monocular satellite images taken from oblique angles. Blog post MEET THE WINNERS OF THE OVERHEAD GEOPOSE CHALLENGE,overhead-geopose-challenge,https://www.drivendata.org/competitions/78/overhead-geopose-challenge/,MEET THE WINNERS OF THE OVERHEAD GEOPOSE CHALLENGE,extracted from dataset/benchmark/challenge mention in techniques README; verify before citing
https://github.com/satellite-image-deep-learning/techniques,"Terrain mapping, Disparity Estimation, Lidar, DEMs & NeRF","Terrain mapping, Disparity Estimation, Lidar, DEMs & NeRF","Terrain mapping, Disparity Estimation, Lidar, DEMs & NeRF",aerial_mtl,,,,,,,,,aerial_mtl,https://github.com/marcelampc/aerial_mtl,,,,PyTorch implementation for multi-task learning with aerial images to learn both semantics and height from aerial image datasets; fuses RGB & lidar,PyTorch implementation for multi-task learning with aerial images to learn both semantics and height from aerial image datasets; fuses RGB & lidar,aerial_mtl,https://github.com/marcelampc/aerial_mtl,,extracted from dataset/benchmark/challenge mention in techniques README; verify before citing
https://github.com/satellite-image-deep-learning/techniques,"Terrain mapping, Disparity Estimation, Lidar, DEMs & NeRF","Terrain mapping, Disparity Estimation, Lidar, DEMs & NeRF","Terrain mapping, Disparity Estimation, Lidar, DEMs & NeRF",WHU-Stereo,,,,,,,,,WHU-Stereo,https://github.com/Sheng029/WHU-Stereo,,,,"a large-scale dataset for stereo matching of high-resolution satellite imagery & several deep learning methods for stereo matching. Methods include StereoNet, Pyramid Stereo Matching Network & HMSM-Net","a large-scale dataset for stereo matching of high-resolution satellite imagery & several deep learning methods for stereo matching. Methods include StereoNet, Pyramid Stereo Matching Network & HMSM-Net",WHU-Stereo,https://github.com/Sheng029/WHU-Stereo,,extracted from dataset/benchmark/challenge mention in techniques README; verify before citing
https://github.com/satellite-image-deep-learning/techniques,SAR,SAR,SAR,Labeled SAR imagery dataset of ten geophysical phenomena from Sentinel-1 wave mode,,,,,,,,,Labeled SAR imagery dataset of ten geophysical phenomena from Sentinel-1 wave mode,https://www.seanoe.org/data/00456/56796/,,,,"Labeled SAR imagery dataset of ten geophysical phenomena from Sentinel-1 wave mode consists of more than 37,000 SAR vignettes divided into ten defined geophysical categories","Labeled SAR imagery dataset of ten geophysical phenomena from Sentinel-1 wave mode consists of more than 37,000 SAR vignettes divided into ten defined geophysical categories",Labeled SAR imagery dataset of ten geophysical phenomena from Sentinel-1 wave mode,https://www.seanoe.org/data/00456/56796/,,extracted from dataset/benchmark/challenge mention in techniques README; verify before citing
https://github.com/satellite-image-deep-learning/techniques,SAR,SAR,SAR,The winning solutions for the SpaceNet 6 Challenge,,,,,,,,,SpaceNet_SAR_Buildings_Solutions,https://github.com/SpaceNetChallenge/SpaceNet_SAR_Buildings_Solutions,,,,The winning solutions for the SpaceNet 6 Challenge,The winning solutions for the SpaceNet 6 Challenge,SpaceNet_SAR_Buildings_Solutions,https://github.com/SpaceNetChallenge/SpaceNet_SAR_Buildings_Solutions,,extracted from dataset/benchmark/challenge mention in techniques README; verify before citing
https://github.com/satellite-image-deep-learning/techniques,SAR,SAR,SAR,SSDD ship detection dataset,,,,,,,,,SSDD ship detection dataset,https://github.com/TianwenZhang0825/Official-SSDD,,,,SSDD ship detection dataset,SSDD ship detection dataset,SSDD ship detection dataset,https://github.com/TianwenZhang0825/Official-SSDD,,extracted from dataset/benchmark/challenge mention in techniques README; verify before citing
https://github.com/satellite-image-deep-learning/techniques,SAR,SAR,SAR,Random forest classification for wetland vegetation from synthetic aperture radar dataset,,,,,,,,,random-wetlands,https://github.com/ekcomputer/random-wetlands,,,,Random forest classification for wetland vegetation from synthetic aperture radar dataset,Random forest classification for wetland vegetation from synthetic aperture radar dataset,random-wetlands,https://github.com/ekcomputer/random-wetlands,,extracted from dataset/benchmark/challenge mention in techniques README; verify before citing
https://github.com/satellite-image-deep-learning/techniques,Synthetic data,Synthetic Data,Synthetic data,The Synthinel-1 dataset: a collection of high resolution synthetic overhead imagery for building segmentation,,,,,,,,,The Synthinel-1 dataset: a collection of high resolution synthetic overhead imagery for building segmentation,https://github.com/timqqt/Synthinel,,,,The Synthinel-1 dataset: a collection of high resolution synthetic overhead imagery for building segmentation,The Synthinel-1 dataset: a collection of high resolution synthetic overhead imagery for building segmentation,The Synthinel-1 dataset: a collection of high resolution synthetic overhead imagery for building segmentation,https://github.com/timqqt/Synthinel,,extracted from dataset/benchmark/challenge mention in techniques README; verify before citing
https://github.com/satellite-image-deep-learning/techniques,Synthetic data,Synthetic Data,Synthetic data,Read the arxiv paper and checkout this repo. Note the dataset,,,,,,,arxiv paper,https://arxiv.org/abs/2006.02963,RarePlanes,https://registry.opendata.aws/rareplanes/,,,,incorporates both real and synthetically generated satellite imagery including aircraft. Read the arxiv paper and checkout this repo. Note the dataset is available through the AWS Open-Data Program for free download,incorporates both real and synthetically generated satellite imagery including aircraft. Read the arxiv paper and checkout this repo. Note the dataset is available through the AWS Open-Data Program for free download,RarePlanes,https://registry.opendata.aws/rareplanes/,arxiv paper; this repo,extracted from dataset/benchmark/challenge mention in techniques README; verify before citing
https://github.com/satellite-image-deep-learning/techniques,Synthetic data,Synthetic Data,Synthetic data,synthetic_xview_airplanes,,,,,,,,,synthetic_xview_airplanes,https://github.com/yangxu351/synthetic_xview_airplanes,,,,creation of airplanes synthetic dataset using ArcGIS CityEngine,creation of airplanes synthetic dataset using ArcGIS CityEngine,synthetic_xview_airplanes,https://github.com/yangxu351/synthetic_xview_airplanes,,extracted from dataset/benchmark/challenge mention in techniques README; verify before citing
https://github.com/satellite-image-deep-learning/techniques,Synthetic data,Synthetic Data,Synthetic data,deepfake-satellite-images,,,,,,,,,deepfake-satellite-images,https://github.com/RijulGupta-DM/deepfake-satellite-images,,,,dataset that includes over 1M images of synthetic aerial images,dataset that includes over 1M images of synthetic aerial images,deepfake-satellite-images,https://github.com/RijulGupta-DM/deepfake-satellite-images,,extracted from dataset/benchmark/challenge mention in techniques README; verify before citing
https://github.com/satellite-image-deep-learning/techniques,Synthetic data,Synthetic Data,Synthetic data,STPLS3D,,,,,,,,,STPLS3D,https://github.com/meidachen/STPLS3D,,,,A Large-Scale Synthetic and Real Aerial Photogrammetry 3D Point Cloud Dataset,A Large-Scale Synthetic and Real Aerial Photogrammetry 3D Point Cloud Dataset,STPLS3D,https://github.com/meidachen/STPLS3D,,extracted from dataset/benchmark/challenge mention in techniques README; verify before citing
https://github.com/satellite-image-deep-learning/techniques,Synthetic data,Synthetic Data,Synthetic data,Synthesizing Robustness: Dataset Size Requirements and Geographic Insights,,,,,,,,,Synthesizing Robustness: Dataset Size Requirements and Geographic Insights,https://avanetten.medium.com/synthesizing-robustness-dataset-size-requirements-and-geographic-insights-a687192e8004,,,,"Medium article, concludes that synthetic data is most beneficial to the rarest object classes and that extracting utility from synthetic data often takes significant effort and creativity","Medium article, concludes that synthetic data is most beneficial to the rarest object classes and that extracting utility from synthetic data often takes significant effort and creativity",Synthesizing Robustness: Dataset Size Requirements and Geographic Insights,https://avanetten.medium.com/synthesizing-robustness-dataset-size-requirements-and-geographic-insights-a687192e8004,,extracted from dataset/benchmark/challenge mention in techniques README; verify before citing
https://github.com/satellite-image-deep-learning/techniques,Synthetic data,Synthetic Data,Synthetic data,OnlyPlanes - Incrementally Tuning Synthetic Training Dataset,,,,,,,,,OnlyPlanes,https://github.com/naivelogic/OnlyPlanes,,,,dataset and pretrained models for the paper: OnlyPlanes - Incrementally Tuning Synthetic Training Datasets for Satellite Object Detection,dataset and pretrained models for the paper: OnlyPlanes - Incrementally Tuning Synthetic Training Datasets for Satellite Object Detection,OnlyPlanes,https://github.com/naivelogic/OnlyPlanes,,extracted from dataset/benchmark/challenge mention in techniques README; verify before citing
https://github.com/satellite-image-deep-learning/techniques,Foundational models,Foundation Model Benchmarks,Foundational models,General Earth Observation benchmark,,,,,,,,,geo-bench,https://github.com/ServiceNow/geo-bench,,,,a General Earth Observation benchmark for evaluating the performances of large pre-trained models on geospatial data,a General Earth Observation benchmark for evaluating the performances of large pre-trained models on geospatial data,geo-bench,https://github.com/ServiceNow/geo-bench,,extracted from dataset/benchmark/challenge mention in techniques README; verify before citing
https://github.com/satellite-image-deep-learning/techniques,Foundational models,Foundation Model Benchmarks,Foundational models,FoMo-Bench,,,,,,,,,FoMo-Bench,https://github.com/RolnickLab/FoMo-Bench,,,,"a multi-modal, multi-scale and multi-task Forest Monitoring Benchmark for remote sensing foundation models","a multi-modal, multi-scale and multi-task Forest Monitoring Benchmark for remote sensing foundation models",FoMo-Bench,https://github.com/RolnickLab/FoMo-Bench,,extracted from dataset/benchmark/challenge mention in techniques README; verify before citing
https://github.com/satellite-image-deep-learning/techniques,Foundational models,Foundation Model Benchmarks,Foundational models,GEO-Bench is a General Earth Observation benchmark,,,,,,,paper,https://arxiv.org/abs/2306.03831,geo-bench,https://github.com/ServiceNow/geo-bench,,,,GEO-Bench is a General Earth Observation benchmark for evaluating the performances of large pre-trained models on geospatial data. Read the full paper,GEO-Bench is a General Earth Observation benchmark for evaluating the performances of large pre-trained models on geospatial data. Read the full paper,geo-bench,https://github.com/ServiceNow/geo-bench,paper,extracted from dataset/benchmark/challenge mention in techniques README; verify before citing
https://zenodo.org/records/20039768,Zenodo record,Urban Mobility / Traffic,Traffic flow and travel time modeling,"A City-Scale Dataset of Traffic Flows, Travel Times, and Urban Context",2026-05-05,,traffic flows; travel times; urban context,,,,Zenodo dataset record,https://zenodo.org/records/20039768,data.zip,https://zenodo.org/api/records/20039768/files/data.zip/content,,,,"City-scale dataset of traffic flows, travel times, and urban context.",Creators: Riccardo Cappi; Massimiliano Luca; Pietro Fontolan; Nicolo Navarin; Bruno Lepri; Alessandro Sperduti. DOI: 10.5281/zenodo.20039768. License: CC-BY-4.0. Resource type: Dataset.,"A City-Scale Dataset of Traffic Flows, Travel Times, and Urban Context",https://zenodo.org/records/20039768,,added manually from Zenodo API metadata; verify details before citation
