id,year,title,authors,venue,category,publication_type,doi,arxiv_id,url,open_pdf_url,citation_count,source,source_query,status,notes,abbreviation,paper_label,paper_url,code_weights_label,code_weights_url,awesome_section
cand0004,2025,SenPa-MAE: Sensor Parameter Aware Masked Autoencoder for Multi-satellite Self-supervised Pretraining,Jonathan Prexl; Michael Schmitt,Lecture notes in computer science; LNCS2025,foundation_models,book-chapter,10.1007/978-3-031-85187-2_20,,https://openalex.org/W4409704554; https://doi.org/10.1007/978-3-031-85187-2_20,,9,OpenAlex,"""earth observation"" ""foundation model""",candidate_model,metadata candidate; screen before citing,SenPa-MAE,SenPa-MAE,https://doi.org/10.1007/978-3-031-85187-2_20,link,https://github.com/JonathanPrexl/SenPa-MAE,Remote Sensing Vision Foundation Models
cand0005,2024,Feature Guided Masked Autoencoder for Self-Supervised Learning in Remote Sensing,Yi Wang; Hugo Hernández Hernández; Conrad M Albrecht; Xiao Xiang Zhu,IEEE Journal of Selected Topics in Applied Earth Observations and Remote Sensing; IEEE JSTARS2024,foundation_models,article,10.1109/jstars.2024.3493237,,https://openalex.org/W4404708688; https://doi.org/10.1109/jstars.2024.3493237,,34,OpenAlex,"""earth observation"" ""foundation model""",candidate_model,metadata candidate; screen before citing,FG-MAE,FG-MAE,https://doi.org/10.1109/jstars.2024.3493237,link,https://github.com/zhu-xlab/FGMAE,Remote Sensing Vision Foundation Models
cand0015,2023,GeoChat: Grounded Large Vision-Language Model for Remote Sensing,Kartik Kuckreja; Muhammad Sohail Danish; Muzammal Naseer; Abhijit Das; Salman Khan; Fahad Shahbaz Khan,arXiv (Cornell University); CVPR2024,foundation_models,preprint,10.48550/arxiv.2311.15826,,https://openalex.org/W4389116425; https://openaccess.thecvf.com/content/CVPR2024/html/Kuckreja_GeoChat_Grounded_Large_Vision-Language_Model_for_Remote_Sensing_CVPR_2024_paper.html,https://arxiv.org/pdf/2311.15826,6,OpenAlex,"""earth observation"" ""foundation model""",candidate_model,metadata candidate; screen before citing,GeoChat,GeoChat,https://openaccess.thecvf.com/content/CVPR2024/html/Kuckreja_GeoChat_Grounded_Large_Vision-Language_Model_for_Remote_Sensing_CVPR_2024_paper.html,link,https://github.com/mbzuai-oryx/GeoChat,Remote Sensing Vision-Language Foundation Models
cand0025,2023,CROMA: Remote Sensing Representations with Contrastive Radar-Optical Masked Autoencoders,Anthony T. Fuller; Koreen Millard; James R. Green,arXiv (Cornell University); NeurIPS2023,foundation_models,preprint,10.48550/arxiv.2311.00566,,https://openalex.org/W4388276098; https://arxiv.org/abs/2311.00566,https://arxiv.org/pdf/2311.00566,14,OpenAlex,"""earth observation"" ""foundation model""",candidate_model,metadata candidate; screen before citing,CROMA,CROMA,https://arxiv.org/abs/2311.00566,link,https://github.com/antofuller/CROMA,Remote Sensing Vision Foundation Models
cand0030,2025,Rethinking Remote Sensing CLIP: Leveraging Multimodal Large Language Models for High-Quality Vision-Language Dataset,Yuting He; Junjie Zhu; Yiying Li; Qiangjuan Huang; Zhiyuan Wang; Ke Yang,Communications in computer and information science; ICONIP2024,foundation_models,book-chapter,10.1007/978-981-96-6972-1_29,,https://openalex.org/W4411575440; https://doi.org/10.1007/978-981-96-6972-1_29,,2,OpenAlex,"""remote sensing"" ""foundation model""",candidate_model,metadata candidate; screen before citing,GeoLangBind-2M,Paper,https://doi.org/10.1007/978-981-96-6972-1_29,link,https://github.com/xiong-zhitong/GeoLB-SigLIP,(Large-scale) Pre-training Datasets
cand0031,2025,DOFA-CLIP: Multimodal Vision-Language Foundation Models for Earth Observation,Zhitong Xiong; Yi Wang; Weikang Yu; A. Stewart; Jie Zhao; Nils Lehmann; Thomas Dujardin; Zhenghang Yuan,ArXiv.org; Arxiv2025,foundation_models,preprint,10.48550/arxiv.2503.06312,,https://openalex.org/W4414384031; https://arxiv.org/abs/2503.06312,https://arxiv.org/pdf/2503.06312,1,OpenAlex,"""earth observation"" ""foundation model""",candidate_model,metadata candidate; screen before citing,DOFA-CLIP,DOFA-CLIP,https://arxiv.org/abs/2503.06312,link,https://github.com/xiong-zhitong/GeoLB-SigLIP,Remote Sensing Vision-Language Foundation Models
cand0069,2024,SARATR-X: Toward Building A Foundation Model for SAR Target Recognition,Weijie Liu; Wei Yang; Yuenan Hou; Li Liu; Yongxiang Liu; Xiang Li,arXiv (Cornell University); IEEE TIP2025,remote_sensing_pretraining,preprint,10.48550/arxiv.2405.09365,,https://openalex.org/W4396987389; https://ieeexplore.ieee.org/abstract/document/10856784,https://arxiv.org/pdf/2405.09365,1,OpenAlex,"""masked autoencoder"" ""remote sensing""",candidate_model,metadata candidate; screen before citing,SARATR-X,SARATR-X,https://ieeexplore.ieee.org/abstract/document/10856784,link,https://github.com/waterdisappear/SARATR-X,Remote Sensing Vision Foundation Models
cand0071,2023,Towards Geospatial Foundation Models via Continual Pretraining,Matías Mendieta; Boran Han; Xingjian Shi; Yi Zhu; Chen Chen,arXiv (Cornell University); ICCV2023,foundation_models,preprint,10.48550/arxiv.2302.04476,,https://openalex.org/W4320165584; https://doi.org/10.1109/iccv51070.2023.01541,https://arxiv.org/pdf/2302.04476,3,OpenAlex,"""earth observation"" ""foundation model""",candidate_model,metadata candidate; screen before citing,GFM,GFM,https://doi.org/10.1109/iccv51070.2023.01541,link,https://github.com/mmendiet/GFM,Remote Sensing Vision Foundation Models
cand0076,2025,SARCLIP: a multimodal foundation framework for SAR imagery via contrastive language-image pre-training,Chaowei Jiang; Chao Wang; Fan Wu; Peifeng Ma; Lichuan Zou; Tianyang Li; Jing Ning; Yixian Tang,ISPRS Journal of Photogrammetry and Remote Sensing; ISPRS JPRS2025,foundation_models,article,10.1016/j.isprsjprs.2025.10.017,,https://openalex.org/W4415595318; https://doi.org/10.1016/j.isprsjprs.2025.10.011,,1,OpenAlex,"""remote sensing"" ""foundation model""",candidate_model,metadata candidate; screen before citing,SARCLIP,SARCLIP,https://doi.org/10.1016/j.isprsjprs.2025.10.011,link,https://huggingface.co/BiliSakura/SARCLIP-ViT-L-14,Remote Sensing Vision-Language Foundation Models
cand0084,2023,USat: A Unified Self-Supervised Encoder for Multi-Sensor Satellite Imagery,Jeremy Irvin; Lucas Tao; Joanne Zhou; Yuntao Ma; Langston Nashold; Benjamín Liu; Andrew Y. Ng,arXiv (Cornell University); Arxiv2023,foundation_models,preprint,10.48550/arxiv.2312.02199,,https://openalex.org/W4389469874; https://arxiv.org/abs/2312.02199,https://arxiv.org/pdf/2312.02199,4,OpenAlex,"""earth observation"" ""foundation model""",candidate_model,metadata candidate; screen before citing,USat,USat,https://arxiv.org/abs/2312.02199,link,https://github.com/stanfordmlgroup/USat,Remote Sensing Vision Foundation Models
cand0093,2026,CrossEarth-SAR: A SAR-Centric and Billion-Scale Geospatial Foundation Model for Domain Generalizable Semantic Segmentation,Ziqi Ye; Ziyang Gong; Ning Liao; Xiaoxing Hu; Di Wang; Hongruixuan Chen; Chen Huang; Yiguo He,ArXiv.org; Arxiv2026,foundation_models,article,,,https://openalex.org/W7135428579; https://arxiv.org/abs/2603.12008,https://arxiv.org/pdf/2603.12008,0,OpenAlex,"""earth observation"" ""foundation model""",candidate_model,metadata candidate; screen before citing,CrossEarth-SAR,CrossEarth-SAR,https://arxiv.org/abs/2603.12008,link,https://github.com/VisionXLab/CrossEarth-SAR,Remote Sensing Vision Foundation Models
cand0099,2026,"MAESTRO: Masked AutoEncoders for Multimodal, Multitemporal, and Multispectral Earth Observation Data",Antoine Labatie; Michael Vaccaro; Nina Lardiere; Anatol Garioud; Nicolas Gonthier,WACV2026,remote_sensing_pretraining,article,10.1109/wacv61042.2026.00029,,https://openalex.org/W7160301103; https://openaccess.thecvf.com/content/WACV2026/papers/Labatie_MAESTRO_Masked_AutoEncoders_for_Multimodal_Multitemporal_and_Multispectral_Earth_Observation_WACV_2026_paper.pdf,https://openaccess.thecvf.com/content/WACV2026/papers/Labatie_MAESTRO_Masked_AutoEncoders_for_Multimodal_Multitemporal_and_Multispectral_Earth_Observation_WACV_2026_paper.pdf,0,OpenAlex,"""masked autoencoder"" ""remote sensing""",candidate_model,metadata candidate; screen before citing,MAESTRO,MAESTRO,https://openaccess.thecvf.com/content/WACV2026/papers/Labatie_MAESTRO_Masked_AutoEncoders_for_Multimodal_Multitemporal_and_Multispectral_Earth_Observation_WACV_2026_paper.pdf,link,https://github.com/IGNF/MAESTRO,Remote Sensing Vision Foundation Models
cand0100,2025,A semantic-enhanced multi-modal remote sensing foundation model for Earth observation,Kang Wu; Yingying Zhang; Lixiang Ru; Bo Dang; Jiangwei Lao; Lei Yu; Junwei Luo; Zifan Zhu,Nature Machine Intelligence; Nature Machine Intelligence 2025,foundation_models,article,10.1038/s42256-025-01078-8,,https://openalex.org/W4412929262; https://www.nature.com/articles/s42256-025-01078-8,,41,OpenAlex,"""remote sensing"" ""foundation model""",candidate_model,metadata candidate; screen before citing,SkySense++,SkySense++,https://www.nature.com/articles/s42256-025-01078-8,link,https://github.com/kang-wu/SkySensePlusPlus?tab=readme-ov-file,Remote Sensing Vision Foundation Models
cand0102,2025,"SatCLIP: Global, General-Purpose Location Embeddings with Satellite Imagery",Konstantin Klemmer; Esther Rolf; Caleb Robinson; Lester Mackey; Marc Rußwurm,Proceedings of the AAAI Conference on Artificial Intelligence; AAAI2025,foundation_models,article,10.1609/aaai.v39i4.32457,,https://openalex.org/W4409368417; https://arxiv.org/abs/2311.17179,https://ojs.aaai.org/index.php/AAAI/article/download/32457/34612,34,OpenAlex,"""earth observation"" ""foundation model""",candidate_model,metadata candidate; screen before citing,SatCLIP,SatCLIP,https://arxiv.org/abs/2311.17179,link,https://github.com/microsoft/satclip,Remote Sensing Vision-Location Foundation Models
cand0117,2025,DynamicVis: Dynamic Visual Perception for Efficient Remote Sensing Foundation Models,Keyan Chen; Chenyang Liu; Bowen Chen; Wenyuan Li; Zhengxia Zou; Shijian Lu; Zhenwei Shi,arXiv cs.CV; Arxiv2025,foundation_models,preprint,,2503.16426v2,http://arxiv.org/abs/2503.16426v2; https://arxiv.org/abs/2503.16426,https://arxiv.org/pdf/2503.16426v2,,arXiv,"""earth observation"" ""foundation model""",candidate_model,metadata candidate; screen before citing,DynamicVis,DynamicVis,https://arxiv.org/abs/2503.16426,link,https://github.com/KyanChen/DynamicVis,Remote Sensing Vision Foundation Models
cand0121,2024,SkySense: A Multi-Modal Remote Sensing Foundation Model Towards Universal Interpretation for Earth Observation Imagery,Xin Guo; Jiangwei Lao; Bo Dang; Yingying Zhang; Lei Yu; Lixiang Ru; Liheng Zhong; Ziyuan Huang,CVPR2024,foundation_models,article,10.1109/cvpr52733.2024.02613,,https://openalex.org/W4402667899; https://openaccess.thecvf.com/content/CVPR2024/html/Guo_SkySense_A_Multi-Modal_Remote_Sensing_Foundation_Model_Towards_Universal_Interpretation_CVPR_2024_paper.html; https://arxiv.org/abs/2312.10115,,172,OpenAlex,"""remote sensing"" ""foundation model""",candidate_model,metadata candidate; screen before citing,SkySense,SkySense,https://openaccess.thecvf.com/content/CVPR2024/html/Guo_SkySense_A_Multi-Modal_Remote_Sensing_Foundation_Model_Towards_Universal_Interpretation_CVPR_2024_paper.html; https://arxiv.org/abs/2312.10115,link; Targeted open-source,https://github.com/Jack-bo1220/SkySense,Remote Sensing Vision Foundation Models; Benchmarks for RSFMs
cand0126,2024,Prithvi-EO-2.0: A Versatile Multi-Temporal Foundation Model for Earth Observation Applications,Daniela Szwarcman; Sujit Roy; Paolo Fraccaro; Þorsteinn Elí Gíslason; Benedikt Blumenstiel; Rinki Ghosal; Pedro Henrique de Oliveira; J. Almeida,JuSER (Forschungszentrum Jülich); Arxiv2024,foundation_models,preprint,10.48550/arxiv.2412.02732,,https://openalex.org/W4405075202; https://arxiv.org/abs/2412.02732,,19,OpenAlex,"""remote sensing"" ""foundation model""",candidate_model,metadata candidate; screen before citing,Prithvi-EO-2.0,Prithvi-EO-2.0,https://arxiv.org/abs/2412.02732,link,https://huggingface.co/ibm-nasa-geospatial/Prithvi-EO-2.0-300M,Remote Sensing Vision Foundation Models
cand0150,2022,Consecutive Pre-Training: A Knowledge Transfer Learning Strategy with Relevant Unlabeled Data for Remote Sensing Domain,Tong Zhang; Peng Gao; Hao Dong; Yin Zhuang; Guanqun Wang; Wei Zhang; He Chen,Remote Sensing; RS2022,foundation_models,article,10.3390/rs14225675,,https://openalex.org/W4308703323; https://www.mdpi.com/2072-4292/14/22/5675#,https://www.mdpi.com/2072-4292/14/22/5675/pdf?version=1668075607,39,OpenAlex,"""earth observation"" ""foundation model""",candidate_model,metadata candidate; screen before citing,CSPT,CSPT,https://www.mdpi.com/2072-4292/14/22/5675#,link,https://github.com/ZhAnGToNG1/transfer_learning_cspt,Remote Sensing Vision Foundation Models
cand0172,2024,Decoupling Common and Unique Representations for Multimodal Self-supervised Learning,Yi Wang; Conrad M Albrecht; Nassim Ait Ali Braham; Chenying Liu; Zhitong Xiong; Xiao Xiang Zhu,Lecture notes in computer science; ECCV2024,foundation_models,book-chapter,10.1007/978-3-031-73397-0_17,,https://openalex.org/W4403998581; https://doi.org/10.1007/978-3-031-73397-0_17,https://elib.dlr.de/199498/2/04236-supp.pdf,32,OpenAlex,"""earth observation"" ""foundation model""",candidate_model,metadata candidate; screen before citing,DeCUR,DeCUR,https://doi.org/10.1007/978-3-031-73397-0_17,link,https://github.com/zhu-xlab/DeCUR,Remote Sensing Vision Foundation Models
cand0246,2025,CrossEarth: Geospatial Vision Foundation Model for Domain Generalizable Remote Sensing Semantic Segmentation,Ziyang Gong; Zhixiang Wei; Di Wang; Xiaoxing Hu; Xianzheng Ma; Hongruixuan Chen; Yuru Jia; Yupeng Deng,IEEE Transactions on Pattern Analysis and Machine Intelligence; IEEE TPAMI2025,foundation_models,article,10.1109/tpami.2025.3649001,,https://openalex.org/W7117464204; https://doi.org/10.1109/tpami.2025.3649001,,3,OpenAlex,"""remote sensing"" ""foundation model""",candidate_model,metadata candidate; screen before citing,CrossEarth,CrossEarth,https://doi.org/10.1109/tpami.2025.3649001,link,https://github.com/Cuzyoung/CrossEarth,Remote Sensing Vision Foundation Models
cand0258,2025,Can Generative Geospatial Diffusion Models Excel as Discriminative Geospatial Foundation Models?,Yuru Jia; Valerio Marsocci; Ziyang Gong; Xue Yang; Maarten Vergauwen; Andrea Nascetti,ICCV2025,foundation_models,article,10.1109/iccv51701.2025.00789,,https://openalex.org/W4414566291; https://arxiv.org/abs/2503.07890,https://arxiv.org/pdf/2503.07890,0,OpenAlex,"""remote sensing"" ""foundation model""",candidate_model,metadata candidate; screen before citing,SatDiFuser,SatDiFuser,https://arxiv.org/abs/2503.07890,link,https://github.com/yurujaja/SatDiFuser,Remote Sensing Vision Foundation Models
cand0278,2024,Foundation Models for Generalist Geospatial Artificial Intelligence,Johannes Jakubik; Sujit Roy; Chris Phillips; Paolo Fraccaro; Bianca Zadrozny; Pontus Olofsson; Daniela Szwarcman; Carlos Augusto Gomes,SSRN Electronic Journal; Arxiv2023,foundation_models,preprint,10.2139/ssrn.4804009,,https://openalex.org/W4395055639; https://arxiv.org/abs/2310.18660,,94,OpenAlex,"""remote sensing"" ""foundation model""",candidate_model,metadata candidate; screen before citing,Prithvi,Prithvi,https://arxiv.org/abs/2310.18660,link,https://huggingface.co/ibm-nasa-geospatial,Remote Sensing Vision Foundation Models
cand0279,2024,Predicting gradient is better: Exploring self-supervised learning for SAR ATR with a joint-embedding predictive architecture,Weijie Li; Wei Yang; Tianpeng Liu; Yuenan Hou; Y. Li; Zhen Liu; Yongxiang Liu; Li Liu,ISPRS Journal of Photogrammetry and Remote Sensing; ISPRS JPRS2024,foundation_models,article,10.1016/j.isprsjprs.2024.09.013,,https://openalex.org/W4402734376; https://www.sciencedirect.com/science/article/pii/S0924271624003514,,52,OpenAlex,"""remote sensing"" ""foundation model""",candidate_model,metadata candidate; screen before citing,SAR-JEPA,SAR-JEPA,https://www.sciencedirect.com/science/article/pii/S0924271624003514,link,https://github.com/waterdisappear/SAR-JEPA,Remote Sensing Vision Foundation Models
cand0293,2024,SatVision-TOA: A Geospatial Foundation Model for Coarse-Resolution All-Sky Remote Sensing Imagery,Caleb S. Spradlin; Jordan A. Caraballo‐Vega; Jian Li; Mark Carroll; Jie Gong; Paul Montesano,arXiv (Cornell University); Arxiv2024,foundation_models,preprint,10.48550/arxiv.2411.17000,,https://openalex.org/W4404988305; https://arxiv.org/abs/2411.17000,https://arxiv.org/pdf/2411.17000,0,OpenAlex,"""remote sensing"" ""foundation model""",candidate_model,metadata candidate; screen before citing,SatVision-TOA,SatVision-TOA,https://arxiv.org/abs/2411.17000,link,https://github.com/nasa-nccs-hpda/pytorch-caney,Remote Sensing Vision Foundation Models
cand0322,2025,FUSAR-KLIP: Towards Multimodal Foundation Models for Remote Sensing,"Yi Yang; Xiaokun Zhang; Fang, Qingchen; Liu, Jing; Ziqi Ye; Rui Li; Li Liu; Haipeng Wang",arXiv (Cornell University); Arxiv2025,foundation_models,preprint,10.48550/arxiv.2509.23927,,https://openalex.org/W4415334937; https://arxiv.org/abs/2509.23927,https://arxiv.org/pdf/2509.23927,0,OpenAlex,"""remote sensing"" ""foundation model""",candidate_model,metadata candidate; screen before citing,FUSAR-KLIP,FUSAR-KLIP,https://arxiv.org/abs/2509.23927,link,https://github.com/yangyifremad/SARKnowLIP,Remote Sensing Vision-Language Foundation Models
cand0396,2024,SkyScript: A Large and Semantically Diverse Vision-Language Dataset for Remote Sensing,Zhecheng Wang; Rajanie Prabha; Tianyuan Huang; Jiajun Wu; Ram Rajagopal,Proceedings of the AAAI Conference on Artificial Intelligence; AAAI2024,foundation_models,article,10.1609/aaai.v38i6.28393,,https://openalex.org/W4393159564; https://arxiv.org/abs/2312.12856,https://ojs.aaai.org/index.php/AAAI/article/download/28393/28768,71,OpenAlex,"""remote sensing"" ""foundation model""",candidate_model,metadata candidate; screen before citing,SkyCLIP; SkyScript,SkyCLIP; SkyScript,https://arxiv.org/abs/2312.12856,link,https://github.com/wangzhecheng/SkyScript,Remote Sensing Vision-Language Foundation Models; (Large-scale) Pre-training Datasets
cand0414,2024,ChatEarthNet: A Global-Scale Image-Text Dataset Empowering Vision-Language Geo-Foundation Models,Zhenghang Yuan; Zhitong Xiong; Lichao Mou; Xiao Xiang Zhu,ESSD2025,foundation_models,preprint,10.5194/essd-2024-140,,https://openalex.org/W4400092781; https://doi.org/10.5194/essd-17-1245-2025,,5,OpenAlex,"""remote sensing"" ""foundation model""",candidate_model,metadata candidate; screen before citing,ChatEarthNet,ChatEarthNet,https://doi.org/10.5194/essd-17-1245-2025,link,https://github.com/zhu-xlab/ChatEarthNet,(Large-scale) Pre-training Datasets
cand0424,2023,DiffusionSat: A Generative Foundation Model for Satellite Imagery,Samar Khanna; Patrick Liu; Linqi Zhou; Chenlin Meng; Robin Rombach; Marshall Burke; David B. Lobell; Stefano Ermon,arXiv (Cornell University); ICLR2024,foundation_models,preprint,10.48550/arxiv.2312.03606,,https://openalex.org/W4389471355; https://arxiv.org/abs/2312.03606,https://arxiv.org/pdf/2312.03606,31,OpenAlex,"""remote sensing"" ""foundation model""",candidate_model,metadata candidate; screen before citing,DiffusionSat,DiffusionSat,https://arxiv.org/abs/2312.03606,link,https://github.com/samar-khanna/DiffusionSat,Remote Sensing Generative Foundation Models
cand0436,2022,"SSL4EO-S12: A Large-Scale Multi-Modal, Multi-Temporal Dataset for Self-Supervised Learning in Earth Observation",Yi Wang; Nassim Ait Ali Braham; Zhitong Xiong; Chenying Liu; Conrad M Albrecht; Xiao Xiang Zhu,arXiv (Cornell University); GRSM2023,remote_sensing_pretraining,preprint,10.48550/arxiv.2211.07044,,https://openalex.org/W4309132693; https://arxiv.org/abs/2211.07044,https://arxiv.org/pdf/2211.07044,26,OpenAlex,"""remote sensing"" ""self-supervised""",candidate_model,metadata candidate; screen before citing,SSL4EO-S12,SSL4EO-S12,https://arxiv.org/abs/2211.07044,link,https://github.com/zhu-xlab/SSL4EO-S12,(Large-scale) Pre-training Datasets
cand0439,2026,GAIR: Location-aware self-supervised contrastive pre-training with geo-aligned implicit representations,Zeping Liu; Fan Zhang; Junfeng Jiao; Ni Lao; Gengchen Mai,ISPRS Journal of Photogrammetry and Remote Sensing; Arxiv2025,foundation_models,article,10.1016/j.isprsjprs.2026.04.035,,https://openalex.org/W4417150304; https://arxiv.org/abs/2503.16683,https://arxiv.org/pdf/2503.16683,2,OpenAlex,"""remote sensing"" ""foundation model""",candidate_model,metadata candidate; screen before citing,GAIR,GAIR,https://arxiv.org/abs/2503.16683,link,https://github.com/zpl99/GAIR,Remote Sensing Vision-Location Foundation Models
cand0505,2025,DeepAndes: A Self-Supervised Vision Foundation Model for Multispectral Remote Sensing Imagery of the Andes,Junlin Guo; James Zimmer‐Dauphinee; Jordan M. Nieusma; Siqi Lu; Quan Liu; Ruining Deng; Can Cui; Jialin Yue,IEEE Journal of Selected Topics in Applied Earth Observations and Remote Sensing; IEEE JSTARS2025,foundation_models,article,10.1109/jstars.2025.3619423,,https://openalex.org/W4414955865; https://doi.org/10.1109/jstars.2025.3619423,,2,OpenAlex,"""remote sensing"" ""foundation model""",candidate_model,metadata candidate; screen before citing,DeepAndes,DeepAndes,https://doi.org/10.1109/jstars.2025.3619423,link,https://github.com/geopacha/DeepAndes,Remote Sensing Vision Foundation Models
cand0579,2024,OmniSat: Self-supervised Modality Fusion for Earth Observation,Guillaume Astruc; Nicolas Gonthier; Clément Mallet; Loïc Landrieu,Lecture notes in computer science; ECCV2024,foundation_models,book-chapter,10.1007/978-3-031-73390-1_24,,https://openalex.org/W4394838889; https://doi.org/10.1007/978-3-031-73390-1_24,https://arxiv.org/pdf/2404.08351,28,OpenAlex,"""earth observation"" ""foundation model""",candidate_model,metadata candidate; screen before citing,OmniSat,OmniSat,https://doi.org/10.1007/978-3-031-73390-1_24,link,https://github.com/gastruc/OmniSat?tab=readme-ov-file,Remote Sensing Vision Foundation Models
cand0643,2023,GEO-Bench: Toward Foundation Models for Earth Monitoring,Alexandre Lacoste; Nils Lehmann; Pau Rodriguez; Evan David Sherwin; Hannah Kerner; Björn Lütjens; Jeremy Andrew Irvin; David Dao,arXiv cs.LG;cs.CV; Arxiv2023,benchmark_evaluation,preprint,,2306.03831v2,http://arxiv.org/abs/2306.03831v2; https://arxiv.org/abs/2306.03831,https://arxiv.org/pdf/2306.03831v2,,arXiv,"""remote sensing"" ""foundation model"" evaluation",candidate_model,metadata candidate; screen before citing,GEO-Bench,Paper; GEO-Bench,https://arxiv.org/abs/2306.03831,link,https://github.com/ServiceNow/geo-bench,Benchmarks for RSFMs; (Large-scale) Pre-training Datasets
cand0707,2025,DGTRSD & DGTRS-CLIP: A Dual-Granularity Remote Sensing Image-Text Dataset and Vision Language Foundation Model for Alignment,Weizhi Chen; Yupeng Deng; Jin Wei; Jingbo Chen; Jiansheng Chen; Yuman Feng; Zhihao Xi; Diyou Liu,arXiv cs.CV;cs.AI; Arxiv2025,foundation_models,preprint,,2503.19311v2,http://arxiv.org/abs/2503.19311v2; https://arxiv.org/abs/2503.19311,https://arxiv.org/pdf/2503.19311v2,,arXiv,"""remote sensing"" ""foundation model""",candidate_model,metadata candidate; screen before citing,DGTRS-CLIP; DGTRSD,DGTRS-CLIP; Paper,https://arxiv.org/abs/2503.19311,link,https://github.com/MitsuiChen14/DGTRS,Remote Sensing Vision-Language Foundation Models; (Large-scale) Pre-training Datasets
cand0718,2024,RemoteCLIP: A Vision Language Foundation Model for Remote Sensing,Fan Liu; Delong Chen; Zhangqingyun Guan; Xiaocong Zhou; Jiale Zhu; Qiaolin Ye; Liyong Fu; Jun Zhou,IEEE Transactions on Geoscience and Remote Sensing; IEEE TGRS2024,foundation_models,article,10.1109/tgrs.2024.3390838,,https://openalex.org/W4394938913; https://arxiv.org/abs/2306.11029,,311,OpenAlex,"""remote sensing"" ""foundation model""",candidate_model,metadata candidate; screen before citing,RemoteCLIP,RemoteCLIP,https://arxiv.org/abs/2306.11029,link,https://github.com/ChenDelong1999/RemoteCLIP,Remote Sensing Vision-Language Foundation Models
cand0722,2024,Neural Plasticity-Inspired Multimodal Foundation Model for Earth Observation,Zhitong Xiong; Yi Wang; Fahong Zhang; Adam J. Stewart; Joëlle Hanna; Damian Borth; Ioannis Papoutsis; Bertrand Le Saux,arXiv (Cornell University); Arxiv2024,foundation_models,preprint,10.48550/arxiv.2403.15356,,https://openalex.org/W4393178589; https://arxiv.org/abs/2403.15356,https://arxiv.org/pdf/2403.15356,20,OpenAlex,"""earth observation"" ""foundation model""",candidate_model,metadata candidate; screen before citing,DOFA,DOFA,https://arxiv.org/abs/2403.15356,link,https://github.com/zhu-xlab/DOFA,Remote Sensing Vision Foundation Models
cand0723,2024,Pretrain a Remote Sensing Foundation Model by Promoting Intra-Instance Similarity,Xiao An; Wei He; Jiaqi Zou; Guangyi Yang; Hongyan Zhang,IEEE Transactions on Geoscience and Remote Sensing; TGRS2024,foundation_models,article,10.1109/tgrs.2024.3469568,,https://openalex.org/W4402917173; https://ieeexplore.ieee.org/abstract/document/10697182,,9,OpenAlex,"""remote sensing"" ""foundation model""",candidate_model,metadata candidate; screen before citing,PIS,PIS,https://ieeexplore.ieee.org/abstract/document/10697182,link,https://github.com/ShawnAn-WHU/PIS,Remote Sensing Vision Foundation Models
cand0728,2024,MTP: Advancing Remote Sensing Foundation Model via Multi-Task Pretraining,Di Wang; Jing Zhang; Minqiang Xu; Lin Liu; Dongsheng Wang; Erzhong Gao; Chengxi Han; Haonan Guo,arXiv (Cornell University); IEEE JSTARS2024,foundation_models,preprint,10.48550/arxiv.2403.13430,,https://openalex.org/W4393063512; https://doi.org/10.1109/jstars.2024.3408154,https://arxiv.org/pdf/2403.13430,1,OpenAlex,"""remote sensing"" ""foundation model""",candidate_model,metadata candidate; screen before citing,MTP,MTP,https://doi.org/10.1109/jstars.2024.3408154,link,https://github.com/ViTAE-Transformer/MTP,Remote Sensing Vision Foundation Models
cand0731,2024,Multi-Label Guided Soft Contrastive Learning for Efficient Earth Observation Pretraining,Yi Wang; Conrad M Albrecht; Xiao Xiang Zhu,elib (German Aerospace Center); TGRS2024,foundation_models,preprint,10.48550/arxiv.2405.20462,,https://openalex.org/W4399317102; https://ieeexplore.ieee.org/abstract/document/10726860,https://arxiv.org/pdf/2405.20462,1,OpenAlex,"""earth observation"" ""foundation model""",candidate_model,metadata candidate; screen before citing,SoftCon,SoftCon,https://ieeexplore.ieee.org/abstract/document/10726860,link,https://github.com/zhu-xlab/softcon?tab=readme-ov-file,Remote Sensing Vision Foundation Models
cand0775,2025,HyperSIGMA: Hyperspectral Intelligence Comprehension Foundation Model,Di Wang; Meiqi Hu; Yao Jin; Yuchun Miao; Jiaqi Yang; Yichu Xu; Xiaolei Qin; Jiaqi Ma,IEEE Transactions on Pattern Analysis and Machine Intelligence; IEEE TPAMI2025,foundation_models,article,10.1109/tpami.2025.3557581,,https://openalex.org/W4409263216; https://arxiv.org/abs/2406.11519,,106,OpenAlex,"""earth observation"" ""foundation model""",candidate_model,metadata candidate; screen before citing,HyperSIGMA,HyperSIGMA,https://arxiv.org/abs/2406.11519,link,https://github.com/WHU-Sigma/HyperSIGMA?tab=readme-ov-file,Remote Sensing Vision Foundation Models
cand0776,2025,HyperFree: A Channel-adaptive and Tuning-free Foundation Model for Hyperspectral Remote Sensing Imagery,Jingtao Li; Yingyi Liu; Xinyu Wang; Yu-Ping Peng; Chen Sun; Shaoyu Wang; Zhendong Sun; Ke Tian,CVPR2025,foundation_models,article,10.1109/cvpr52734.2025.02146,,https://openalex.org/W4413145633; https://rsidea.whu.edu.cn/HyperFree.pdf,https://rsidea.whu.edu.cn/HyperFree.pdf,23,OpenAlex,"""remote sensing"" ""foundation model""",candidate_model,metadata candidate; screen before citing,HyperFree,HyperFree,https://rsidea.whu.edu.cn/HyperFree.pdf,link,https://github.com/Jingtao-Li-CVer/HyperFree,Remote Sensing Vision Foundation Models
cand0777,2025,SpectralEarth: Training Hyperspectral Foundation Models at Scale,Nassim Ait Ali Braham; Conrad M Albrecht; Julien Mairal; Jocelyn Chanussot; Yi Wang; Xiao Xiang Zhu,IEEE Journal of Selected Topics in Applied Earth Observations and Remote Sensing; IEEE JSTARS2025,foundation_models,article,10.1109/jstars.2025.3581451,,https://openalex.org/W4411446412; https://doi.org/10.1109/jstars.2025.3581451,,23,OpenAlex,"""remote sensing"" ""foundation model""",candidate_model,metadata candidate; screen before citing,SpectralEarth,SpectralEarth,https://doi.org/10.1109/jstars.2025.3581451,link,https://github.com/zhu-xlab/softcon,Remote Sensing Vision Foundation Models
cand0782,2025,HyperSL: A Spectral Foundation Model for Hyperspectral Image Interpretation,Weili Kong; Baisen Liu; Xiaojun Bi; Changdong Yu; Xinyao Li; Yushi Chen,IEEE Transactions on Geoscience and Remote Sensing; IEEE TGRS2025,foundation_models,article,10.1109/tgrs.2025.3566205,,https://openalex.org/W4409991610; https://ieeexplore.ieee.org/abstract/document/10981753,,6,OpenAlex,"""remote sensing"" ""foundation model""",candidate_model,metadata candidate; screen before citing,HyperSL,HyperSL,https://ieeexplore.ieee.org/abstract/document/10981753,link,https://github.com/kkweil/HyperSL,Remote Sensing Vision Foundation Models
cand0799,2025,TiMo: Spatiotemporal Foundation Model for Satellite Image Time Series,Xiaolei Qin; Di Wang; Jing Zhang; Fengxiang Wang; Xin Su; Bo Du; Liangpei Zhang,arXiv cs.CV; Arxiv2025,foundation_models,preprint,,2505.08723v1,http://arxiv.org/abs/2505.08723v1; https://arxiv.org/abs/2505.08723,https://arxiv.org/pdf/2505.08723v1,,arXiv,"""geospatial"" ""foundation model""",candidate_model,metadata candidate; screen before citing,TiMo,TiMo,https://arxiv.org/abs/2505.08723,link,https://github.com/MiliLab/TiMo,Remote Sensing Vision Foundation Models
cand0828,2023,Scale-MAE: A Scale-Aware Masked Autoencoder for Multiscale Geospatial Representation Learning,Colorado Reed; Ritwik Gupta; Shufan Li; Sarah Brockman; Christopher Funk; Brian Clipp; Kurt Keutzer; Salvatore Candido,ICCV2023,remote_sensing_pretraining,article,10.1109/iccv51070.2023.00378,,https://openalex.org/W4390874379; https://doi.org/10.1109/iccv51070.2023.00378,,181,OpenAlex,"""remote sensing"" pretraining",candidate_model,metadata candidate; screen before citing,Scale-MAE,Scale-MAE,https://doi.org/10.1109/iccv51070.2023.00378,link,https://github.com/bair-climate-initiative/scale-mae,Remote Sensing Vision Foundation Models
cand1079,2026,THOR: A Versatile Foundation Model for Earth Observation Climate and Society Applications,"Theodor J. L. Forgaard; Reksten, Jarle H.; Anders U. Waldeland; Valerio Marsocci; Nicolas Longépé; Michael Kampffmeyer; Arnt-Børre Salberg",arXiv (Cornell University); Arxiv2026,foundation_models,preprint,10.48550/arxiv.2601.16011,,https://openalex.org/W7125526939; https://arxiv.org/abs/2601.16011,,0,OpenAlex,"""earth observation"" ""foundation model""",candidate_model,metadata candidate; screen before citing,THOR,THOR,https://arxiv.org/abs/2601.16011,link,https://github.com/FM4CS/THOR,Remote Sensing Vision Foundation Models
cand1208,2022,SatMAE: Pre-training Transformers for Temporal and Multi-Spectral Satellite Imagery,Yezhen Cong; Samar Khanna; Chenlin Meng; Patrick Liu; Erik Rozi; Yutong He; Marshall Burke; David B. Lobell,arXiv (Cornell University); NeurIPS2022,remote_sensing_pretraining,preprint,10.48550/arxiv.2207.08051,,https://openalex.org/W4286233797; https://proceedings.neurips.cc/paper_files/paper/2022/hash/01c561df365429f33fcd7a7faa44c985-Abstract-Conference.html,https://arxiv.org/pdf/2207.08051,119,OpenAlex,"""masked autoencoder"" ""remote sensing""",candidate_model,metadata candidate; screen before citing,SatMAE; fMoW-S2,SatMAE; fMoW-S2,https://proceedings.neurips.cc/paper_files/paper/2022/hash/01c561df365429f33fcd7a7faa44c985-Abstract-Conference.html,link,https://github.com/sustainlab-group/SatMAE,Remote Sensing Vision Foundation Models; (Large-scale) Pre-training Datasets
cand1229,2022,SatlasPretrain: A Large-Scale Dataset for Remote Sensing Image Understanding,Favyen Bastani; Piper Wolters; Ritwik Gupta; Joe Ferdinando; Aniruddha Kembhavi,arXiv (Cornell University); ICCV2023,remote_sensing_pretraining,preprint,10.48550/arxiv.2211.15660,,https://openalex.org/W4310430698; https://doi.org/10.1109/iccv51070.2023.01538; https://arxiv.org/abs/2211.15660,https://arxiv.org/pdf/2211.15660,5,OpenAlex,"""satellite imagery"" ""self-supervised""",candidate_model,metadata candidate; screen before citing,SatLas; SatlasPretrain,SatLas; SatlasPretrain,https://doi.org/10.1109/iccv51070.2023.01538; https://arxiv.org/abs/2211.15660,link,https://github.com/allenai/satlas,Remote Sensing Vision Foundation Models; (Large-scale) Pre-training Datasets
cand1295,2024,RS5M and GeoRSCLIP: A Large-Scale Vision- Language Dataset and a Large Vision-Language Model for Remote Sensing,Zilun Zhang; Tiancheng Zhao; Yulong Guo; Jianwei Yin,IEEE Transactions on Geoscience and Remote Sensing; IEEE TGRS2024,remote_sensing_pretraining,article,10.1109/tgrs.2024.3449154,,https://openalex.org/W4402473945; https://arxiv.org/abs/2306.11300,,79,OpenAlex,"""remote sensing"" pretraining",candidate_model,metadata candidate; screen before citing,GeoRSCLIP,GeoRSCLIP,https://arxiv.org/abs/2306.11300,link,https://github.com/om-ai-lab/RS5M,Remote Sensing Vision-Language Foundation Models
cand1389,2026,AgriFM: A multi-source temporal remote sensing foundation model for Agriculture mapping,Wenyuan Li; Shunlin Liang; Keyan Chen; Yongzhe Chen; Han Ma; Jianglei Xu; Yichuan Ma; Yuxiang Zhang,Remote Sensing of Environment; RSE2026,foundation_models,preprint,10.1016/j.rse.2026.115234,,https://openalex.org/W4416045986; https://doi.org/10.1016/j.rse.2026.115234,https://arxiv.org/pdf/2505.21357,5,OpenAlex,"""remote sensing"" ""foundation model""",candidate_model,metadata candidate; screen before citing,AgriFM,Paper,https://doi.org/10.1016/j.rse.2026.115234,link,https://github.com/flyakon/AgriFM,Remote Sensing Vision Foundation Models
cand1397,2026,MAPEX: Modality-Aware Pruning of Experts for Remote Sensing Foundation Models,Joëlle Hanna; Linus Scheibenreif; Damian Borth,IEEE Transactions on Geoscience and Remote Sensing; IEEE TGRS2026,foundation_models,article,10.1109/tgrs.2026.3652100,,https://openalex.org/W7123344931; https://doi.org/10.1109/tgrs.2026.3652100,,1,OpenAlex,"""remote sensing"" ""foundation model""",candidate_model,metadata candidate; screen before citing,MAPEX,MAPEX,https://doi.org/10.1109/tgrs.2026.3652100,link,https://github.com/HSG-AIML/MAPEX,Remote Sensing Vision Foundation Models
cand1422,2026,SIGMAE: A Spectral-Index-Guided Foundation Model for Multispectral Remote Sensing,Xiaokang Zhang; Bo Li; Chufeng Zhou; Weikang Yu; Lefei Zhang,ArXiv.org; Arxiv2026,foundation_models,article,,,https://openalex.org/W7134859962; https://arxiv.org/abs/2603.07463,https://arxiv.org/pdf/2603.07463,0,OpenAlex,"""remote sensing"" ""foundation model""",candidate_model,metadata candidate; screen before citing,SIGMAE,SIGMAE,https://arxiv.org/abs/2603.07463,link,https://github.com/zxk688/SIGMAE,Remote Sensing Vision Foundation Models
cand1476,2026,MOMO: Mars Orbital Model Foundation Model for Mars Orbital Applications,Mirali Purohit; Bimal Gajera; Irish Mehta; Bhanu Tokas; Jacob Adler; Steven Lu; S. Dickenshied; Serina Diniega,arXiv (Cornell University); CVPR2026,foundation_models,preprint,10.48550/arxiv.2604.02719,,https://openalex.org/W7150897020; https://arxiv.org/abs/2604.02719,,0,OpenAlex,"""earth observation"" ""foundation model""",candidate_model,metadata candidate; screen before citing,MOMO,MOMO,https://arxiv.org/abs/2604.02719,link,https://github.com/kerner-lab/MOMO,Remote Sensing Vision Foundation Models
cand1572,2025,"FoMo: Multi-Modal, Multi-Scale and Multi-Task Remote Sensing Foundation Models for Forest Monitoring",Nikolaos Ioannis Bountos; Arthur Ouaknine; Ioannis Papoutsis; David Rolnick,Proceedings of the AAAI Conference on Artificial Intelligence; AAAI2025; Arxiv2023,foundation_models,article,10.1609/aaai.v39i27.35002,,https://openalex.org/W4409348648; https://doi.org/10.1609/aaai.v39i27.35002; https://arxiv.org/abs/2312.10114,https://ojs.aaai.org/index.php/AAAI/article/download/35002/37157,8,OpenAlex,"""remote sensing"" ""foundation model""",candidate_model,metadata candidate; screen before citing,FoMo; FoMo-Bench,FoMo; FoMo-Bench,https://doi.org/10.1609/aaai.v39i27.35002; https://arxiv.org/abs/2312.10114,link; Coming soon,https://github.com/RolnickLab/FoMo-Bench,Remote Sensing Vision Foundation Models; Benchmarks for RSFMs
cand1610,2025,Panopticon: Advancing Any-Sensor Foundation Models for Earth Observation,Leonard Waldmann; Ando Shah; Yi Wang; Nils Lehmann; Adam J. Stewart; Zhitong Xiong; Xiao Xiang Zhu; Stefan Bauer,CVPRW2025 (EarthVision Best Paper),foundation_models,article,10.1109/cvprw67362.2025.00207,,https://openalex.org/W4414199183; https://arxiv.org/abs/2503.10845,,4,OpenAlex,"""earth observation"" ""foundation model""",candidate_model,metadata candidate; screen before citing,Panopticon,Panopticon,https://arxiv.org/abs/2503.10845,link,https://github.com/Panopticon-FM/panopticon,Remote Sensing Vision Foundation Models
cand1672,2025,TerraFM: A Scalable Foundation Model for Unified Multisensor Earth Observation,Muhammad Sohail Danish; Muhammad Akhtar Munir; Syed Roshaan Ali Shah; Muhammad Haris Khan; Rao Muhammad Anwer; Jorma Laaksonen; Fahad Shahbaz Khan; Salman Khan,ArXiv.org; Arxiv2025,foundation_models,preprint,10.48550/arxiv.2506.06281,,https://openalex.org/W4417078352; https://arxiv.org/abs/2506.06281,https://arxiv.org/pdf/2506.06281,1,OpenAlex,"""earth observation"" ""foundation model""",candidate_model,metadata candidate; screen before citing,TerraFM,TerraFM,https://arxiv.org/abs/2506.06281,link,https://github.com/mbzuai-oryx/TerraFM,Remote Sensing Vision Foundation Models
cand1693,2025,SatMamba: Development of Foundation Models for Remote Sensing Imagery Using State Space Models,Chuc Man Duc; Hiromichi Fukui,ArXiv.org; Arxiv2025,foundation_models,preprint,10.48550/arxiv.2502.00435,,https://openalex.org/W4407123608; https://arxiv.org/abs/2502.00435,https://arxiv.org/pdf/2502.00435,0,OpenAlex,"""remote sensing"" ""foundation model""",candidate_model,metadata candidate; screen before citing,SatMamba,SatMamba,https://arxiv.org/abs/2502.00435,link,https://github.com/mdchuc/HRSFM,Remote Sensing Vision Foundation Models
cand1696,2025,REMSA: Foundation Model Selection for Remote Sensing via a Constraint-Aware Agent,Binger Chen; Tacettin Emre Bök; Behnood Rasti; Volker Markl; Begüm Demir,ArXiv.org; Arxiv2025,foundation_models,preprint,10.48550/arxiv.2511.17442,,https://openalex.org/W4416599851; https://arxiv.org/abs/2511.17442,https://arxiv.org/pdf/2511.17442,0,OpenAlex,"""remote sensing"" ""foundation model""",candidate_model,metadata candidate; screen before citing,REMSA,Paper,https://arxiv.org/abs/2511.17442,link,https://github.com/be-chen/REMSA,Remote Sensing Agents
cand1698,2025,RoMA: Scaling up Mamba-based Foundation Models for Remote Sensing,"Fengxiang Wang; Yulin Wang; Chen, Mingshuo; Haiyan Zhao; Yangang Sun; Shuo Wang; Hongzhen Wang; Di Wang",ArXiv.org; NeurIPS2025,foundation_models,preprint,10.48550/arxiv.2503.10392,,https://openalex.org/W4416039531; https://arxiv.org/abs/2503.10392,https://arxiv.org/pdf/2503.10392,0,OpenAlex,"""remote sensing"" ""foundation model""",candidate_model,metadata candidate; screen before citing,RoMA,RoMA,https://arxiv.org/abs/2503.10392,link,https://github.com/MiliLab/RoMA,Remote Sensing Vision Foundation Models
cand1731,2025,GeoLink: Empowering Remote Sensing Foundation Model with OpenStreetMap Data,Lubian Bai; Xiuyuan Zhang; Siqi Zhang; Zepeng Zhang; Haoyu Wang; Wei Qin; Shihong Du,arXiv cs.CV; NeurIPS2025,foundation_models,preprint,,2509.26016v1,http://arxiv.org/abs/2509.26016v1; https://arxiv.org/abs/2509.26016,https://arxiv.org/pdf/2509.26016v1,,arXiv,"""remote sensing"" ""foundation model""",candidate_model,metadata candidate; screen before citing,GeoLink,GeoLink,https://arxiv.org/abs/2509.26016,link,https://github.com/bailubin/GeoLink_NeurIPS2025,Remote Sensing Vision Foundation Models
cand1748,2025,Towards a Unified Copernicus Foundation Model for Earth Vision,Yi Wang; Zhitong Xiong; Chenying Liu; A. Stewart; Thomas Dujardin; Nikolaos Ioannis Bountos; Angelos Zavras; Franziska Gerken,ICCV2025; ICCV2025 Oral,foundation_models,article,10.1109/iccv51701.2025.00922,,https://openalex.org/W4416551717; https://arxiv.org/abs/2503.11849,https://arxiv.org/pdf/2503.11849,0,OpenAlex,"""earth observation"" ""foundation model""",candidate_model,metadata candidate; screen before citing,Copernicus-FM; Copernicus-Bench; Copernicus-Pretrain; Copernicus-Embed,Copernicus-FM; Copernicus-Bench; Copernicus-Pretrain; Paper,https://arxiv.org/abs/2503.11849,link,https://github.com/zhu-xlab/Copernicus-FM,Remote Sensing Vision Foundation Models; Benchmarks for RSFMs; (Large-scale) Pre-training Datasets; Embeddings data
cand1798,2024,SpectralGPT: Spectral Remote Sensing Foundation Model,Danfeng Hong; Bing Zhang; Xuyang Li; Yuxuan Li; Chenyu Li; Jing Yao; Naoto Yokoya; Hao Li,IEEE Transactions on Pattern Analysis and Machine Intelligence; TPAMI2024,foundation_models,article,10.1109/tpami.2024.3362475,,https://openalex.org/W4393906060; https://doi.org/10.1109/tpami.2024.3362475,,696,OpenAlex,"""remote sensing"" ""foundation model""",candidate_model,metadata candidate; screen before citing,SpectralGPT,SpectralGPT,https://doi.org/10.1109/tpami.2024.3362475,link,https://github.com/danfenghong/IEEE_TPAMI_SpectralGPT,Remote Sensing Vision Foundation Models
cand1858,2024,Generative ConvNet Foundation Model With Sparse Modeling and Low-Frequency Reconstruction for Remote Sensing Image Interpretation,Zhe Dong; Yanfeng Gu; Tianzhu Liu,IEEE Transactions on Geoscience and Remote Sensing; TGRS2024,foundation_models,article,10.1109/tgrs.2023.3348479,,https://openalex.org/W4390480996; https://ieeexplore.ieee.org/abstract/document/10378718,,21,OpenAlex,"""remote sensing"" ""foundation model""",candidate_model,metadata candidate; screen before citing,SMLFR,SMLFR,https://ieeexplore.ieee.org/abstract/document/10378718,link,https://github.com/HIT-SIRS/SMLFR,Remote Sensing Vision Foundation Models
cand2035,2023,SSL4EO-L: Datasets and Foundation Models for Landsat Imagery,Adam J. Stewart; Nils Lehmann; Isaac Corley; Yi Wang; Yi-Chia Chang; Nassim Ait Ali Braham; Shradha Sehgal; Caleb Robinson,arXiv (Cornell University); Arxiv2023,foundation_models,preprint,10.48550/arxiv.2306.09424,,https://openalex.org/W4381245645; https://arxiv.org/abs/2306.09424,https://arxiv.org/pdf/2306.09424,6,OpenAlex,"""remote sensing"" ""foundation model""",candidate_model,metadata candidate; screen before citing,SSL4EO-L,SSL4EO-L,https://arxiv.org/abs/2306.09424,link,https://github.com/microsoft/torchgeo,(Large-scale) Pre-training Datasets
cand2040,2023,EarthPT: a time series foundation model for Earth Observation,Michael J. Smith; Luke Fleming; J. E. Geach,arXiv (Cornell University); NeurIPS2023 CCAI workshop,foundation_models,preprint,10.48550/arxiv.2309.07207,,https://openalex.org/W4386794188; https://arxiv.org/abs/2309.07207,https://arxiv.org/pdf/2309.07207,5,OpenAlex,"""earth observation"" ""foundation model""",candidate_model,metadata candidate; screen before citing,EarthPT,EarthPT,https://arxiv.org/abs/2309.07207,link,https://github.com/aspiaspace/EarthPT,Remote Sensing Vision Foundation Models
cand2060,2022,RingMo: A Remote Sensing Foundation Model With Masked Image Modeling,Xian Sun; Peijin Wang; Wanxuan Lu; Zicong Zhu; Xiaonan Lü; Qibin He; Junxi Li; Xuee Rong,IEEE Transactions on Geoscience and Remote Sensing; TGRS2022,foundation_models,article,10.1109/tgrs.2022.3194732,,https://openalex.org/W4288391486; https://ieeexplore.ieee.org/abstract/document/9844015,,268,OpenAlex,"""remote sensing"" ""foundation model""",candidate_model,metadata candidate; screen before citing,RingMo,RingMo,https://ieeexplore.ieee.org/abstract/document/9844015,Code,https://github.com/comeony/RingMo,Remote Sensing Vision Foundation Models
cand2061,2022,Advancing Plain Vision Transformer Toward Remote Sensing Foundation Model,Di Wang; Qiming Zhang; Yufei Xu; Jing Zhang; Bo Du; Dacheng Tao; Liangpei Zhang,IEEE Transactions on Geoscience and Remote Sensing; TGRS2022,foundation_models,article,10.1109/tgrs.2022.3222818,,https://openalex.org/W4312795296; https://ieeexplore.ieee.org/abstract/document/9956816,,261,OpenAlex,"""remote sensing"" ""foundation model""",candidate_model,metadata candidate; screen before citing,RVSA,RVSA,https://ieeexplore.ieee.org/abstract/document/9956816,link,https://github.com/ViTAE-Transformer/Remote-Sensing-RVSA,Remote Sensing Vision Foundation Models
cand2263,2025,SARMAE: Masked Autoencoder for SAR Representation Learning,"Liu, Danxu; Wang, Di; Wang, Hebaixu; Chen, Haoyang; Jiang, Wentao; Cheng, Yilin; Guo, Haonan; Cui, Wei",ArXiv.org; CVPR2026,remote_sensing_pretraining,preprint,10.48550/arxiv.2512.16635,,https://openalex.org/W4417530921; https://arxiv.org/abs/2512.16635,https://arxiv.org/pdf/2512.16635,0,OpenAlex,"""masked autoencoder"" ""remote sensing""",candidate_model,metadata candidate; screen before citing,SARMAE,SARMAE,https://arxiv.org/abs/2512.16635,link,https://github.com/MiliLab/SARMAE,Remote Sensing Vision Foundation Models
cand2306,2022,Self-Supervised Vision Transformers for Joint SAR-Optical Representation Learning,Yi Wang; Conrad M Albrecht; Xiao Xiang Zhu,IGARSS 2022 - 2022 IEEE International Geoscience and Remote Sensing Symposium; IGARSS2022,remote_sensing_pretraining,article,10.1109/igarss46834.2022.9883983,,https://openalex.org/W4312552594; https://doi.org/10.1109/igarss46834.2022.9883983,,55,OpenAlex,"""remote sensing"" ""self-supervised""",candidate_model,metadata candidate; screen before citing,DINO-MM,DINO-MM,https://doi.org/10.1109/igarss46834.2022.9883983,link,https://github.com/zhu-xlab/DINO-MM,Remote Sensing Vision Foundation Models
cand2773,2024,Bridging Remote Sensors with Multisensor Geospatial Foundation Models,Boran Han; Shuai Zhang; Xingjian Shi; Markus Reichstein,CVPR2024,foundation_models,article,10.1109/cvpr52733.2024.02631,,https://openalex.org/W4402716251; https://doi.org/10.1109/cvpr52733.2024.02631,,30,OpenAlex,"""geospatial"" ""foundation model""",candidate_model,metadata candidate; screen before citing,msGFM,msGFM,https://doi.org/10.1109/cvpr52733.2024.02631,link,https://github.com/boranhan/Geospatial_Foundation_Models,Remote Sensing Vision Foundation Models
cand3029,2025,LHRS-Bot-Nova: Improved multimodal large language model for remote sensing vision-language interpretation,Zhenshi Li; Dilxat Muhtar; Feng Gu; Yanglangxing He; Xueliang Zhang; Pengfeng Xiao; Guangjun He; Xiao Xiang Zhu,ISPRS Journal of Photogrammetry and Remote Sensing; ISPRS JPRS2025,vision_language,article,10.1016/j.isprsjprs.2025.06.003,,https://openalex.org/W4411847651; https://doi.org/10.1016/j.isprsjprs.2025.06.003,,7,OpenAlex,"""remote sensing"" ""vision-language""",candidate_model,metadata candidate; screen before citing,LHRS-Bot-Nova,LHRS-Bot-Nova,https://doi.org/10.1016/j.isprsjprs.2025.06.003,link,https://github.com/NJU-LHRS/LHRS-Bot,Remote Sensing Vision-Language Foundation Models
cand3422,2025,GeoBridge: A Semantic-Anchored Multi-View Foundation Model Bridging Images and Text for Geo-Localization,Zixuan Song; Jing Zhang; Di Wang; Zidie Zhou; Wenbin Liu; Haonan Guo; En Wang; Bo Du,arXiv cs.CV; CVPR2026,foundation_models,preprint,,2512.02697v3,http://arxiv.org/abs/2512.02697v3; https://arxiv.org/abs/2512.02697,https://arxiv.org/pdf/2512.02697v3,,arXiv,"""satellite imagery"" ""foundation model""",candidate_model,metadata candidate; screen before citing,GeoBridge,GeoBridge,https://arxiv.org/abs/2512.02697,link,https://github.com/MiliLab/GeoBridge,Remote Sensing Vision-Location Foundation Models
cand3512,2024,Extending global-local view alignment for self-supervised learning with remote sensing imagery,Xinye Wanyan; Sachith Seneviratne; Shuchang Shen; Michael Kirley,Arxiv2023,remote_sensing_pretraining,article,10.1109/cvprw63382.2024.00251,,https://openalex.org/W4402916465; https://arxiv.org/abs/2303.06670,,26,OpenAlex,"""remote sensing"" ""self-supervised""",candidate_model,metadata candidate; screen before citing,DINO-MC,DINO-MC,https://arxiv.org/abs/2303.06670,link,https://github.com/WennyXY/DINO-MC,Remote Sensing Vision Foundation Models
cand3681,2024,Rethinking Transformers Pre-training for Multi-Spectral Satellite Imagery,Mubashir Noman; Muzammal Naseer; Hisham Cholakkal; Rao Muhammad Anwar; Salman Khan; Fahad Shahbaz Khan,arXiv (Cornell University); CVPR2024,foundation_models,preprint,10.48550/arxiv.2403.05419,,https://openalex.org/W4392682312; https://doi.org/10.1109/cvpr52733.2024.02627,https://arxiv.org/pdf/2403.05419,2,OpenAlex,"""satellite imagery"" ""foundation model""",candidate_model,metadata candidate; screen before citing,SatMAE++,SatMAE++,https://doi.org/10.1109/cvpr52733.2024.02627,link,https://github.com/techmn/satmae_pp,Remote Sensing Vision Foundation Models
cand3777,2023,CMID: A Unified Self-Supervised Learning Framework for Remote Sensing Image Understanding,Dilxat Muhtar; Xueliang Zhang; Pengfeng Xiao; Zhenshi Li; Feng Long Gu,IEEE Transactions on Geoscience and Remote Sensing; TGRS2023,remote_sensing_pretraining,article,10.1109/tgrs.2023.3268232,,https://openalex.org/W4366377626; https://ieeexplore.ieee.org/abstract/document/10105625,https://arxiv.org/pdf/2304.09670,91,OpenAlex,"""remote sensing"" ""self-supervised""",candidate_model,metadata candidate; screen before citing,CMID,CMID,https://ieeexplore.ieee.org/abstract/document/10105625,link,https://github.com/NJU-LHRS/official-CMID,Remote Sensing Vision Foundation Models
cand3992,2022,Self-supervised Vision Transformers for Land-cover Segmentation and Classification,Linus Scheibenreif; Joëlle Hanna; Michael Mommert; Damian Borth,2022 IEEE/CVF Conference on Computer Vision and Pattern Recognition Workshops (CVPRW); CVPRW2022,remote_sensing_pretraining,article,10.1109/cvprw56347.2022.00148,,https://openalex.org/W4292794000; https://openaccess.thecvf.com/content/CVPR2022W/EarthVision/html/Scheibenreif_Self-Supervised_Vision_Transformers_for_Land-Cover_Segmentation_and_Classification_CVPRW_2022_paper.html,,103,OpenAlex,"""remote sensing"" ""self-supervised""",candidate_model,metadata candidate; screen before citing,-,Paper,https://openaccess.thecvf.com/content/CVPR2022W/EarthVision/html/Scheibenreif_Self-Supervised_Vision_Transformers_for_Land-Cover_Segmentation_and_Classification_CVPRW_2022_paper.html,link,https://github.com/HSG-AIML/SSLTransformerRS,Remote Sensing Vision Foundation Models
cand3998,2022,Self-supervised audiovisual representation learning for remote sensing data,Konrad Heidler; Lichao Mou; Di Hu; Pu Jin; Guangyao Li; Chuang Gan; Ji-Rong Wen; Xiao Xiang Zhu,International Journal of Applied Earth Observation and Geoinformation; JAG2022,remote_sensing_pretraining,article,10.1016/j.jag.2022.103130,,https://openalex.org/W3190018318; https://www.sciencedirect.com/science/article/pii/S1569843222003181,,44,OpenAlex,"""remote sensing"" pretraining",candidate_model,metadata candidate; screen before citing,-,Paper,https://www.sciencedirect.com/science/article/pii/S1569843222003181,link,https://github.com/khdlr/SoundingEarth,Remote Sensing Vision-Audio Foundation Models
cand4037,2022,TOV: The Original Vision Model for Optical Remote Sensing Image Understanding via Self-supervised Learning,Chao Tao; Ji Qia; Guo Zhang; Qing Zhu; Weipeng Lu; Haifeng Li,arXiv (Cornell University); JSTARS2023,remote_sensing_pretraining,preprint,10.48550/arxiv.2204.04716,,https://openalex.org/W4223652229; https://ieeexplore.ieee.org/abstract/document/10110958,https://arxiv.org/pdf/2204.04716,9,OpenAlex,"""remote sensing"" pretraining",candidate_model,metadata candidate; screen before citing,TOV; TOV-RS-Balanced,TOV,https://ieeexplore.ieee.org/abstract/document/10110958,link,https://github.com/GeoX-Lab/G-RSIM/tree/main/TOV_v1,Remote Sensing Vision Foundation Models; (Large-scale) Pre-training Datasets
cand4082,2022,Self-Supervised Material and Texture Representation Learning for Remote Sensing Tasks,Peri Akiva; Matthew Purri; Matthew J. Leotta,2022 IEEE/CVF Conference on Computer Vision and Pattern Recognition (CVPR); CVPR2022,remote_sensing_pretraining,preprint,10.1109/cvpr52688.2022.00803,,https://openalex.org/W4226445478; https://openaccess.thecvf.com/content/CVPR2022/html/Akiva_Self-Supervised_Material_and_Texture_Representation_Learning_for_Remote_Sensing_Tasks_CVPR_2022_paper.html,,0,OpenAlex,"""remote sensing"" ""self-supervised""",candidate_model,metadata candidate; screen before citing,MATTER,MATTER,https://openaccess.thecvf.com/content/CVPR2022/html/Akiva_Self-Supervised_Material_and_Texture_Representation_Learning_for_Remote_Sensing_Tasks_CVPR_2022_paper.html,link,https://github.com/periakiva/MATTER,Remote Sensing Vision Foundation Models
cand4088,2021,Seasonal Contrast: Unsupervised Pre-Training from Uncurated Remote Sensing Data,Oscar Mañas; Alexandre Lacoste; Xavier Giró-i-Nieto; David Vázquez; Pau Rodríguez,2021 IEEE/CVF International Conference on Computer Vision (ICCV); ICCV2021,remote_sensing_pretraining,article,10.1109/iccv48922.2021.00928,,https://openalex.org/W3144483443; https://openaccess.thecvf.com/content/ICCV2021/html/Manas_Seasonal_Contrast_Unsupervised_Pre-Training_From_Uncurated_Remote_Sensing_Data_ICCV_2021_paper.html,,303,OpenAlex,"""remote sensing"" ""self-supervised""",candidate_model,metadata candidate; screen before citing,SeCo,SeCo,https://openaccess.thecvf.com/content/ICCV2021/html/Manas_Seasonal_Contrast_Unsupervised_Pre-Training_From_Uncurated_Remote_Sensing_Data_ICCV_2021_paper.html,link,https://github.com/ServiceNow/seasonal-contrast,Remote Sensing Vision Foundation Models; (Large-scale) Pre-training Datasets
cand4111,2021,Geography-Aware Self-Supervised Learning,Kumar Ayush; Burak Uzkent; Chenlin Meng; Kumar Tanmay; Marshall Burke; David B. Lobell; Stefano Ermon,2021 IEEE/CVF International Conference on Computer Vision (ICCV); ICCV2021,remote_sensing_pretraining,preprint,10.1109/iccv48922.2021.01002,,https://openalex.org/W3105496885; https://openaccess.thecvf.com/content/ICCV2021/html/Ayush_Geography-Aware_Self-Supervised_Learning_ICCV_2021_paper.html,https://arxiv.org/pdf/2011.09980,20,OpenAlex,"""contrastive learning"" ""remote sensing""",candidate_model,metadata candidate; screen before citing,GASSL,GASSL,https://openaccess.thecvf.com/content/ICCV2021/html/Ayush_Geography-Aware_Self-Supervised_Learning_ICCV_2021_paper.html,link,https://github.com/sustainlab-group/geography-aware-ssl,Remote Sensing Vision Foundation Models
cand4114,2021,Self-Supervised Learning of Remote Sensing Scene Representations Using Contrastive Multiview Coding,Vladan Stojnić; Vladimir Risojević,CVPRW2021,remote_sensing_pretraining,preprint,10.1109/cvprw53098.2021.00129,,https://openalex.org/W3154502923; https://openaccess.thecvf.com/content/CVPR2021W/EarthVision/html/Stojnic_Self-Supervised_Learning_of_Remote_Sensing_Scene_Representations_Using_Contrastive_Multiview_CVPRW_2021_paper.html,,13,OpenAlex,"""remote sensing"" ""self-supervised""",candidate_model,metadata candidate; screen before citing,-,Paper,https://openaccess.thecvf.com/content/CVPR2021W/EarthVision/html/Stojnic_Self-Supervised_Learning_of_Remote_Sensing_Scene_Representations_Using_Contrastive_Multiview_CVPRW_2021_paper.html,link,https://github.com/vladan-stojnic/CMC-RSSR,Remote Sensing Vision Foundation Models
cand5390,2025,HSIGene: A Foundation Model for Hyperspectral Image Generation,Pang Li; Xiangyong Cao; Datao Tang; Shuang Xu; Xueru Bai; Feng Zhou; Deyu Meng,IEEE Transactions on Pattern Analysis and Machine Intelligence; Arxiv2024,sensor_specific,article,10.1109/tpami.2025.3610927,,https://openalex.org/W4414563896; https://arxiv.org/abs/2409.12470,,4,OpenAlex,"""hyperspectral"" ""foundation model""",candidate_model,metadata candidate; screen before citing,HSIGene,Paper,https://arxiv.org/abs/2409.12470,link,https://github.com/LiPang/HSIGene,Remote Sensing Generative Foundation Models
cand5727,2026,Co-Training Vision-Language Models for Remote Sensing Multi-Task Learning,Qingyun Li; Shuran Ma; Junwei Luo; Yi Yuan Yu; Yue Zhou; Fengxiang Wang; Xudong Lu; Xiaoxing Wang,Remote Sensing; RS2026,vision_language,article,10.3390/rs18020222,,https://openalex.org/W7119648301; https://doi.org/10.3390/rs18020222,,0,OpenAlex,"""remote sensing"" ""vision-language""",candidate_model,metadata candidate; screen before citing,RSCoVLM,RSCoVLM,https://doi.org/10.3390/rs18020222,link,https://github.com/VisionXLab/RSCoVLM,Remote Sensing Vision-Language Foundation Models
cand5734,2026,GeoReason: Aligning Thinking And Answering In Remote Sensing Vision-Language Models Via Logical Consistency Reinforcement Learning,Wenshuai Li; Xiantai Xiang; Zixiao Wen; Guangyao Zhou; Ben Niu; Feng Wang; Lijia Huang; Qiantong Wang,ArXiv.org; Arxiv2026,vision_language,article,,,https://openalex.org/W7120272487; https://arxiv.org/abs/2601.04118,https://arxiv.org/pdf/2601.04118,0,OpenAlex,"""remote sensing"" ""vision-language""",candidate_model,metadata candidate; screen before citing,GeoReason; GeoReason-Bench,GeoReason; GeoReason-Bench,https://arxiv.org/abs/2601.04118,link,https://github.com/canlanqianyan/GeoReason,Remote Sensing Vision-Language Foundation Models; Benchmarks for RSFMs
cand5806,2025,SkyEyeGPT: Unifying remote sensing vision-language tasks via instruction tuning with large language model,Yang Zhan; Zhitong Xiong; Yuan Yuan,ISPRS Journal of Photogrammetry and Remote Sensing; ISPRS JPRS2025,vision_language,article,10.1016/j.isprsjprs.2025.01.020,,https://openalex.org/W4407152340; https://doi.org/10.1016/j.isprsjprs.2025.01.020,,89,OpenAlex,"""remote sensing"" ""vision-language""",candidate_model,metadata candidate; screen before citing,SkyEyeGPT,SkyEyeGPT,https://doi.org/10.1016/j.isprsjprs.2025.01.020,link,https://github.com/ZhanYang-nwpu/SkyEyeGPT,Remote Sensing Vision-Language Foundation Models
cand5850,2025,When Large Vision-Language Model Meets Large Remote Sensing Imagery: Coarse-to-Fine Text-Guided Token Pruning,Junwei Luo; Yingying Zhang; Xue Yang; Kang Wu; Qi Zhu; Lei Liang; Jingdong Chen; Yansheng Li,ICCV2025,vision_language,article,10.1109/iccv51701.2025.00860,,https://openalex.org/W7160068053; https://arxiv.org/abs/2503.07588,,1,OpenAlex,"""remote sensing"" ""vision-language""",candidate_model,metadata candidate; screen before citing,LRS-VQA,LRS-VQA,https://arxiv.org/abs/2503.07588,link,https://github.com/VisionXLab/LRS-VQA,Remote Sensing Vision-Language Foundation Models
cand5869,2025,FUSE-RSVLM: Feature Fusion Vision-Language Model for Remote Sensing,Yunkai Dang; Donghao Wang; Jiacheng Yang; Yifan Jiang; Meiyi Zhu; Yuekun Yang; Cong Wang; Qi Fan,arXiv (Cornell University); Arxiv2025,vision_language,preprint,10.48550/arxiv.2512.24022,,https://openalex.org/W7117963841; https://arxiv.org/abs/2512.24022,,0,OpenAlex,"""remote sensing"" ""vision-language""",candidate_model,metadata candidate; screen before citing,FUSE-RSVLM,FUSE-RSVLM,https://arxiv.org/abs/2512.24022,link,https://github.com/Yunkaidang/RSVLM,Remote Sensing Vision-Language Foundation Models
cand5953,2024,SkySenseGPT: A Fine-Grained Instruction Tuning Dataset and Model for Remote Sensing Vision-Language Understanding,Junwei Luo; Zhen Pang; Yongjun Zhang; Tingzhu Wang; Linlin Wang; Bo Dang; Jiangwei Lao; Jian Wang,arXiv (Cornell University); Arxiv2024,vision_language,preprint,10.48550/arxiv.2406.10100,,https://openalex.org/W4399759382; https://arxiv.org/abs/2406.10100,https://arxiv.org/pdf/2406.10100,4,OpenAlex,"""remote sensing"" ""vision-language""",candidate_model,metadata candidate; screen before citing,SkySenseGPT; FIT-RS,SkySenseGPT; Paper,https://arxiv.org/abs/2406.10100,link,https://github.com/Luo-Z13/SkySenseGPT,Remote Sensing Vision-Language Foundation Models; (Large-scale) Pre-training Datasets
cand5959,2024,GeoGround: A Unified Large Vision-Language Model for Remote Sensing Visual Grounding,"Yue Zhou; Mengcheng Lan; Xiangyang Li; Litong Feng; Yiping Ke; Xue Jiang; Li, Qingyun; Yang, Xue",arXiv (Cornell University); Arxiv2024,vision_language,preprint,10.48550/arxiv.2411.11904,,https://openalex.org/W4404573363; https://arxiv.org/abs/2411.11904,https://arxiv.org/pdf/2411.11904,2,OpenAlex,"""remote sensing"" ""vision-language""",candidate_model,metadata candidate; screen before citing,GeoGround,GeoGround,https://arxiv.org/abs/2411.11904,link,https://github.com/zytx121/GeoGround,Remote Sensing Vision-Language Foundation Models
cand6663,2025,RingMamba: Remote Sensing Multisensor Pretraining With Visual State Space Model,Peijin Wang; Hao Chang; Huiyang Hu; Xin Li; Xiaorui Liu; Yu Liu; Zhaolong Zhang; Chen Chen,IEEE Transactions on Geoscience and Remote Sensing; IEEE TGRS2025,remote_sensing_pretraining,article,10.1109/tgrs.2025.3603998,,https://openalex.org/W4413847230; https://doi.org/10.1109/tgrs.2025.3603998,,0,OpenAlex,"""remote sensing"" pretraining",candidate_model,metadata candidate; screen before citing,RingMamba,RingMamba,https://doi.org/10.1109/tgrs.2025.3603998,link,https://github.com/ningerhhh/RIFR,Remote Sensing Vision Foundation Models
cand6859,2024,Generic Knowledge Boosted Pretraining for Remote Sensing Images,Ziyue Huang; Mingming Zhang; Yuan Gong; Qingjie Liu; Yunhong Wang,IEEE Transactions on Geoscience and Remote Sensing; TGRS2024,remote_sensing_pretraining,article,10.1109/tgrs.2024.3354031,,https://openalex.org/W4390873251; https://doi.org/10.1109/tgrs.2024.3354031,,21,OpenAlex,"""remote sensing"" pretraining",candidate_model,metadata candidate; screen before citing,GeRSP,GeRSP,https://doi.org/10.1109/tgrs.2024.3354031,GeRSP,https://github.com/floatingstarZ/GeRSP,Remote Sensing Vision Foundation Models
cand7483,2022,An Empirical Study of Remote Sensing Pretraining,Di Wang; Jing Zhang; Bo Du; Gui-Song Xia; Dacheng Tao,IEEE Transactions on Geoscience and Remote Sensing; TGRS2022,remote_sensing_pretraining,article,10.1109/tgrs.2022.3176603,,https://openalex.org/W4226359564; https://ieeexplore.ieee.org/abstract/document/9782149,https://arxiv.org/pdf/2204.02825,216,OpenAlex,"""remote sensing"" pretraining",candidate_model,metadata candidate; screen before citing,RSP,RSP,https://ieeexplore.ieee.org/abstract/document/9782149,link,https://github.com/ViTAE-Transformer/Remote-Sensing-RVSA,Remote Sensing Vision Foundation Models
cand10554,2023,rs5m Georsclip,,local PDF; Arxiv2023,vision_language,local_pdf,,2306.11300,https://arxiv.org/abs/2306.11300,papers/2306.11300_rs5m-georsclip.pdf,,local_pdf,papers folder reconciliation,candidate_model,added from local papers folder using filename-derived metadata; screen and verify before citing,GeoRSSD; RS5M,Paper; RS5M,https://arxiv.org/abs/2306.11300,link,https://huggingface.co/Zilun/GeoRSSD,Remote Sensing Generative Foundation Models; (Large-scale) Pre-training Datasets
cand10596,2025,Falcon A Remote Sensing Vision Language Foundation Model Tec,,local PDF; Arxiv2025,vision_language,local_pdf,,2503.11070,https://arxiv.org/abs/2503.11070,papers/2503.11070_falcon-a-remote-sensing-vision-language-foundation-model-tec.pdf,,local_pdf,papers folder reconciliation,candidate_model,added from local papers folder using filename-derived metadata; screen and verify before citing,Falcon; Falcon_SFT,Falcon; Paper,https://arxiv.org/abs/2503.11070,link,https://github.com/TianHuiLab/Falcon,Remote Sensing Vision-Language Foundation Models; (Large-scale) Pre-training Datasets
cand10676,2022,Geographical Supervision Correction for Remote Sensing Representation Learning,,TGRS2022,foundation_models,awesome_list_entry,,,https://ieeexplore.ieee.org/abstract/document/9869651,,,awesome_rsfm_github,https://github.com/Jack-bo1220/Awesome-Remote-Sensing-Foundation-Models,candidate_model,added from Awesome Remote Sensing Foundation Models README section: Remote Sensing Vision Foundation Models; screen before citing,GeCo,GeCo,https://ieeexplore.ieee.org/abstract/document/9869651,link,https://github.com/GeoX-Lab/G-RSIM,Remote Sensing Vision Foundation Models
cand10678,2023,Cross-Scale MAE: A Tale of Multiscale Exploitation in Remote Sensing,,NeurIPS2023,remote_sensing_pretraining,awesome_list_entry,,,https://openreview.net/pdf?id=5oEVdOd6TV,,,awesome_rsfm_github,https://github.com/Jack-bo1220/Awesome-Remote-Sensing-Foundation-Models,candidate_model,added from Awesome Remote Sensing Foundation Models README section: Remote Sensing Vision Foundation Models; screen before citing,Cross-Scale MAE,Cross-Scale MAE,https://openreview.net/pdf?id=5oEVdOd6TV,link,https://github.com/aicip/Cross-Scale-MAE,Remote Sensing Vision Foundation Models
cand10682,2024,Hydro--A Foundation Model for Water in Satellite Imagery,,Arxiv2024,foundation_models,awesome_list_entry,,,https://github.com/Jack-bo1220/Awesome-Remote-Sensing-Foundation-Models,,,awesome_rsfm_github,https://github.com/Jack-bo1220/Awesome-Remote-Sensing-Foundation-Models,candidate_model,added from Awesome Remote Sensing Foundation Models README section: Remote Sensing Vision Foundation Models; screen before citing,Hydro,null,,link,https://github.com/isaaccorley/hydro-foundation-model,Remote Sensing Vision Foundation Models
cand10684,2025,"AnySat: One Earth Observation Model for Many Resolutions, Scales, and Modalities",,CVPR2025,foundation_models,awesome_list_entry,,2412.14123,https://arxiv.org/abs/2412.14123,,,awesome_rsfm_github,https://github.com/Jack-bo1220/Awesome-Remote-Sensing-Foundation-Models,candidate_model,added from Awesome Remote Sensing Foundation Models README section: Remote Sensing Vision Foundation Models; screen before citing,AnySat,AnySat,https://arxiv.org/abs/2412.14123,link,https://github.com/gastruc/AnySat,Remote Sensing Vision Foundation Models
cand10686,2025,Visual Instruction Pretraining for Domain-Specific Foundation Models,GreatBird,Arxiv2025,remote_sensing_pretraining,awesome_list_entry,,2509.17562,https://arxiv.org/abs/2509.17562,,,awesome_rsfm_github,https://github.com/Jack-bo1220/Awesome-Remote-Sensing-Foundation-Models,candidate_model,added from Awesome Remote Sensing Foundation Models README section: Remote Sensing Vision Foundation Models; screen before citing; local_id: model_greatbird_vitp; developer: GreatBird; discovered_via: hugging-face; tags: remote-sensing; medical-imaging; vision-transformer; image-feature-extraction; arxiv:2509.17562; license:cc-by-nc-4.0; region:us,ViTP,ViTP,https://arxiv.org/abs/2509.17562,link,https://huggingface.co/GreatBird/ViTP,Remote Sensing Vision Foundation Models
cand10697,2025,TEOChat: A Large Vision-Language Assistant for Temporal Earth Observation Data,,ICLR2025,vision_language,awesome_list_entry,,2410.06234,https://arxiv.org/abs/2410.06234,,,awesome_rsfm_github,https://github.com/Jack-bo1220/Awesome-Remote-Sensing-Foundation-Models,candidate_model,added from Awesome Remote Sensing Foundation Models README section: Remote Sensing Vision-Language Foundation Models; screen before citing,TEOChat,TEOChat,https://arxiv.org/abs/2410.06234,link,https://github.com/ermongroup/TEOChat,Remote Sensing Vision-Language Foundation Models
model_5ch4um1_lfm2_5_vrsbench_firewatch_sft_lora_450m,2026,lfm2.5-vrsbench-firewatch-sft-lora-450m,5ch4um1,Hugging Face model card,foundation_models,model_card,,,https://huggingface.co/5ch4um1/lfm2.5-vrsbench-firewatch-sft-lora-450m,,,catalogue/models,local model JSON catalogue,candidate_adapter_model,local_id: model_5ch4um1_lfm2_5_vrsbench_firewatch_sft_lora_450m; developer: 5ch4um1; input_modality: satellite-imagery; discovered_via: hugging-face; tags: peft; onnx; safetensors; gguf; lfm2_vl; vision-language; satellite-imagery; wildfire-detection; sentinel-2; lfm2.5; fire-expert; vlm; image-text-to-text; conversational; en; dataset:NuTonic/firewatch-sft-v1; dataset:5ch4um1/vrsbench-lora-450m; endpoints_compatible; region:us; datasets: NuTonic/firewatch-sft-v1; 5ch4um1/vrsbench-lora-450m,,,,weights,https://huggingface.co/5ch4um1/lfm2.5-vrsbench-firewatch-sft-lora-450m,Model catalogue
model_5ch4um1_lfm2_5_vrsbench_lora_450m,2026,lfm2.5-vrsbench-lora-450m,5ch4um1,Hugging Face model card,foundation_models,model_card,,,https://huggingface.co/5ch4um1/lfm2.5-vrsbench-lora-450m,,,catalogue/models,local model JSON catalogue,candidate_model,local_id: model_5ch4um1_lfm2_5_vrsbench_lora_450m; developer: 5ch4um1; discovered_via: hugging-face; tags: safetensors; gguf; lfm2_vl; vision-language; satellite; vrsbench; lfm2; remote-sensing; base_model:LiquidAI/LFM2.5-VL-450M; base_model:quantized:LiquidAI/LFM2.5-VL-450M; endpoints_compatible; region:us; conversational; base_model: LiquidAI/LFM2.5-VL-450M; quantized:LiquidAI/LFM2.5-VL-450M,,,,weights,https://huggingface.co/5ch4um1/lfm2.5-vrsbench-lora-450m,Model catalogue
model_aadex_earthmind_r1_test,2025,Earthmind-R1-test,aadex,Hugging Face model card,foundation_models,model_card,,,https://huggingface.co/aadex/Earthmind-R1-test,,,catalogue/models,local model JSON catalogue,candidate_model,local_id: model_aadex_earthmind_r1_test; developer: aadex; discovered_via: hugging-face; tags: transformers; safetensors; sa2va_chat; feature-extraction; vision-language; vlm; grpo; earthmind; geospatial; remote-sensing; image-text-to-text; conversational; custom_code; en; license:apache-2.0; region:us,,,,weights,https://huggingface.co/aadex/Earthmind-R1-test,Model catalogue
model_abzal_glw_cryosentinel_terramind_v3,2026,cryosentinel-terramind-v3,abzal-glw,Hugging Face model card,foundation_models,model_card,,2512.24117; 2504.11171,https://huggingface.co/abzal-glw/cryosentinel-terramind-v3,,,catalogue/models,local model JSON catalogue,candidate_model,local_id: model_abzal_glw_cryosentinel_terramind_v3; developer: abzal-glw; input_modality: earth-observation; discovered_via: hugging-face; tags: pytorch; earth-observation; remote-sensing; semantic-segmentation; glacial-lakes; GLOF; foundation-model; terramind; multimodal; sentinel-2; sentinel-1; copernicus-dem; high-mountain-asia; tien-shan; climate-risk; image-segmentation; en; dataset:abzal-glw/cryosentinel-glof-v3; arxiv:2512.24117; arxiv:2504.11171; base_model:ibm-esa-geospatial/TerraMind-1.0-large; base_model:finetune:ibm-esa-geospatial/TerraMind-1.0-large; license:apache-2.0; model-index; region:us; base_model: ibm-esa-geospatial/TerraMind-1.0-large; finetune:ibm-esa-geospatial/TerraMind-1.0-large; datasets: abzal-glw/cryosentinel-glof-v3,,,,weights,https://huggingface.co/abzal-glw/cryosentinel-terramind-v3,Model catalogue
model_adaptllm_remote_sensing_llama_3_2_11b_vision_instruct,2025,remote-sensing-Llama-3.2-11B-Vision-Instruct,AdaptLLM,Hugging Face model card,foundation_models,model_card,,2411.19930; 2309.09530,https://huggingface.co/AdaptLLM/remote-sensing-Llama-3.2-11B-Vision-Instruct,,,catalogue/models,local model JSON catalogue,candidate_model,local_id: model_adaptllm_remote_sensing_llama_3_2_11b_vision_instruct; developer: AdaptLLM; discovered_via: hugging-face; tags: safetensors; mllama; remote-sensing; en; dataset:AdaptLLM/remote-sensing-visual-instructions; arxiv:2411.19930; arxiv:2309.09530; base_model:meta-llama/Llama-3.2-11B-Vision-Instruct; base_model:finetune:meta-llama/Llama-3.2-11B-Vision-Instruct; license:llama3.2; region:us; base_model: meta-llama/Llama-3.2-11B-Vision-Instruct; finetune:meta-llama/Llama-3.2-11B-Vision-Instruct; datasets: AdaptLLM/remote-sensing-visual-instructions,,,,weights,https://huggingface.co/AdaptLLM/remote-sensing-Llama-3.2-11B-Vision-Instruct,Model catalogue
model_adaptllm_remote_sensing_llava_next_llama3_8b,2025,remote-sensing-LLaVA-NeXT-Llama3-8B,AdaptLLM,Hugging Face model card,foundation_models,model_card,,2411.19930; 2309.09530,https://huggingface.co/AdaptLLM/remote-sensing-LLaVA-NeXT-Llama3-8B,,,catalogue/models,local model JSON catalogue,candidate_model,local_id: model_adaptllm_remote_sensing_llava_next_llama3_8b; developer: AdaptLLM; discovered_via: hugging-face; tags: safetensors; llava_next; remote-sensing; en; dataset:AdaptLLM/remote-sensing-visual-instructions; arxiv:2411.19930; arxiv:2309.09530; base_model:Lin-Chen/open-llava-next-llama3-8b; base_model:finetune:Lin-Chen/open-llava-next-llama3-8b; license:apache-2.0; region:us; base_model: Lin-Chen/open-llava-next-llama3-8b; finetune:Lin-Chen/open-llava-next-llama3-8b; datasets: AdaptLLM/remote-sensing-visual-instructions,,,,weights,https://huggingface.co/AdaptLLM/remote-sensing-LLaVA-NeXT-Llama3-8B,Model catalogue
model_adaptllm_remote_sensing_qwen2_5_vl_3b_instruct,2025,remote-sensing-Qwen2.5-VL-3B-Instruct,AdaptLLM,Hugging Face model card,foundation_models,model_card,,2411.19930; 2309.09530,https://huggingface.co/AdaptLLM/remote-sensing-Qwen2.5-VL-3B-Instruct,,,catalogue/models,local model JSON catalogue,candidate_model,local_id: model_adaptllm_remote_sensing_qwen2_5_vl_3b_instruct; developer: AdaptLLM; discovered_via: hugging-face; tags: transformers; safetensors; qwen2_5_vl; image-text-to-text; remote-sensing; conversational; en; dataset:AdaptLLM/remote-sensing-visual-instructions; arxiv:2411.19930; arxiv:2309.09530; base_model:Qwen/Qwen2.5-VL-3B-Instruct; base_model:finetune:Qwen/Qwen2.5-VL-3B-Instruct; text-generation-inference; endpoints_compatible; region:us; base_model: Qwen/Qwen2.5-VL-3B-Instruct; finetune:Qwen/Qwen2.5-VL-3B-Instruct; datasets: AdaptLLM/remote-sensing-visual-instructions,,,,weights,https://huggingface.co/AdaptLLM/remote-sensing-Qwen2.5-VL-3B-Instruct,Model catalogue
model_adaptllm_remote_sensing_qwen2_vl_2b_instruct,2025,remote-sensing-Qwen2-VL-2B-Instruct,AdaptLLM,Hugging Face model card,foundation_models,model_card,,2411.19930; 2309.09530,https://huggingface.co/AdaptLLM/remote-sensing-Qwen2-VL-2B-Instruct,,,catalogue/models,local model JSON catalogue,candidate_model,local_id: model_adaptllm_remote_sensing_qwen2_vl_2b_instruct; developer: AdaptLLM; discovered_via: hugging-face; tags: safetensors; qwen2_vl; remote-sensing; en; dataset:AdaptLLM/remote-sensing-visual-instructions; arxiv:2411.19930; arxiv:2309.09530; base_model:Qwen/Qwen2-VL-2B-Instruct; base_model:finetune:Qwen/Qwen2-VL-2B-Instruct; license:apache-2.0; region:us; base_model: Qwen/Qwen2-VL-2B-Instruct; finetune:Qwen/Qwen2-VL-2B-Instruct; datasets: AdaptLLM/remote-sensing-visual-instructions,,,,weights,https://huggingface.co/AdaptLLM/remote-sensing-Qwen2-VL-2B-Instruct,Model catalogue
model_adilbai_eurosat_swin,2025,EuroSAT-Swin,Adilbai,Hugging Face model card,foundation_models,model_card,,1709.00029,https://huggingface.co/Adilbai/EuroSAT-Swin,,,catalogue/models,local model JSON catalogue,candidate_model,local_id: model_adilbai_eurosat_swin; developer: Adilbai; input_modality: satellite-imagery; discovered_via: hugging-face; tags: transformers; tensorboard; safetensors; swin; image-classification; satellite-imagery; eurosat; remote-sensing; transformer; swin-transformer; land-use-classification; synthetic-aperture-radar; sar; en; dataset:nielsr/eurosat-demo; dataset:eurosat; arxiv:1709.00029; base_model:microsoft/swin-base-patch4-window7-224; base_model:finetune:microsoft/swin-base-patch4-window7-224; license:apache-2.0; model-index; endpoints_compatible; region:us; base_model: microsoft/swin-base-patch4-window7-224; finetune:microsoft/swin-base-patch4-window7-224; datasets: nielsr/eurosat-demo; eurosat,,,,weights,https://huggingface.co/Adilbai/EuroSAT-Swin,Model catalogue
model_agademer_yolo_remote_sensing_photovoltaic,2026,yolo-remote-sensing-photovoltaic,agademer,Hugging Face model card,foundation_models,model_card,,,https://huggingface.co/agademer/yolo-remote-sensing-photovoltaic,,,catalogue/models,local model JSON catalogue,candidate_model,local_id: model_agademer_yolo_remote_sensing_photovoltaic; developer: agademer; discovered_via: hugging-face; tags: yolo; remote-sensing; solar-energy; object-detection; base_model:Ultralytics/YOLO26; base_model:finetune:Ultralytics/YOLO26; license:cc-by-4.0; region:us; base_model: Ultralytics/YOLO26; finetune:Ultralytics/YOLO26,,,,weights,https://huggingface.co/agademer/yolo-remote-sensing-photovoltaic,Model catalogue
model_ainoworld_ainoai_v1,2025,AinoAI_v1,AinoWorld,Hugging Face model card,foundation_models,model_card,,,https://huggingface.co/AinoWorld/AinoAI_v1,,,catalogue/models,local model JSON catalogue,candidate_model,local_id: model_ainoworld_ainoai_v1; developer: AinoWorld; discovered_via: hugging-face; tags: text-generation-inference; geography; geospatial; urban; climate; text-to-sql; region:us,,,,weights,https://huggingface.co/AinoWorld/AinoAI_v1,Model catalogue
model_akashreddy2103_landfill,2026,landfill,akashreddy2103,Hugging Face model card,foundation_models,model_card,,,https://huggingface.co/akashreddy2103/landfill,,,catalogue/models,local model JSON catalogue,candidate_adapter_model,local_id: model_akashreddy2103_landfill; developer: akashreddy2103; input_modality: satellite-imagery; discovered_via: hugging-face; tags: peft; safetensors; lora; vision-language; satellite-imagery; methane-monitoring; landfill; base_model:LiquidAI/LFM2.5-VL-450M; base_model:adapter:LiquidAI/LFM2.5-VL-450M; license:apache-2.0; region:us; base_model: LiquidAI/LFM2.5-VL-450M; adapter:LiquidAI/LFM2.5-VL-450M,,,,weights,https://huggingface.co/akashreddy2103/landfill,Model catalogue
model_albughdadim_lightweight_metadata_aware_mixture_of_experts_ma,2025,lightweight-metadata-aware-mixture-of-experts-mae-landsat,albughdadim,Hugging Face model card,foundation_models,model_card,,2509.10919,https://huggingface.co/albughdadim/lightweight-metadata-aware-mixture-of-experts-mae-landsat,,,catalogue/models,local model JSON catalogue,candidate_model,local_id: model_albughdadim_lightweight_metadata_aware_mixture_of_experts_ma; developer: albughdadim; input_modality: earth-observation; discovered_via: hugging-face; tags: vision; masked-autoencoder; mixture-of-experts; earth-observation; remote-sensing; self-supervised; arxiv:2509.10919; license:mit; region:us,,,,weights,https://huggingface.co/albughdadim/lightweight-metadata-aware-mixture-of-experts-mae-landsat,Model catalogue
model_alessiopierdominici_osmclip_vit32base,2025,osmclip_vit32base,alessiopierdominici,Hugging Face model card,foundation_models,model_card,,,https://huggingface.co/alessiopierdominici/osmclip_vit32base,,,catalogue/models,local model JSON catalogue,candidate_model,local_id: model_alessiopierdominici_osmclip_vit32base; developer: alessiopierdominici; input_modality: earth-observation; discovered_via: hugging-face; tags: pytorch; remote-sensing; clip; openstreetmap; vision-transformer; earth-observation; license:gpl-3.0; region:us,,,,weights,https://huggingface.co/alessiopierdominici/osmclip_vit32base,Model catalogue
model_alfaxad_vector_lfm2_5_vl_450m,2026,Vector-LFM2.5-VL-450M,Alfaxad,Hugging Face model card,foundation_models,model_card,,2511.23404,https://huggingface.co/Alfaxad/Vector-LFM2.5-VL-450M,,,catalogue/models,local model JSON catalogue,candidate_adapter_model,local_id: model_alfaxad_vector_lfm2_5_vl_450m; developer: Alfaxad; input_modality: satellite-imagery; discovered_via: hugging-face; tags: transformers; safetensors; lfm2_vl; image-text-to-text; liquid; lfm2; lfm2-vl; lfm2.5-vl; vision-language; geospatial; public-health; remote-sensing; satellite-imagery; vectoros; lora; conversational; en; dataset:Alfaxad/vector-100k; arxiv:2511.23404; base_model:LiquidAI/LFM2.5-VL-450M; base_model:adapter:LiquidAI/LFM2.5-VL-450M; license:other; endpoints_compatible; region:us; base_model: LiquidAI/LFM2.5-VL-450M; adapter:LiquidAI/LFM2.5-VL-450M; datasets: Alfaxad/vector-100k,,,,weights,https://huggingface.co/Alfaxad/Vector-LFM2.5-VL-450M,Model catalogue
model_ali97_noise2map,2026,noise2map,ali97,Hugging Face model card,foundation_models,model_card,,,https://huggingface.co/ali97/noise2map,,,catalogue/models,local model JSON catalogue,candidate_model,local_id: model_ali97_noise2map; developer: ali97; input_modality: earth-observation; discovered_via: hugging-face; tags: diffusers; safetensors; remote-sensing; change-detection; semantic-segmentation; diffusion; earth-observation; image-segmentation; license:mit; region:us,,,,weights,https://huggingface.co/ali97/noise2map,Model catalogue
model_an_xiao_migrant,2025,MIGRANT,An-Xiao,Hugging Face model card,foundation_models,model_card,,,https://huggingface.co/An-Xiao/MIGRANT,,,catalogue/models,local model JSON catalogue,candidate_model,local_id: model_an_xiao_migrant; developer: An-Xiao; discovered_via: hugging-face; tags: safetensors; qwen2_vl; multi-image-grounding; remote-sensing; visual-question-answering; en; dataset:An-Xiao/MIG-RS-Instruct; dataset:An-Xiao/MIG-RS-Bench; base_model:Qwen/Qwen2.5-VL-7B-Instruct; base_model:finetune:Qwen/Qwen2.5-VL-7B-Instruct; license:apache-2.0; region:us; base_model: Qwen/Qwen2.5-VL-7B-Instruct; finetune:Qwen/Qwen2.5-VL-7B-Instruct; datasets: An-Xiao/MIG-RS-Instruct; An-Xiao/MIG-RS-Bench,,,,weights,https://huggingface.co/An-Xiao/MIGRANT,Model catalogue
model_anfera236_hhdc_2m,2026,HHDC-2m,anfera236,Hugging Face model card,foundation_models,model_card,,,https://huggingface.co/anfera236/HHDC-2m,,,catalogue/models,local model JSON catalogue,candidate_model,local_id: model_anfera236_hhdc_2m; developer: anfera236; discovered_via: hugging-face; tags: diffusion; lidar; super-resolution; denoising; remote-sensing; satellite; compressed-sensing; dataset:anfera236/HHDC; license:mit; region:us; datasets: anfera236/HHDC,,,,weights,https://huggingface.co/anfera236/HHDC-2m,Model catalogue
model_ani00_crop_health_monitor,2026,Crop-Health-Monitor,ANI00,Hugging Face model card,foundation_models,model_card,,,https://huggingface.co/ANI00/Crop-Health-Monitor,,,catalogue/models,local model JSON catalogue,candidate_model,local_id: model_ani00_crop_health_monitor; developer: ANI00; discovered_via: hugging-face; tags: remote-sensing; ssm; crop-health; multispectral; image-segmentation; en; dataset:ibm-nasa-geospatial/multi-temporal-crop-classification; base_model:ibm-nasa-geospatial/Prithvi-EO-1.0-100M; base_model:finetune:ibm-nasa-geospatial/Prithvi-EO-1.0-100M; license:cc-by-nc-3.0; region:us; base_model: ibm-nasa-geospatial/Prithvi-EO-1.0-100M; finetune:ibm-nasa-geospatial/Prithvi-EO-1.0-100M; datasets: ibm-nasa-geospatial/multi-temporal-crop-classification,,,,weights,https://huggingface.co/ANI00/Crop-Health-Monitor,Model catalogue
model_arty1001_aquaveritas_lfm,2026,aquaveritas-lfm,Arty1001,Hugging Face model card,foundation_models,model_card,,,https://huggingface.co/Arty1001/aquaveritas-lfm,,,catalogue/models,local model JSON catalogue,candidate_model,local_id: model_arty1001_aquaveritas_lfm; developer: Arty1001; input_modality: satellite-imagery; discovered_via: hugging-face; tags: safetensors; lfm2_vl; vision; multimodal; satellite-imagery; remote-sensing; environmental-monitoring; water-monitoring; freshwater; aquaveritas; image-text-to-text; conversational; en; base_model:LiquidAI/LFM2.5-VL-450M; base_model:finetune:LiquidAI/LFM2.5-VL-450M; license:apache-2.0; region:us; base_model: LiquidAI/LFM2.5-VL-450M; finetune:LiquidAI/LFM2.5-VL-450M,,,,weights,https://huggingface.co/Arty1001/aquaveritas-lfm,Model catalogue
model_arty1001_aquaveritas_lfm_gguf,2026,aquaveritas-lfm-GGUF,Arty1001,Hugging Face model card,foundation_models,model_card,,,https://huggingface.co/Arty1001/aquaveritas-lfm-GGUF,,,catalogue/models,local model JSON catalogue,candidate_model,local_id: model_arty1001_aquaveritas_lfm_gguf; developer: Arty1001; input_modality: satellite-imagery; discovered_via: hugging-face; tags: gguf; vision; multimodal; satellite-imagery; remote-sensing; environmental-monitoring; water-monitoring; freshwater; llama-cpp; aquaveritas; image-text-to-text; en; base_model:LiquidAI/LFM2.5-VL-450M; base_model:quantized:LiquidAI/LFM2.5-VL-450M; license:apache-2.0; endpoints_compatible; region:us; conversational; base_model: LiquidAI/LFM2.5-VL-450M; quantized:LiquidAI/LFM2.5-VL-450M,,,,weights,https://huggingface.co/Arty1001/aquaveritas-lfm-GGUF,Model catalogue
model_aryannsc_lmf2_5_vl_ghost_v1,2026,LMF2.5-VL-Ghost-V1,AryanNsc,Hugging Face model card,foundation_models,model_card,,,https://huggingface.co/AryanNsc/LMF2.5-VL-Ghost-V1,,,catalogue/models,local model JSON catalogue,candidate_model,local_id: model_aryannsc_lmf2_5_vl_ghost_v1; developer: AryanNsc; input_modality: satellite-imagery; discovered_via: hugging-face; tags: transformers; safetensors; lfm2_vl; image-text-to-text; ship-detection; satellite-imagery; vision-language; lfm2-vl; ghostwatch; conversational; base_model:LiquidAI/LFM2.5-VL-450M; base_model:finetune:LiquidAI/LFM2.5-VL-450M; endpoints_compatible; region:us; base_model: LiquidAI/LFM2.5-VL-450M; finetune:LiquidAI/LFM2.5-VL-450M,,,,weights,https://huggingface.co/AryanNsc/LMF2.5-VL-Ghost-V1,Model catalogue
model_asterisk_labs_betaearth_dinov3_vitl16,2026,betaearth-dinov3-vitl16,asterisk-labs,Hugging Face model card,foundation_models,model_card,,,https://huggingface.co/asterisk-labs/betaearth-dinov3-vitl16,,,catalogue/models,local model JSON catalogue,candidate_model,local_id: model_asterisk_labs_betaearth_dinov3_vitl16; developer: asterisk-labs; input_modality: earth-observation; discovered_via: hugging-face; tags: betaearth; betaearth-dinov3; earth-observation; remote-sensing; sentinel-2; sentinel-1; embeddings; dinov3; feature-extraction; dataset:Major-TOM/Core-S2-L1C; dataset:Major-TOM/Core-S2-L2A; dataset:Major-TOM/Core-S1-RTC; dataset:Major-TOM/Core-AlphaEarth-Embeddings; license:cc-by-4.0; region:us; datasets: Major-TOM/Core-S2-L1C; Major-TOM/Core-S2-L2A; Major-TOM/Core-S1-RTC; Major-TOM/Core-AlphaEarth-Embeddings,,,,weights,https://huggingface.co/asterisk-labs/betaearth-dinov3-vitl16,Model catalogue
model_asterisk_labs_betaearth_dinov3_vits16,2026,betaearth-dinov3-vits16,asterisk-labs,Hugging Face model card,foundation_models,model_card,,,https://huggingface.co/asterisk-labs/betaearth-dinov3-vits16,,,catalogue/models,local model JSON catalogue,candidate_model,local_id: model_asterisk_labs_betaearth_dinov3_vits16; developer: asterisk-labs; input_modality: earth-observation; discovered_via: hugging-face; tags: betaearth; betaearth-dinov3; earth-observation; remote-sensing; sentinel-2; sentinel-1; embeddings; dinov3; feature-extraction; dataset:Major-TOM/Core-S2-L1C; dataset:Major-TOM/Core-S2-L2A; dataset:Major-TOM/Core-S1-RTC; dataset:Major-TOM/Core-AlphaEarth-Embeddings; license:cc-by-4.0; region:us; datasets: Major-TOM/Core-S2-L1C; Major-TOM/Core-S2-L2A; Major-TOM/Core-S1-RTC; Major-TOM/Core-AlphaEarth-Embeddings,,,,weights,https://huggingface.co/asterisk-labs/betaearth-dinov3-vits16,Model catalogue
model_asterisk_labs_betaearth_rgb_only,2026,betaearth-rgb-only,asterisk-labs,Hugging Face model card,foundation_models,model_card,,,https://huggingface.co/asterisk-labs/betaearth-rgb-only,,,catalogue/models,local model JSON catalogue,candidate_model,local_id: model_asterisk_labs_betaearth_rgb_only; developer: asterisk-labs; input_modality: earth-observation; discovered_via: hugging-face; tags: betaearth; betaearth-segformer; earth-observation; remote-sensing; sentinel-2; sentinel-1; embeddings; model-distillation; geospatial; feature-extraction; dataset:Major-TOM/Core-S2-L1C; dataset:Major-TOM/Core-S2-L2A; dataset:Major-TOM/Core-S1-RTC; dataset:Major-TOM/Core-AlphaEarth-Embeddings; license:cc-by-4.0; region:us; datasets: Major-TOM/Core-S2-L1C; Major-TOM/Core-S2-L2A; Major-TOM/Core-S1-RTC; Major-TOM/Core-AlphaEarth-Embeddings,,,,weights,https://huggingface.co/asterisk-labs/betaearth-rgb-only,Model catalogue
model_asterisk_labs_betaearth_segformer,2026,betaearth-segformer,asterisk-labs,Hugging Face model card,foundation_models,model_card,,,https://huggingface.co/asterisk-labs/betaearth-segformer,,,catalogue/models,local model JSON catalogue,candidate_model,local_id: model_asterisk_labs_betaearth_segformer; developer: asterisk-labs; input_modality: earth-observation; discovered_via: hugging-face; tags: betaearth; betaearth-segformer; earth-observation; remote-sensing; sentinel-2; sentinel-1; embeddings; model-distillation; geospatial; feature-extraction; dataset:Major-TOM/Core-S2-L1C; dataset:Major-TOM/Core-S2-L2A; dataset:Major-TOM/Core-S1-RTC; dataset:Major-TOM/Core-AlphaEarth-Embeddings; license:cc-by-4.0; region:us; datasets: Major-TOM/Core-S2-L1C; Major-TOM/Core-S2-L2A; Major-TOM/Core-S1-RTC; Major-TOM/Core-AlphaEarth-Embeddings,,,,weights,https://huggingface.co/asterisk-labs/betaearth-segformer,Model catalogue
model_asterisk_labs_betaearth_segformer_film,2026,betaearth-segformer-film,asterisk-labs,Hugging Face model card,foundation_models,model_card,,,https://huggingface.co/asterisk-labs/betaearth-segformer-film,,,catalogue/models,local model JSON catalogue,candidate_model,local_id: model_asterisk_labs_betaearth_segformer_film; developer: asterisk-labs; input_modality: earth-observation; discovered_via: hugging-face; tags: betaearth; betaearth-segformer; earth-observation; remote-sensing; sentinel-2; sentinel-1; embeddings; model-distillation; geospatial; feature-extraction; dataset:Major-TOM/Core-S2-L1C; dataset:Major-TOM/Core-S2-L2A; dataset:Major-TOM/Core-S1-RTC; dataset:Major-TOM/Core-AlphaEarth-Embeddings; license:cc-by-4.0; region:us; datasets: Major-TOM/Core-S2-L1C; Major-TOM/Core-S2-L2A; Major-TOM/Core-S1-RTC; Major-TOM/Core-AlphaEarth-Embeddings,,,,weights,https://huggingface.co/asterisk-labs/betaearth-segformer-film,Model catalogue
model_asterisk_labs_betaearth_segformer_film_hilr,2026,betaearth-segformer-film-hilr,asterisk-labs,Hugging Face model card,foundation_models,model_card,,,https://huggingface.co/asterisk-labs/betaearth-segformer-film-hilr,,,catalogue/models,local model JSON catalogue,candidate_model,local_id: model_asterisk_labs_betaearth_segformer_film_hilr; developer: asterisk-labs; input_modality: earth-observation; discovered_via: hugging-face; tags: betaearth; betaearth-segformer; earth-observation; remote-sensing; sentinel-2; sentinel-1; embeddings; model-distillation; geospatial; feature-extraction; dataset:Major-TOM/Core-S2-L1C; dataset:Major-TOM/Core-S2-L2A; dataset:Major-TOM/Core-S1-RTC; dataset:Major-TOM/Core-AlphaEarth-Embeddings; license:cc-by-4.0; region:us; datasets: Major-TOM/Core-S2-L1C; Major-TOM/Core-S2-L2A; Major-TOM/Core-S1-RTC; Major-TOM/Core-AlphaEarth-Embeddings,,,,weights,https://huggingface.co/asterisk-labs/betaearth-segformer-film-hilr,Model catalogue
model_asterisk_labs_betaearth_segformer_film_robust,2026,betaearth-segformer-film-robust,asterisk-labs,Hugging Face model card,foundation_models,model_card,,,https://huggingface.co/asterisk-labs/betaearth-segformer-film-robust,,,catalogue/models,local model JSON catalogue,candidate_model,local_id: model_asterisk_labs_betaearth_segformer_film_robust; developer: asterisk-labs; input_modality: earth-observation; discovered_via: hugging-face; tags: betaearth; earth-observation; remote-sensing; sentinel-2; sentinel-1; embeddings; model-distillation; geospatial; feature-extraction; dataset:Major-TOM/Core-S2-L1C; dataset:Major-TOM/Core-S2-L2A; dataset:Major-TOM/Core-S1-RTC; dataset:Major-TOM/Core-AlphaEarth-Embeddings; license:cc-by-4.0; region:us; datasets: Major-TOM/Core-S2-L1C; Major-TOM/Core-S2-L2A; Major-TOM/Core-S1-RTC; Major-TOM/Core-AlphaEarth-Embeddings,,,,weights,https://huggingface.co/asterisk-labs/betaearth-segformer-film-robust,Model catalogue
model_asterisk_labs_betaearth_segformer_film_scratch,2026,betaearth-segformer-film-scratch,asterisk-labs,Hugging Face model card,foundation_models,model_card,,,https://huggingface.co/asterisk-labs/betaearth-segformer-film-scratch,,,catalogue/models,local model JSON catalogue,candidate_model,local_id: model_asterisk_labs_betaearth_segformer_film_scratch; developer: asterisk-labs; input_modality: earth-observation; discovered_via: hugging-face; tags: betaearth; betaearth-segformer; earth-observation; remote-sensing; sentinel-2; sentinel-1; embeddings; model-distillation; geospatial; feature-extraction; dataset:Major-TOM/Core-S2-L1C; dataset:Major-TOM/Core-S2-L2A; dataset:Major-TOM/Core-S1-RTC; dataset:Major-TOM/Core-AlphaEarth-Embeddings; license:cc-by-4.0; region:us; datasets: Major-TOM/Core-S2-L1C; Major-TOM/Core-S2-L2A; Major-TOM/Core-S1-RTC; Major-TOM/Core-AlphaEarth-Embeddings,,,,weights,https://huggingface.co/asterisk-labs/betaearth-segformer-film-scratch,Model catalogue
model_avatarr05_multi_trait_ssl,2025,Multi-trait_SSL,Avatarr05,Hugging Face model card,foundation_models,model_card,,2507.06806,https://huggingface.co/Avatarr05/Multi-trait_SSL,,,catalogue/models,local model JSON catalogue,candidate_model,local_id: model_avatarr05_multi_trait_ssl; developer: Avatarr05; discovered_via: hugging-face; tags: semi/self-supervised; hyperspectral; plant-traits; remote-sensing; vegetation; multi-regression; en; dataset:Avatarr05/GreenHyperSpectra; arxiv:2507.06806; license:cc-by-nc-4.0; region:us; datasets: Avatarr05/GreenHyperSpectra,,,,weights,https://huggingface.co/Avatarr05/Multi-trait_SSL,Model catalogue
model_badluma_lfm2_5_vl_450m_wildfire,2026,lfm2.5-vl-450m-wildfire,badluma,Hugging Face model card,foundation_models,model_card,,,https://huggingface.co/badluma/lfm2.5-vl-450m-wildfire,,,catalogue/models,local model JSON catalogue,candidate_adapter_model,local_id: model_badluma_lfm2_5_vl_450m_wildfire; developer: badluma; input_modality: satellite-imagery; discovered_via: hugging-face; tags: safetensors; gguf; lfm2-vl; wildfire; satellite-imagery; vision-language-model; LoRA; llama-cpp; image-text-to-text; conversational; en; dataset:Paulescu/wildfire-prevention; base_model:LiquidAI/LFM2-VL-450M; base_model:quantized:LiquidAI/LFM2-VL-450M; license:apache-2.0; endpoints_compatible; region:us; base_model: LiquidAI/LFM2-VL-450M; quantized:LiquidAI/LFM2-VL-450M; datasets: Paulescu/wildfire-prevention,,,,weights,https://huggingface.co/badluma/lfm2.5-vl-450m-wildfire,Model catalogue
model_beingamanforever_magcrop_tmra_v2,2025,MagCrop-TMRA-v2,beingamanforever,Hugging Face model card,foundation_models,model_card,,,https://huggingface.co/beingamanforever/MagCrop-TMRA-v2,,,catalogue/models,local model JSON catalogue,candidate_model,local_id: model_beingamanforever_magcrop_tmra_v2; developer: beingamanforever; discovered_via: hugging-face; tags: safetensors; bert; text-classification; remote-sensing; visual-question-answering; task-granularity; dataset:synthetic-rs-vqa; base_model:google-bert/bert-base-uncased; base_model:finetune:google-bert/bert-base-uncased; license:mit; region:us; base_model: google-bert/bert-base-uncased; finetune:google-bert/bert-base-uncased; datasets: synthetic-rs-vqa,,,,weights,https://huggingface.co/beingamanforever/MagCrop-TMRA-v2,Model catalogue
model_bilisakura_4th_mavic_t_ckpt_0216,2026,4th-MAVIC-T-ckpt-0216,BiliSakura,Hugging Face model card,foundation_models,model_card,,,https://huggingface.co/BiliSakura/4th-MAVIC-T-ckpt-0216,,,catalogue/models,local model JSON catalogue,candidate_model,local_id: model_bilisakura_4th_mavic_t_ckpt_0216; developer: BiliSakura; input_modality: earth-observation; discovered_via: hugging-face; tags: pytorch; diffusers; safetensors; remote-sensing; image-to-image; sar; infrared; multimodal; earth-observation; dataset:BiliSakura/MACIV-T-2025; license:mit; region:us; datasets: BiliSakura/MACIV-T-2025,,,,weights,https://huggingface.co/BiliSakura/4th-MAVIC-T-ckpt-0216,Model catalogue
model_bilisakura_4th_mavic_t_ckpt_0226,2026,4th-MAVIC-T-ckpt-0226,BiliSakura,Hugging Face model card,foundation_models,model_card,,,https://huggingface.co/BiliSakura/4th-MAVIC-T-ckpt-0226,,,catalogue/models,local model JSON catalogue,candidate_model,local_id: model_bilisakura_4th_mavic_t_ckpt_0226; developer: BiliSakura; input_modality: earth-observation; discovered_via: hugging-face; tags: pytorch; diffusers; safetensors; remote-sensing; image-to-image; sar; infrared; multimodal; earth-observation; dataset:BiliSakura/MACIV-T-2025; license:mit; region:us; datasets: BiliSakura/MACIV-T-2025,,,,weights,https://huggingface.co/BiliSakura/4th-MAVIC-T-ckpt-0226,Model catalogue
model_bilisakura_aerogen,2026,AeroGen,BiliSakura,Hugging Face model card,foundation_models,model_card,,2411.15497,https://huggingface.co/BiliSakura/AeroGen,,,catalogue/models,local model JSON catalogue,candidate_model,local_id: model_bilisakura_aerogen; developer: BiliSakura; discovered_via: hugging-face; tags: diffusers; safetensors; aerogen; remote-sensing; object-detection; latent-diffusion; bounding-box; arxiv:2411.15497; text-to-image; en; license:apache-2.0; diffusers:AeroGenPipeline; region:us,,,,weights,https://huggingface.co/BiliSakura/AeroGen,Model catalogue
model_bilisakura_agrifm,2026,AgriFM,BiliSakura,Hugging Face model card,foundation_models,model_card,,2505.21357,https://huggingface.co/BiliSakura/AgriFM,,,catalogue/models,local model JSON catalogue,candidate_model,local_id: model_bilisakura_agrifm; developer: BiliSakura; discovered_via: hugging-face; tags: transformers; safetensors; agrifm; remote-sensing; agriculture; multispectral; temporal; segmentation; image-segmentation; arxiv:2505.21357; license:apache-2.0; endpoints_compatible; region:us,,,,weights,https://huggingface.co/BiliSakura/AgriFM,Model catalogue
model_bilisakura_alignearth_sar_vit_b_16,2026,AlignEarth-SAR-ViT-B-16,BiliSakura,Hugging Face model card,foundation_models,model_card,,2508.18067,https://huggingface.co/BiliSakura/AlignEarth-SAR-ViT-B-16,,,catalogue/models,local model JSON catalogue,candidate_model,local_id: model_bilisakura_alignearth_sar_vit_b_16; developer: BiliSakura; input_modality: earth-observation; discovered_via: hugging-face; tags: transformers; safetensors; clip; zero-shot-image-classification; vision; remote-sensing; sar; earth-observation; open-vocabulary; image-segmentation; arxiv:2508.18067; license:mit; endpoints_compatible; region:us,,,,weights,https://huggingface.co/BiliSakura/AlignEarth-SAR-ViT-B-16,Model catalogue
model_bilisakura_controlearth,2026,controlearth,BiliSakura,Hugging Face model card,foundation_models,model_card,,,https://huggingface.co/BiliSakura/controlearth,,,catalogue/models,local model JSON catalogue,candidate_model,local_id: model_bilisakura_controlearth; developer: BiliSakura; discovered_via: hugging-face; tags: diffusers; safetensors; controlnet; remote-sensing; openstreetmap; image-to-image; license:apache-2.0; endpoints_compatible; diffusers:StableDiffusionPipeline; region:us,,,,weights,https://huggingface.co/BiliSakura/controlearth,Model catalogue
model_bilisakura_crs_diff,2026,CRS-Diff,BiliSakura,Hugging Face model card,foundation_models,model_card,,,https://huggingface.co/BiliSakura/CRS-Diff,,,catalogue/models,local model JSON catalogue,candidate_model,local_id: model_bilisakura_crs_diff; developer: BiliSakura; discovered_via: hugging-face; tags: diffusers; safetensors; remote-sensing; diffusion; controlnet; custom-pipeline; text-to-image; en; license:apache-2.0; diffusers:CRSDiffPipeline; region:us,,,,weights,https://huggingface.co/BiliSakura/CRS-Diff,Model catalogue
model_bilisakura_cut_openearthmap_sar,2026,CUT-OpenEarthMap-SAR,BiliSakura,Hugging Face model card,foundation_models,model_card,,,https://huggingface.co/BiliSakura/CUT-OpenEarthMap-SAR,,,catalogue/models,local model JSON catalogue,candidate_model,local_id: model_bilisakura_cut_openearthmap_sar; developer: BiliSakura; discovered_via: hugging-face; tags: diffusers; safetensors; remote-sensing; image-to-image; en; dataset:doem1997/openearthmap-sar; license:mit; region:us; datasets: doem1997/openearthmap-sar,,,,weights,https://huggingface.co/BiliSakura/CUT-OpenEarthMap-SAR,Model catalogue
model_bilisakura_ddpm_cd,2026,ddpm-cd,BiliSakura,Hugging Face model card,foundation_models,model_card,,,https://huggingface.co/BiliSakura/ddpm-cd,,,catalogue/models,local model JSON catalogue,candidate_model,local_id: model_bilisakura_ddpm_cd; developer: BiliSakura; discovered_via: hugging-face; tags: diffusers; safetensors; ddpm-cd; change-detection; remote-sensing; license:mit; diffusers:DDPMCDPipeline; region:us,,,,weights,https://huggingface.co/BiliSakura/ddpm-cd,Model catalogue
model_bilisakura_ddpm_cd_pretrained_256,2026,ddpm-cd-pretrained-256,BiliSakura,Hugging Face model card,foundation_models,model_card,,,https://huggingface.co/BiliSakura/ddpm-cd-pretrained-256,,,catalogue/models,local model JSON catalogue,candidate_model,local_id: model_bilisakura_ddpm_cd_pretrained_256; developer: BiliSakura; discovered_via: hugging-face; tags: diffusers; safetensors; ddpm; sr3; remote-sensing; unconditional-generation; image-generation; unconditional-image-generation; license:mit; diffusers:DDPMUnconditionalPipeline; region:us,,,,weights,https://huggingface.co/BiliSakura/ddpm-cd-pretrained-256,Model catalogue
model_bilisakura_dofa_clip_vit_b_16,2026,DOFA-CLIP-ViT-B-16,BiliSakura,Hugging Face model card,foundation_models,model_card,,2503.06312,https://huggingface.co/BiliSakura/DOFA-CLIP-ViT-B-16,,,catalogue/models,local model JSON catalogue,candidate_model,local_id: model_bilisakura_dofa_clip_vit_b_16; developer: BiliSakura; discovered_via: hugging-face; tags: diffusers; safetensors; clip; feature-extraction; remote-sensing; image-feature-extraction; en; arxiv:2503.06312; base_model:earthflow/GeoLB-ViT-B-16-SigLIP-All-EO; base_model:finetune:earthflow/GeoLB-ViT-B-16-SigLIP-All-EO; license:cc-by-nc-4.0; region:us; base_model: earthflow/GeoLB-ViT-B-16-SigLIP-All-EO; finetune:earthflow/GeoLB-ViT-B-16-SigLIP-All-EO,,,,weights,https://huggingface.co/BiliSakura/DOFA-CLIP-ViT-B-16,Model catalogue
model_bilisakura_georsclip_vit_b_32,2026,GeoRSCLIP-ViT-B-32,BiliSakura,Hugging Face model card,foundation_models,model_card,,,https://huggingface.co/BiliSakura/GeoRSCLIP-ViT-B-32,,,catalogue/models,local model JSON catalogue,candidate_model,local_id: model_bilisakura_georsclip_vit_b_32; developer: BiliSakura; discovered_via: hugging-face; tags: safetensors; clip; feature-extraction; remote-sensing; license:mit; region:us,,,,weights,https://huggingface.co/BiliSakura/GeoRSCLIP-ViT-B-32,Model catalogue
model_bilisakura_georsclip_vit_h_14,2026,GeoRSCLIP-ViT-H-14,BiliSakura,Hugging Face model card,foundation_models,model_card,,,https://huggingface.co/BiliSakura/GeoRSCLIP-ViT-H-14,,,catalogue/models,local model JSON catalogue,candidate_model,local_id: model_bilisakura_georsclip_vit_h_14; developer: BiliSakura; discovered_via: hugging-face; tags: safetensors; clip; feature-extraction; remote-sensing; license:mit; region:us,,,,weights,https://huggingface.co/BiliSakura/GeoRSCLIP-ViT-H-14,Model catalogue
model_bilisakura_georsclip_vit_l_14,2026,GeoRSCLIP-ViT-L-14,BiliSakura,Hugging Face model card,foundation_models,model_card,,,https://huggingface.co/BiliSakura/GeoRSCLIP-ViT-L-14,,,catalogue/models,local model JSON catalogue,candidate_model,local_id: model_bilisakura_georsclip_vit_l_14; developer: BiliSakura; discovered_via: hugging-face; tags: safetensors; clip; feature-extraction; remote-sensing; license:mit; region:us,,,,weights,https://huggingface.co/BiliSakura/GeoRSCLIP-ViT-L-14,Model catalogue
model_bilisakura_geosynth_controlnets,2026,GeoSynth-ControlNets,BiliSakura,Hugging Face model card,foundation_models,model_card,,2404.06637,https://huggingface.co/BiliSakura/GeoSynth-ControlNets,,,catalogue/models,local model JSON catalogue,candidate_model,local_id: model_bilisakura_geosynth_controlnets; developer: BiliSakura; discovered_via: hugging-face; tags: diffusers; safetensors; controlnet; remote-sensing; arxiv:2404.06637; image-to-image; license:apache-2.0; endpoints_compatible; diffusers:StableDiffusionPipeline; region:us,,,,weights,https://huggingface.co/BiliSakura/GeoSynth-ControlNets,Model catalogue
model_bilisakura_geosynth_controlnets_location,2026,GeoSynth-ControlNets-Location,BiliSakura,Hugging Face model card,foundation_models,model_card,,2404.06637,https://huggingface.co/BiliSakura/GeoSynth-ControlNets-Location,,,catalogue/models,local model JSON catalogue,candidate_model,local_id: model_bilisakura_geosynth_controlnets_location; developer: BiliSakura; discovered_via: hugging-face; tags: diffusers; safetensors; controlnet; remote-sensing; arxiv:2404.06637; image-to-image; license:apache-2.0; endpoints_compatible; diffusers:StableDiffusionPipeline; region:us,,,,weights,https://huggingface.co/BiliSakura/GeoSynth-ControlNets-Location,Model catalogue
model_bilisakura_git_rsclip_vit_l_16,2026,Git-RSCLIP-ViT-L-16,BiliSakura,Hugging Face model card,foundation_models,model_card,,2501.00895,https://huggingface.co/BiliSakura/Git-RSCLIP-ViT-L-16,,,catalogue/models,local model JSON catalogue,candidate_model,local_id: model_bilisakura_git_rsclip_vit_l_16; developer: BiliSakura; discovered_via: hugging-face; tags: diffusers; safetensors; remote-sensing; clip; siglip; image-text-retrieval; text-to-image; en; arxiv:2501.00895; base_model:lcybuaa/Git-RSCLIP; base_model:finetune:lcybuaa/Git-RSCLIP; license:apache-2.0; region:us; base_model: lcybuaa/Git-RSCLIP; finetune:lcybuaa/Git-RSCLIP,,,,weights,https://huggingface.co/BiliSakura/Git-RSCLIP-ViT-L-16,Model catalogue
model_bilisakura_mars_base_rgb,2026,MaRS-Base-RGB,BiliSakura,Hugging Face model card,foundation_models,model_card,,,https://huggingface.co/BiliSakura/MaRS-Base-RGB,,,catalogue/models,local model JSON catalogue,candidate_model,local_id: model_bilisakura_mars_base_rgb; developer: BiliSakura; discovered_via: hugging-face; tags: transformers; safetensors; swinv2; image-feature-extraction; remote-sensing; feature-extraction; en; endpoints_compatible; region:us,,,,weights,https://huggingface.co/BiliSakura/MaRS-Base-RGB,Model catalogue
model_bilisakura_mars_base_sar,2026,MaRS-Base-SAR,BiliSakura,Hugging Face model card,foundation_models,model_card,,,https://huggingface.co/BiliSakura/MaRS-Base-SAR,,,catalogue/models,local model JSON catalogue,candidate_model,local_id: model_bilisakura_mars_base_sar; developer: BiliSakura; discovered_via: hugging-face; tags: transformers; safetensors; swinv2; image-feature-extraction; remote-sensing; feature-extraction; en; endpoints_compatible; region:us,,,,weights,https://huggingface.co/BiliSakura/MaRS-Base-SAR,Model catalogue
model_bilisakura_moco_tp_resnet_50,2026,MoCo-TP-ResNet-50,BiliSakura,Hugging Face model card,foundation_models,model_card,,,https://huggingface.co/BiliSakura/MoCo-TP-ResNet-50,,,catalogue/models,local model JSON catalogue,candidate_model,local_id: model_bilisakura_moco_tp_resnet_50; developer: BiliSakura; discovered_via: hugging-face; tags: transformers; safetensors; moco_resnet; image-classification; remote-sensing; resnet; pytorch; self-supervised-learning; contrastive-learning; moco; custom_code; license:mit; region:us,,,,weights,https://huggingface.co/BiliSakura/MoCo-TP-ResNet-50,Model catalogue
model_bilisakura_pix2pix_sar2rgb_ckpt,2026,pix2pix-sar2rgb-ckpt,BiliSakura,Hugging Face model card,foundation_models,model_card,,,https://huggingface.co/BiliSakura/pix2pix-sar2rgb-ckpt,,,catalogue/models,local model JSON catalogue,candidate_model,local_id: model_bilisakura_pix2pix_sar2rgb_ckpt; developer: BiliSakura; discovered_via: hugging-face; tags: pytorch; diffusers; safetensors; pix2pix; sar-to-rgb; remote-sensing; checkpoint; image-to-image; en; license:mit; region:us,,,,weights,https://huggingface.co/BiliSakura/pix2pix-sar2rgb-ckpt,Model catalogue
model_bilisakura_remote_clip_vit_l_14,2026,Remote-CLIP-ViT-L-14,BiliSakura,Hugging Face model card,foundation_models,model_card,,,https://huggingface.co/BiliSakura/Remote-CLIP-ViT-L-14,,,catalogue/models,local model JSON catalogue,candidate_model,local_id: model_bilisakura_remote_clip_vit_l_14; developer: BiliSakura; discovered_via: hugging-face; tags: safetensors; clip; feature-extraction; remote-sensing; base_model:chendelong/RemoteCLIP; base_model:finetune:chendelong/RemoteCLIP; license:apache-2.0; region:us; base_model: chendelong/RemoteCLIP; finetune:chendelong/RemoteCLIP,,,,weights,https://huggingface.co/BiliSakura/Remote-CLIP-ViT-L-14,Model catalogue
model_bilisakura_rs_m_clip_vit_b_32,2026,RS-M-CLIP-ViT-B-32,BiliSakura,Hugging Face model card,foundation_models,model_card,,2410.23370,https://huggingface.co/BiliSakura/RS-M-CLIP-ViT-B-32,,,catalogue/models,local model JSON catalogue,candidate_model,local_id: model_bilisakura_rs_m_clip_vit_b_32; developer: BiliSakura; discovered_via: hugging-face; tags: safetensors; clip; feature-extraction; remote-sensing; multilingual; arxiv:2410.23370; license:mit; region:us,,,,weights,https://huggingface.co/BiliSakura/RS-M-CLIP-ViT-B-32,Model catalogue
model_bilisakura_rs_painter_diffusers,2026,RS-Painter-Diffusers,BiliSakura,Hugging Face model card,foundation_models,model_card,,2503.03785,https://huggingface.co/BiliSakura/RS-Painter-Diffusers,,,catalogue/models,local model JSON catalogue,candidate_model,local_id: model_bilisakura_rs_painter_diffusers; developer: BiliSakura; discovered_via: hugging-face; tags: diffusers; safetensors; image-to-image; stable-diffusion; remote-sensing; semantic-segmentation; diffusion-models; few-shot; sat-imagery; StableDiffusionInpaintPipeline; arxiv:2503.03785; license:apache-2.0; diffusers:StableDiffusionInpaintPipeline; region:us,,,,weights,https://huggingface.co/BiliSakura/RS-Painter-Diffusers,Model catalogue
model_bilisakura_rsbuilding_swin_b,2026,RSBuilding-Swin-B,BiliSakura,Hugging Face model card,foundation_models,model_card,,,https://huggingface.co/BiliSakura/RSBuilding-Swin-B,,,catalogue/models,local model JSON catalogue,candidate_model,local_id: model_bilisakura_rsbuilding_swin_b; developer: BiliSakura; discovered_via: hugging-face; tags: transformers; safetensors; swin; image-feature-extraction; remote-sensing; computer-vision; swin-transformer; building-extraction; change-detection; foundation-model; feature-extraction; dataset:remote-sensing-images; license:apache-2.0; endpoints_compatible; region:us; datasets: remote-sensing-images,,,,weights,https://huggingface.co/BiliSakura/RSBuilding-Swin-B,Model catalogue
model_bilisakura_rsbuilding_swin_t,2026,RSBuilding-Swin-T,BiliSakura,Hugging Face model card,foundation_models,model_card,,,https://huggingface.co/BiliSakura/RSBuilding-Swin-T,,,catalogue/models,local model JSON catalogue,candidate_model,local_id: model_bilisakura_rsbuilding_swin_t; developer: BiliSakura; discovered_via: hugging-face; tags: transformers; safetensors; swin; image-feature-extraction; remote-sensing; computer-vision; swin-transformer; building-extraction; change-detection; foundation-model; feature-extraction; dataset:remote-sensing-images; license:apache-2.0; endpoints_compatible; region:us; datasets: remote-sensing-images,,,,weights,https://huggingface.co/BiliSakura/RSBuilding-Swin-T,Model catalogue
model_bilisakura_rsbuilding_vit_b,2026,RSBuilding-ViT-B,BiliSakura,Hugging Face model card,foundation_models,model_card,,,https://huggingface.co/BiliSakura/RSBuilding-ViT-B,,,catalogue/models,local model JSON catalogue,candidate_model,local_id: model_bilisakura_rsbuilding_vit_b; developer: BiliSakura; discovered_via: hugging-face; tags: transformers; safetensors; sam_vision_model; feature-extraction; remote-sensing; computer-vision; vision-transformer; sam; building-extraction; change-detection; foundation-model; dataset:remote-sensing-images; license:apache-2.0; endpoints_compatible; region:us; datasets: remote-sensing-images,,,,weights,https://huggingface.co/BiliSakura/RSBuilding-ViT-B,Model catalogue
model_bilisakura_rsbuilding_vit_l,2026,RSBuilding-ViT-L,BiliSakura,Hugging Face model card,foundation_models,model_card,,,https://huggingface.co/BiliSakura/RSBuilding-ViT-L,,,catalogue/models,local model JSON catalogue,candidate_model,local_id: model_bilisakura_rsbuilding_vit_l; developer: BiliSakura; discovered_via: hugging-face; tags: transformers; safetensors; sam_vision_model; feature-extraction; remote-sensing; computer-vision; vision-transformer; sam; building-extraction; change-detection; foundation-model; dataset:remote-sensing-images; license:apache-2.0; endpoints_compatible; region:us; datasets: remote-sensing-images,,,,weights,https://huggingface.co/BiliSakura/RSBuilding-ViT-L,Model catalogue
model_bilisakura_rsccm,2025,RSCCM,BiliSakura,Hugging Face model card,foundation_models,model_card,,2509.01907; 2502.13923,https://huggingface.co/BiliSakura/RSCCM,,,catalogue/models,local model JSON catalogue,candidate_model,local_id: model_bilisakura_rsccm; developer: BiliSakura; discovered_via: hugging-face; tags: transformers; safetensors; qwen2_5_vl; image-text-to-text; remote-sensing; change-detection; image-captioning; conversational; en; dataset:BiliSakura/RSCC; arxiv:2509.01907; arxiv:2502.13923; base_model:Qwen/Qwen2.5-VL-7B-Instruct; base_model:finetune:Qwen/Qwen2.5-VL-7B-Instruct; license:cc-by-4.0; text-generation-inference; endpoints_compatible; region:us; base_model: Qwen/Qwen2.5-VL-7B-Instruct; finetune:Qwen/Qwen2.5-VL-7B-Instruct; datasets: BiliSakura/RSCC,,,,weights,https://huggingface.co/BiliSakura/RSCCM,Model catalogue
model_bilisakura_rsedit_dit,2026,RSEdit-DiT,BiliSakura,Hugging Face model card,foundation_models,model_card,,2603.13708,https://huggingface.co/BiliSakura/RSEdit-DiT,,,catalogue/models,local model JSON catalogue,candidate_model,local_id: model_bilisakura_rsedit_dit; developer: BiliSakura; discovered_via: hugging-face; tags: diffusers; tensorboard; safetensors; remote-sensing; image-editing; diffusion; image-to-image; arxiv:2603.13708; diffusers:RSEditDiTPipeline; region:us,,,,weights,https://huggingface.co/BiliSakura/RSEdit-DiT,Model catalogue
model_bilisakura_rsedit_unet_text_ablation,2026,RSEdit-UNet-text-ablation,BiliSakura,Hugging Face model card,foundation_models,model_card,,2603.13708,https://huggingface.co/BiliSakura/RSEdit-UNet-text-ablation,,,catalogue/models,local model JSON catalogue,candidate_model,local_id: model_bilisakura_rsedit_unet_text_ablation; developer: BiliSakura; discovered_via: hugging-face; tags: diffusers; tensorboard; safetensors; remote-sensing; image-editing; stable-diffusion; image-to-image; arxiv:2603.13708; region:us,,,,weights,https://huggingface.co/BiliSakura/RSEdit-UNet-text-ablation,Model catalogue
model_bilisakura_rsp_resnet_50,2026,RSP-ResNet-50,BiliSakura,Hugging Face model card,foundation_models,model_card,,,https://huggingface.co/BiliSakura/RSP-ResNet-50,,,catalogue/models,local model JSON catalogue,candidate_model,local_id: model_bilisakura_rsp_resnet_50; developer: BiliSakura; discovered_via: hugging-face; tags: transformers; safetensors; rsp_resnet; image-classification; remote-sensing; resnet; pytorch; custom_code; license:mit; region:us,,,,weights,https://huggingface.co/BiliSakura/RSP-ResNet-50,Model catalogue
model_bilisakura_rsp_swin_t,2026,RSP-Swin-T,BiliSakura,Hugging Face model card,foundation_models,model_card,,,https://huggingface.co/BiliSakura/RSP-Swin-T,,,catalogue/models,local model JSON catalogue,candidate_model,local_id: model_bilisakura_rsp_swin_t; developer: BiliSakura; discovered_via: hugging-face; tags: transformers; safetensors; rsp_swin; image-classification; remote-sensing; swin-transformer; pytorch; custom_code; license:mit; region:us,,,,weights,https://huggingface.co/BiliSakura/RSP-Swin-T,Model catalogue
model_bilisakura_rsp_vitaev2_s,2026,RSP-ViTAEv2-S,BiliSakura,Hugging Face model card,foundation_models,model_card,,,https://huggingface.co/BiliSakura/RSP-ViTAEv2-S,,,catalogue/models,local model JSON catalogue,candidate_model,local_id: model_bilisakura_rsp_vitaev2_s; developer: BiliSakura; discovered_via: hugging-face; tags: transformers; safetensors; rsp_vitae; image-classification; remote-sensing; vitae; pytorch; custom_code; license:mit; region:us,,,,weights,https://huggingface.co/BiliSakura/RSP-ViTAEv2-S,Model catalogue
model_bilisakura_segearth_ov,2026,SegEarth-OV,BiliSakura,Hugging Face model card,foundation_models,model_card,,2508.18067; 2512.08730,https://huggingface.co/BiliSakura/SegEarth-OV,,,catalogue/models,local model JSON catalogue,candidate_model,local_id: model_bilisakura_segearth_ov; developer: BiliSakura; input_modality: earth-observation; discovered_via: hugging-face; tags: transformers; safetensors; remote-sensing; earth-observation; open-vocabulary; clip; sam3; semantic-segmentation; image-segmentation; arxiv:2508.18067; arxiv:2512.08730; license:mit; endpoints_compatible; region:us,,,,weights,https://huggingface.co/BiliSakura/SegEarth-OV,Model catalogue
model_bilisakura_skyclip_vit_l_14,2026,SkyCLIP-ViT-L-14,BiliSakura,Hugging Face model card,foundation_models,model_card,,,https://huggingface.co/BiliSakura/SkyCLIP-ViT-L-14,,,catalogue/models,local model JSON catalogue,candidate_model,local_id: model_bilisakura_skyclip_vit_l_14; developer: BiliSakura; discovered_via: hugging-face; tags: safetensors; clip; feature-extraction; remote-sensing; vision; license:mit; region:us,,,,weights,https://huggingface.co/BiliSakura/SkyCLIP-ViT-L-14,Model catalogue
model_bilisakura_skysensepp,2026,SkySensepp,BiliSakura,Hugging Face model card,foundation_models,model_card,,,https://huggingface.co/BiliSakura/SkySensepp,,,catalogue/models,local model JSON catalogue,candidate_model,local_id: model_bilisakura_skysensepp; developer: BiliSakura; input_modality: earth-observation; discovered_via: hugging-face; tags: diffusers; safetensors; skysensepp; earth-observation; remote-sensing; segmentation; multi-modal; optical; sentinel-1; sentinel-2; computer-vision; image-segmentation; custom_code; en; dataset:zenodo; dataset:huggingface; license:apache-2.0; region:us; datasets: zenodo; huggingface,,,,weights,https://huggingface.co/BiliSakura/SkySensepp,Model catalogue
model_bilisakura_skysensepp_fewshot,2026,SkySensepp-fewshot,BiliSakura,Hugging Face model card,foundation_models,model_card,,,https://huggingface.co/BiliSakura/SkySensepp-fewshot,,,catalogue/models,local model JSON catalogue,candidate_model,local_id: model_bilisakura_skysensepp_fewshot; developer: BiliSakura; input_modality: earth-observation; discovered_via: hugging-face; tags: diffusers; safetensors; skysensepp; earth-observation; remote-sensing; segmentation; multi-modal; optical; sentinel-1; sentinel-2; computer-vision; few-shot; foundation-model; image-segmentation; custom_code; en; dataset:zenodo; dataset:huggingface; license:apache-2.0; region:us; datasets: zenodo; huggingface,,,,weights,https://huggingface.co/BiliSakura/SkySensepp-fewshot,Model catalogue
model_bilisakura_txt2img_mhn_vqgan,2026,Txt2Img-MHN-VQGAN,BiliSakura,Hugging Face model card,foundation_models,model_card,,2208.04441,https://huggingface.co/BiliSakura/Txt2Img-MHN-VQGAN,,,catalogue/models,local model JSON catalogue,candidate_model,local_id: model_bilisakura_txt2img_mhn_vqgan; developer: BiliSakura; discovered_via: hugging-face; tags: diffusers; safetensors; txt2img_mhn_vqgan; vae; autoencoder; remote-sensing; image-generation; vqgan; pytorch; image-to-image; arxiv:2208.04441; license:mit; region:us,,,,weights,https://huggingface.co/BiliSakura/Txt2Img-MHN-VQGAN,Model catalogue
model_bilisakura_txt2img_mhn_vqvae,2026,Txt2Img-MHN-VQVAE,BiliSakura,Hugging Face model card,foundation_models,model_card,,2208.04441,https://huggingface.co/BiliSakura/Txt2Img-MHN-VQVAE,,,catalogue/models,local model JSON catalogue,candidate_model,local_id: model_bilisakura_txt2img_mhn_vqvae; developer: BiliSakura; discovered_via: hugging-face; tags: diffusers; safetensors; txt2img_mhn_vqvae; vae; autoencoder; remote-sensing; image-generation; vqvae; pytorch; image-to-image; arxiv:2208.04441; license:mit; region:us,,,,weights,https://huggingface.co/BiliSakura/Txt2Img-MHN-VQVAE,Model catalogue
model_bilisakura_unsb_ckpt,2026,UNSB-ckpt,BiliSakura,Hugging Face model card,foundation_models,model_card,,,https://huggingface.co/BiliSakura/UNSB-ckpt,,,catalogue/models,local model JSON catalogue,candidate_model,local_id: model_bilisakura_unsb_ckpt; developer: BiliSakura; discovered_via: hugging-face; tags: pytorch; diffusers; safetensors; unsb; image-translation; unpaired-image-to-image-translation; remote-sensing; image-to-image; en; license:mit; region:us,,,,weights,https://huggingface.co/BiliSakura/UNSB-ckpt,Model catalogue
model_bilisakura_vitp_internvl_1b_rs,2026,ViTP-InternVL-1B-RS,BiliSakura,Hugging Face model card,foundation_models,model_card,,,https://huggingface.co/BiliSakura/ViTP-InternVL-1B-RS,,,catalogue/models,local model JSON catalogue,candidate_model,local_id: model_bilisakura_vitp_internvl_1b_rs; developer: BiliSakura; discovered_via: hugging-face; tags: transformers; safetensors; intern_vit_6b; feature-extraction; vision; image-classification; vit; ViTP; InternVL; domain-adaptation; remote-sensing; image-feature-extraction; custom_code; en; base_model:GreatBird/ViTP; base_model:finetune:GreatBird/ViTP; license:cc-by-nc-4.0; region:us; base_model: GreatBird/ViTP; finetune:GreatBird/ViTP,,,,weights,https://huggingface.co/BiliSakura/ViTP-InternVL-1B-RS,Model catalogue
model_bilisakura_vitp_vit_l_300m_rs,2026,ViTP-Vit-L-300M-RS,BiliSakura,Hugging Face model card,foundation_models,model_card,,,https://huggingface.co/BiliSakura/ViTP-Vit-L-300M-RS,,,catalogue/models,local model JSON catalogue,candidate_model,local_id: model_bilisakura_vitp_vit_l_300m_rs; developer: BiliSakura; discovered_via: hugging-face; tags: transformers; safetensors; intern_vit_6b; feature-extraction; vision; image-classification; vit; ViTP; domain-adaptation; remote-sensing; image-feature-extraction; custom_code; en; base_model:GreatBird/ViTP; base_model:finetune:GreatBird/ViTP; license:cc-by-nc-4.0; region:us; base_model: GreatBird/ViTP; finetune:GreatBird/ViTP,,,,weights,https://huggingface.co/BiliSakura/ViTP-Vit-L-300M-RS,Model catalogue
model_bilisakura_zoomldm_naip,2026,ZoomLDM-naip,BiliSakura,Hugging Face model card,foundation_models,model_card,,2411.16969,https://huggingface.co/BiliSakura/ZoomLDM-naip,,,catalogue/models,local model JSON catalogue,candidate_model,local_id: model_bilisakura_zoomldm_naip; developer: BiliSakura; discovered_via: hugging-face; tags: diffusers; safetensors; zoomldm; remote-sensing; naip; latent-diffusion; custom-pipeline; arxiv:2411.16969; image-to-image; license:apache-2.0; diffusers:ZoomLDMPipeline; region:us,,,,weights,https://huggingface.co/BiliSakura/ZoomLDM-naip,Model catalogue
model_bluelabel_satellite_equipment_detection_yolov8n_vhr10,2025,satellite-equipment-detection-yolov8n-vhr10,bluelabel,Hugging Face model card,foundation_models,model_card,,,https://huggingface.co/bluelabel/satellite-equipment-detection-yolov8n-vhr10,,,catalogue/models,local model JSON catalogue,candidate_model,local_id: model_bluelabel_satellite_equipment_detection_yolov8n_vhr10; developer: bluelabel; input_modality: satellite-imagery; discovered_via: hugging-face; tags: computer-vision; object-detection; yolov8; satellite-imagery; remote-sensing; vhr-10; geospatial; equipment-detection; en; dataset:VHR-10; license:mit; region:us; datasets: VHR-10,,,,weights,https://huggingface.co/bluelabel/satellite-equipment-detection-yolov8n-vhr10,Model catalogue
model_boadisamson_llama_3_2_3b_qgis_update1_q4_k_m_instruct,2024,Llama-3.2-3B-Qgis-update1-q4_k_m-Instruct,boadisamson,Hugging Face model card,foundation_models,model_card,,,https://huggingface.co/boadisamson/Llama-3.2-3B-Qgis-update1-q4_k_m-Instruct,,,catalogue/models,local model JSON catalogue,candidate_model,local_id: model_boadisamson_llama_3_2_3b_qgis_update1_q4_k_m_instruct; developer: boadisamson; discovered_via: hugging-face; tags: transformers; gguf; llama; qgis; geospatial; instruction-following; conversational; en; dataset:custom-qgis-dataset; license:apache-2.0; endpoints_compatible; region:us; datasets: custom-qgis-dataset,,,,weights,https://huggingface.co/boadisamson/Llama-3.2-3B-Qgis-update1-q4_k_m-Instruct,Model catalogue
model_botao0818_zasolar_exp003_c_targeted_hn,2026,zasolar-exp003-c-targeted-hn,botao0818,Hugging Face model card,foundation_models,model_card,,,https://huggingface.co/botao0818/zasolar-exp003-c-targeted-hn,,,catalogue/models,local model JSON catalogue,candidate_model,local_id: model_botao0818_zasolar_exp003_c_targeted_hn; developer: botao0818; discovered_via: hugging-face; tags: pytorch; solar; rooftop-solar; instance-segmentation; mask-rcnn; remote-sensing; geospatial; image-segmentation; license:mit; region:us,,,,weights,https://huggingface.co/botao0818/zasolar-exp003-c-targeted-hn,Model catalogue
model_burdenthrive_cloud_detection_segformer_mit_b4_rgb,2025,cloud-detection-segformer-mit_b4-RGB,Burdenthrive,Hugging Face model card,foundation_models,model_card,,,https://huggingface.co/Burdenthrive/cloud-detection-segformer-mit_b4-RGB,,,catalogue/models,local model JSON catalogue,candidate_model,local_id: model_burdenthrive_cloud_detection_segformer_mit_b4_rgb; developer: Burdenthrive; discovered_via: hugging-face; tags: pytorch; segformer; mit-b4; transformer; segmentation-models-pytorch; timm; remote-sensing; sentinel-2; rgb; cloud-detection; image-segmentation; dataset:isp-uv-es/CloudSEN12Plus; doi:10.57967/hf/6472; license:mit; region:us; datasets: isp-uv-es/CloudSEN12Plus,,,,weights,https://huggingface.co/Burdenthrive/cloud-detection-segformer-mit_b4-RGB,Model catalogue
model_burdenthrive_cloud_detection_unet_regnetzd8,2025,cloud-detection-unet-regnetzd8,Burdenthrive,Hugging Face model card,foundation_models,model_card,,,https://huggingface.co/Burdenthrive/cloud-detection-unet-regnetzd8,,,catalogue/models,local model JSON catalogue,candidate_model,local_id: model_burdenthrive_cloud_detection_unet_regnetzd8; developer: Burdenthrive; discovered_via: hugging-face; tags: pytorch; unet; regnetz_d8; segmentation-models-pytorch; timm; remote-sensing; sentinel-2; multispectral; cloud-detection; image-segmentation; dataset:isp-uv-es/CloudSEN12Plus; doi:10.57967/hf/6471; license:mit; region:us; datasets: isp-uv-es/CloudSEN12Plus,,,,weights,https://huggingface.co/Burdenthrive/cloud-detection-unet-regnetzd8,Model catalogue
model_bxuanz_flux_rs,2026,FLUX-RS,BxuanZ,Hugging Face model card,foundation_models,model_card,,2603.21783,https://huggingface.co/BxuanZ/FLUX-RS,,,catalogue/models,local model JSON catalogue,candidate_model,local_id: model_bxuanz_flux_rs; developer: BxuanZ; discovered_via: hugging-face; tags: diffusers; safetensors; flux; remote-sensing; text-to-image; sharp; aerial-image-generation; arxiv:2603.21783; base_model:black-forest-labs/FLUX.1-dev; base_model:finetune:black-forest-labs/FLUX.1-dev; license:other; endpoints_compatible; diffusers:FluxPipeline; region:us; base_model: black-forest-labs/FLUX.1-dev; finetune:black-forest-labs/FLUX.1-dev,,,,weights,https://huggingface.co/BxuanZ/FLUX-RS,Model catalogue
model_callmedaniel_ntire2026_infraredsr,2026,NTIRE2026-InfraredSR,CallMeDaniel,Hugging Face model card,foundation_models,model_card,,,https://huggingface.co/CallMeDaniel/NTIRE2026-InfraredSR,,,catalogue/models,local model JSON catalogue,candidate_model,local_id: model_callmedaniel_ntire2026_infraredsr; developer: CallMeDaniel; discovered_via: hugging-face; tags: image-super-resolution; infrared; remote-sensing; ntire2026; pytorch; image-to-image; dataset:custom; license:mit; region:us; datasets: custom,,,,weights,https://huggingface.co/CallMeDaniel/NTIRE2026-InfraredSR,Model catalogue
model_camilletyriard_glacier_segmentation_attention_unet,2026,glacier-segmentation-attention-unet,camilletyriard,Hugging Face model card,foundation_models,model_card,,,https://huggingface.co/camilletyriard/glacier-segmentation-attention-unet,,,catalogue/models,local model JSON catalogue,candidate_model,local_id: model_camilletyriard_glacier_segmentation_attention_unet; developer: camilletyriard; discovered_via: hugging-face; tags: keras; image-segmentation; remote-sensing; glacier; sentinel-2; attention-unet; geospatial; license:mit; region:us,,,,weights,https://huggingface.co/camilletyriard/glacier-segmentation-attention-unet,Model catalogue
model_chrimerss_flood_foundation_prithvi_100m,2025,flood-foundation-prithvi-100m,chrimerss,Hugging Face model card,foundation_models,model_card,,,https://huggingface.co/chrimerss/flood-foundation-prithvi-100m,,,catalogue/models,local model JSON catalogue,candidate_model,local_id: model_chrimerss_flood_foundation_prithvi_100m; developer: chrimerss; input_modality: earth-observation; discovered_via: hugging-face; tags: terratorch; flood-segmentation; remote-sensing; earth-observation; dem; computer-vision; prithvi; foundation-model; image-segmentation; en; dataset:custom-flood-dataset; license:mit; region:us; datasets: custom-flood-dataset,,,,weights,https://huggingface.co/chrimerss/flood-foundation-prithvi-100m,Model catalogue
model_chrimerss_flood_foundation_prithvi_300m,2025,flood-foundation-prithvi-300m,chrimerss,Hugging Face model card,foundation_models,model_card,,,https://huggingface.co/chrimerss/flood-foundation-prithvi-300m,,,catalogue/models,local model JSON catalogue,candidate_model,local_id: model_chrimerss_flood_foundation_prithvi_300m; developer: chrimerss; input_modality: earth-observation; discovered_via: hugging-face; tags: terratorch; flood-segmentation; remote-sensing; earth-observation; dem; computer-vision; prithvi; foundation-model; image-segmentation; en; dataset:custom-flood-dataset; license:mit; region:us; datasets: custom-flood-dataset,,,,weights,https://huggingface.co/chrimerss/flood-foundation-prithvi-300m,Model catalogue
model_chrimerss_flood_foundation_prithvi_600m,2025,flood-foundation-prithvi-600m,chrimerss,Hugging Face model card,foundation_models,model_card,,,https://huggingface.co/chrimerss/flood-foundation-prithvi-600m,,,catalogue/models,local model JSON catalogue,candidate_model,local_id: model_chrimerss_flood_foundation_prithvi_600m; developer: chrimerss; input_modality: earth-observation; discovered_via: hugging-face; tags: terratorch; flood-segmentation; remote-sensing; earth-observation; dem; computer-vision; prithvi; foundation-model; image-segmentation; en; dataset:custom-flood-dataset; license:mit; region:us; datasets: custom-flood-dataset,,,,weights,https://huggingface.co/chrimerss/flood-foundation-prithvi-600m,Model catalogue
model_chrimerss_flood_foundation_prithvi_tiny,2025,flood-foundation-prithvi-tiny,chrimerss,Hugging Face model card,foundation_models,model_card,,,https://huggingface.co/chrimerss/flood-foundation-prithvi-tiny,,,catalogue/models,local model JSON catalogue,candidate_model,local_id: model_chrimerss_flood_foundation_prithvi_tiny; developer: chrimerss; input_modality: earth-observation; discovered_via: hugging-face; tags: terratorch; flood-segmentation; remote-sensing; earth-observation; dem; computer-vision; prithvi; foundation-model; image-segmentation; en; dataset:custom-flood-dataset; license:mit; region:us; datasets: custom-flood-dataset,,,,weights,https://huggingface.co/chrimerss/flood-foundation-prithvi-tiny,Model catalogue
model_chrimerss_flood_foundation_resnet101_unet,2025,flood-foundation-resnet101-unet,chrimerss,Hugging Face model card,foundation_models,model_card,,,https://huggingface.co/chrimerss/flood-foundation-resnet101-unet,,,catalogue/models,local model JSON catalogue,candidate_model,local_id: model_chrimerss_flood_foundation_resnet101_unet; developer: chrimerss; input_modality: earth-observation; discovered_via: hugging-face; tags: terratorch; flood-segmentation; remote-sensing; earth-observation; dem; computer-vision; prithvi; foundation-model; image-segmentation; en; dataset:custom-flood-dataset; license:mit; region:us; datasets: custom-flood-dataset,,,,weights,https://huggingface.co/chrimerss/flood-foundation-resnet101-unet,Model catalogue
model_chrimerss_flood_foundation_resnet152_unet,2025,flood-foundation-resnet152-unet,chrimerss,Hugging Face model card,foundation_models,model_card,,,https://huggingface.co/chrimerss/flood-foundation-resnet152-unet,,,catalogue/models,local model JSON catalogue,candidate_model,local_id: model_chrimerss_flood_foundation_resnet152_unet; developer: chrimerss; input_modality: earth-observation; discovered_via: hugging-face; tags: terratorch; flood-segmentation; remote-sensing; earth-observation; dem; computer-vision; prithvi; foundation-model; image-segmentation; en; dataset:custom-flood-dataset; license:mit; region:us; datasets: custom-flood-dataset,,,,weights,https://huggingface.co/chrimerss/flood-foundation-resnet152-unet,Model catalogue
model_chrimerss_flood_foundation_resnet50_unet,2025,flood-foundation-resnet50-unet,chrimerss,Hugging Face model card,foundation_models,model_card,,,https://huggingface.co/chrimerss/flood-foundation-resnet50-unet,,,catalogue/models,local model JSON catalogue,candidate_model,local_id: model_chrimerss_flood_foundation_resnet50_unet; developer: chrimerss; input_modality: earth-observation; discovered_via: hugging-face; tags: terratorch; flood-segmentation; remote-sensing; earth-observation; dem; computer-vision; prithvi; foundation-model; image-segmentation; en; dataset:custom-flood-dataset; license:mit; region:us; datasets: custom-flood-dataset,,,,weights,https://huggingface.co/chrimerss/flood-foundation-resnet50-unet,Model catalogue
model_chrisrpl_blackline_atlas_lfm25_vl_sft_hf_corpus_diag_v1_adap,2026,blackline-atlas-lfm25-vl-sft-hf-corpus-diag-v1-adapter,ChrisRPL,Hugging Face model card,foundation_models,model_card,,,https://huggingface.co/ChrisRPL/blackline-atlas-lfm25-vl-sft-hf-corpus-diag-v1-adapter,,,catalogue/models,local model JSON catalogue,candidate_adapter_model,local_id: model_chrisrpl_blackline_atlas_lfm25_vl_sft_hf_corpus_diag_v1_adap; developer: ChrisRPL; input_modality: satellite-imagery; discovered_via: hugging-face; tags: peft; safetensors; deprecated; blackline-atlas; lfm2.5-vl; lora; satellite-imagery; sentinel-2; civilian-disruption-triage; reproducibility; dataset:ChrisRPL/blackline-atlas-training-corpus-v1; base_model:LiquidAI/LFM2.5-VL-450M; base_model:adapter:LiquidAI/LFM2.5-VL-450M; license:other; region:us; base_model: LiquidAI/LFM2.5-VL-450M; adapter:LiquidAI/LFM2.5-VL-450M; datasets: ChrisRPL/blackline-atlas-training-corpus-v1,,,,weights,https://huggingface.co/ChrisRPL/blackline-atlas-lfm25-vl-sft-hf-corpus-diag-v1-adapter,Model catalogue
model_chrisrpl_blackline_atlas_lfm25_vl_sft_hf_corpus_full_v1b_ada,2026,blackline-atlas-lfm25-vl-sft-hf-corpus-full-v1b-adapter,ChrisRPL,Hugging Face model card,foundation_models,model_card,,,https://huggingface.co/ChrisRPL/blackline-atlas-lfm25-vl-sft-hf-corpus-full-v1b-adapter,,,catalogue/models,local model JSON catalogue,candidate_adapter_model,local_id: model_chrisrpl_blackline_atlas_lfm25_vl_sft_hf_corpus_full_v1b_ada; developer: ChrisRPL; input_modality: satellite-imagery; discovered_via: hugging-face; tags: peft; safetensors; blackline-atlas; lfm2.5-vl; lora; satellite-imagery; sentinel-2; simsat; vision-language-model; civilian-disruption-triage; source-led-evidence; humanitarian; dataset:ChrisRPL/blackline-atlas-training-corpus-v1; base_model:LiquidAI/LFM2.5-VL-450M; base_model:adapter:LiquidAI/LFM2.5-VL-450M; license:other; model-index; region:us; base_model: LiquidAI/LFM2.5-VL-450M; adapter:LiquidAI/LFM2.5-VL-450M; datasets: ChrisRPL/blackline-atlas-training-corpus-v1,,,,weights,https://huggingface.co/ChrisRPL/blackline-atlas-lfm25-vl-sft-hf-corpus-full-v1b-adapter,Model catalogue
model_chrisrpl_blackline_atlas_lfm25_vl_sft_train_hf_aux_v10_adapt,2026,blackline-atlas-lfm25-vl-sft-train-hf-aux-v10-adapter,ChrisRPL,Hugging Face model card,foundation_models,model_card,,,https://huggingface.co/ChrisRPL/blackline-atlas-lfm25-vl-sft-train-hf-aux-v10-adapter,,,catalogue/models,local model JSON catalogue,candidate_adapter_model,local_id: model_chrisrpl_blackline_atlas_lfm25_vl_sft_train_hf_aux_v10_adapt; developer: ChrisRPL; input_modality: satellite-imagery; discovered_via: hugging-face; tags: peft; safetensors; deprecated; blackline-atlas; lfm2.5-vl; lora; satellite-imagery; sentinel-2; civilian-disruption-triage; reproducibility; dataset:ChrisRPL/blackline-atlas-training-corpus-v1; base_model:LiquidAI/LFM2.5-VL-450M; base_model:adapter:LiquidAI/LFM2.5-VL-450M; license:other; region:us; base_model: LiquidAI/LFM2.5-VL-450M; adapter:LiquidAI/LFM2.5-VL-450M; datasets: ChrisRPL/blackline-atlas-training-corpus-v1,,,,weights,https://huggingface.co/ChrisRPL/blackline-atlas-lfm25-vl-sft-train-hf-aux-v10-adapter,Model catalogue
model_chrisrpl_blackline_atlas_lfm25_vl_sft_train_hf_aux_v7_adapte,2026,blackline-atlas-lfm25-vl-sft-train-hf-aux-v7-adapter,ChrisRPL,Hugging Face model card,foundation_models,model_card,,,https://huggingface.co/ChrisRPL/blackline-atlas-lfm25-vl-sft-train-hf-aux-v7-adapter,,,catalogue/models,local model JSON catalogue,candidate_adapter_model,local_id: model_chrisrpl_blackline_atlas_lfm25_vl_sft_train_hf_aux_v7_adapte; developer: ChrisRPL; input_modality: satellite-imagery; discovered_via: hugging-face; tags: peft; safetensors; deprecated; blackline-atlas; lfm2.5-vl; lora; satellite-imagery; sentinel-2; civilian-disruption-triage; reproducibility; dataset:ChrisRPL/blackline-atlas-training-corpus-v1; base_model:LiquidAI/LFM2.5-VL-450M; base_model:adapter:LiquidAI/LFM2.5-VL-450M; license:other; region:us; base_model: LiquidAI/LFM2.5-VL-450M; adapter:LiquidAI/LFM2.5-VL-450M; datasets: ChrisRPL/blackline-atlas-training-corpus-v1,,,,weights,https://huggingface.co/ChrisRPL/blackline-atlas-lfm25-vl-sft-train-hf-aux-v7-adapter,Model catalogue
model_chrisrpl_blackline_atlas_lfm25_vl_sft_train_hf_aux_v8_adapte,2026,blackline-atlas-lfm25-vl-sft-train-hf-aux-v8-adapter,ChrisRPL,Hugging Face model card,foundation_models,model_card,,,https://huggingface.co/ChrisRPL/blackline-atlas-lfm25-vl-sft-train-hf-aux-v8-adapter,,,catalogue/models,local model JSON catalogue,candidate_adapter_model,local_id: model_chrisrpl_blackline_atlas_lfm25_vl_sft_train_hf_aux_v8_adapte; developer: ChrisRPL; input_modality: satellite-imagery; discovered_via: hugging-face; tags: peft; safetensors; deprecated; blackline-atlas; lfm2.5-vl; lora; satellite-imagery; sentinel-2; civilian-disruption-triage; reproducibility; dataset:ChrisRPL/blackline-atlas-training-corpus-v1; base_model:LiquidAI/LFM2.5-VL-450M; base_model:adapter:LiquidAI/LFM2.5-VL-450M; license:other; region:us; base_model: LiquidAI/LFM2.5-VL-450M; adapter:LiquidAI/LFM2.5-VL-450M; datasets: ChrisRPL/blackline-atlas-training-corpus-v1,,,,weights,https://huggingface.co/ChrisRPL/blackline-atlas-lfm25-vl-sft-train-hf-aux-v8-adapter,Model catalogue
model_chrisrpl_blackline_atlas_lfm25_vl_sft_train_hf_aux_v9_adapte,2026,blackline-atlas-lfm25-vl-sft-train-hf-aux-v9-adapter,ChrisRPL,Hugging Face model card,foundation_models,model_card,,,https://huggingface.co/ChrisRPL/blackline-atlas-lfm25-vl-sft-train-hf-aux-v9-adapter,,,catalogue/models,local model JSON catalogue,candidate_adapter_model,local_id: model_chrisrpl_blackline_atlas_lfm25_vl_sft_train_hf_aux_v9_adapte; developer: ChrisRPL; input_modality: satellite-imagery; discovered_via: hugging-face; tags: peft; safetensors; deprecated; blackline-atlas; lfm2.5-vl; lora; satellite-imagery; sentinel-2; civilian-disruption-triage; reproducibility; dataset:ChrisRPL/blackline-atlas-training-corpus-v1; base_model:LiquidAI/LFM2.5-VL-450M; base_model:adapter:LiquidAI/LFM2.5-VL-450M; license:other; region:us; base_model: LiquidAI/LFM2.5-VL-450M; adapter:LiquidAI/LFM2.5-VL-450M; datasets: ChrisRPL/blackline-atlas-training-corpus-v1,,,,weights,https://huggingface.co/ChrisRPL/blackline-atlas-lfm25-vl-sft-train-hf-aux-v9-adapter,Model catalogue
model_chrisrpl_lfm25_vl_civilian_conflict_reporter_lora_v1,2026,lfm25-vl-civilian-conflict-reporter-lora-v1,ChrisRPL,Hugging Face model card,foundation_models,model_card,,,https://huggingface.co/ChrisRPL/lfm25-vl-civilian-conflict-reporter-lora-v1,,,catalogue/models,local model JSON catalogue,candidate_adapter_model,local_id: model_chrisrpl_lfm25_vl_civilian_conflict_reporter_lora_v1; developer: ChrisRPL; input_modality: satellite-imagery; discovered_via: hugging-face; tags: peft; safetensors; lora; trl; sft; lfm2.5-vl; satellite-imagery; paired-image; civilian-infrastructure; conflict-disruption; blackline-atlas; dataset:ChrisRPL/satellite-civilian-conflict-disruption-reporter-v1; base_model:LiquidAI/LFM2.5-VL-450M; base_model:adapter:LiquidAI/LFM2.5-VL-450M; license:cc-by-nc-4.0; region:us; base_model: LiquidAI/LFM2.5-VL-450M; adapter:LiquidAI/LFM2.5-VL-450M; datasets: ChrisRPL/satellite-civilian-conflict-disruption-reporter-v1,,,,weights,https://huggingface.co/ChrisRPL/lfm25-vl-civilian-conflict-reporter-lora-v1,Model catalogue
model_cyber_ccorange_pc_sam,2026,PC-SAM,Cyber-CCOrange,Hugging Face model card,foundation_models,model_card,,2604.00495,https://huggingface.co/Cyber-CCOrange/PC-SAM,,,catalogue/models,local model JSON catalogue,candidate_model,local_id: model_cyber_ccorange_pc_sam; developer: Cyber-CCOrange; discovered_via: hugging-face; tags: image-segmentation; remote-sensing; en; arxiv:2604.00495; license:mit; region:us,,,,weights,https://huggingface.co/Cyber-CCOrange/PC-SAM,Model catalogue
model_danvinci_lfm25vl_mosaic_change_detection,2026,lfm25vl_mosaic_change_detection,danvinci,Hugging Face model card,foundation_models,model_card,,,https://huggingface.co/danvinci/lfm25vl_mosaic_change_detection,,,catalogue/models,local model JSON catalogue,candidate_adapter_model,local_id: model_danvinci_lfm25vl_mosaic_change_detection; developer: danvinci; input_modality: earth-observation; discovered_via: hugging-face; tags: peft; safetensors; earth-observation; change-detection; sentinel-2; lora; liquid; image-text-to-text; conversational; en; dataset:danvinci/mosaic_sen2_cc_change_detection; base_model:LiquidAI/LFM2.5-VL-1.6B; base_model:adapter:LiquidAI/LFM2.5-VL-1.6B; license:apache-2.0; region:us; base_model: LiquidAI/LFM2.5-VL-1.6B; adapter:LiquidAI/LFM2.5-VL-1.6B; datasets: danvinci/mosaic_sen2_cc_change_detection,,,,weights,https://huggingface.co/danvinci/lfm25vl_mosaic_change_detection,Model catalogue
model_darthreca_actu_change_detection,2025,actu-change-detection,DarthReca,Hugging Face model card,foundation_models,model_card,,2506.14362,https://huggingface.co/DarthReca/actu-change-detection,,,catalogue/models,local model JSON catalogue,candidate_model,local_id: model_darthreca_actu_change_detection; developer: DarthReca; input_modality: earth-observation; discovered_via: hugging-face; tags: transformers; safetensors; actu; feature-extraction; climate; geospatial; remote-sensing; spatiotemporal; multi-modal; earth-observation; time-series; hydrology; image-segmentation; custom_code; dataset:DarthReca/hydro-chronos; arxiv:2506.14362; license:openrail; region:us; datasets: DarthReca/hydro-chronos,,,,weights,https://huggingface.co/DarthReca/actu-change-detection,Model catalogue
model_darthreca_actu_direction_classification,2025,actu-direction-classification,DarthReca,Hugging Face model card,foundation_models,model_card,,2506.14362,https://huggingface.co/DarthReca/actu-direction-classification,,,catalogue/models,local model JSON catalogue,candidate_model,local_id: model_darthreca_actu_direction_classification; developer: DarthReca; input_modality: earth-observation; discovered_via: hugging-face; tags: transformers; safetensors; actu; feature-extraction; climate; geospatial; remote-sensing; spatiotemporal; multi-modal; earth-observation; time-series; hydrology; image-segmentation; custom_code; dataset:DarthReca/hydro-chronos; arxiv:2506.14362; license:openrail; region:us; datasets: DarthReca/hydro-chronos,,,,weights,https://huggingface.co/DarthReca/actu-direction-classification,Model catalogue
model_darthreca_actu_magnitude_regression,2025,actu-magnitude-regression,DarthReca,Hugging Face model card,foundation_models,model_card,,2506.14362,https://huggingface.co/DarthReca/actu-magnitude-regression,,,catalogue/models,local model JSON catalogue,candidate_model,local_id: model_darthreca_actu_magnitude_regression; developer: DarthReca; input_modality: earth-observation; discovered_via: hugging-face; tags: transformers; safetensors; actu; climate; geospatial; remote-sensing; spatiotemporal; multi-modal; earth-observation; time-series; hydrology; image-segmentation; dataset:DarthReca/hydro-chronos; arxiv:2506.14362; license:openrail; endpoints_compatible; region:us; datasets: DarthReca/hydro-chronos,,,,weights,https://huggingface.co/DarthReca/actu-magnitude-regression,Model catalogue
model_darthreca_closp_rn,2025,CLOSP-RN,DarthReca,Hugging Face model card,foundation_models,model_card,,2507.10403,https://huggingface.co/DarthReca/CLOSP-RN,,,catalogue/models,local model JSON catalogue,candidate_model,local_id: model_darthreca_closp_rn; developer: DarthReca; input_modality: earth-observation; discovered_via: hugging-face; tags: transformers; safetensors; closp; feature-extraction; remote-sensing; text-to-image-retrieval; multimodal; geospatial; SAR; multispectral; crisis-management; earth-observation; contrastive-learning; custom_code; en; dataset:DarthReca/crisislandmark; arxiv:2507.10403; base_model:sentence-transformers/all-MiniLM-L6-v2; base_model:finetune:sentence-transformers/all-MiniLM-L6-v2; license:creativeml-openrail-m; region:us; base_model: sentence-transformers/all-MiniLM-L6-v2; finetune:sentence-transformers/all-MiniLM-L6-v2; datasets: DarthReca/crisislandmark,,,,weights,https://huggingface.co/DarthReca/CLOSP-RN,Model catalogue
model_darthreca_closp_visual,2025,CLOSP-Visual,DarthReca,Hugging Face model card,foundation_models,model_card,,2507.10403,https://huggingface.co/DarthReca/CLOSP-Visual,,,catalogue/models,local model JSON catalogue,candidate_model,local_id: model_darthreca_closp_visual; developer: DarthReca; input_modality: earth-observation; discovered_via: hugging-face; tags: torchgeo; remote-sensing; text-to-image-retrieval; multimodal; geospatial; SAR; multispectral; crisis-management; earth-observation; contrastive-learning; en; dataset:DarthReca/crisislandmark; arxiv:2507.10403; license:creativeml-openrail-m; region:us; datasets: DarthReca/crisislandmark,,,,weights,https://huggingface.co/DarthReca/CLOSP-Visual,Model catalogue
model_darthreca_closp_vl,2025,CLOSP-VL,DarthReca,Hugging Face model card,foundation_models,model_card,,2507.10403,https://huggingface.co/DarthReca/CLOSP-VL,,,catalogue/models,local model JSON catalogue,candidate_model,local_id: model_darthreca_closp_vl; developer: DarthReca; input_modality: earth-observation; discovered_via: hugging-face; tags: transformers; safetensors; closp; feature-extraction; remote-sensing; text-to-image-retrieval; multimodal; geospatial; SAR; multispectral; crisis-management; earth-observation; contrastive-learning; custom_code; en; dataset:DarthReca/crisislandmark; arxiv:2507.10403; base_model:sentence-transformers/all-MiniLM-L6-v2; base_model:finetune:sentence-transformers/all-MiniLM-L6-v2; license:creativeml-openrail-m; region:us; base_model: sentence-transformers/all-MiniLM-L6-v2; finetune:sentence-transformers/all-MiniLM-L6-v2; datasets: DarthReca/crisislandmark,,,,weights,https://huggingface.co/DarthReca/CLOSP-VL,Model catalogue
model_darthreca_closp_vs,2025,CLOSP-VS,DarthReca,Hugging Face model card,foundation_models,model_card,,2507.10403,https://huggingface.co/DarthReca/CLOSP-VS,,,catalogue/models,local model JSON catalogue,candidate_model,local_id: model_darthreca_closp_vs; developer: DarthReca; input_modality: earth-observation; discovered_via: hugging-face; tags: transformers; safetensors; closp; feature-extraction; remote-sensing; text-to-image-retrieval; multimodal; geospatial; SAR; multispectral; crisis-management; earth-observation; contrastive-learning; custom_code; en; dataset:DarthReca/crisislandmark; arxiv:2507.10403; base_model:sentence-transformers/all-MiniLM-L6-v2; base_model:finetune:sentence-transformers/all-MiniLM-L6-v2; license:creativeml-openrail-m; region:us; base_model: sentence-transformers/all-MiniLM-L6-v2; finetune:sentence-transformers/all-MiniLM-L6-v2; datasets: DarthReca/crisislandmark,,,,weights,https://huggingface.co/DarthReca/CLOSP-VS,Model catalogue
model_darthreca_geoclosp_rn,2025,GeoCLOSP-RN,DarthReca,Hugging Face model card,foundation_models,model_card,,2507.10403,https://huggingface.co/DarthReca/GeoCLOSP-RN,,,catalogue/models,local model JSON catalogue,candidate_model,local_id: model_darthreca_geoclosp_rn; developer: DarthReca; input_modality: earth-observation; discovered_via: hugging-face; tags: transformers; safetensors; closp; feature-extraction; remote-sensing; text-to-image-retrieval; multimodal; geospatial; SAR; multispectral; crisis-management; earth-observation; contrastive-learning; custom_code; en; dataset:DarthReca/crisislandmark; arxiv:2507.10403; base_model:sentence-transformers/all-MiniLM-L6-v2; base_model:finetune:sentence-transformers/all-MiniLM-L6-v2; license:creativeml-openrail-m; region:us; base_model: sentence-transformers/all-MiniLM-L6-v2; finetune:sentence-transformers/all-MiniLM-L6-v2; datasets: DarthReca/crisislandmark,,,,weights,https://huggingface.co/DarthReca/GeoCLOSP-RN,Model catalogue
model_dcrey7_wetlands_segmentation_deeplabsv3plus,2025,wetlands_segmentation_deeplabsv3plus,dcrey7,Hugging Face model card,foundation_models,model_card,,,https://huggingface.co/dcrey7/wetlands_segmentation_deeplabsv3plus,,,catalogue/models,local model JSON catalogue,candidate_model,local_id: model_dcrey7_wetlands_segmentation_deeplabsv3plus; developer: dcrey7; input_modality: satellite-imagery; discovered_via: hugging-face; tags: pytorch; image-segmentation; wetlands; satellite-imagery; environmental; deeplabv3plus; en; dataset:custom; license:apache-2.0; region:us; datasets: custom,,,,weights,https://huggingface.co/dcrey7/wetlands_segmentation_deeplabsv3plus,Model catalogue
model_debrajsingha_algaeguard_lfm2_5_vl_450m,2026,algaeguard-lfm2-5-vl-450m,debrajsingha,Hugging Face model card,foundation_models,model_card,,,https://huggingface.co/debrajsingha/algaeguard-lfm2-5-vl-450m,,,catalogue/models,local model JSON catalogue,candidate_model,local_id: model_debrajsingha_algaeguard_lfm2_5_vl_450m; developer: debrajsingha; input_modality: satellite-imagery; discovered_via: hugging-face; tags: safetensors; lfm2_vl; remote-sensing; satellite-imagery; algae; water-quality; harmful-algal-bloom; sentinel-2; ndci; vision-language-model; lfm2; liquid-ai; fine-tuned; environmental-monitoring; edge-ai; image-text-to-text; conversational; en; dataset:debrajsingha/algaeguard-hab-ndci; base_model:LiquidAI/LFM2.5-VL-450M; base_model:finetune:LiquidAI/LFM2.5-VL-450M; license:cc-by-4.0; region:us; base_model: LiquidAI/LFM2.5-VL-450M; finetune:LiquidAI/LFM2.5-VL-450M; datasets: debrajsingha/algaeguard-hab-ndci,,,,weights,https://huggingface.co/debrajsingha/algaeguard-lfm2-5-vl-450m,Model catalogue
model_dhruv1000_agrifm_pastis,2026,AgriFM-PASTIS,Dhruv1000,Hugging Face model card,foundation_models,model_card,,,https://huggingface.co/Dhruv1000/AgriFM-PASTIS,,,catalogue/models,local model JSON catalogue,candidate_model,local_id: model_dhruv1000_agrifm_pastis; developer: Dhruv1000; discovered_via: hugging-face; tags: remote-sensing; semantic-segmentation; agriculture; sentinel-2; video-swin-transformer; PASTIS; dataset:PASTIS; license:apache-2.0; region:us; datasets: PASTIS,,,,weights,https://huggingface.co/Dhruv1000/AgriFM-PASTIS,Model catalogue
model_dingyi111_segearth_ov,2026,SegEarth-OV,Dingyi111,Hugging Face model card,foundation_models,model_card,,2508.18067; 2512.08730,https://huggingface.co/Dingyi111/SegEarth-OV,,,catalogue/models,local model JSON catalogue,candidate_model,local_id: model_dingyi111_segearth_ov; developer: Dingyi111; input_modality: earth-observation; discovered_via: hugging-face; tags: transformers; safetensors; remote-sensing; earth-observation; open-vocabulary; clip; sam3; semantic-segmentation; image-segmentation; arxiv:2508.18067; arxiv:2512.08730; license:mit; endpoints_compatible; region:us,,,,weights,https://huggingface.co/Dingyi111/SegEarth-OV,Model catalogue
model_docuracy_symphonym_v7,2026,symphonym-v7,docuracy,Hugging Face model card,foundation_models,model_card,,2601.06932,https://huggingface.co/docuracy/symphonym-v7,,,catalogue/models,local model JSON catalogue,candidate_model,local_id: model_docuracy_symphonym_v7; developer: docuracy; discovered_via: hugging-face; tags: safetensors; symphonym; toponym-matching; cross-script; phonetic-embeddings; geospatial; named-entity; information-retrieval; teacher-student; knowledge-distillation; feature-extraction; multilingual; ar; zh; ru; ja; ko; he; fa; hi; el; ka; am; hy; ur; bn; ta; te; th; dataset:geonames; dataset:wikidata; dataset:getty-tgn; arxiv:2601.06932; license:cc-by-4.0; region:us; datasets: geonames; wikidata; getty-tgn,,,,weights,https://huggingface.co/docuracy/symphonym-v7,Model catalogue
model_eklavya16_aeris_cloud_detection,2026,aeris-cloud-detection,Eklavya16,Hugging Face model card,foundation_models,model_card,,,https://huggingface.co/Eklavya16/aeris-cloud-detection,,,catalogue/models,local model JSON catalogue,candidate_model,local_id: model_eklavya16_aeris_cloud_detection; developer: Eklavya16; input_modality: satellite-imagery; discovered_via: hugging-face; tags: computer-vision; image-segmentation; satellite-imagery; remote-sensing; pytorch; uncertainty-estimation; dataset:38-cloud; license:apache-2.0; region:us; datasets: 38-cloud,,,,weights,https://huggingface.co/Eklavya16/aeris-cloud-detection,Model catalogue
model_emmanuelibekwe5525_firesight_ir,2026,firesight-ir,emmanuelibekwe5525,Hugging Face model card,foundation_models,model_card,,,https://huggingface.co/emmanuelibekwe5525/firesight-ir,,,catalogue/models,local model JSON catalogue,candidate_model,local_id: model_emmanuelibekwe5525_firesight_ir; developer: emmanuelibekwe5525; input_modality: earth-observation; discovered_via: hugging-face; tags: pytorch; wildfire-detection; remote-sensing; physics-informed-neural-network; viirs; earth-observation; infrared; image-classification; en; license:mit; region:us,,,,weights,https://huggingface.co/emmanuelibekwe5525/firesight-ir,Model catalogue
model_eve_esa_eve_instruct_gguf_q3_k_m,2026,EVE-Instruct-GGUF-Q3_K_M,eve-esa,Hugging Face model card,foundation_models,model_card,,2508.09494,https://huggingface.co/eve-esa/EVE-Instruct-GGUF-Q3_K_M,,,catalogue/models,local model JSON catalogue,candidate_model,local_id: model_eve_esa_eve_instruct_gguf_q3_k_m; developer: eve-esa; input_modality: earth-observation; discovered_via: hugging-face; tags: gguf; mistral-common; conversational; earth-observation; earth-science; remote-sensing; geospatial; text-generation; en; arxiv:2508.09494; base_model:eve-esa/EVE-Instruct; base_model:quantized:eve-esa/EVE-Instruct; license:apache-2.0; region:us; base_model: eve-esa/EVE-Instruct; quantized:eve-esa/EVE-Instruct,,,,weights,https://huggingface.co/eve-esa/EVE-Instruct-GGUF-Q3_K_M,Model catalogue
model_eve_esa_eve_instruct_gguf_q4_k_m,2026,EVE-Instruct-GGUF-Q4_K_M,eve-esa,Hugging Face model card,foundation_models,model_card,,2508.09494,https://huggingface.co/eve-esa/EVE-Instruct-GGUF-Q4_K_M,,,catalogue/models,local model JSON catalogue,candidate_model,local_id: model_eve_esa_eve_instruct_gguf_q4_k_m; developer: eve-esa; input_modality: earth-observation; discovered_via: hugging-face; tags: gguf; mistral-common; conversational; earth-observation; earth-science; remote-sensing; geospatial; text-generation; en; arxiv:2508.09494; base_model:eve-esa/EVE-Instruct; base_model:quantized:eve-esa/EVE-Instruct; license:apache-2.0; region:us; base_model: eve-esa/EVE-Instruct; quantized:eve-esa/EVE-Instruct,,,,weights,https://huggingface.co/eve-esa/EVE-Instruct-GGUF-Q4_K_M,Model catalogue
model_ever_z_changen2_changestar1x256,2024,Changen2-ChangeStar1x256,EVER-Z,Hugging Face model card,foundation_models,model_card,,,https://huggingface.co/EVER-Z/Changen2-ChangeStar1x256,,,catalogue/models,local model JSON catalogue,candidate_model,local_id: model_ever_z_changen2_changestar1x256; developer: EVER-Z; discovered_via: hugging-face; tags: change-detection; remote-sensing; satellite; synthetic-data-pretraining; license:cc-by-nc-sa-4.0; region:us,,,,weights,https://huggingface.co/EVER-Z/Changen2-ChangeStar1x256,Model catalogue
model_falafel_hockey_lejepa_vit_small_patch8_256_sentinel2_5band,2026,lejepa-vit-small-patch8-256-sentinel2-5band,falafel-hockey,Hugging Face model card,foundation_models,model_card,,2511.08544; 2309.16588,https://huggingface.co/falafel-hockey/lejepa-vit-small-patch8-256-sentinel2-5band,,,catalogue/models,local model JSON catalogue,candidate_model,local_id: model_falafel_hockey_lejepa_vit_small_patch8_256_sentinel2_5band; developer: falafel-hockey; input_modality: earth-observation; discovered_via: hugging-face; tags: pytorch; earth-observation; sentinel-2; self-supervised-learning; lejepa; jepa; vision-transformer; satellite-imagery; feature-extraction; pretraining; image-feature-extraction; en; dataset:falafel-hockey/sentinel2-lejepa-global-diverse-256; arxiv:2511.08544; arxiv:2309.16588; license:cc-by-sa-4.0; region:us; datasets: falafel-hockey/sentinel2-lejepa-global-diverse-256,,,,weights,https://huggingface.co/falafel-hockey/lejepa-vit-small-patch8-256-sentinel2-5band,Model catalogue
model_flipbitsnotburgers_routegpt_copenhagen,2026,routegpt-copenhagen,flipbitsnotburgers,Hugging Face model card,foundation_models,model_card,,,https://huggingface.co/flipbitsnotburgers/routegpt-copenhagen,,,catalogue/models,local model JSON catalogue,candidate_model,local_id: model_flipbitsnotburgers_routegpt_copenhagen; developer: flipbitsnotburgers; discovered_via: hugging-face; tags: onnx; safetensors; gpt2; routing; geospatial; copenhagen; coordinates; text-generation; en; license:mit; region:us,,,,weights,https://huggingface.co/flipbitsnotburgers/routegpt-copenhagen,Model catalogue
model_gajeshladhar_core_jepa,2025,core-jepa,gajeshladhar,Hugging Face model card,foundation_models,model_card,,2511.08544,https://huggingface.co/gajeshladhar/core-jepa,,,catalogue/models,local model JSON catalogue,candidate_model,local_id: model_gajeshladhar_core_jepa; developer: gajeshladhar; input_modality: earth-observation; discovered_via: hugging-face; tags: mapminer; earth-observation; satellite-imagery; self-supervised-learning; jepa; dinov3; pytorch; geospatial; image-feature-extraction; dataset:gajeshladhar/core-five; arxiv:2511.08544; base_model:facebook/dinov3-vitl16-pretrain-sat493m; base_model:finetune:facebook/dinov3-vitl16-pretrain-sat493m; license:cc-by-nc-3.0; region:us; base_model: facebook/dinov3-vitl16-pretrain-sat493m; finetune:facebook/dinov3-vitl16-pretrain-sat493m; datasets: gajeshladhar/core-five,,,,weights,https://huggingface.co/gajeshladhar/core-jepa,Model catalogue
model_galeio_research_oceansar_1_tengeop,2025,OceanSAR-1-tengeop,galeio-research,Hugging Face model card,foundation_models,model_card,,2504.06962,https://huggingface.co/galeio-research/OceanSAR-1-tengeop,,,catalogue/models,local model JSON catalogue,candidate_model,local_id: model_galeio_research_oceansar_1_tengeop; developer: galeio-research; input_modality: earth-observation; discovered_via: hugging-face; tags: transformers; safetensors; resnet; image-classification; tengeop; SAR; EO; regression; sentinel-1; ocean; wave-height; earth-observation; remote-sensing; satellite-imagery; synthetic-aperture-radar; foundation-model; linear-probing; oceanography; marine-forecasting; open-source; ocean-wind; arxiv:2504.06962; base_model:galeio-research/OceanSAR-1; base_model:finetune:galeio-research/OceanSAR-1; license:apache-2.0; endpoints_compatible; region:us; base_model: galeio-research/OceanSAR-1; finetune:galeio-research/OceanSAR-1,,,,weights,https://huggingface.co/galeio-research/OceanSAR-1-tengeop,Model catalogue
model_galeio_research_oceansar_1_wave,2025,OceanSAR-1-wave,galeio-research,Hugging Face model card,foundation_models,model_card,,2504.06962,https://huggingface.co/galeio-research/OceanSAR-1-wave,,,catalogue/models,local model JSON catalogue,candidate_model,local_id: model_galeio_research_oceansar_1_wave; developer: galeio-research; input_modality: earth-observation; discovered_via: hugging-face; tags: transformers; safetensors; resnet; image-classification; SAR; EO; regression; sentinel-1; ocean; wave-height; earth-observation; remote-sensing; satellite-imagery; synthetic-aperture-radar; foundation-model; linear-probing; oceanography; marine-forecasting; open-source; ocean-wind; arxiv:2504.06962; base_model:galeio-research/OceanSAR-1; base_model:finetune:galeio-research/OceanSAR-1; license:apache-2.0; endpoints_compatible; region:us; base_model: galeio-research/OceanSAR-1; finetune:galeio-research/OceanSAR-1,,,,weights,https://huggingface.co/galeio-research/OceanSAR-1-wave,Model catalogue
model_galeio_research_oceansar_1_wind,2025,OceanSAR-1-wind,galeio-research,Hugging Face model card,foundation_models,model_card,,2504.06962,https://huggingface.co/galeio-research/OceanSAR-1-wind,,,catalogue/models,local model JSON catalogue,candidate_model,local_id: model_galeio_research_oceansar_1_wind; developer: galeio-research; input_modality: earth-observation; discovered_via: hugging-face; tags: transformers; safetensors; resnet; image-classification; EO; SAR; sentinel-1; wind; ocean; earth-observation; remote-sensing; satellite-imagery; synthetic-aperture-radar; foundation-model; linear-probing; oceanography; marine-forecasting; open-source; ocean-wind; arxiv:2504.06962; base_model:galeio-research/OceanSAR-1; base_model:finetune:galeio-research/OceanSAR-1; license:apache-2.0; endpoints_compatible; region:us; base_model: galeio-research/OceanSAR-1; finetune:galeio-research/OceanSAR-1,,,,weights,https://huggingface.co/galeio-research/OceanSAR-1-wind,Model catalogue
model_gdurkin_cali_fire_risk,2025,cali_fire_risk,gdurkin,Hugging Face model card,foundation_models,model_card,,,https://huggingface.co/gdurkin/cali_fire_risk,,,catalogue/models,local model JSON catalogue,candidate_model,local_id: model_gdurkin_cali_fire_risk; developer: gdurkin; discovered_via: hugging-face; tags: transformers; safetensors; mask2former; semantic-segmentation; image-segmentation; remote-sensing; aerial-imagery; wildfire-risk; dataset:gdurkin/fire_risk_properties; base_model:gdurkin/cdl_mask2former_v3_mspc; base_model:finetune:gdurkin/cdl_mask2former_v3_mspc; license:apache-2.0; model-index; endpoints_compatible; region:us; base_model: gdurkin/cdl_mask2former_v3_mspc; finetune:gdurkin/cdl_mask2former_v3_mspc; datasets: gdurkin/fire_risk_properties,,,,weights,https://huggingface.co/gdurkin/cali_fire_risk,Model catalogue
model_geobase_building_detection,2025,building-detection,geobase,Hugging Face model card,foundation_models,model_card,,,https://huggingface.co/geobase/building-detection,,,catalogue/models,local model JSON catalogue,candidate_model,local_id: model_geobase_building_detection; developer: geobase; discovered_via: hugging-face; tags: onnx; geospatial; geobase; building-detection; building-footprint-detection; license:mit; region:us,,,,weights,https://huggingface.co/geobase/building-detection,Model catalogue
model_geobase_building_footprint_segmentation,2025,building-footprint-segmentation,geobase,Hugging Face model card,foundation_models,model_card,,,https://huggingface.co/geobase/building-footprint-segmentation,,,catalogue/models,local model JSON catalogue,candidate_model,local_id: model_geobase_building_footprint_segmentation; developer: geobase; discovered_via: hugging-face; tags: onnx; geospatial; geobase; building-footprint-segmentation; building-detection; region:us,,,,weights,https://huggingface.co/geobase/building-footprint-segmentation,Model catalogue
model_geobase_car_detection,2025,car-detection,geobase,Hugging Face model card,foundation_models,model_card,,,https://huggingface.co/geobase/car-detection,,,catalogue/models,local model JSON catalogue,candidate_model,local_id: model_geobase_car_detection; developer: geobase; discovered_via: hugging-face; tags: onnx; geospatial; geobase; car-detection; vehicle-detection; license:mit; region:us,,,,weights,https://huggingface.co/geobase/car-detection,Model catalogue
model_geobase_gghl_oriented_object_detection,2025,gghl-oriented-object-detection,geobase,Hugging Face model card,foundation_models,model_card,,2109.12848,https://huggingface.co/geobase/gghl-oriented-object-detection,,,catalogue/models,local model JSON catalogue,candidate_model,local_id: model_geobase_gghl_oriented_object_detection; developer: geobase; discovered_via: hugging-face; tags: onnx; geospatial; geobase; object-detection; oriented-object-detection; arxiv:2109.12848; license:gpl-3.0; region:us,,,,weights,https://huggingface.co/geobase/gghl-oriented-object-detection,Model catalogue
model_geobase_oil_storage_tank_detection,2025,oil-storage-tank-detection,geobase,Hugging Face model card,foundation_models,model_card,,,https://huggingface.co/geobase/oil-storage-tank-detection,,,catalogue/models,local model JSON catalogue,candidate_model,local_id: model_geobase_oil_storage_tank_detection; developer: geobase; discovered_via: hugging-face; tags: onnx; geospatial; geobase; oil-storage-tank-detection; yolox; license:apache-2.0; region:us,,,,weights,https://huggingface.co/geobase/oil-storage-tank-detection,Model catalogue
model_geobase_ship_detection,2025,ship-detection,geobase,Hugging Face model card,foundation_models,model_card,,,https://huggingface.co/geobase/ship-detection,,,catalogue/models,local model JSON catalogue,candidate_model,local_id: model_geobase_ship_detection; developer: geobase; discovered_via: hugging-face; tags: onnx; geospatial; geobase; ship-detection; license:mit; region:us,,,,weights,https://huggingface.co/geobase/ship-detection,Model catalogue
model_geobase_solar_panel_detection,2025,solar-panel-detection,geobase,Hugging Face model card,foundation_models,model_card,,,https://huggingface.co/geobase/solar-panel-detection,,,catalogue/models,local model JSON catalogue,candidate_model,local_id: model_geobase_solar_panel_detection; developer: geobase; discovered_via: hugging-face; tags: onnx; geospatial; geobase; solar-panel-detection; license:mit; region:us,,,,weights,https://huggingface.co/geobase/solar-panel-detection,Model catalogue
model_geobase_sparsemask,2025,sparsemask,geobase,Hugging Face model card,foundation_models,model_card,,,https://huggingface.co/geobase/sparsemask,,,catalogue/models,local model JSON catalogue,candidate_model,local_id: model_geobase_sparsemask; developer: geobase; discovered_via: hugging-face; tags: onnx; geospatial; geobase; land-cover-classification; license:mit; region:us,,,,weights,https://huggingface.co/geobase/sparsemask,Model catalogue
model_geobase_wetland_segmentation,2025,wetland-segmentation,geobase,Hugging Face model card,foundation_models,model_card,,,https://huggingface.co/geobase/wetland-segmentation,,,catalogue/models,local model JSON catalogue,candidate_model,local_id: model_geobase_wetland_segmentation; developer: geobase; discovered_via: hugging-face; tags: onnx; geospatial; geobase; wetland-segmentation; license:mit; region:us,,,,weights,https://huggingface.co/geobase/wetland-segmentation,Model catalogue
model_geotessera_tessera_v_1_0,2026,TESSERA-V-1.0,geotessera,Hugging Face model card,foundation_models,model_card,,,https://huggingface.co/geotessera/TESSERA-V-1.0,,,catalogue/models,local model JSON catalogue,candidate_model,local_id: model_geotessera_tessera_v_1_0; developer: geotessera; input_modality: earth-observation; discovered_via: hugging-face; tags: pytorch; geospatial; earth-observation; remote-sensing; foundation-model; sentinel-1; sentinel-2; sar; multispectral; temporal; pixel-embedding; self-supervised-learning; barlow-twins; qat; int8; en; license:cc0-1.0; region:us,,,,weights,https://huggingface.co/geotessera/TESSERA-V-1.0,Model catalogue
model_geotessera_tessera_v_1_1,2026,TESSERA-V-1.1,geotessera,Hugging Face model card,foundation_models,model_card,,,https://huggingface.co/geotessera/TESSERA-V-1.1,,,catalogue/models,local model JSON catalogue,candidate_model,local_id: model_geotessera_tessera_v_1_1; developer: geotessera; input_modality: earth-observation; discovered_via: hugging-face; tags: pytorch; geospatial; earth-observation; remote-sensing; foundation-model; sentinel-1; sentinel-2; sar; multispectral; temporal; pixel-embedding; self-supervised-learning; barlow-twins; qat; int8; en; license:cc0-1.0; region:us,,,,weights,https://huggingface.co/geotessera/TESSERA-V-1.1,Model catalogue
model_giswqs_nwpu_vhr10_maskrcnn,2026,nwpu-vhr10-maskrcnn,giswqs,Hugging Face model card,foundation_models,model_card,,,https://huggingface.co/giswqs/nwpu-vhr10-maskrcnn,,,catalogue/models,local model JSON catalogue,candidate_model,local_id: model_giswqs_nwpu_vhr10_maskrcnn; developer: giswqs; discovered_via: hugging-face; tags: pytorch; object-detection; remote-sensing; mask-rcnn; geospatial; geoai; nwpu-vhr-10; dataset:NWPU-VHR-10; license:mit; region:us; datasets: NWPU-VHR-10,,,,weights,https://huggingface.co/giswqs/nwpu-vhr10-maskrcnn,Model catalogue
model_giswqs_s2_water_unetplusplus_efficientnet_b4,2026,s2-water-unetplusplus-efficientnet-b4,giswqs,Hugging Face model card,foundation_models,model_card,,,https://huggingface.co/giswqs/s2-water-unetplusplus-efficientnet-b4,,,catalogue/models,local model JSON catalogue,candidate_model,local_id: model_giswqs_s2_water_unetplusplus_efficientnet_b4; developer: giswqs; input_modality: earth-observation; discovered_via: hugging-face; tags: segmentation-models-pytorch; timm_segmentation; remote-sensing; sentinel-2; water-detection; semantic-segmentation; earth-observation; unetplusplus; efficientnet; dataset:giswqs/s2-water-dataset; license:cc-by-4.0; model-index; region:us; datasets: giswqs/s2-water-dataset,,,,weights,https://huggingface.co/giswqs/s2-water-unetplusplus-efficientnet-b4,Model catalogue
model_giswqs_whu_building_unetplusplus_efficientnet_b4,2026,whu-building-unetplusplus-efficientnet-b4,giswqs,Hugging Face model card,foundation_models,model_card,,,https://huggingface.co/giswqs/whu-building-unetplusplus-efficientnet-b4,,,catalogue/models,local model JSON catalogue,candidate_model,local_id: model_giswqs_whu_building_unetplusplus_efficientnet_b4; developer: giswqs; discovered_via: hugging-face; tags: segmentation-models-pytorch; timm_segmentation; semantic-segmentation; building-detection; remote-sensing; aerial-imagery; geospatial; unet++; efficientnet; pytorch; image-segmentation; dataset:giswqs/WHU-Building-Dataset; license:apache-2.0; region:us; datasets: giswqs/WHU-Building-Dataset,,,,weights,https://huggingface.co/giswqs/whu-building-unetplusplus-efficientnet-b4,Model catalogue
model_glody007_zamba_deforestation_detector,2026,zamba-deforestation-detector,glody007,Hugging Face model card,foundation_models,model_card,,,https://huggingface.co/glody007/zamba-deforestation-detector,,,catalogue/models,local model JSON catalogue,candidate_model,local_id: model_glody007_zamba_deforestation_detector; developer: glody007; input_modality: earth-observation; discovered_via: hugging-face; tags: gguf; vlm; deforestation; satellite; sentinel-2; congo-basin; earth-observation; en; base_model:LiquidAI/LFM2.5-VL-450M; base_model:quantized:LiquidAI/LFM2.5-VL-450M; license:other; endpoints_compatible; region:us; conversational; base_model: LiquidAI/LFM2.5-VL-450M; quantized:LiquidAI/LFM2.5-VL-450M,,,,weights,https://huggingface.co/glody007/zamba-deforestation-detector,Model catalogue
model_gsumbul_smarties_v1_finetuned_models,2025,SMARTIES-v1-finetuned-models,gsumbul,Hugging Face model card,foundation_models,model_card,,2506.19585,https://huggingface.co/gsumbul/SMARTIES-v1-finetuned-models,,,catalogue/models,local model JSON catalogue,candidate_model,local_id: model_gsumbul_smarties_v1_finetuned_models; developer: gsumbul; input_modality: earth-observation; discovered_via: hugging-face; tags: earth-observation; remote-sensing; foundation-model; multi-sensor; segmentation; classification; image-classification; arxiv:2506.19585; license:apache-2.0; region:us,,,,weights,https://huggingface.co/gsumbul/SMARTIES-v1-finetuned-models,Model catalogue
model_gsumbul_smarties_v1_vit_b,2025,SMARTIES-v1-ViT-B,gsumbul,Hugging Face model card,foundation_models,model_card,,2506.19585,https://huggingface.co/gsumbul/SMARTIES-v1-ViT-B,,,catalogue/models,local model JSON catalogue,candidate_model,local_id: model_gsumbul_smarties_v1_vit_b; developer: gsumbul; input_modality: earth-observation; discovered_via: hugging-face; tags: transformers; SMARTIES-v1-ViT-B; earth-observation; remote-sensing; foundation-model; multi-sensor; image-feature-extraction; custom_code; arxiv:2506.19585; license:apache-2.0; endpoints_compatible; region:us,,,,weights,https://huggingface.co/gsumbul/SMARTIES-v1-ViT-B,Model catalogue
model_gsumbul_smarties_v1_vit_l,2025,SMARTIES-v1-ViT-L,gsumbul,Hugging Face model card,foundation_models,model_card,,2506.19585,https://huggingface.co/gsumbul/SMARTIES-v1-ViT-L,,,catalogue/models,local model JSON catalogue,candidate_model,local_id: model_gsumbul_smarties_v1_vit_l; developer: gsumbul; input_modality: earth-observation; discovered_via: hugging-face; tags: transformers; SMARTIES-v1-ViT-B; earth-observation; remote-sensing; foundation-model; multi-sensor; image-feature-extraction; custom_code; arxiv:2506.19585; license:apache-2.0; endpoints_compatible; region:us,,,,weights,https://huggingface.co/gsumbul/SMARTIES-v1-ViT-L,Model catalogue
model_guereak_satgen_cv,2026,SatGen-CV,Guereak,Hugging Face model card,foundation_models,model_card,,,https://huggingface.co/Guereak/SatGen-CV,,,catalogue/models,local model JSON catalogue,candidate_model,local_id: model_guereak_satgen_cv; developer: Guereak; input_modality: satellite-imagery; discovered_via: hugging-face; tags: image-to-image; satellite-imagery; pix2pix; gan; segmentation-to-image; license:mit; region:us,,,,weights,https://huggingface.co/Guereak/SatGen-CV,Model catalogue
model_hadrilec_satellite_pictures_classification_ign_france_model,2025,satellite-pictures-classification-ign-france-model,hadrilec,Hugging Face model card,foundation_models,model_card,,,https://huggingface.co/hadrilec/satellite-pictures-classification-ign-france-model,,,catalogue/models,local model JSON catalogue,candidate_model,local_id: model_hadrilec_satellite_pictures_classification_ign_france_model; developer: hadrilec; input_modality: satellite-imagery; discovered_via: hugging-face; tags: Net; vision; image-classification; cnn; satellite-imagery; land-use-classification; france; remote-sensing; en; dataset:hadrilec/satellite-pictures-classification-ign-france; license:cc-by-4.0; model-index; region:us; datasets: hadrilec/satellite-pictures-classification-ign-france,,,,weights,https://huggingface.co/hadrilec/satellite-pictures-classification-ign-france-model,Model catalogue
model_hanangani_cloudsr_checkpoints,2026,cloudsr-checkpoints,hanangani,Hugging Face model card,foundation_models,model_card,,,https://huggingface.co/hanangani/cloudsr-checkpoints,,,catalogue/models,local model JSON catalogue,candidate_model,local_id: model_hanangani_cloudsr_checkpoints; developer: hanangani; input_modality: satellite-imagery; discovered_via: hugging-face; tags: none; image-super-resolution; remote-sensing; satellite-imagery; cloud-microphysics; license:mit; region:us,,,,weights,https://huggingface.co/hanangani/cloudsr-checkpoints,Model catalogue
model_harshinde_spacenet_models,2026,spacenet-models,harshinde,Hugging Face model card,foundation_models,model_card,,,https://huggingface.co/harshinde/spacenet-models,,,catalogue/models,local model JSON catalogue,candidate_model,local_id: model_harshinde_spacenet_models; developer: harshinde; input_modality: earth-observation; discovered_via: hugging-face; tags: tensorboard; safetensors; earth-observation; segmentation; unet; pytorch; remote-sensing; spacenet; image-segmentation; en; dataset:harshinde/spacenet-rio; license:apache-2.0; region:us; datasets: harshinde/spacenet-rio,,,,weights,https://huggingface.co/harshinde/spacenet-models,Model catalogue
model_haruiz_gemmaearth,2026,gemmaearth,haruiz,Hugging Face model card,foundation_models,model_card,,2412.15190; 1902.06148,https://huggingface.co/haruiz/gemmaearth,,,catalogue/models,local model JSON catalogue,candidate_adapter_model,local_id: model_haruiz_gemmaearth; developer: haruiz; input_modality: earth-observation; discovered_via: hugging-face; tags: jax; safetensors; gemma3; gemma; earth-observation; remote-sensing; satellite-imagery; lora; tunix; image-text-to-text; conversational; en; dataset:akshaydudhane/EarthDial-Dataset; arxiv:2412.15190; arxiv:1902.06148; base_model:google/gemma-3-4b-it; base_model:adapter:google/gemma-3-4b-it; license:gemma; region:us; base_model: google/gemma-3-4b-it; adapter:google/gemma-3-4b-it; datasets: akshaydudhane/EarthDial-Dataset,,,,weights,https://huggingface.co/haruiz/gemmaearth,Model catalogue
model_heinzjiao_deventer512_vmamba_s_m_vh_ldm_kl4_b8,2026,deventer512_vmamba-s_m_vh-ldm_kl4_b8,HeinzJiao,Hugging Face model card,foundation_models,model_card,,2603.16616,https://huggingface.co/HeinzJiao/deventer512_vmamba-s_m_vh-ldm_kl4_b8,,,catalogue/models,local model JSON catalogue,candidate_model,local_id: model_heinzjiao_deventer512_vmamba_s_m_vh_ldm_kl4_b8; developer: HeinzJiao; discovered_via: hugging-face; tags: remote-sensing; aerial-imagery; polygonal-vectorization; all-class-polygonal-vectorization; acpv; vmamba; benchmark; image-segmentation; en; arxiv:2603.16616; license:cc-by-nc-4.0; region:us,,,,weights,https://huggingface.co/HeinzJiao/deventer512_vmamba-s_m_vh-ldm_kl4_b8,Model catalogue
model_hilarl_naturecode_mangroves,2026,naturecode-mangroves,hilarl,Hugging Face model card,foundation_models,model_card,,,https://huggingface.co/hilarl/naturecode-mangroves,,,catalogue/models,local model JSON catalogue,candidate_model,local_id: model_hilarl_naturecode_mangroves; developer: hilarl; input_modality: earth-observation; discovered_via: hugging-face; tags: safetensors; naturecode-mangroves; pytorch; image-segmentation; remote-sensing; earth-observation; mangroves; carbon-credits; climate; en; dataset:sentinel-2; dataset:global-mangrove-watch; license:apache-2.0; region:us; datasets: sentinel-2; global-mangrove-watch,,,,weights,https://huggingface.co/hilarl/naturecode-mangroves,Model catalogue
model_hsg_aiml_geosane,2026,GeoSANE,HSG-AIML,Hugging Face model card,foundation_models,model_card,,2603.23408,https://huggingface.co/HSG-AIML/GeoSANE,,,catalogue/models,local model JSON catalogue,candidate_model,local_id: model_hsg_aiml_geosane; developer: HSG-AIML; input_modality: earth-observation; discovered_via: hugging-face; tags: safetensors; weight-space-learning; earth-observation; remote-sensing; foundation-model; arxiv:2603.23408; base_model:openai-community/gpt2; base_model:finetune:openai-community/gpt2; license:apache-2.0; region:us; base_model: openai-community/gpt2; finetune:openai-community/gpt2,,,,weights,https://huggingface.co/HSG-AIML/GeoSANE,Model catalogue
model_humanaiconvention_simsat_lfm25vl_450m_v1,2026,simsat-lfm25vl-450m-v1,HumanAIConvention,Hugging Face model card,foundation_models,model_card,,,https://huggingface.co/HumanAIConvention/simsat-lfm25vl-450m-v1,,,catalogue/models,local model JSON catalogue,candidate_adapter_model,local_id: model_humanaiconvention_simsat_lfm25vl_450m_v1; developer: HumanAIConvention; input_modality: earth-observation; discovered_via: hugging-face; tags: peft; safetensors; lora; sft; trl; vision-language; earth-observation; sentinel-2; simsat; liquid-ai; base_model:LiquidAI/LFM2.5-VL-450M; base_model:adapter:LiquidAI/LFM2.5-VL-450M; license:apache-2.0; region:us; base_model: LiquidAI/LFM2.5-VL-450M; adapter:LiquidAI/LFM2.5-VL-450M,,,,weights,https://huggingface.co/HumanAIConvention/simsat-lfm25vl-450m-v1,Model catalogue
model_humanaiconvention_simsat_lfm25vl_450m_v3,2026,simsat-lfm25vl-450m-v3,HumanAIConvention,Hugging Face model card,foundation_models,model_card,,,https://huggingface.co/HumanAIConvention/simsat-lfm25vl-450m-v3,,,catalogue/models,local model JSON catalogue,candidate_adapter_model,local_id: model_humanaiconvention_simsat_lfm25vl_450m_v3; developer: HumanAIConvention; input_modality: earth-observation; discovered_via: hugging-face; tags: peft; safetensors; lora; sft; trl; vision-language; earth-observation; sentinel-2; simsat; liquid-ai; base_model:LiquidAI/LFM2.5-VL-450M; base_model:adapter:LiquidAI/LFM2.5-VL-450M; license:apache-2.0; region:us; base_model: LiquidAI/LFM2.5-VL-450M; adapter:LiquidAI/LFM2.5-VL-450M,,,,weights,https://huggingface.co/HumanAIConvention/simsat-lfm25vl-450m-v3,Model catalogue
model_ibm_esa_geospatial_llama3_ms_clip_base,2025,Llama3-MS-CLIP-base,ibm-esa-geospatial,Hugging Face model card,foundation_models,model_card,,2503.15969,https://huggingface.co/ibm-esa-geospatial/Llama3-MS-CLIP-base,,,catalogue/models,local model JSON catalogue,candidate_model,local_id: model_ibm_esa_geospatial_llama3_ms_clip_base; developer: ibm-esa-geospatial; input_modality: earth-observation; discovered_via: hugging-face; tags: terratorch; multispectral; earth-observation; zero-shot-image-classification; dataset:embed2scale/SSL4EO-S12-v1.1; dataset:ibm-esa-geospatial/Llama3-SSL4EO-S12-v1.1-captions; arxiv:2503.15969; base_model:laion/CLIP-ViT-B-16-laion2B-s34B-b88K; base_model:finetune:laion/CLIP-ViT-B-16-laion2B-s34B-b88K; license:llama3; region:us; base_model: laion/CLIP-ViT-B-16-laion2B-s34B-b88K; finetune:laion/CLIP-ViT-B-16-laion2B-s34B-b88K; datasets: embed2scale/SSL4EO-S12-v1.1; ibm-esa-geospatial/Llama3-SSL4EO-S12-v1.1-captions,,,,weights,https://huggingface.co/ibm-esa-geospatial/Llama3-MS-CLIP-base,Model catalogue
model_icewaterdun_qwen2_5_72b_instruct_pyqgis,2025,Qwen2.5-72B-Instruct-PyQGIS,icewaterdun,Hugging Face model card,foundation_models,model_card,,,https://huggingface.co/icewaterdun/Qwen2.5-72B-Instruct-PyQGIS,,,catalogue/models,local model JSON catalogue,candidate_adapter_model,local_id: model_icewaterdun_qwen2_5_72b_instruct_pyqgis; developer: icewaterdun; discovered_via: hugging-face; tags: peft; safetensors; qgis; pyqgis; geospatial; gis; code-generation; fine-tuned; lora; text-generation; conversational; en; base_model:Qwen/Qwen2.5-72B-Instruct; base_model:adapter:Qwen/Qwen2.5-72B-Instruct; license:apache-2.0; region:us; base_model: Qwen/Qwen2.5-72B-Instruct; adapter:Qwen/Qwen2.5-72B-Instruct,,,,weights,https://huggingface.co/icewaterdun/Qwen2.5-72B-Instruct-PyQGIS,Model catalogue
model_ikhado_sattxt,2026,sattxt,ikhado,Hugging Face model card,foundation_models,model_card,,2602.22613,https://huggingface.co/ikhado/sattxt,,,catalogue/models,local model JSON catalogue,candidate_model,local_id: model_ikhado_sattxt; developer: ikhado; input_modality: earth-observation; discovered_via: hugging-face; tags: earth-observation; satellite-imagery; remote-sensing; en; dataset:ibm-esa-geospatial/Llama3-SSL4EO-S12-v1.1-captions; dataset:embed2scale/SSL4EO-S12-v1.1; arxiv:2602.22613; base_model:McGill-NLP/LLM2Vec-Meta-Llama-3-8B-Instruct-mntp-unsup-simcse; base_model:finetune:McGill-NLP/LLM2Vec-Meta-Llama-3-8B-Instruct-mntp-unsup-simcse; license:llama3; region:us; base_model: McGill-NLP/LLM2Vec-Meta-Llama-3-8B-Instruct-mntp-unsup-simcse; finetune:McGill-NLP/LLM2Vec-Meta-Llama-3-8B-Instruct-mntp-unsup-simcse; datasets: ibm-esa-geospatial/Llama3-SSL4EO-S12-v1.1-captions; embed2scale/SSL4EO-S12-v1.1,,,,weights,https://huggingface.co/ikhado/sattxt,Model catalogue
model_ilearn_lab_tgrs23_aesinet,2026,TGRS23-AESINet,iLearn-Lab,Hugging Face model card,foundation_models,model_card,,,https://huggingface.co/iLearn-Lab/TGRS23-AESINet,,,catalogue/models,local model JSON catalogue,candidate_model,local_id: model_ilearn_lab_tgrs23_aesinet; developer: iLearn-Lab; discovered_via: hugging-face; tags: salient-object-detection; remote-sensing; computer-vision; pytorch; license:apache-2.0; region:us,,,,weights,https://huggingface.co/iLearn-Lab/TGRS23-AESINet,Model catalogue
model_ilearn_lab_tgrs24_hfcnet,2026,TGRS24-HFCNet,iLearn-Lab,Hugging Face model card,foundation_models,model_card,,,https://huggingface.co/iLearn-Lab/TGRS24-HFCNet,,,catalogue/models,local model JSON catalogue,candidate_model,local_id: model_ilearn_lab_tgrs24_hfcnet; developer: iLearn-Lab; discovered_via: hugging-face; tags: salient-object-detection; remote-sensing; computer-vision; multimodal; pytorch; license:apache-2.0; region:us,,,,weights,https://huggingface.co/iLearn-Lab/TGRS24-HFCNet,Model catalogue
model_ilearn_lab_tgrs25_hdnet,2026,TGRS25-HDNet,iLearn-Lab,Hugging Face model card,foundation_models,model_card,,,https://huggingface.co/iLearn-Lab/TGRS25-HDNet,,,catalogue/models,local model JSON catalogue,candidate_model,local_id: model_ilearn_lab_tgrs25_hdnet; developer: iLearn-Lab; discovered_via: hugging-face; tags: infrared-small-target-detection; remote-sensing; computer-vision; frequency-domain; pytorch; license:apache-2.0; region:us,,,,weights,https://huggingface.co/iLearn-Lab/TGRS25-HDNet,Model catalogue
model_ilyankou_is_geospatial_query,2026,is-geospatial-query,ilyankou,Hugging Face model card,foundation_models,model_card,,2605.11336,https://huggingface.co/ilyankou/is-geospatial-query,,,catalogue/models,local model JSON catalogue,candidate_model,local_id: model_ilyankou_is_geospatial_query; developer: ilyankou; discovered_via: hugging-face; tags: setfit; safetensors; bert; sentence-transformers; text-classification; geospatial; spatial-queries; arxiv:2605.11336; base_model:BAAI/bge-small-en-v1.5; base_model:finetune:BAAI/bge-small-en-v1.5; doi:10.57967/hf/8794; license:mit; text-embeddings-inference; endpoints_compatible; region:us; base_model: BAAI/bge-small-en-v1.5; finetune:BAAI/bge-small-en-v1.5,,,,weights,https://huggingface.co/ilyankou/is-geospatial-query,Model catalogue
model_isp_uv_es_fdr4vgt_cloud,2025,FDR4VGT-CLOUD,isp-uv-es,Hugging Face model card,foundation_models,model_card,,,https://huggingface.co/isp-uv-es/FDR4VGT-CLOUD,,,catalogue/models,local model JSON catalogue,candidate_model,local_id: model_isp_uv_es_fdr4vgt_cloud; developer: isp-uv-es; input_modality: earth-observation; discovered_via: hugging-face; tags: pytorch; remote-sensing; earth-observation; cloud-detection; cloud-segmentation; satellite-imagery; spot-vgt; proba-v; semantic-segmentation; image-segmentation; license:cc0-1.0; region:us,,,,weights,https://huggingface.co/isp-uv-es/FDR4VGT-CLOUD,Model catalogue
model_it4lia_irene,2026,irene,it4lia,Hugging Face model card,foundation_models,model_card,,,https://huggingface.co/it4lia/irene,,,catalogue/models,local model JSON catalogue,candidate_model,local_id: model_it4lia_irene; developer: it4lia; input_modality: earth-observation; discovered_via: hugging-face; tags: pytorch; weather; nowcasting; radar; precipitation; ensemble-forecasting; convgru; earth-observation; image-to-image; en; license:bsd-2-clause; region:us,,,,weights,https://huggingface.co/it4lia/irene,Model catalogue
model_jacobbieker_dgmr,2022,dgmr,jacobbieker,Hugging Face model card,foundation_models,model_card,,,https://huggingface.co/jacobbieker/dgmr,,,catalogue/models,local model JSON catalogue,candidate_model,local_id: model_jacobbieker_dgmr; developer: jacobbieker; discovered_via: hugging-face; tags: transformers; pytorch; nowcasting; forecasting; timeseries; remote-sensing; gan; license:mit; endpoints_compatible; region:us,,,,weights,https://huggingface.co/jacobbieker/dgmr,Model catalogue
model_jannikend_dinovtree,2026,dinovtree,jannikend,Hugging Face model card,foundation_models,model_card,,2603.23669,https://huggingface.co/jannikend/dinovtree,,,catalogue/models,local model JSON catalogue,candidate_model,local_id: model_jannikend_dinovtree; developer: jannikend; discovered_via: hugging-face; tags: tree-height-estimation; species-identification; remote-sensing; forest-monitoring; drone-imagery; ecology; uav; vision; fine-grained-classification; biodiversity; arxiv:2603.23669; license:other; region:us,,,,weights,https://huggingface.co/jannikend/dinovtree,Model catalogue
model_jayakumarpujar_ptv3,2026,Ptv3,jayakumarpujar,Hugging Face model card,foundation_models,model_card,,,https://huggingface.co/jayakumarpujar/Ptv3,,,catalogue/models,local model JSON catalogue,candidate_model,local_id: model_jayakumarpujar_ptv3; developer: jayakumarpujar; discovered_via: hugging-face; tags: pytorch; point-cloud; lidar; semantic-segmentation; aerial-lidar; point-transformer-v3; dales; geospatial; remote-sensing; other; dataset:DALES; license:mit; region:us; datasets: DALES,,,,weights,https://huggingface.co/jayakumarpujar/Ptv3,Model catalogue
model_jaychempan_earthsynth,2025,EarthSynth,jaychempan,Hugging Face model card,foundation_models,model_card,,2505.12108; 2408.09110,https://huggingface.co/jaychempan/EarthSynth,,,catalogue/models,local model JSON catalogue,candidate_model,local_id: model_jaychempan_earthsynth; developer: jaychempan; input_modality: earth-observation; discovered_via: hugging-face; tags: diffusers; safetensors; remote-sensing; computer-vision; diffusion-models; controlnet; generative-model; earth-observation; open-vocabulary; image-dataset; arxiv:2505.12108; arxiv:2408.09110; license:mit; region:us,,,,weights,https://huggingface.co/jaychempan/EarthSynth,Model catalogue
model_jaychempan_lae_dino,2025,LAE-DINO,jaychempan,Hugging Face model card,foundation_models,model_card,,2408.09110; 2103.05569,https://huggingface.co/jaychempan/LAE-DINO,,,catalogue/models,local model JSON catalogue,candidate_model,local_id: model_jaychempan_lae_dino; developer: jaychempan; discovered_via: hugging-face; tags: remote-sensing; computer-vision; open-vocabulary; benchmark; image-dataset; arxiv:2408.09110; arxiv:2103.05569; license:mit; region:us,,,,weights,https://huggingface.co/jaychempan/LAE-DINO,Model catalogue
model_jejwalsh_eve_instruct_gguf,2026,EVE-Instruct-GGUF,jejwalsh,Hugging Face model card,foundation_models,model_card,,,https://huggingface.co/jejwalsh/EVE-Instruct-GGUF,,,catalogue/models,local model JSON catalogue,candidate_model,local_id: model_jejwalsh_eve_instruct_gguf; developer: jejwalsh; input_modality: earth-observation; discovered_via: hugging-face; tags: gguf; quantized; earth-observation; mistral; llama-cpp; base_model:eve-esa/EVE-Instruct; base_model:quantized:eve-esa/EVE-Instruct; license:apache-2.0; endpoints_compatible; region:us; imatrix; conversational; base_model: eve-esa/EVE-Instruct; quantized:eve-esa/EVE-Instruct,,,,weights,https://huggingface.co/jejwalsh/EVE-Instruct-GGUF,Model catalogue
model_johnny711_argus_lfm_lora,2026,argus-lfm-lora,johnny711,Hugging Face model card,foundation_models,model_card,,,https://huggingface.co/johnny711/argus-lfm-lora,,,catalogue/models,local model JSON catalogue,candidate_adapter_model,local_id: model_johnny711_argus_lfm_lora; developer: johnny711; input_modality: satellite-imagery; discovered_via: hugging-face; tags: transformers; safetensors; text-generation-inference; unsloth; lfm2_vl; trl; peft; lora; satellite-imagery; object-detection; military; edge-ai; space; image-text-to-text; conversational; en; dataset:HichTala/dota; dataset:baidongls/MVRSD; base_model:LiquidAI/LFM2.5-VL-450M; base_model:adapter:LiquidAI/LFM2.5-VL-450M; license:apache-2.0; endpoints_compatible; region:us; base_model: LiquidAI/LFM2.5-VL-450M; adapter:LiquidAI/LFM2.5-VL-450M; datasets: HichTala/dota; baidongls/MVRSD,,,,weights,https://huggingface.co/johnny711/argus-lfm-lora,Model catalogue
model_joshuawilson_drone_bird_detector,2026,drone-bird-detector,JoshuaWilson,Hugging Face model card,foundation_models,model_card,,,https://huggingface.co/JoshuaWilson/drone-bird-detector,,,catalogue/models,local model JSON catalogue,candidate_model,local_id: model_joshuawilson_drone_bird_detector; developer: JoshuaWilson; discovered_via: hugging-face; tags: bird-detection; ecology; remote-sensing; computer-vision; dataset:DOI; license:mit; region:us; datasets: DOI,,,,weights,https://huggingface.co/JoshuaWilson/drone-bird-detector,Model catalogue
model_jpmarindiaz_lfm2_flood,2026,lfm2-flood,jpmarindiaz,Hugging Face model card,foundation_models,model_card,,,https://huggingface.co/jpmarindiaz/lfm2-flood,,,catalogue/models,local model JSON catalogue,candidate_model,local_id: model_jpmarindiaz_lfm2_flood; developer: jpmarindiaz; input_modality: satellite-imagery; discovered_via: hugging-face; tags: transformers; safetensors; gguf; lfm2_vl; image-text-to-text; vision-language; lfm2-vl; flood-detection; satellite-imagery; sentinel-2; humanitarian; colombia; conversational; en; es; dataset:jpmarindiaz/flood-detection-pair-colombia; base_model:LiquidAI/LFM2.5-VL-450M; base_model:quantized:LiquidAI/LFM2.5-VL-450M; license:apache-2.0; endpoints_compatible; region:us; base_model: LiquidAI/LFM2.5-VL-450M; quantized:LiquidAI/LFM2.5-VL-450M; datasets: jpmarindiaz/flood-detection-pair-colombia,,,,weights,https://huggingface.co/jpmarindiaz/lfm2-flood,Model catalogue
model_juliag0_wildfire_ignition_prediction,2026,wildfire-ignition-prediction,juliag0,Hugging Face model card,foundation_models,model_card,,,https://huggingface.co/juliag0/wildfire-ignition-prediction,,,catalogue/models,local model JSON catalogue,candidate_model,local_id: model_juliag0_wildfire_ignition_prediction; developer: juliag0; input_modality: earth-observation; discovered_via: hugging-face; tags: wildfire; fire-prediction; remote-sensing; earth-observation; unet; random-forest; time-series; geospatial; en; dataset:ERA5-Land; dataset:ESA-CCI-LandCover; dataset:WorldPop; dataset:OpenStreetMap; doi:10.57967/hf/8739; license:cc-by-nc-4.0; region:us; datasets: ERA5-Land; ESA-CCI-LandCover; WorldPop; OpenStreetMap,,,,weights,https://huggingface.co/juliag0/wildfire-ignition-prediction,Model catalogue
model_kaopanboonyuen_kao_diffsat_sd_base_v1,2026,KAO-DIFFSAT-SD-BASE-v1,kaopanboonyuen,Hugging Face model card,foundation_models,model_card,,,https://huggingface.co/kaopanboonyuen/KAO-DIFFSAT-SD-BASE-v1,,,catalogue/models,local model JSON catalogue,candidate_model,local_id: model_kaopanboonyuen_kao_diffsat_sd_base_v1; developer: kaopanboonyuen; discovered_via: hugging-face; tags: diffusers; safetensors; stable-diffusion; image-inpainting; remote-sensing; satellite; diffusion; geospatial; foundation-model; image-to-image; en; license:creativeml-openrail-m; diffusers:StableDiffusionInpaintPipeline; region:us,,,,weights,https://huggingface.co/kaopanboonyuen/KAO-DIFFSAT-SD-BASE-v1,Model catalogue
model_kaopanboonyuen_kao_diffsat_vhr_v1,2026,KAO-DIFFSAT-VHR-v1,kaopanboonyuen,Hugging Face model card,foundation_models,model_card,,2511.02462,https://huggingface.co/kaopanboonyuen/KAO-DIFFSAT-VHR-v1,,,catalogue/models,local model JSON catalogue,candidate_model,local_id: model_kaopanboonyuen_kao_diffsat_vhr_v1; developer: kaopanboonyuen; discovered_via: hugging-face; tags: diffusers; pytorch; safetensors; stable-diffusion; image-inpainting; remote-sensing; satellite; vhr; diffusion; geospatial; image-to-image; en; arxiv:2511.02462; license:creativeml-openrail-m; diffusers:StableDiffusionInpaintPipeline; region:us,,,,weights,https://huggingface.co/kaopanboonyuen/KAO-DIFFSAT-VHR-v1,Model catalogue
model_kdahal_cnn_streamflow_arizona,2026,cnn-streamflow-arizona,kdahal,Hugging Face model card,foundation_models,model_card,,,https://huggingface.co/kdahal/cnn-streamflow-arizona,,,catalogue/models,local model JSON catalogue,candidate_model,local_id: model_kdahal_cnn_streamflow_arizona; developer: kdahal; input_modality: earth-observation; discovered_via: hugging-face; tags: pytorch; safetensors; cnn; time-series-forecasting; hydrology; streamflow; transformer; resnet; arizona; earth-observation; license:mit; region:us,,,,weights,https://huggingface.co/kdahal/cnn-streamflow-arizona,Model catalogue
model_kdahal_tnfr_streamflow_arizona,2026,tnfr-streamflow-arizona,kdahal,Hugging Face model card,foundation_models,model_card,,,https://huggingface.co/kdahal/tnfr-streamflow-arizona,,,catalogue/models,local model JSON catalogue,candidate_model,local_id: model_kdahal_tnfr_streamflow_arizona; developer: kdahal; input_modality: earth-observation; discovered_via: hugging-face; tags: pytorch; safetensors; tnfr; time-series-forecasting; hydrology; streamflow; transformer; arizona; earth-observation; license:mit; region:us,,,,weights,https://huggingface.co/kdahal/tnfr-streamflow-arizona,Model catalogue
model_kdahal_vitg_streamflow_arizona,2026,vitg-streamflow-arizona,kdahal,Hugging Face model card,foundation_models,model_card,,,https://huggingface.co/kdahal/vitg-streamflow-arizona,,,catalogue/models,local model JSON catalogue,candidate_model,local_id: model_kdahal_vitg_streamflow_arizona; developer: kdahal; input_modality: earth-observation; discovered_via: hugging-face; tags: pytorch; safetensors; vit_g; time-series-forecasting; hydrology; streamflow; transformer; vision-transformer; gated; arizona; earth-observation; license:mit; region:us,,,,weights,https://huggingface.co/kdahal/vitg-streamflow-arizona,Model catalogue
model_kendrickfff_eurosat_satellite_classifier,2026,eurosat-satellite-classifier,kendrickfff,Hugging Face model card,foundation_models,model_card,,,https://huggingface.co/kendrickfff/eurosat-satellite-classifier,,,catalogue/models,local model JSON catalogue,candidate_model,local_id: model_kendrickfff_eurosat_satellite_classifier; developer: kendrickfff; input_modality: satellite-imagery; discovered_via: hugging-face; tags: image-classification; pytorch; resnet18; satellite-imagery; remote-sensing; eurosat; dataset:timm/eurosat-rgb; license:mit; region:us; datasets: timm/eurosat-rgb,,,,weights,https://huggingface.co/kendrickfff/eurosat-satellite-classifier,Model catalogue
model_kjd_dktech_forestwatch_tg,2026,forestwatch-tg,kjd-dktech,Hugging Face model card,foundation_models,model_card,,,https://huggingface.co/kjd-dktech/forestwatch-tg,,,catalogue/models,local model JSON catalogue,candidate_model,local_id: model_kjd_dktech_forestwatch_tg; developer: kjd-dktech; input_modality: earth-observation; discovered_via: hugging-face; tags: joblib; earth-observation; sentinel-2; land-cover; remote-sensing; random-forest; deforestation; togo; fr; en; license:cc-by-nc-4.0; region:us,,,,weights,https://huggingface.co/kjd-dktech/forestwatch-tg,Model catalogue
model_kostaspic_amfitrite_sentinel2_hab_rdnet,2026,AMFITRITE-Sentinel2-HAB-RDNet,kostaspic,Hugging Face model card,foundation_models,model_card,,,https://huggingface.co/kostaspic/AMFITRITE-Sentinel2-HAB-RDNet,,,catalogue/models,local model JSON catalogue,candidate_model,local_id: model_kostaspic_amfitrite_sentinel2_hab_rdnet; developer: kostaspic; input_modality: earth-observation; discovered_via: hugging-face; tags: timm; earth-observation; remote-sensing; sentinel-2; water-quality; harmful-algal-blooms; environmental; image-classification; dataset:kostaspic/amfitrite-inland-waters-hab-sentinel2; base_model:BIFOLD-BigEarthNetv2-0/rdnet_base-s2-v0.2.0; base_model:finetune:BIFOLD-BigEarthNetv2-0/rdnet_base-s2-v0.2.0; license:apache-2.0; region:us; base_model: BIFOLD-BigEarthNetv2-0/rdnet_base-s2-v0.2.0; finetune:BIFOLD-BigEarthNetv2-0/rdnet_base-s2-v0.2.0; datasets: kostaspic/amfitrite-inland-waters-hab-sentinel2,,,,weights,https://huggingface.co/kostaspic/AMFITRITE-Sentinel2-HAB-RDNet,Model catalogue
model_kplabs_terramind_hyperview,2026,TerraMind-HYPERVIEW,KPLabs,Hugging Face model card,foundation_models,model_card,,,https://huggingface.co/KPLabs/TerraMind-HYPERVIEW,,,catalogue/models,local model JSON catalogue,candidate_model,local_id: model_kplabs_terramind_hyperview; developer: KPLabs; discovered_via: hugging-face; tags: terratorch; geospatial; regression; soil; foundation-model; tabular-regression; base_model:ibm-esa-geospatial/TerraMind-1.0-base; base_model:finetune:ibm-esa-geospatial/TerraMind-1.0-base; region:us; base_model: ibm-esa-geospatial/TerraMind-1.0-base; finetune:ibm-esa-geospatial/TerraMind-1.0-base,,,,weights,https://huggingface.co/KPLabs/TerraMind-HYPERVIEW,Model catalogue
model_kplabs_terramind_methane_classification,2026,TerraMind-Methane-Classification,KPLabs,Hugging Face model card,foundation_models,model_card,,,https://huggingface.co/KPLabs/TerraMind-Methane-Classification,,,catalogue/models,local model JSON catalogue,candidate_model,local_id: model_kplabs_terramind_methane_classification; developer: KPLabs; discovered_via: hugging-face; tags: methane; detection; geospatial; terramind; image-classification; base_model:ibm-esa-geospatial/TerraMind-1.0-base; base_model:finetune:ibm-esa-geospatial/TerraMind-1.0-base; region:us; base_model: ibm-esa-geospatial/TerraMind-1.0-base; finetune:ibm-esa-geospatial/TerraMind-1.0-base,,,,weights,https://huggingface.co/KPLabs/TerraMind-Methane-Classification,Model catalogue
model_kshitijrajsharma_dinov3_hot_buildings,2026,dinov3-hot-buildings,kshitijrajsharma,Hugging Face model card,foundation_models,model_card,,2508.10104,https://huggingface.co/kshitijrajsharma/dinov3-hot-buildings,,,catalogue/models,local model JSON catalogue,candidate_model,local_id: model_kshitijrajsharma_dinov3_hot_buildings; developer: kshitijrajsharma; discovered_via: hugging-face; tags: pytorch; onnx; building-segmentation; semantic-segmentation; dinov3; upernet; geospatial; remote-sensing; openaerialmap; hotosm; image-segmentation; arxiv:2508.10104; license:apache-2.0; region:us,,,,weights,https://huggingface.co/kshitijrajsharma/dinov3-hot-buildings,Model catalogue
model_kumarprince070107_geobot,2026,geobot,kumarprince070107,Hugging Face model card,foundation_models,model_card,,,https://huggingface.co/kumarprince070107/geobot,,,catalogue/models,local model JSON catalogue,candidate_model,local_id: model_kumarprince070107_geobot; developer: kumarprince070107; discovered_via: hugging-face; tags: safetensors; llama; gis; geospatial; fine-tuned; unsloth; text-generation; conversational; en; sql; py; license:llama3.1; region:us,,,,weights,https://huggingface.co/kumarprince070107/geobot,Model catalogue
model_kursatkomurcu_sat_jepa_diff_caption_guided,2026,SAT-JEPA-DIFF-Caption-Guided,kursatkomurcu,Hugging Face model card,foundation_models,model_card,,,https://huggingface.co/kursatkomurcu/SAT-JEPA-DIFF-Caption-Guided,,,catalogue/models,local model JSON catalogue,candidate_model,local_id: model_kursatkomurcu_sat_jepa_diff_caption_guided; developer: kursatkomurcu; input_modality: earth-observation; discovered_via: hugging-face; tags: satellite; remote-sensing; diffusion; image-forecasting; self-supervised-learning; ijepa; stable-diffusion; earth-observation; zero-rgb; caption-guided; license:mit; region:us,,,,weights,https://huggingface.co/kursatkomurcu/SAT-JEPA-DIFF-Caption-Guided,Model catalogue
model_ldxxx_uaglnet_backbone,2025,UAGLNet_Backbone,ldxxx,Hugging Face model card,foundation_models,model_card,,2512.12941,https://huggingface.co/ldxxx/UAGLNet_Backbone,,,catalogue/models,local model JSON catalogue,candidate_model,local_id: model_ldxxx_uaglnet_backbone; developer: ldxxx; discovered_via: hugging-face; tags: safetensors; building-extraction; remote-sensing; image-segmentation; arxiv:2512.12941; license:apache-2.0; region:us,,,,weights,https://huggingface.co/ldxxx/UAGLNet_Backbone,Model catalogue
model_ldxxx_uaglnet_inria,2025,UAGLNet_Inria,ldxxx,Hugging Face model card,foundation_models,model_card,,2512.12941,https://huggingface.co/ldxxx/UAGLNet_Inria,,,catalogue/models,local model JSON catalogue,candidate_model,local_id: model_ldxxx_uaglnet_inria; developer: ldxxx; discovered_via: hugging-face; tags: safetensors; building-extraction; remote-sensing; image-segmentation; arxiv:2512.12941; license:apache-2.0; region:us,,,,weights,https://huggingface.co/ldxxx/UAGLNet_Inria,Model catalogue
model_ldxxx_uaglnet_massachusetts,2025,UAGLNet_Massachusetts,ldxxx,Hugging Face model card,foundation_models,model_card,,2512.12941,https://huggingface.co/ldxxx/UAGLNet_Massachusetts,,,catalogue/models,local model JSON catalogue,candidate_model,local_id: model_ldxxx_uaglnet_massachusetts; developer: ldxxx; discovered_via: hugging-face; tags: safetensors; building-extraction; remote-sensing; image-segmentation; arxiv:2512.12941; license:apache-2.0; region:us,,,,weights,https://huggingface.co/ldxxx/UAGLNet_Massachusetts,Model catalogue
model_ldxxx_uaglnet_whu,2025,UAGLNet_WHU,ldxxx,Hugging Face model card,foundation_models,model_card,,2512.12941,https://huggingface.co/ldxxx/UAGLNet_WHU,,,catalogue/models,local model JSON catalogue,candidate_model,local_id: model_ldxxx_uaglnet_whu; developer: ldxxx; discovered_via: hugging-face; tags: safetensors; building-extraction; remote-sensing; image-segmentation; arxiv:2512.12941; license:apache-2.0; region:us,,,,weights,https://huggingface.co/ldxxx/UAGLNet_WHU,Model catalogue
model_leharris3_satformer,2026,satformer,leharris3,Hugging Face model card,foundation_models,model_card,,2511.11090,https://huggingface.co/leharris3/satformer,,,catalogue/models,local model JSON catalogue,candidate_model,local_id: model_leharris3_satformer; developer: leharris3; input_modality: satellite-imagery; discovered_via: hugging-face; tags: pytorch; precipitation-nowcasting; weather-forecasting; video-transformer; space-time-attention; satellite-imagery; video-classification; arxiv:2511.11090; base_model:facebook/timesformer-base-finetuned-k400; base_model:finetune:facebook/timesformer-base-finetuned-k400; license:apache-2.0; region:us; base_model: facebook/timesformer-base-finetuned-k400; finetune:facebook/timesformer-base-finetuned-k400,,,,weights,https://huggingface.co/leharris3/satformer,Model catalogue
model_lewtun_litmetnet_test_01,2022,litmetnet-test-01,lewtun,Hugging Face model card,foundation_models,model_card,,,https://huggingface.co/lewtun/litmetnet-test-01,,,catalogue/models,local model JSON catalogue,candidate_model,local_id: model_lewtun_litmetnet_test_01; developer: lewtun; discovered_via: hugging-face; tags: transformers; pytorch; satflow; forecasting; timeseries; remote-sensing; license:mit; endpoints_compatible; region:us,,,,weights,https://huggingface.co/lewtun/litmetnet-test-01,Model catalogue
model_lewtun_perceriver_test_01,2022,perceriver-test-01,lewtun,Hugging Face model card,foundation_models,model_card,,,https://huggingface.co/lewtun/perceriver-test-01,,,catalogue/models,local model JSON catalogue,candidate_model,local_id: model_lewtun_perceriver_test_01; developer: lewtun; discovered_via: hugging-face; tags: transformers; pytorch; satflow; forecasting; timeseries; remote-sensing; license:mit; endpoints_compatible; region:us,,,,weights,https://huggingface.co/lewtun/perceriver-test-01,Model catalogue
model_maggnus_singapore_hawker_centers_model,2025,singapore-hawker-centers-model,maggnus,Hugging Face model card,foundation_models,model_card,,,https://huggingface.co/maggnus/singapore-hawker-centers-model,,,catalogue/models,local model JSON catalogue,candidate_model,local_id: model_maggnus_singapore_hawker_centers_model; developer: maggnus; discovered_via: hugging-face; tags: singapore; hawker-centers; classification; geospatial; urban-planning; food-culture; en; license:mit; region:us,,,,weights,https://huggingface.co/maggnus/singapore-hawker-centers-model,Model catalogue
model_magicaneko_spatial_attention_unet_cloud_segmentation,2025,spatial-attention-unet-cloud-segmentation,MagicaNeko,Hugging Face model card,foundation_models,model_card,,,https://huggingface.co/MagicaNeko/spatial-attention-unet-cloud-segmentation,,,catalogue/models,local model JSON catalogue,candidate_model,local_id: model_magicaneko_spatial_attention_unet_cloud_segmentation; developer: MagicaNeko; input_modality: satellite-imagery; discovered_via: hugging-face; tags: pytorch; unet; satellite-imagery; image-segmentation; spatial-attention; clouds; multispectral; en; license:mit; region:us,,,,weights,https://huggingface.co/MagicaNeko/spatial-attention-unet-cloud-segmentation,Model catalogue
model_mandresyandri_flair_inc_onnx,2026,flair-inc-onnx,mandresyandri,Hugging Face model card,foundation_models,model_card,,2211.12979,https://huggingface.co/mandresyandri/flair-inc-onnx,,,catalogue/models,local model JSON catalogue,candidate_model,local_id: model_mandresyandri_flair_inc_onnx; developer: mandresyandri; discovered_via: hugging-face; tags: flair; onnx; segmentation; land-cover; remote-sensing; geospatial; arxiv:2211.12979; base_model:IGNF/FLAIR-INC_rgb_12cl_resnet34-unet; base_model:quantized:IGNF/FLAIR-INC_rgb_12cl_resnet34-unet; license:etalab-2.0; region:us; base_model: IGNF/FLAIR-INC_rgb_12cl_resnet34-unet; quantized:IGNF/FLAIR-INC_rgb_12cl_resnet34-unet,,,,weights,https://huggingface.co/mandresyandri/flair-inc-onnx,Model catalogue
model_manuelhorveydaniel_changeformer,2025,ChangeFormer,manuelhorveydaniel,Hugging Face model card,foundation_models,model_card,,,https://huggingface.co/manuelhorveydaniel/ChangeFormer,,,catalogue/models,local model JSON catalogue,candidate_model,local_id: model_manuelhorveydaniel_changeformer; developer: manuelhorveydaniel; input_modality: satellite-imagery; discovered_via: hugging-face; tags: change-detection; satellite-imagery; deforestation; transformer; gradio; final-year-project; en; dataset:sentinel-2; license:mit; model-index; region:us; datasets: sentinel-2,,,,weights,https://huggingface.co/manuelhorveydaniel/ChangeFormer,Model catalogue
model_marcelo_earth_lfm2_5_vl_450m_satellite_triage,2026,LFM2.5-VL-450M-satellite-triage,marcelo-earth,Hugging Face model card,foundation_models,model_card,,,https://huggingface.co/marcelo-earth/LFM2.5-VL-450M-satellite-triage,,,catalogue/models,local model JSON catalogue,candidate_adapter_model,local_id: model_marcelo_earth_lfm2_5_vl_450m_satellite_triage; developer: marcelo-earth; discovered_via: hugging-face; tags: safetensors; lfm2_vl; satellite; triage; remote-sensing; vision-language-model; lora; fine-tuned; image-text-to-text; conversational; dataset:xiang709/VRSBench; base_model:LiquidAI/LFM2.5-VL-450M; base_model:adapter:LiquidAI/LFM2.5-VL-450M; license:apache-2.0; region:us; base_model: LiquidAI/LFM2.5-VL-450M; adapter:LiquidAI/LFM2.5-VL-450M; datasets: xiang709/VRSBench,,,,weights,https://huggingface.co/marcelo-earth/LFM2.5-VL-450M-satellite-triage,Model catalogue
model_mariamismael_signal_quality_models,2026,signal-quality-models,mariamismael,Hugging Face model card,foundation_models,model_card,,,https://huggingface.co/mariamismael/signal-quality-models,,,catalogue/models,local model JSON catalogue,candidate_model,local_id: model_mariamismael_signal_quality_models; developer: mariamismael; discovered_via: hugging-face; tags: sklearn; signal-quality; rsrp; rsrq; geospatial; en; region:us,,,,weights,https://huggingface.co/mariamismael/signal-quality-models,Model catalogue
model_mckzyl_groundset_llava_1_6_7b,2026,GroundSet-LLaVA-1.6-7B,mckzyl,Hugging Face model card,foundation_models,model_card,,2603.14609,https://huggingface.co/mckzyl/GroundSet-LLaVA-1.6-7B,,,catalogue/models,local model JSON catalogue,candidate_adapter_model,local_id: model_mckzyl_groundset_llava_1_6_7b; developer: mckzyl; input_modality: earth-observation; discovered_via: hugging-face; tags: safetensors; llava_next; vision-language-model; remote-sensing; geospatial; spatial-understanding; earth-observation; aerial-imagery; llava; lora; visual-question-answering; en; dataset:RogerFerrod/GroundSet; arxiv:2603.14609; base_model:liuhaotian/llava-v1.6-vicuna-7b; base_model:adapter:liuhaotian/llava-v1.6-vicuna-7b; license:apache-2.0; region:us; base_model: liuhaotian/llava-v1.6-vicuna-7b; adapter:liuhaotian/llava-v1.6-vicuna-7b; datasets: RogerFerrod/GroundSet,,,,weights,https://huggingface.co/mckzyl/GroundSet-LLaVA-1.6-7B,Model catalogue
model_mdranias1_satellite_building_segmentation,2025,satellite-building-segmentation,mdranias1,Hugging Face model card,foundation_models,model_card,,,https://huggingface.co/mdranias1/satellite-building-segmentation,,,catalogue/models,local model JSON catalogue,candidate_model,local_id: model_mdranias1_satellite_building_segmentation; developer: mdranias1; input_modality: satellite-imagery; discovered_via: hugging-face; tags: pytorch; satellite-imagery; building-segmentation; computer-vision; semantic-segmentation; remote-sensing; u-net; dataset:isprs-potsdam; license:mit; model-index; region:us; datasets: isprs-potsdam,,,,weights,https://huggingface.co/mdranias1/satellite-building-segmentation,Model catalogue
model_medievalpufferfish_lst_rf_model,2026,lst-rf-model,medievalpufferfish,Hugging Face model card,foundation_models,model_card,,,https://huggingface.co/medievalpufferfish/lst-rf-model,,,catalogue/models,local model JSON catalogue,candidate_model,local_id: model_medievalpufferfish_lst_rf_model; developer: medievalpufferfish; discovered_via: hugging-face; tags: sklearn; joblib; random-forest; regression; land-surface-temperature; remote-sensing; landsat; region:us,,,,weights,https://huggingface.co/medievalpufferfish/lst-rf-model,Model catalogue
model_meghanak25_sar_oil_slick_detection,2025,sar-oil-slick-detection,MeghanaK25,Hugging Face model card,foundation_models,model_card,,,https://huggingface.co/MeghanaK25/sar-oil-slick-detection,,,catalogue/models,local model JSON catalogue,candidate_model,local_id: model_meghanak25_sar_oil_slick_detection; developer: MeghanaK25; input_modality: satellite-imagery; discovered_via: hugging-face; tags: resnet_oil_slick_detection; pytorch; sar; oil-slick-detection; maritime-monitoring; environmental-monitoring; satellite-imagery; resnet; computer-vision; en; dataset:sentinel-1-sar; license:apache-2.0; model-index; region:us; datasets: sentinel-1-sar,,,,weights,https://huggingface.co/MeghanaK25/sar-oil-slick-detection,Model catalogue
model_mercyiris_yolo11m_obb_aircraft,2025,yolo11m-obb-aircraft,Mercyiris,Hugging Face model card,foundation_models,model_card,,,https://huggingface.co/Mercyiris/yolo11m-obb-aircraft,,,catalogue/models,local model JSON catalogue,candidate_model,local_id: model_mercyiris_yolo11m_obb_aircraft; developer: Mercyiris; input_modality: satellite-imagery; discovered_via: hugging-face; tags: ultralytics; yolo; yolov11; object-detection; obb; oriented-bounding-box; aircraft-detection; military-aircraft; remote-sensing; satellite-imagery; fine-grained-recognition; multi-scale; zh; en; dataset:custom; license:apache-2.0; region:us; datasets: custom,,,,weights,https://huggingface.co/Mercyiris/yolo11m-obb-aircraft,Model catalogue
model_mespinosami_copgen_base,2026,copgen-base,mespinosami,Hugging Face model card,foundation_models,model_card,,2603.03239,https://huggingface.co/mespinosami/copgen-base,,,catalogue/models,local model JSON catalogue,candidate_model,local_id: model_mespinosami_copgen_base; developer: mespinosami; input_modality: earth-observation; discovered_via: hugging-face; tags: cop-gen; earth-observation; remote-sensing; diffusion; generative; copernicus; sentinel; major-tom; multimodal; latent-diffusion; dataset:Major-TOM/COP-GEN-Benchmark; arxiv:2603.03239; license:cc-by-4.0; region:us; datasets: Major-TOM/COP-GEN-Benchmark,,,,weights,https://huggingface.co/mespinosami/copgen-base,Model catalogue
model_mespinosami_copgen_vaes,2026,copgen-vaes,mespinosami,Hugging Face model card,foundation_models,model_card,,2603.03239,https://huggingface.co/mespinosami/copgen-vaes,,,catalogue/models,local model JSON catalogue,candidate_model,local_id: model_mespinosami_copgen_vaes; developer: mespinosami; input_modality: earth-observation; discovered_via: hugging-face; tags: cop-gen; earth-observation; remote-sensing; variational-autoencoder; copernicus; sentinel; multimodal; dataset:Major-TOM/COP-GEN-Benchmark; arxiv:2603.03239; license:cc-by-4.0; region:us; datasets: Major-TOM/COP-GEN-Benchmark,,,,weights,https://huggingface.co/mespinosami/copgen-vaes,Model catalogue
model_mfaytin_mask2former_satellite,2026,mask2former-satellite,mfaytin,Hugging Face model card,foundation_models,model_card,,,https://huggingface.co/mfaytin/mask2former-satellite,,,catalogue/models,local model JSON catalogue,candidate_model,local_id: model_mfaytin_mask2former_satellite; developer: mfaytin; input_modality: earth-observation; discovered_via: hugging-face; tags: transformers; safetensors; mask2former; semantic-segmentation; earth-observation; satellite-imagery; land-cover; openearthmap; remote-sensing; image-segmentation; en; dataset:OpenEarthMap; license:mit; endpoints_compatible; region:us; datasets: OpenEarthMap,,,,weights,https://huggingface.co/mfaytin/mask2former-satellite,Model catalogue
model_microsoft_satclip_resnet18_l10,2023,SatCLIP-ResNet18-L10,microsoft,Hugging Face model card,foundation_models,model_card,,2311.17179; 2309.16020,https://huggingface.co/microsoft/SatCLIP-ResNet18-L10,,,catalogue/models,local model JSON catalogue,candidate_model,local_id: model_microsoft_satclip_resnet18_l10; developer: microsoft; discovered_via: hugging-face; tags: geospatial; arxiv:2311.17179; arxiv:2309.16020; license:mit; region:us,,,,weights,https://huggingface.co/microsoft/SatCLIP-ResNet18-L10,Model catalogue
model_microsoft_satclip_resnet18_l40,2023,SatCLIP-ResNet18-L40,microsoft,Hugging Face model card,foundation_models,model_card,,2311.17179; 2309.16020,https://huggingface.co/microsoft/SatCLIP-ResNet18-L40,,,catalogue/models,local model JSON catalogue,candidate_model,local_id: model_microsoft_satclip_resnet18_l40; developer: microsoft; discovered_via: hugging-face; tags: geospatial; arxiv:2311.17179; arxiv:2309.16020; license:mit; region:us,,,,weights,https://huggingface.co/microsoft/SatCLIP-ResNet18-L40,Model catalogue
model_microsoft_satclip_resnet50_l10,2023,SatCLIP-ResNet50-L10,microsoft,Hugging Face model card,foundation_models,model_card,,2311.17179; 2309.16020,https://huggingface.co/microsoft/SatCLIP-ResNet50-L10,,,catalogue/models,local model JSON catalogue,candidate_model,local_id: model_microsoft_satclip_resnet50_l10; developer: microsoft; discovered_via: hugging-face; tags: geospatial; arxiv:2311.17179; arxiv:2309.16020; license:mit; region:us,,,,weights,https://huggingface.co/microsoft/SatCLIP-ResNet50-L10,Model catalogue
model_microsoft_satclip_resnet50_l40,2023,SatCLIP-ResNet50-L40,microsoft,Hugging Face model card,foundation_models,model_card,,2311.17179; 2309.16020,https://huggingface.co/microsoft/SatCLIP-ResNet50-L40,,,catalogue/models,local model JSON catalogue,candidate_model,local_id: model_microsoft_satclip_resnet50_l40; developer: microsoft; discovered_via: hugging-face; tags: geospatial; arxiv:2311.17179; arxiv:2309.16020; license:mit; region:us,,,,weights,https://huggingface.co/microsoft/SatCLIP-ResNet50-L40,Model catalogue
model_microsoft_satclip_vit16_l10,2023,SatCLIP-ViT16-L10,microsoft,Hugging Face model card,foundation_models,model_card,,2311.17179; 2309.16020,https://huggingface.co/microsoft/SatCLIP-ViT16-L10,,,catalogue/models,local model JSON catalogue,candidate_model,local_id: model_microsoft_satclip_vit16_l10; developer: microsoft; discovered_via: hugging-face; tags: geospatial; arxiv:2311.17179; arxiv:2309.16020; license:mit; region:us,,,,weights,https://huggingface.co/microsoft/SatCLIP-ViT16-L10,Model catalogue
model_microsoft_satclip_vit16_l40,2023,SatCLIP-ViT16-L40,microsoft,Hugging Face model card,foundation_models,model_card,,2311.17179; 2309.16020,https://huggingface.co/microsoft/SatCLIP-ViT16-L40,,,catalogue/models,local model JSON catalogue,candidate_model,local_id: model_microsoft_satclip_vit16_l40; developer: microsoft; discovered_via: hugging-face; tags: geospatial; arxiv:2311.17179; arxiv:2309.16020; license:mit; region:us,,,,weights,https://huggingface.co/microsoft/SatCLIP-ViT16-L40,Model catalogue
model_mohitml10_urban_expansion_detector_72b_v3,2026,urban-expansion-detector-72b-v3,MohitML10,Hugging Face model card,foundation_models,model_card,,,https://huggingface.co/MohitML10/urban-expansion-detector-72b-v3,,,catalogue/models,local model JSON catalogue,candidate_adapter_model,local_id: model_mohitml10_urban_expansion_detector_72b_v3; developer: MohitML10; input_modality: satellite-imagery; discovered_via: hugging-face; tags: transformers; safetensors; geospatial; satellite-imagery; urban-expansion; lora; rocm; amd; peft; qwen2-vl; image-text-to-text; conversational; en; dataset:NuTonic/sat-bbox-metadata-sft-v1; base_model:Qwen/Qwen2.5-VL-72B-Instruct; base_model:adapter:Qwen/Qwen2.5-VL-72B-Instruct; license:apache-2.0; endpoints_compatible; region:us; base_model: Qwen/Qwen2.5-VL-72B-Instruct; adapter:Qwen/Qwen2.5-VL-72B-Instruct; datasets: NuTonic/sat-bbox-metadata-sft-v1,,,,weights,https://huggingface.co/MohitML10/urban-expansion-detector-72b-v3,Model catalogue
model_mona0125_agb_biomass_estimation_ne_india,2025,agb-biomass-estimation-ne-india,mona0125,Hugging Face model card,foundation_models,model_card,,,https://huggingface.co/mona0125/agb-biomass-estimation-ne-india,,,catalogue/models,local model JSON catalogue,candidate_model,local_id: model_mona0125_agb_biomass_estimation_ne_india; developer: mona0125; discovered_via: hugging-face; tags: xgboost; above-ground-biomass; agb; remote-sensing; sentinel-2; sentinel-1; geospatial; northeast-india; tabular-regression; license:mit; region:us,,,,weights,https://huggingface.co/mona0125/agb-biomass-estimation-ne-india,Model catalogue
model_mona0125_soc_estimation_ne_india,2026,soc-estimation-ne-india,mona0125,Hugging Face model card,foundation_models,model_card,,,https://huggingface.co/mona0125/soc-estimation-ne-india,,,catalogue/models,local model JSON catalogue,candidate_model,local_id: model_mona0125_soc_estimation_ne_india; developer: mona0125; discovered_via: hugging-face; tags: xgboost; soil-organic-carbon; remote-sensing; sentinel-2; sentinel-1; geospatial; northeast-india; tabular-regression; license:mit; region:us,,,,weights,https://huggingface.co/mona0125/soc-estimation-ne-india,Model catalogue
model_mradermacher_geobot_gguf,2026,geobot-GGUF,mradermacher,Hugging Face model card,foundation_models,model_card,,,https://huggingface.co/mradermacher/geobot-GGUF,,,catalogue/models,local model JSON catalogue,candidate_model,local_id: model_mradermacher_geobot_gguf; developer: mradermacher; discovered_via: hugging-face; tags: transformers; gguf; gis; geospatial; fine-tuned; unsloth; en; sql; py; base_model:kumarprince070107/geobot; base_model:quantized:kumarprince070107/geobot; license:llama3.1; endpoints_compatible; region:us; conversational; base_model: kumarprince070107/geobot; quantized:kumarprince070107/geobot,,,,weights,https://huggingface.co/mradermacher/geobot-GGUF,Model catalogue
model_mradermacher_geobot_i1_gguf,2026,geobot-i1-GGUF,mradermacher,Hugging Face model card,foundation_models,model_card,,,https://huggingface.co/mradermacher/geobot-i1-GGUF,,,catalogue/models,local model JSON catalogue,candidate_model,local_id: model_mradermacher_geobot_i1_gguf; developer: mradermacher; discovered_via: hugging-face; tags: transformers; gguf; gis; geospatial; fine-tuned; unsloth; en; sql; py; base_model:kumarprince070107/geobot; base_model:quantized:kumarprince070107/geobot; license:llama3.1; endpoints_compatible; region:us; imatrix; conversational; base_model: kumarprince070107/geobot; quantized:kumarprince070107/geobot,,,,weights,https://huggingface.co/mradermacher/geobot-i1-GGUF,Model catalogue
model_mradermacher_geoscholar_qa_1_2b_gguf,2025,GeoScholar-QA-1.2B-GGUF,mradermacher,Hugging Face model card,foundation_models,model_card,,,https://huggingface.co/mradermacher/GeoScholar-QA-1.2B-GGUF,,,catalogue/models,local model JSON catalogue,candidate_model,local_id: model_mradermacher_geoscholar_qa_1_2b_gguf; developer: mradermacher; discovered_via: hugging-face; tags: transformers; gguf; geoscience; question-answering; supervised-fine-tuning; academic; earth-sciences; remote-sensing; gis; text-generation-inference; unsloth; lfm2; en; dataset:GeoGPT-Research-Project/GeoGPT-QA; base_model:yasserrmd/GeoScholar-QA-1.2B; base_model:quantized:yasserrmd/GeoScholar-QA-1.2B; license:cc-by-4.0; endpoints_compatible; region:us; conversational; base_model: yasserrmd/GeoScholar-QA-1.2B; quantized:yasserrmd/GeoScholar-QA-1.2B; datasets: GeoGPT-Research-Project/GeoGPT-QA,,,,weights,https://huggingface.co/mradermacher/GeoScholar-QA-1.2B-GGUF,Model catalogue
model_mradermacher_landai_base_gguf,2026,LandAI-Base-GGUF,mradermacher,Hugging Face model card,foundation_models,model_card,,,https://huggingface.co/mradermacher/LandAI-Base-GGUF,,,catalogue/models,local model JSON catalogue,candidate_model,local_id: model_mradermacher_landai_base_gguf; developer: mradermacher; discovered_via: hugging-face; tags: transformers; gguf; remote-sensing; geospatial-reasoning; qwen2.5-vl; sft; chain-of-thought; ms-swift; en; zh; base_model:zhou777/LandAI-Base; base_model:quantized:zhou777/LandAI-Base; license:apache-2.0; endpoints_compatible; region:us; conversational; base_model: zhou777/LandAI-Base; quantized:zhou777/LandAI-Base,,,,weights,https://huggingface.co/mradermacher/LandAI-Base-GGUF,Model catalogue
model_mradermacher_landai_base_i1_gguf,2026,LandAI-Base-i1-GGUF,mradermacher,Hugging Face model card,foundation_models,model_card,,,https://huggingface.co/mradermacher/LandAI-Base-i1-GGUF,,,catalogue/models,local model JSON catalogue,candidate_model,local_id: model_mradermacher_landai_base_i1_gguf; developer: mradermacher; discovered_via: hugging-face; tags: transformers; gguf; remote-sensing; geospatial-reasoning; qwen2.5-vl; sft; chain-of-thought; ms-swift; en; zh; base_model:zhou777/LandAI-Base; base_model:quantized:zhou777/LandAI-Base; license:apache-2.0; endpoints_compatible; region:us; imatrix; conversational; base_model: zhou777/LandAI-Base; quantized:zhou777/LandAI-Base,,,,weights,https://huggingface.co/mradermacher/LandAI-Base-i1-GGUF,Model catalogue
model_mradermacher_landai_l1_gguf,2026,LandAI-L1-GGUF,mradermacher,Hugging Face model card,foundation_models,model_card,,,https://huggingface.co/mradermacher/LandAI-L1-GGUF,,,catalogue/models,local model JSON catalogue,candidate_model,local_id: model_mradermacher_landai_l1_gguf; developer: mradermacher; discovered_via: hugging-face; tags: transformers; gguf; remote-sensing; land-use; qwen2.5-vl; multimodal; ms-swift; en; zh; base_model:zhou777/LandAI-L1; base_model:quantized:zhou777/LandAI-L1; license:apache-2.0; endpoints_compatible; region:us; conversational; base_model: zhou777/LandAI-L1; quantized:zhou777/LandAI-L1,,,,weights,https://huggingface.co/mradermacher/LandAI-L1-GGUF,Model catalogue
model_mradermacher_landai_l1_i1_gguf,2026,LandAI-L1-i1-GGUF,mradermacher,Hugging Face model card,foundation_models,model_card,,,https://huggingface.co/mradermacher/LandAI-L1-i1-GGUF,,,catalogue/models,local model JSON catalogue,candidate_model,local_id: model_mradermacher_landai_l1_i1_gguf; developer: mradermacher; discovered_via: hugging-face; tags: transformers; gguf; remote-sensing; land-use; qwen2.5-vl; multimodal; ms-swift; en; zh; base_model:zhou777/LandAI-L1; base_model:quantized:zhou777/LandAI-L1; license:apache-2.0; endpoints_compatible; region:us; imatrix; conversational; base_model: zhou777/LandAI-L1; quantized:zhou777/LandAI-L1,,,,weights,https://huggingface.co/mradermacher/LandAI-L1-i1-GGUF,Model catalogue
model_mradermacher_landai_l1_zero_gguf,2026,LandAI-L1-Zero-GGUF,mradermacher,Hugging Face model card,foundation_models,model_card,,,https://huggingface.co/mradermacher/LandAI-L1-Zero-GGUF,,,catalogue/models,local model JSON catalogue,candidate_model,local_id: model_mradermacher_landai_l1_zero_gguf; developer: mradermacher; discovered_via: hugging-face; tags: transformers; gguf; remote-sensing; land-use; qwen2.5-vl; multimodal; ms-swift; experimental; baseline; en; zh; base_model:zhou777/LandAI-L1-Zero; base_model:quantized:zhou777/LandAI-L1-Zero; license:apache-2.0; endpoints_compatible; region:us; conversational; base_model: zhou777/LandAI-L1-Zero; quantized:zhou777/LandAI-L1-Zero,,,,weights,https://huggingface.co/mradermacher/LandAI-L1-Zero-GGUF,Model catalogue
model_mradermacher_landai_l1_zero_i1_gguf,2026,LandAI-L1-Zero-i1-GGUF,mradermacher,Hugging Face model card,foundation_models,model_card,,,https://huggingface.co/mradermacher/LandAI-L1-Zero-i1-GGUF,,,catalogue/models,local model JSON catalogue,candidate_model,local_id: model_mradermacher_landai_l1_zero_i1_gguf; developer: mradermacher; discovered_via: hugging-face; tags: transformers; gguf; remote-sensing; land-use; qwen2.5-vl; multimodal; ms-swift; experimental; baseline; en; zh; base_model:zhou777/LandAI-L1-Zero; base_model:quantized:zhou777/LandAI-L1-Zero; license:apache-2.0; endpoints_compatible; region:us; imatrix; conversational; base_model: zhou777/LandAI-L1-Zero; quantized:zhou777/LandAI-L1-Zero,,,,weights,https://huggingface.co/mradermacher/LandAI-L1-Zero-i1-GGUF,Model catalogue
model_mradermacher_migrant_gguf,2025,MIGRANT-GGUF,mradermacher,Hugging Face model card,foundation_models,model_card,,,https://huggingface.co/mradermacher/MIGRANT-GGUF,,,catalogue/models,local model JSON catalogue,candidate_model,local_id: model_mradermacher_migrant_gguf; developer: mradermacher; discovered_via: hugging-face; tags: transformers; gguf; multi-image-grounding; remote-sensing; en; dataset:An-Xiao/MIG-RS-Instruct; dataset:An-Xiao/MIG-RS-Bench; base_model:An-Xiao/MIGRANT; base_model:quantized:An-Xiao/MIGRANT; license:apache-2.0; endpoints_compatible; region:us; conversational; base_model: An-Xiao/MIGRANT; quantized:An-Xiao/MIGRANT; datasets: An-Xiao/MIG-RS-Instruct; An-Xiao/MIG-RS-Bench,,,,weights,https://huggingface.co/mradermacher/MIGRANT-GGUF,Model catalogue
model_mradermacher_remote_sensing_qwen2_vl_2b_instruct_gguf,2025,remote-sensing-Qwen2-VL-2B-Instruct-GGUF,mradermacher,Hugging Face model card,foundation_models,model_card,,,https://huggingface.co/mradermacher/remote-sensing-Qwen2-VL-2B-Instruct-GGUF,,,catalogue/models,local model JSON catalogue,candidate_model,local_id: model_mradermacher_remote_sensing_qwen2_vl_2b_instruct_gguf; developer: mradermacher; discovered_via: hugging-face; tags: transformers; gguf; remote-sensing; en; dataset:AdaptLLM/remote-sensing-visual-instructions; base_model:AdaptLLM/remote-sensing-Qwen2-VL-2B-Instruct; base_model:quantized:AdaptLLM/remote-sensing-Qwen2-VL-2B-Instruct; license:apache-2.0; endpoints_compatible; region:us; conversational; base_model: AdaptLLM/remote-sensing-Qwen2-VL-2B-Instruct; quantized:AdaptLLM/remote-sensing-Qwen2-VL-2B-Instruct; datasets: AdaptLLM/remote-sensing-visual-instructions,,,,weights,https://huggingface.co/mradermacher/remote-sensing-Qwen2-VL-2B-Instruct-GGUF,Model catalogue
model_mradermacher_terrasense_gguf,2025,TerraSense-GGUF,mradermacher,Hugging Face model card,foundation_models,model_card,,,https://huggingface.co/mradermacher/TerraSense-GGUF,,,catalogue/models,local model JSON catalogue,candidate_model,local_id: model_mradermacher_terrasense_gguf; developer: mradermacher; input_modality: earth-observation; discovered_via: hugging-face; tags: transformers; gguf; remote-sensing; mllm; multimodal; earth-observation; satellite-imagery; en; zh; base_model:TerraSense-CASM/TerraSense; base_model:quantized:TerraSense-CASM/TerraSense; license:apache-2.0; endpoints_compatible; region:us; conversational; base_model: TerraSense-CASM/TerraSense; quantized:TerraSense-CASM/TerraSense,,,,weights,https://huggingface.co/mradermacher/TerraSense-GGUF,Model catalogue
model_msradam_prithvi_eo_2_0_nyc_pluvial,2026,Prithvi-EO-2.0-NYC-Pluvial,msradam,Hugging Face model card,foundation_models,model_card,,2412.02732,https://huggingface.co/msradam/Prithvi-EO-2.0-NYC-Pluvial,,,catalogue/models,local model JSON catalogue,candidate_model,local_id: model_msradam_prithvi_eo_2_0_nyc_pluvial; developer: msradam; input_modality: earth-observation; discovered_via: hugging-face; tags: terratorch; earth-observation; geospatial; sentinel-2; flood; pluvial; hurricane-ida; hurricane-sandy; nyc; new-york; segmentation; amd; rocm; arxiv:2412.02732; base_model:ibm-nasa-geospatial/Prithvi-EO-2.0-300M-TL-Sen1Floods11; base_model:finetune:ibm-nasa-geospatial/Prithvi-EO-2.0-300M-TL-Sen1Floods11; license:apache-2.0; region:us; base_model: ibm-nasa-geospatial/Prithvi-EO-2.0-300M-TL-Sen1Floods11; finetune:ibm-nasa-geospatial/Prithvi-EO-2.0-300M-TL-Sen1Floods11,,,,weights,https://huggingface.co/msradam/Prithvi-EO-2.0-NYC-Pluvial,Model catalogue
model_msradam_terramind_base_flood_amd_reproduction,2026,TerraMind-base-Flood-AMD-reproduction,msradam,Hugging Face model card,foundation_models,model_card,,2504.11171,https://huggingface.co/msradam/TerraMind-base-Flood-AMD-reproduction,,,catalogue/models,local model JSON catalogue,candidate_model,local_id: model_msradam_terramind_base_flood_amd_reproduction; developer: msradam; input_modality: earth-observation; discovered_via: hugging-face; tags: terratorch; earth-observation; geospatial; sentinel-1; sentinel-2; dem; flood; segmentation; amd; rocm; dataset:ibm-esa-geospatial/ImpactMesh-Flood; arxiv:2504.11171; base_model:ibm-esa-geospatial/TerraMind-1.0-base; base_model:finetune:ibm-esa-geospatial/TerraMind-1.0-base; license:apache-2.0; region:us; base_model: ibm-esa-geospatial/TerraMind-1.0-base; finetune:ibm-esa-geospatial/TerraMind-1.0-base; datasets: ibm-esa-geospatial/ImpactMesh-Flood,,,,weights,https://huggingface.co/msradam/TerraMind-base-Flood-AMD-reproduction,Model catalogue
model_msradam_terramind_base_flood_nyc,2026,TerraMind-base-Flood-NYC,msradam,Hugging Face model card,foundation_models,model_card,,2504.11171,https://huggingface.co/msradam/TerraMind-base-Flood-NYC,,,catalogue/models,local model JSON catalogue,candidate_model,local_id: model_msradam_terramind_base_flood_nyc; developer: msradam; input_modality: earth-observation; discovered_via: hugging-face; tags: terratorch; earth-observation; geospatial; sentinel-1; sentinel-2; land-cover; lulc; tim; thinking-in-modalities; building-footprints; nyc; new-york; segmentation; amd; rocm; dataset:Major-TOM/Core-S2L2A; dataset:Major-TOM/Core-S1RTC; arxiv:2504.11171; base_model:ibm-esa-geospatial/TerraMind-1.0-base; base_model:finetune:ibm-esa-geospatial/TerraMind-1.0-base; license:apache-2.0; region:us; base_model: ibm-esa-geospatial/TerraMind-1.0-base; finetune:ibm-esa-geospatial/TerraMind-1.0-base; datasets: Major-TOM/Core-S2L2A; Major-TOM/Core-S1RTC,,,,weights,https://huggingface.co/msradam/TerraMind-base-Flood-NYC,Model catalogue
model_msradam_terramind_nyc_adapters,2026,TerraMind-NYC-Adapters,msradam,Hugging Face model card,foundation_models,model_card,,,https://huggingface.co/msradam/TerraMind-NYC-Adapters,,,catalogue/models,local model JSON catalogue,candidate_adapter_model,local_id: model_msradam_terramind_nyc_adapters; developer: msradam; input_modality: earth-observation; discovered_via: hugging-face; tags: peft; safetensors; earth-observation; geospatial; sentinel-2; sentinel-1; lora; nyc; new-york; terramind; amd; rocm; image-segmentation; base_model:ibm-esa-geospatial/TerraMind-1.0-base; base_model:adapter:ibm-esa-geospatial/TerraMind-1.0-base; license:apache-2.0; region:us; base_model: ibm-esa-geospatial/TerraMind-1.0-base; adapter:ibm-esa-geospatial/TerraMind-1.0-base,,,,weights,https://huggingface.co/msradam/TerraMind-NYC-Adapters,Model catalogue
model_mvrl_geosynth_canny,2024,GeoSynth-Canny,MVRL,Hugging Face model card,foundation_models,model_card,,2302.05543,https://huggingface.co/MVRL/GeoSynth-Canny,,,catalogue/models,local model JSON catalogue,candidate_adapter_model,local_id: model_mvrl_geosynth_canny; developer: MVRL; input_modality: satellite-imagery; discovered_via: hugging-face; tags: diffusers; safetensors; controlnet; stable-diffusion; satellite-imagery; Canny; image-to-image; arxiv:2302.05543; base_model:stabilityai/stable-diffusion-2-1-base; base_model:adapter:stabilityai/stable-diffusion-2-1-base; license:apache-2.0; region:us; base_model: stabilityai/stable-diffusion-2-1-base; adapter:stabilityai/stable-diffusion-2-1-base,,,,weights,https://huggingface.co/MVRL/GeoSynth-Canny,Model catalogue
model_mvrl_geosynth_osm,2024,GeoSynth-OSM,MVRL,Hugging Face model card,foundation_models,model_card,,2302.05543,https://huggingface.co/MVRL/GeoSynth-OSM,,,catalogue/models,local model JSON catalogue,candidate_adapter_model,local_id: model_mvrl_geosynth_osm; developer: MVRL; input_modality: satellite-imagery; discovered_via: hugging-face; tags: diffusers; safetensors; controlnet; stable-diffusion; satellite-imagery; OSM; image-to-image; arxiv:2302.05543; base_model:stabilityai/stable-diffusion-2-1-base; base_model:adapter:stabilityai/stable-diffusion-2-1-base; license:apache-2.0; region:us; base_model: stabilityai/stable-diffusion-2-1-base; adapter:stabilityai/stable-diffusion-2-1-base,,,,weights,https://huggingface.co/MVRL/GeoSynth-OSM,Model catalogue
model_mvrl_sat2sound,2026,sat2sound,MVRL,Hugging Face model card,foundation_models,model_card,,2505.13777,https://huggingface.co/MVRL/sat2sound,,,catalogue/models,local model JSON catalogue,candidate_model,local_id: model_mvrl_sat2sound; developer: MVRL; input_modality: satellite-imagery; discovered_via: hugging-face; tags: satellite-imagery; audio; multimodal; contrastive-learning; soundscape; remote-sensing; arxiv:2505.13777; license:mit; region:us,,,,weights,https://huggingface.co/MVRL/sat2sound,Model catalogue
model_mvrl_vectorsynth,2026,VectorSynth,MVRL,Hugging Face model card,foundation_models,model_card,,2511.07744,https://huggingface.co/MVRL/VectorSynth,,,catalogue/models,local model JSON catalogue,candidate_adapter_model,local_id: model_mvrl_vectorsynth; developer: MVRL; input_modality: satellite-imagery; discovered_via: hugging-face; tags: diffusers; safetensors; controlnet; stable-diffusion; satellite-imagery; osm; image-to-image; arxiv:2511.07744; base_model:stabilityai/stable-diffusion-2-1-base; base_model:adapter:stabilityai/stable-diffusion-2-1-base; license:apache-2.0; endpoints_compatible; diffusers:StableDiffusionControlNetPipeline; region:us; base_model: stabilityai/stable-diffusion-2-1-base; adapter:stabilityai/stable-diffusion-2-1-base,,,,weights,https://huggingface.co/MVRL/VectorSynth,Model catalogue
model_mvrl_vectorsynth_cosa,2026,VectorSynth-COSA,MVRL,Hugging Face model card,foundation_models,model_card,,2511.07744,https://huggingface.co/MVRL/VectorSynth-COSA,,,catalogue/models,local model JSON catalogue,candidate_adapter_model,local_id: model_mvrl_vectorsynth_cosa; developer: MVRL; input_modality: satellite-imagery; discovered_via: hugging-face; tags: diffusers; safetensors; controlnet; stable-diffusion; satellite-imagery; osm; image-to-image; arxiv:2511.07744; base_model:stabilityai/stable-diffusion-2-1-base; base_model:adapter:stabilityai/stable-diffusion-2-1-base; license:apache-2.0; endpoints_compatible; diffusers:StableDiffusionControlNetPipeline; region:us; base_model: stabilityai/stable-diffusion-2-1-base; adapter:stabilityai/stable-diffusion-2-1-base,,,,weights,https://huggingface.co/MVRL/VectorSynth-COSA,Model catalogue
model_mvrl_vectorsynth_git10m,2026,VectorSynth-GiT10M,MVRL,Hugging Face model card,foundation_models,model_card,,2511.07744,https://huggingface.co/MVRL/VectorSynth-GiT10M,,,catalogue/models,local model JSON catalogue,candidate_adapter_model,local_id: model_mvrl_vectorsynth_git10m; developer: MVRL; input_modality: satellite-imagery; discovered_via: hugging-face; tags: diffusers; safetensors; controlnet; stable-diffusion; satellite-imagery; osm; image-to-image; arxiv:2511.07744; base_model:stabilityai/stable-diffusion-2-1-base; base_model:adapter:stabilityai/stable-diffusion-2-1-base; license:apache-2.0; endpoints_compatible; diffusers:StableDiffusionControlNetPipeline; region:us; base_model: stabilityai/stable-diffusion-2-1-base; adapter:stabilityai/stable-diffusion-2-1-base,,,,weights,https://huggingface.co/MVRL/VectorSynth-GiT10M,Model catalogue
model_naturecodeproject_earth,2026,earth,naturecodeproject,Hugging Face model card,foundation_models,model_card,,,https://huggingface.co/naturecodeproject/earth,,,catalogue/models,local model JSON catalogue,candidate_model,local_id: model_naturecodeproject_earth; developer: naturecodeproject; input_modality: earth-observation; discovered_via: hugging-face; tags: pytorch; earth-observation; remote-sensing; forest-monitoring; climate; sentinel-2; vision-transformer; multi-modal; temporal; soil-prediction; carbon; image-segmentation; en; dataset:sentinel-2; dataset:global-forest-change; dataset:openlandmap; license:apache-2.0; region:us; datasets: sentinel-2; global-forest-change; openlandmap,,,,weights,https://huggingface.co/naturecodeproject/earth,Model catalogue
model_nrcan_planaura_1_0,2025,Planaura-1.0,NRCan,Hugging Face model card,foundation_models,model_card,,2310.18660,https://huggingface.co/NRCan/Planaura-1.0,,,catalogue/models,local model JSON catalogue,candidate_model,local_id: model_nrcan_planaura_1_0; developer: NRCan; input_modality: earth-observation; discovered_via: hugging-face; tags: change-detection; hls; sentinel-2; foundation; earth-observation; geo-spatial; canadian; image-feature-extraction; en; arxiv:2310.18660; base_model:ibm-nasa-geospatial/Prithvi-EO-1.0-100M; base_model:finetune:ibm-nasa-geospatial/Prithvi-EO-1.0-100M; license:other; region:us; base_model: ibm-nasa-geospatial/Prithvi-EO-1.0-100M; finetune:ibm-nasa-geospatial/Prithvi-EO-1.0-100M,,,,weights,https://huggingface.co/NRCan/Planaura-1.0,Model catalogue
model_nthh_prithvi_eo_tiny_onnx,2026,prithvi-eo-tiny-onnx,nthh,Hugging Face model card,foundation_models,model_card,,,https://huggingface.co/nthh/prithvi-eo-tiny-onnx,,,catalogue/models,local model JSON catalogue,candidate_model,local_id: model_nthh_prithvi_eo_tiny_onnx; developer: nthh; discovered_via: hugging-face; tags: onnx; remote-sensing; foundation-model; geospatial; base_model:ibm-nasa-geospatial/Prithvi-EO-2.0-tiny-TL; base_model:quantized:ibm-nasa-geospatial/Prithvi-EO-2.0-tiny-TL; license:apache-2.0; region:us; base_model: ibm-nasa-geospatial/Prithvi-EO-2.0-tiny-TL; quantized:ibm-nasa-geospatial/Prithvi-EO-2.0-tiny-TL,,,,weights,https://huggingface.co/nthh/prithvi-eo-tiny-onnx,Model catalogue
model_nutonic_lspace,2026,lspace,NuTonic,Hugging Face model card,foundation_models,model_card,,,https://huggingface.co/NuTonic/lspace,,,catalogue/models,local model JSON catalogue,candidate_model,local_id: model_nutonic_lspace; developer: NuTonic; input_modality: earth-observation; discovered_via: hugging-face; tags: transformers; safetensors; lfm2_vl; image-text-to-text; satellite; geospatial; vision-language; lfm; liquid-ai; earth-observation; multi-image; conversational; base_model:LiquidAI/LFM2.5-VL-450M; base_model:finetune:LiquidAI/LFM2.5-VL-450M; license:apache-2.0; endpoints_compatible; region:us; base_model: LiquidAI/LFM2.5-VL-450M; finetune:LiquidAI/LFM2.5-VL-450M,,,,weights,https://huggingface.co/NuTonic/lspace,Model catalogue
model_openclimatefix_dgmr,2022,dgmr,openclimatefix,Hugging Face model card,foundation_models,model_card,,,https://huggingface.co/openclimatefix/dgmr,,,catalogue/models,local model JSON catalogue,candidate_model,local_id: model_openclimatefix_dgmr; developer: openclimatefix; discovered_via: hugging-face; tags: transformers; pytorch; nowcasting; forecasting; timeseries; remote-sensing; gan; license:mit; endpoints_compatible; region:us,,,,weights,https://huggingface.co/openclimatefix/dgmr,Model catalogue
model_openclimatefix_models_dgmr,2025,dgmr,openclimatefix-models,Hugging Face model card,foundation_models,model_card,,,https://huggingface.co/openclimatefix-models/dgmr,,,catalogue/models,local model JSON catalogue,candidate_model,local_id: model_openclimatefix_models_dgmr; developer: openclimatefix-models; discovered_via: hugging-face; tags: pytorch; nowcasting; forecasting; timeseries; remote-sensing; gan; license:mit; region:us,,,,weights,https://huggingface.co/openclimatefix-models/dgmr,Model catalogue
model_openclimatefix_power_perceiver,2022,power_perceiver,openclimatefix,Hugging Face model card,foundation_models,model_card,,,https://huggingface.co/openclimatefix/power_perceiver,,,catalogue/models,local model JSON catalogue,candidate_model,local_id: model_openclimatefix_power_perceiver; developer: openclimatefix; discovered_via: hugging-face; tags: transformers; pytorch; nowcasting; forecasting; timeseries; remote-sensing; gan; license:mit; endpoints_compatible; region:us,,,,weights,https://huggingface.co/openclimatefix/power_perceiver,Model catalogue
model_ozlabs_siad_wm_medium,2026,siad-wm-medium,OzLabs,Hugging Face model card,foundation_models,model_card,,,https://huggingface.co/OzLabs/siad-wm-medium,,,catalogue/models,local model JSON catalogue,candidate_model,local_id: model_ozlabs_siad_wm_medium; developer: OzLabs; input_modality: earth-observation; discovered_via: hugging-face; tags: transformers; safetensors; siad-world-model; world-model; satellite-imagery; earth-observation; pytorch; image-to-image; license:apache-2.0; endpoints_compatible; region:us,,,,weights,https://huggingface.co/OzLabs/siad-wm-medium,Model catalogue
model_ozlabs_siad_wm_small,2026,siad-wm-small,OzLabs,Hugging Face model card,foundation_models,model_card,,,https://huggingface.co/OzLabs/siad-wm-small,,,catalogue/models,local model JSON catalogue,candidate_model,local_id: model_ozlabs_siad_wm_small; developer: OzLabs; input_modality: earth-observation; discovered_via: hugging-face; tags: transformers; safetensors; siad-world-model; world-model; satellite-imagery; earth-observation; pytorch; image-to-image; license:apache-2.0; endpoints_compatible; region:us,,,,weights,https://huggingface.co/OzLabs/siad-wm-small,Model catalogue
model_paperuploadacount_eo_gym_4b,2026,EO-Gym-4B,paperuploadacount,Hugging Face model card,foundation_models,model_card,,,https://huggingface.co/paperuploadacount/EO-Gym-4B,,,catalogue/models,local model JSON catalogue,candidate_adapter_model,local_id: model_paperuploadacount_eo_gym_4b; developer: paperuploadacount; input_modality: earth-observation; discovered_via: hugging-face; tags: peft; safetensors; lora; qwen3-vl; vision-language; earth-observation; remote-sensing; visual-question-answering; tool-use; image-text-to-text; dataset:paperuploadacount/EO-Gym; base_model:Qwen/Qwen3-VL-4B-Instruct; base_model:adapter:Qwen/Qwen3-VL-4B-Instruct; license:other; region:us; base_model: Qwen/Qwen3-VL-4B-Instruct; adapter:Qwen/Qwen3-VL-4B-Instruct; datasets: paperuploadacount/EO-Gym,,,,weights,https://huggingface.co/paperuploadacount/EO-Gym-4B,Model catalogue
model_peterdudfield_power_perceiver,2022,power_perceiver,peterdudfield,Hugging Face model card,foundation_models,model_card,,,https://huggingface.co/peterdudfield/power_perceiver,,,catalogue/models,local model JSON catalogue,candidate_model,local_id: model_peterdudfield_power_perceiver; developer: peterdudfield; discovered_via: hugging-face; tags: transformers; pytorch; nowcasting; forecasting; timeseries; remote-sensing; gan; license:mit; endpoints_compatible; region:us,,,,weights,https://huggingface.co/peterdudfield/power_perceiver,Model catalogue
model_peyterho_flood_depth_unet,2026,flood-depth-unet,peyterho,Hugging Face model card,foundation_models,model_card,,,https://huggingface.co/peyterho/flood-depth-unet,,,catalogue/models,local model JSON catalogue,candidate_model,local_id: model_peyterho_flood_depth_unet; developer: peyterho; discovered_via: hugging-face; tags: segmentation-models-pytorch; flood-prediction; geospatial; climate; water-depth; regression; u-net; remote-sensing; image-segmentation; license:apache-2.0; region:us,,,,weights,https://huggingface.co/peyterho/flood-depth-unet,Model catalogue
model_prabhjotschugh_insar_phase_unwrapping_models,2026,InSAR-Phase-Unwrapping-Models,Prabhjotschugh,Hugging Face model card,foundation_models,model_card,,2605.00896,https://huggingface.co/Prabhjotschugh/InSAR-Phase-Unwrapping-Models,,,catalogue/models,local model JSON catalogue,candidate_model,local_id: model_prabhjotschugh_insar_phase_unwrapping_models; developer: Prabhjotschugh; discovered_via: hugging-face; tags: pytorch; InSAR; phase-unwrapping; remote-sensing; geophysics; U-Net; ML4RS; ICLR2026; image-to-image; arxiv:2605.00896; license:cc-by-4.0; region:us,,,,weights,https://huggingface.co/Prabhjotschugh/InSAR-Phase-Unwrapping-Models,Model catalogue
model_pranilllllll_segformer_satellite_segementation,2025,segformer-satellite-segementation,Pranilllllll,Hugging Face model card,foundation_models,model_card,,,https://huggingface.co/Pranilllllll/segformer-satellite-segementation,,,catalogue/models,local model JSON catalogue,candidate_model,local_id: model_pranilllllll_segformer_satellite_segementation; developer: Pranilllllll; input_modality: satellite-imagery; discovered_via: hugging-face; tags: transformers; safetensors; segformer; semantic-segmentation; satellite-imagery; remote-sensing; land-use; geospatial; nepal; kathmandu; image-segmentation; en; license:mit; endpoints_compatible; region:us,,,,weights,https://huggingface.co/Pranilllllll/segformer-satellite-segementation,Model catalogue
model_prof_freakenstein_test_gemma_isro,2024,test-gemma-isro,prof-freakenstein,Hugging Face model card,foundation_models,model_card,,2023.12345,https://huggingface.co/prof-freakenstein/test-gemma-isro,,,catalogue/models,local model JSON catalogue,candidate_adapter_model,local_id: model_prof_freakenstein_test_gemma_isro; developer: prof-freakenstein; discovered_via: hugging-face; tags: adapter-transformers; safetensors; gemma; text-classification; geospatial; amd-accelerated; natural-language-processing; command-generation; text-generation-inference; transformers; en; arxiv:2023.12345; license:mit; region:us,,,,weights,https://huggingface.co/prof-freakenstein/test-gemma-isro,Model catalogue
model_ra_hk1_spillvision_deeplab_keras,2026,spillvision-deeplab-keras,ra-hk1,Hugging Face model card,foundation_models,model_card,,,https://huggingface.co/ra-hk1/spillvision-deeplab-keras,,,catalogue/models,local model JSON catalogue,candidate_model,local_id: model_ra_hk1_spillvision_deeplab_keras; developer: ra-hk1; input_modality: satellite-imagery; discovered_via: hugging-face; tags: keras; oil-spill-detection; semantic-segmentation; satellite-imagery; remote-sensing; deeplabv3plus; tensorflow; image-segmentation; region:us,,,,weights,https://huggingface.co/ra-hk1/spillvision-deeplab-keras,Model catalogue
model_rafavidal1709_s2srgan7x,2025,S2SRGAN7X,rafavidal1709,Hugging Face model card,foundation_models,model_card,,,https://huggingface.co/rafavidal1709/S2SRGAN7X,,,catalogue/models,local model JSON catalogue,candidate_model,local_id: model_rafavidal1709_s2srgan7x; developer: rafavidal1709; input_modality: satellite-imagery; discovered_via: hugging-face; tags: pytorch; super-resolution; satellite-imagery; GAN; license:apache-2.0; region:us,,,,weights,https://huggingface.co/rafavidal1709/S2SRGAN7X,Model catalogue
model_rafavidal1709_srgans27x,2025,SRGANS27X,rafavidal1709,Hugging Face model card,foundation_models,model_card,,,https://huggingface.co/rafavidal1709/SRGANS27X,,,catalogue/models,local model JSON catalogue,candidate_model,local_id: model_rafavidal1709_srgans27x; developer: rafavidal1709; input_modality: satellite-imagery; discovered_via: hugging-face; tags: pytorch; super-resolution; satellite-imagery; GAN; license:apache-2.0; region:us,,,,weights,https://huggingface.co/rafavidal1709/SRGANS27X,Model catalogue
model_raflisbk_feta_fasterrcnn_6band_canopy,2026,FETA-fasterrcnn-6band-canopy,raflisbk,Hugging Face model card,foundation_models,model_card,,,https://huggingface.co/raflisbk/FETA-fasterrcnn-6band-canopy,,,catalogue/models,local model JSON catalogue,candidate_model,local_id: model_raflisbk_feta_fasterrcnn_6band_canopy; developer: raflisbk; discovered_via: hugging-face; tags: pytorch; onnx; object-detection; faster-rcnn; multispectral; canopy-detection; remote-sensing; region:us,,,,weights,https://huggingface.co/raflisbk/FETA-fasterrcnn-6band-canopy,Model catalogue
model_rai_lab_wildfire_fm,2026,Wildfire-FM,RAI-Lab,Hugging Face model card,foundation_models,model_card,,,https://huggingface.co/RAI-Lab/Wildfire-FM,,,catalogue/models,local model JSON catalogue,candidate_model,local_id: model_rai_lab_wildfire_fm; developer: RAI-Lab; input_modality: earth-observation; discovered_via: hugging-face; tags: pytorch; wildfire; geospatial; weather; earth-observation; foundation-models; evaluation; image-segmentation; license:mit; region:us,,,,weights,https://huggingface.co/RAI-Lab/Wildfire-FM,Model catalogue
model_rhodweo_gis_coder_7b,2026,GIS-Coder-7B,RhodWeo,Hugging Face model card,foundation_models,model_card,,2504.09602; 2509.17489; 2410.04617; 2410.13732,https://huggingface.co/RhodWeo/GIS-Coder-7B,,,catalogue/models,local model JSON catalogue,candidate_adapter_model,local_id: model_rhodweo_gis_coder_7b; developer: RhodWeo; discovered_via: hugging-face; tags: peft; safetensors; code; gis; geospatial; geopandas; shapely; rasterio; osmnx; folium; lora; trl; sft; text-generation; conversational; en; arxiv:2504.09602; arxiv:2509.17489; arxiv:2410.04617; arxiv:2410.13732; base_model:Qwen/Qwen2.5-Coder-0.5B-Instruct; base_model:adapter:Qwen/Qwen2.5-Coder-0.5B-Instruct; license:apache-2.0; region:us; base_model: Qwen/Qwen2.5-Coder-0.5B-Instruct; adapter:Qwen/Qwen2.5-Coder-0.5B-Instruct,,,,weights,https://huggingface.co/RhodWeo/GIS-Coder-7B,Model catalogue
model_rishii100_clip_rsicd_finetuned,2026,clip-rsicd-finetuned,rishii100,Hugging Face model card,foundation_models,model_card,,,https://huggingface.co/rishii100/clip-rsicd-finetuned,,,catalogue/models,local model JSON catalogue,candidate_model,local_id: model_rishii100_clip_rsicd_finetuned; developer: rishii100; input_modality: satellite-imagery; discovered_via: hugging-face; tags: transformers; safetensors; clip; zero-shot-image-classification; vision-language; satellite-imagery; image-retrieval; remote-sensing; pytorch; dataset:arampacha/rsicd; license:mit; endpoints_compatible; region:us; datasets: arampacha/rsicd,,,,weights,https://huggingface.co/rishii100/clip-rsicd-finetuned,Model catalogue
model_roar777_floodsense,2026,FloodSense,RoAr777,Hugging Face model card,foundation_models,model_card,,2310.18660; 1810.07842,https://huggingface.co/RoAr777/FloodSense,,,catalogue/models,local model JSON catalogue,candidate_model,local_id: model_roar777_floodsense; developer: RoAr777; input_modality: earth-observation; discovered_via: hugging-face; tags: flood-detection; remote-sensing; satellite-imagery; semantic-segmentation; SAR; optical; geospatial; earth-observation; vision-transformer; physics-informed; disaster-response; image-segmentation; en; dataset:AISEHack-Theme1-Phase2; dataset:jrc-global-surface-water; arxiv:2310.18660; arxiv:1810.07842; base_model:ibm-nasa-geospatial/Prithvi-EO-1.0-100M; base_model:finetune:ibm-nasa-geospatial/Prithvi-EO-1.0-100M; license:mit; region:us; base_model: ibm-nasa-geospatial/Prithvi-EO-1.0-100M; finetune:ibm-nasa-geospatial/Prithvi-EO-1.0-100M; datasets: AISEHack-Theme1-Phase2; jrc-global-surface-water,,,,weights,https://huggingface.co/RoAr777/FloodSense,Model catalogue
model_rogerferrod_groundset_llava_1_6_7b,2026,GroundSet-LLaVA-1.6-7B,RogerFerrod,Hugging Face model card,foundation_models,model_card,,2603.14609,https://huggingface.co/RogerFerrod/GroundSet-LLaVA-1.6-7B,,,catalogue/models,local model JSON catalogue,candidate_adapter_model,local_id: model_rogerferrod_groundset_llava_1_6_7b; developer: RogerFerrod; input_modality: earth-observation; discovered_via: hugging-face; tags: safetensors; llava_next; vision-language-model; remote-sensing; geospatial; spatial-understanding; earth-observation; aerial-imagery; llava; lora; visual-question-answering; en; dataset:RogerFerrod/GroundSet; arxiv:2603.14609; base_model:liuhaotian/llava-v1.6-vicuna-7b; base_model:adapter:liuhaotian/llava-v1.6-vicuna-7b; license:apache-2.0; region:us; base_model: liuhaotian/llava-v1.6-vicuna-7b; adapter:liuhaotian/llava-v1.6-vicuna-7b; datasets: RogerFerrod/GroundSet,,,,weights,https://huggingface.co/RogerFerrod/GroundSet-LLaVA-1.6-7B,Model catalogue
model_rogerferrod_rsicrc,2026,RSICRC,RogerFerrod,Hugging Face model card,foundation_models,model_card,,,https://huggingface.co/RogerFerrod/RSICRC,,,catalogue/models,local model JSON catalogue,candidate_model,local_id: model_rogerferrod_rsicrc; developer: RogerFerrod; discovered_via: hugging-face; tags: pytorch; remote-sensing; change-detection; image-captioning; multimodal; retrieval; image-to-text; en; dataset:lcybuaa/LEVIR-CC; license:mit; region:us; datasets: lcybuaa/LEVIR-CC,,,,weights,https://huggingface.co/RogerFerrod/RSICRC,Model catalogue
model_ryanqchiqache_mask2former_large_dlr_skyscapes,2025,mask2former-large-dlr-skyscapes,RyanQchiqache,Hugging Face model card,foundation_models,model_card,,2007.06102,https://huggingface.co/RyanQchiqache/mask2former-large-dlr-skyscapes,,,catalogue/models,local model JSON catalogue,candidate_model,local_id: model_ryanqchiqache_mask2former_large_dlr_skyscapes; developer: RyanQchiqache; input_modality: satellite-imagery; discovered_via: hugging-face; tags: transformers; safetensors; mask2former; semantic-segmentation; aerial-imagery; satellite-imagery; remote-sensing; swin-transformer; dlr; skyscapes; pytorch; image-segmentation; dataset:dlr-skyscapes; arxiv:2007.06102; base_model:facebook/mask2former-swin-large-ade-semantic; base_model:finetune:facebook/mask2former-swin-large-ade-semantic; license:mit; endpoints_compatible; region:us; base_model: facebook/mask2former-swin-large-ade-semantic; finetune:facebook/mask2former-swin-large-ade-semantic; datasets: dlr-skyscapes,,,,weights,https://huggingface.co/RyanQchiqache/mask2former-large-dlr-skyscapes,Model catalogue
model_sahilvishwa2108_oil_spill_deeplab,2025,oil-spill-deeplab,sahilvishwa2108,Hugging Face model card,foundation_models,model_card,,,https://huggingface.co/sahilvishwa2108/oil-spill-deeplab,,,catalogue/models,local model JSON catalogue,candidate_model,local_id: model_sahilvishwa2108_oil_spill_deeplab; developer: sahilvishwa2108; input_modality: satellite-imagery; discovered_via: hugging-face; tags: tensorflow; keras; oil-spill-detection; semantic-segmentation; satellite-imagery; computer-vision; environmental-monitoring; license:mit; model-index; region:us,,,,weights,https://huggingface.co/sahilvishwa2108/oil-spill-deeplab,Model catalogue
model_sahilvishwa2108_oil_spill_unet,2025,oil-spill-unet,sahilvishwa2108,Hugging Face model card,foundation_models,model_card,,,https://huggingface.co/sahilvishwa2108/oil-spill-unet,,,catalogue/models,local model JSON catalogue,candidate_model,local_id: model_sahilvishwa2108_oil_spill_unet; developer: sahilvishwa2108; input_modality: satellite-imagery; discovered_via: hugging-face; tags: tensorflow; keras; oil-spill-detection; semantic-segmentation; satellite-imagery; computer-vision; environmental-monitoring; license:mit; model-index; region:us,,,,weights,https://huggingface.co/sahilvishwa2108/oil-spill-unet,Model catalogue
model_samarkhanna_explora,2025,ExPLoRA,samarkhanna,Hugging Face model card,foundation_models,model_card,,2406.10973,https://huggingface.co/samarkhanna/ExPLoRA,,,catalogue/models,local model JSON catalogue,candidate_adapter_model,local_id: model_samarkhanna_explora; developer: samarkhanna; discovered_via: hugging-face; tags: peft; vision; image-classification; remote-sensing; lora; domain-adaptation; vision-transformer; continual-learning; dataset:fmow; dataset:sentinel-2; arxiv:2406.10973; license:apache-2.0; region:us; datasets: fmow; sentinel-2,,,,weights,https://huggingface.co/samarkhanna/ExPLoRA,Model catalogue
model_samwell_galamsey_unified_v3,2026,galamsey-unified-v3,samwell,Hugging Face model card,foundation_models,model_card,,,https://huggingface.co/samwell/galamsey-unified-v3,,,catalogue/models,local model JSON catalogue,candidate_model,local_id: model_samwell_galamsey_unified_v3; developer: samwell; input_modality: earth-observation; discovered_via: hugging-face; tags: transformers; safetensors; lfm2_vl; image-text-to-text; vision-language; earth-observation; sentinel-2; galamsey; illegal-mining; lfm2-vl; lfm2.5-vl; agentic-eo; on-orbit-policy; tool-calling; conversational; en; base_model:samwell/galamsey-v9-e3; base_model:finetune:samwell/galamsey-v9-e3; license:other; endpoints_compatible; region:us; base_model: samwell/galamsey-v9-e3; finetune:samwell/galamsey-v9-e3,,,,weights,https://huggingface.co/samwell/galamsey-unified-v3,Model catalogue
model_samwell_galamsey_unified_v4_1,2026,galamsey-unified-v4-1,samwell,Hugging Face model card,foundation_models,model_card,,,https://huggingface.co/samwell/galamsey-unified-v4-1,,,catalogue/models,local model JSON catalogue,candidate_model,local_id: model_samwell_galamsey_unified_v4_1; developer: samwell; input_modality: earth-observation; discovered_via: hugging-face; tags: transformers; safetensors; lfm2_vl; image-text-to-text; vision-language; earth-observation; sentinel-2; galamsey; illegal-mining; lfm2-vl; lfm2.5-vl; agentic-eo; on-orbit-policy; tool-calling; multitask; conversational; en; base_model:samwell/galamsey-v9-e3; base_model:finetune:samwell/galamsey-v9-e3; license:other; endpoints_compatible; region:us; base_model: samwell/galamsey-v9-e3; finetune:samwell/galamsey-v9-e3,,,,weights,https://huggingface.co/samwell/galamsey-unified-v4-1,Model catalogue
model_samwell_galamsey_v9_e3,2026,galamsey-v9-e3,samwell,Hugging Face model card,foundation_models,model_card,,2511.23404,https://huggingface.co/samwell/galamsey-v9-e3,,,catalogue/models,local model JSON catalogue,candidate_model,local_id: model_samwell_galamsey_v9_e3; developer: samwell; input_modality: earth-observation; discovered_via: hugging-face; tags: transformers; safetensors; lfm2_vl; image-text-to-text; vision-language; earth-observation; sentinel-2; galamsey; illegal-mining; lfm2-vl; lfm2.5-vl; object-detection; grounding; conversational; en; dataset:ellaampy/SmallMinesDS; arxiv:2511.23404; base_model:LiquidAI/LFM2.5-VL-450M; base_model:finetune:LiquidAI/LFM2.5-VL-450M; license:other; endpoints_compatible; region:us; base_model: LiquidAI/LFM2.5-VL-450M; finetune:LiquidAI/LFM2.5-VL-450M; datasets: ellaampy/SmallMinesDS,,,,weights,https://huggingface.co/samwell/galamsey-v9-e3,Model catalogue
model_samwell_galamsey_v9_e3_onnx,2026,galamsey-v9-e3-onnx,samwell,Hugging Face model card,foundation_models,model_card,,,https://huggingface.co/samwell/galamsey-v9-e3-onnx,,,catalogue/models,local model JSON catalogue,candidate_model,local_id: model_samwell_galamsey_v9_e3_onnx; developer: samwell; input_modality: earth-observation; discovered_via: hugging-face; tags: transformers.js; onnx; lfm2_vl; image-text-to-text; vision-language; earth-observation; sentinel-2; galamsey; illegal-mining; lfm2-vl; lfm2.5-vl; object-detection; grounding; webgpu; conversational; en; dataset:ellaampy/SmallMinesDS; base_model:LiquidAI/LFM2.5-VL-450M; base_model:quantized:LiquidAI/LFM2.5-VL-450M; license:other; region:us; base_model: LiquidAI/LFM2.5-VL-450M; quantized:LiquidAI/LFM2.5-VL-450M; datasets: ellaampy/SmallMinesDS,,,,weights,https://huggingface.co/samwell/galamsey-v9-e3-onnx,Model catalogue
model_saransh_cpp_orion_qlora_lfm2_5_vl_1_6b,2026,orion-qlora-lfm2.5-vl-1.6b,Saransh-cpp,Hugging Face model card,foundation_models,model_card,,,https://huggingface.co/Saransh-cpp/orion-qlora-lfm2.5-vl-1.6b,,,catalogue/models,local model JSON catalogue,candidate_adapter_model,local_id: model_saransh_cpp_orion_qlora_lfm2_5_vl_1_6b; developer: Saransh-cpp; input_modality: satellite-imagery; discovered_via: hugging-face; tags: peft; safetensors; gguf; satellite-imagery; remote-sensing; orbital-triage; qlora; llama-cpp; fprime; image-text-to-text; conversational; en; base_model:LiquidAI/LFM2.5-VL-1.6B; base_model:adapter:LiquidAI/LFM2.5-VL-1.6B; license:apache-2.0; endpoints_compatible; region:us; base_model: LiquidAI/LFM2.5-VL-1.6B; adapter:LiquidAI/LFM2.5-VL-1.6B,,,,weights,https://huggingface.co/Saransh-cpp/orion-qlora-lfm2.5-vl-1.6b,Model catalogue
model_sathya77_swin_transformer_satellite,2026,swin-transformer-satellite,Sathya77,Hugging Face model card,foundation_models,model_card,,2103.14030,https://huggingface.co/Sathya77/swin-transformer-satellite,,,catalogue/models,local model JSON catalogue,candidate_model,local_id: model_sathya77_swin_transformer_satellite; developer: Sathya77; input_modality: satellite-imagery; discovered_via: hugging-face; tags: swin-transformer; satellite-imagery; image-classification; pytorch; computer-vision; en; arxiv:2103.14030; license:mit; region:us,,,,weights,https://huggingface.co/Sathya77/swin-transformer-satellite,Model catalogue
model_sciamlab_lfm2_5_vl_450m_landslide_gguf,2026,LFM2.5-VL-450M-landslide-GGUF,Sciamlab,Hugging Face model card,foundation_models,model_card,,,https://huggingface.co/Sciamlab/LFM2.5-VL-450M-landslide-GGUF,,,catalogue/models,local model JSON catalogue,candidate_model,local_id: model_sciamlab_lfm2_5_vl_450m_landslide_gguf; developer: Sciamlab; input_modality: earth-observation; discovered_via: hugging-face; tags: gguf; vlm; lfm2; landslide; sentinel-2; earth-observation; remote-sensing; llama.cpp; image-text-to-text; en; dataset:Sciamlab/landslide-sentinel2-vlm; base_model:LiquidAI/LFM2-VL-450M; base_model:quantized:LiquidAI/LFM2-VL-450M; license:other; endpoints_compatible; region:us; conversational; base_model: LiquidAI/LFM2-VL-450M; quantized:LiquidAI/LFM2-VL-450M; datasets: Sciamlab/landslide-sentinel2-vlm,,,,weights,https://huggingface.co/Sciamlab/LFM2.5-VL-450M-landslide-GGUF,Model catalogue
model_shiran_yu_spaaudiolm,2026,SpaAudioLM,shiran-yu,Hugging Face model card,foundation_models,model_card,,,https://huggingface.co/shiran-yu/SpaAudioLM,,,catalogue/models,local model JSON catalogue,candidate_model,local_id: model_shiran_yu_spaaudiolm; developer: shiran-yu; discovered_via: hugging-face; tags: transformers; safetensors; qwen2_5_omni; text-to-audio; audio; geospatial; environmental-sound-classification; multimodal; chain-of-thought; reinforcement-learning; grpo; text-generation; conversational; en; dataset:shiran-yu/SpaAudioLM-Dataset; base_model:Qwen/Qwen2.5-Omni-7B; base_model:finetune:Qwen/Qwen2.5-Omni-7B; license:mit; endpoints_compatible; region:us; base_model: Qwen/Qwen2.5-Omni-7B; finetune:Qwen/Qwen2.5-Omni-7B; datasets: shiran-yu/SpaAudioLM-Dataset,,,,weights,https://huggingface.co/shiran-yu/SpaAudioLM,Model catalogue
model_shoozes_lfm2_5_450m_vl_orbit_satellite,2026,lfm2.5-450m-vl-orbit-satellite,Shoozes,Hugging Face model card,foundation_models,model_card,,,https://huggingface.co/Shoozes/lfm2.5-450m-vl-orbit-satellite,,,catalogue/models,local model JSON catalogue,candidate_model,local_id: model_shoozes_lfm2_5_450m_vl_orbit_satellite; developer: Shoozes; input_modality: satellite-imagery; discovered_via: hugging-face; tags: safetensors; gguf; lfm2; lfm2-vl; satellite-imagery; nm-uni; orbit; q4_0; base_model:LiquidAI/LFM2.5-VL-450M; base_model:quantized:LiquidAI/LFM2.5-VL-450M; license:mit; endpoints_compatible; region:us; conversational; base_model: LiquidAI/LFM2.5-VL-450M; quantized:LiquidAI/LFM2.5-VL-450M,,,,weights,https://huggingface.co/Shoozes/lfm2.5-450m-vl-orbit-satellite,Model catalogue
model_shoriful025_satellite_deforestation_segmenter,2025,satellite_deforestation_segmenter,Shoriful025,Hugging Face model card,foundation_models,model_card,,,https://huggingface.co/Shoriful025/satellite_deforestation_segmenter,,,catalogue/models,local model JSON catalogue,candidate_model,local_id: model_shoriful025_satellite_deforestation_segmenter; developer: Shoriful025; input_modality: satellite-imagery; discovered_via: hugging-face; tags: segformer; vision; segmentation; satellite-imagery; ecology; climate-change; en; license:apache-2.0; region:us,,,,weights,https://huggingface.co/Shoriful025/satellite_deforestation_segmenter,Model catalogue
model_shoriful025_satellite_land_cover_segmenter_v1,2026,satellite_land_cover_segmenter_v1,Shoriful025,Hugging Face model card,foundation_models,model_card,,,https://huggingface.co/Shoriful025/satellite_land_cover_segmenter_v1,,,catalogue/models,local model JSON catalogue,candidate_model,local_id: model_shoriful025_satellite_land_cover_segmenter_v1; developer: Shoriful025; discovered_via: hugging-face; tags: segformer; vision; segmentation; remote-sensing; satellite; pytorch; dataset:satellite_remote_sensing_change_detection; license:apache-2.0; region:us; datasets: satellite_remote_sensing_change_detection,,,,weights,https://huggingface.co/Shoriful025/satellite_land_cover_segmenter_v1,Model catalogue
model_siddharth63_forestwhy_jepa_vitl,2026,forestWHY-JEPA-vitl,Siddharth63,Hugging Face model card,foundation_models,model_card,,2301.08243,https://huggingface.co/Siddharth63/forestWHY-JEPA-vitl,,,catalogue/models,local model JSON catalogue,candidate_model,local_id: model_siddharth63_forestwhy_jepa_vitl; developer: Siddharth63; input_modality: earth-observation; discovered_via: hugging-face; tags: pytorch; sentinel-2; i-jepa; remote-sensing; earth-observation; vision-transformer; arxiv:2301.08243; license:mit; region:us,,,,weights,https://huggingface.co/Siddharth63/forestWHY-JEPA-vitl,Model catalogue
model_silentone0725_deforestation_monitor,2026,deforestation-monitor,silentone0725,Hugging Face model card,foundation_models,model_card,,,https://huggingface.co/silentone0725/deforestation-monitor,,,catalogue/models,local model JSON catalogue,candidate_model,local_id: model_silentone0725_deforestation_monitor; developer: silentone0725; input_modality: satellite-imagery; discovered_via: hugging-face; tags: semantic-segmentation; satellite-imagery; remote-sensing; deforestation; land-cover; pytorch; unet; resnet; image-segmentation; en; dataset:deepglobe; dataset:loveda; license:mit; region:us; datasets: deepglobe; loveda,,,,weights,https://huggingface.co/silentone0725/deforestation-monitor,Model catalogue
model_simonreise_forest_segmentation_2025,2025,forest-segmentation-2025,simonreise,Hugging Face model card,foundation_models,model_card,,,https://huggingface.co/simonreise/forest-segmentation-2025,,,catalogue/models,local model JSON catalogue,candidate_model,local_id: model_simonreise_forest_segmentation_2025; developer: simonreise; discovered_via: hugging-face; tags: geospatial; forest; species; productivity; age; image-segmentation; region:us,,,,weights,https://huggingface.co/simonreise/forest-segmentation-2025,Model catalogue
model_soje415_anansi_nigeria_terrain_v1,2026,anansi-nigeria-terrain-v1,soje415,Hugging Face model card,foundation_models,model_card,,,https://huggingface.co/soje415/anansi-nigeria-terrain-v1,,,catalogue/models,local model JSON catalogue,candidate_model,local_id: model_soje415_anansi_nigeria_terrain_v1; developer: soje415; discovered_via: hugging-face; tags: geospatial; remote-sensing; nigeria; sentinel-2; terrain-classification; sovereign-ai; krystallx-shield; en; license:apache-2.0; region:us,,,,weights,https://huggingface.co/soje415/anansi-nigeria-terrain-v1,Model catalogue
model_sulagnasaharasha_bci_crown_model,2026,bci-crown-model,sulagnasaharasha,Hugging Face model card,foundation_models,model_card,,,https://huggingface.co/sulagnasaharasha/bci-crown-model,,,catalogue/models,local model JSON catalogue,candidate_model,local_id: model_sulagnasaharasha_bci_crown_model; developer: sulagnasaharasha; discovered_via: hugging-face; tags: biology; remote-sensing; image-classification; tropical-trees; dinov3; fine-tuned; en; license:mit; region:us,,,,weights,https://huggingface.co/sulagnasaharasha/bci-crown-model,Model catalogue
model_sulemanhamdani_kiln_clip_vit_b_16,2025,kiln-clip-vit-b-16,sulemanhamdani,Hugging Face model card,foundation_models,model_card,,,https://huggingface.co/sulemanhamdani/kiln-clip-vit-b-16,,,catalogue/models,local model JSON catalogue,candidate_model,local_id: model_sulemanhamdani_kiln_clip_vit_b_16; developer: sulemanhamdani; input_modality: satellite-imagery; discovered_via: hugging-face; tags: none; clip; openclip; satellite-imagery; binary-classification; attention; image-text-retrieval; license:mit; region:us,,,,weights,https://huggingface.co/sulemanhamdani/kiln-clip-vit-b-16,Model catalogue
model_t6harsh_tb_vulnerability_hotspot_predictor,2026,tb-vulnerability-hotspot-predictor,t6harsh,Hugging Face model card,foundation_models,model_card,,,https://huggingface.co/t6harsh/tb-vulnerability-hotspot-predictor,,,catalogue/models,local model JSON catalogue,candidate_model,local_id: model_t6harsh_tb_vulnerability_hotspot_predictor; developer: t6harsh; discovered_via: hugging-face; tags: tuberculosis; india; public-health; geospatial; xgboost; lightgbm; transformer; vulnerability-mapping; hotspot-detection; calibration; tabular-classification; en; dataset:t6harsh/tb-vulnerability-india; license:apache-2.0; region:us; datasets: t6harsh/tb-vulnerability-india,,,,weights,https://huggingface.co/t6harsh/tb-vulnerability-hotspot-predictor,Model catalogue
model_tasfiya025_satelliteimage_cloudsegmentation_unet,2025,SatelliteImage_CloudSegmentation_Unet,Tasfiya025,Hugging Face model card,foundation_models,model_card,,,https://huggingface.co/Tasfiya025/SatelliteImage_CloudSegmentation_Unet,,,catalogue/models,local model JSON catalogue,candidate_model,local_id: model_tasfiya025_satelliteimage_cloudsegmentation_unet; developer: Tasfiya025; input_modality: satellite-imagery; discovered_via: hugging-face; tags: semantic_segmentation; computer-vision; semantic-segmentation; satellite-imagery; unet; remote-sensing; dataset:CloudCover_SatelliteImagery_256x256; license:cc-by-nc-4.0; model-index; region:us; datasets: CloudCover_SatelliteImagery_256x256,,,,weights,https://huggingface.co/Tasfiya025/SatelliteImage_CloudSegmentation_Unet,Model catalogue
model_tasfiya025_satellitesar_landcover_classifier,2025,SatelliteSAR_LandCover_Classifier,Tasfiya025,Hugging Face model card,foundation_models,model_card,,,https://huggingface.co/Tasfiya025/SatelliteSAR_LandCover_Classifier,,,catalogue/models,local model JSON catalogue,candidate_model,local_id: model_tasfiya025_satellitesar_landcover_classifier; developer: Tasfiya025; discovered_via: hugging-face; tags: image_classification; computer-vision; image-classification; remote-sensing; sar-imagery; land-cover-mapping; dataset:Sentinel1_LandCover_SAR_Patches; license:cc-by-sa-4.0; model-index; region:us; datasets: Sentinel1_LandCover_SAR_Patches,,,,weights,https://huggingface.co/Tasfiya025/SatelliteSAR_LandCover_Classifier,Model catalogue
model_terrasense_casm_terrasense,2025,TerraSense,TerraSense-CASM,Hugging Face model card,foundation_models,model_card,,,https://huggingface.co/TerraSense-CASM/TerraSense,,,catalogue/models,local model JSON catalogue,candidate_model,local_id: model_terrasense_casm_terrasense; developer: TerraSense-CASM; input_modality: earth-observation; discovered_via: hugging-face; tags: transformers; safetensors; qwen3_vl; image-text-to-text; remote-sensing; mllm; multimodal; earth-observation; satellite-imagery; conversational; en; zh; license:apache-2.0; endpoints_compatible; region:us,,,,weights,https://huggingface.co/TerraSense-CASM/TerraSense,Model catalogue
model_todo1111_lfm2_5_vl_450m_sft_grpo_s64,2026,LFM2.5-VL-450M-sft-grpo-S64,todo1111,Hugging Face model card,foundation_models,model_card,,,https://huggingface.co/todo1111/LFM2.5-VL-450M-sft-grpo-S64,,,catalogue/models,local model JSON catalogue,candidate_model,local_id: model_todo1111_lfm2_5_vl_450m_sft_grpo_s64; developer: todo1111; input_modality: earth-observation; discovered_via: hugging-face; tags: transformers; safetensors; lfm2_vl; image-text-to-text; liquid; lfm2; lfm2-vl; lfm2.5-vl; agent; tool-calling; earth-observation; remote-sensing; conversational; en; ja; base_model:LiquidAI/LFM2.5-VL-450M; base_model:finetune:LiquidAI/LFM2.5-VL-450M; license:other; endpoints_compatible; region:us; base_model: LiquidAI/LFM2.5-VL-450M; finetune:LiquidAI/LFM2.5-VL-450M,,,,weights,https://huggingface.co/todo1111/LFM2.5-VL-450M-sft-grpo-S64,Model catalogue
model_trust_tad_dual_validation_multispectral,2026,dual-validation-multispectral,trust-tad,Hugging Face model card,foundation_models,model_card,,,https://huggingface.co/trust-tad/dual-validation-multispectral,,,catalogue/models,local model JSON catalogue,candidate_model,local_id: model_trust_tad_dual_validation_multispectral; developer: trust-tad; input_modality: earth-observation; discovered_via: hugging-face; tags: remote-sensing; earth-observation; cloud-imputation; modis; prithvi; 3d-unet; difficulty-index; en; dataset:mod09ga; dataset:esa-worldcover-2021; license:apache-2.0; region:us; datasets: mod09ga; esa-worldcover-2021,,,,weights,https://huggingface.co/trust-tad/dual-validation-multispectral,Model catalogue
model_truthdotphd_cloud_detection,2025,cloud-detection,truthdotphd,Hugging Face model card,foundation_models,model_card,,,https://huggingface.co/truthdotphd/cloud-detection,,,catalogue/models,local model JSON catalogue,candidate_model,local_id: model_truthdotphd_cloud_detection; developer: truthdotphd; discovered_via: hugging-face; tags: remote-sensing; cloud-detection; en; dataset:csaybar/CloudSEN12-high; base_model:NickWright/OmniCloudMask; base_model:finetune:NickWright/OmniCloudMask; license:mit; region:us; base_model: NickWright/OmniCloudMask; finetune:NickWright/OmniCloudMask; datasets: csaybar/CloudSEN12-high,,,,weights,https://huggingface.co/truthdotphd/cloud-detection,Model catalogue
model_tugrulkaya_geoqwen_vl_2b_eurosat,2025,GeoQwen-VL-2B-EuroSAT,tugrulkaya,Hugging Face model card,foundation_models,model_card,,,https://huggingface.co/tugrulkaya/GeoQwen-VL-2B-EuroSAT,,,catalogue/models,local model JSON catalogue,candidate_adapter_model,local_id: model_tugrulkaya_geoqwen_vl_2b_eurosat; developer: tugrulkaya; input_modality: satellite-imagery; discovered_via: hugging-face; tags: peft; safetensors; remote-sensing; satellite-imagery; scene-classification; vision-language-model; qwen2-vl; lora; image-text-to-text; conversational; dataset:blanchon/EuroSAT_RGB; base_model:Qwen/Qwen2-VL-2B-Instruct; base_model:adapter:Qwen/Qwen2-VL-2B-Instruct; license:apache-2.0; region:us; base_model: Qwen/Qwen2-VL-2B-Instruct; adapter:Qwen/Qwen2-VL-2B-Instruct; datasets: blanchon/EuroSAT_RGB,,,,weights,https://huggingface.co/tugrulkaya/GeoQwen-VL-2B-EuroSAT,Model catalogue
model_tushar365_prithvi_2_0_flood_detection_sen1floods11,2026,prithvi-2.0-flood-detection-sen1floods11,Tushar365,Hugging Face model card,foundation_models,model_card,,,https://huggingface.co/Tushar365/prithvi-2.0-flood-detection-sen1floods11,,,catalogue/models,local model JSON catalogue,candidate_model,local_id: model_tushar365_prithvi_2_0_flood_detection_sen1floods11; developer: Tushar365; input_modality: earth-observation; discovered_via: hugging-face; tags: pytorch; prithvi_eo_v2; earth-observation; geospatial; flood-detection; prithvi; semantic-segmentation; sentinel-2; en; dataset:sen1floods11; license:apache-2.0; model-index; region:us; datasets: sen1floods11,,,,weights,https://huggingface.co/Tushar365/prithvi-2.0-flood-detection-sen1floods11,Model catalogue
model_tushar365_prithvi_burn_scar_model,2026,prithvi-burn-scar-model,Tushar365,Hugging Face model card,foundation_models,model_card,,,https://huggingface.co/Tushar365/prithvi-burn-scar-model,,,catalogue/models,local model JSON catalogue,candidate_model,local_id: model_tushar365_prithvi_burn_scar_model; developer: Tushar365; input_modality: earth-observation; discovered_via: hugging-face; tags: pytorch; earth-observation; segmentation; prithvi; wildfire; burn-scar; sentinel-2; terratorch; vision-transformer; pytorch-lightning; remote-sensing; geospatial; image-segmentation; dataset:Tushar365/prithvi-burn-scar-dataset; license:apache-2.0; model-index; region:us; datasets: Tushar365/prithvi-burn-scar-dataset,,,,weights,https://huggingface.co/Tushar365/prithvi-burn-scar-model,Model catalogue
model_uexdo_panel,2026,PANEL,UEXdo,Hugging Face model card,foundation_models,model_card,,,https://huggingface.co/UEXdo/PANEL,,,catalogue/models,local model JSON catalogue,candidate_model,local_id: model_uexdo_panel; developer: UEXdo; discovered_via: hugging-face; tags: pytorch; vision-language-model; remote-sensing; photovoltaic; zero-shot; few-shot; image-classification; semantic-segmentation; object-detection; image-generation; energy; sustainability; dataset:UEXdo/UEX-PVSeg; base_model:openai/clip-vit-base-patch16; base_model:finetune:openai/clip-vit-base-patch16; license:apache-2.0; region:us; base_model: openai/clip-vit-base-patch16; finetune:openai/clip-vit-base-patch16; datasets: UEXdo/UEX-PVSeg,,,,weights,https://huggingface.co/UEXdo/PANEL,Model catalogue
model_uga_gaim_clipseg_cloudsen12plus_fft,2026,CLIPSeg-CloudSEN12Plus-FFT,uga-gaim,Hugging Face model card,foundation_models,model_card,,2604.08956,https://huggingface.co/uga-gaim/CLIPSeg-CloudSEN12Plus-FFT,,,catalogue/models,local model JSON catalogue,candidate_model,local_id: model_uga_gaim_clipseg_cloudsen12plus_fft; developer: uga-gaim; input_modality: earth-observation; discovered_via: hugging-face; tags: safetensors; clipseg; cloud; segmentation; remote-sensing; satellite; earth-observation; image-segmentation; en; dataset:isp-uv-es/CloudSEN12Plus; arxiv:2604.08956; base_model:CIDAS/clipseg-rd64-refined; base_model:finetune:CIDAS/clipseg-rd64-refined; license:cc-by-4.0; region:us; base_model: CIDAS/clipseg-rd64-refined; finetune:CIDAS/clipseg-rd64-refined; datasets: isp-uv-es/CloudSEN12Plus,,,,weights,https://huggingface.co/uga-gaim/CLIPSeg-CloudSEN12Plus-FFT,Model catalogue
model_uga_gaim_clipseg_cloudsen12plus_lora,2026,CLIPSeg-CloudSEN12Plus-LoRA,uga-gaim,Hugging Face model card,foundation_models,model_card,,2604.08956,https://huggingface.co/uga-gaim/CLIPSeg-CloudSEN12Plus-LoRA,,,catalogue/models,local model JSON catalogue,candidate_adapter_model,local_id: model_uga_gaim_clipseg_cloudsen12plus_lora; developer: uga-gaim; input_modality: earth-observation; discovered_via: hugging-face; tags: peft; safetensors; cloud; segmentation; remote-sensing; satellite; earth-observation; lora; image-segmentation; en; dataset:isp-uv-es/CloudSEN12Plus; arxiv:2604.08956; base_model:CIDAS/clipseg-rd64-refined; base_model:adapter:CIDAS/clipseg-rd64-refined; license:cc-by-4.0; region:us; base_model: CIDAS/clipseg-rd64-refined; adapter:CIDAS/clipseg-rd64-refined; datasets: isp-uv-es/CloudSEN12Plus,,,,weights,https://huggingface.co/uga-gaim/CLIPSeg-CloudSEN12Plus-LoRA,Model catalogue
model_urbanspr1nter_lfm2_5vl_450m_deforestation_classifier,2026,lfm2.5vl-450m-deforestation-classifier,urbanspr1nter,Hugging Face model card,foundation_models,model_card,,,https://huggingface.co/urbanspr1nter/lfm2.5vl-450m-deforestation-classifier,,,catalogue/models,local model JSON catalogue,candidate_model,local_id: model_urbanspr1nter_lfm2_5vl_450m_deforestation_classifier; developer: urbanspr1nter; input_modality: earth-observation; discovered_via: hugging-face; tags: transformers; safetensors; gguf; lfm2_vl; image-text-to-text; vision-language; image-classification; satellite-imagery; sentinel-2; deforestation; earth-observation; lfm2; llama-cpp; fine-tuned; hackathon; conversational; en; base_model:LiquidAI/LFM2.5-VL-450M; base_model:quantized:LiquidAI/LFM2.5-VL-450M; license:other; endpoints_compatible; region:us; base_model: LiquidAI/LFM2.5-VL-450M; quantized:LiquidAI/LFM2.5-VL-450M,,,,weights,https://huggingface.co/urbanspr1nter/lfm2.5vl-450m-deforestation-classifier,Model catalogue
model_utel_uiuc_segformer_large_parking,2025,SegFormer-large-parking,UTEL-UIUC,Hugging Face model card,foundation_models,model_card,,,https://huggingface.co/UTEL-UIUC/SegFormer-large-parking,,,catalogue/models,local model JSON catalogue,candidate_model,local_id: model_utel_uiuc_segformer_large_parking; developer: UTEL-UIUC; input_modality: satellite-imagery; discovered_via: hugging-face; tags: pytorch; segmentation; computer-vision; satellite-imagery; parking-lot-detection; segformer; image-segmentation; license:apache-2.0; region:us,,,,weights,https://huggingface.co/UTEL-UIUC/SegFormer-large-parking,Model catalogue
model_vboussange_muscari,2026,muscari,vboussange,Hugging Face model card,foundation_models,model_card,,2507.06358,https://huggingface.co/vboussange/muscari,,,catalogue/models,local model JSON catalogue,candidate_model,local_id: model_vboussange_muscari; developer: vboussange; discovered_via: hugging-face; tags: muscari; safetensors; ecology; biodiversity; species-richness; species-distribution-modeling; vegetation; Europe; geospatial; other; arxiv:2507.06358; license:mit; region:us,,,,weights,https://huggingface.co/vboussange/muscari,Model catalogue
model_wangyi111_copernicus_fm,2025,Copernicus-FM,wangyi111,Hugging Face model card,foundation_models,model_card,,2503.11849,https://huggingface.co/wangyi111/Copernicus-FM,,,catalogue/models,local model JSON catalogue,candidate_model,local_id: model_wangyi111_copernicus_fm; developer: wangyi111; input_modality: earth-observation; discovered_via: hugging-face; tags: earth-observation; remote-sensing; sentinel; foundation-model; image-feature-extraction; dataset:wangyi111/Copernicus-Pretrain; dataset:wangyi111/Copernicus-Bench; arxiv:2503.11849; license:cc-by-4.0; region:us; datasets: wangyi111/Copernicus-Pretrain; wangyi111/Copernicus-Bench,,,,weights,https://huggingface.co/wangyi111/Copernicus-FM,Model catalogue
model_wobblydopamine_satdiff_lfm2_5_vl_450m_stage1,2026,SatDiff-LFM2.5-VL-450M-stage1,WobblyDopamine,Hugging Face model card,foundation_models,model_card,,,https://huggingface.co/WobblyDopamine/SatDiff-LFM2.5-VL-450M-stage1,,,catalogue/models,local model JSON catalogue,candidate_adapter_model,local_id: model_wobblydopamine_satdiff_lfm2_5_vl_450m_stage1; developer: WobblyDopamine; input_modality: earth-observation; discovered_via: hugging-face; tags: transformers; safetensors; gguf; lfm2_vl; image-text-to-text; vision-language; earth-observation; remote-sensing; sentinel-2; vrsbench; tailings-dam; gistm; compliance; lora; lfm2-vl; liquid-ai; satdiff; conversational; en; base_model:LiquidAI/LFM2.5-VL-450M; base_model:adapter:LiquidAI/LFM2.5-VL-450M; license:other; endpoints_compatible; region:us; base_model: LiquidAI/LFM2.5-VL-450M; adapter:LiquidAI/LFM2.5-VL-450M,,,,weights,https://huggingface.co/WobblyDopamine/SatDiff-LFM2.5-VL-450M-stage1,Model catalogue
model_xmpuspus_solar_map_ph_clf_v4,2026,solar-map-ph-clf-v4,xmpuspus,Hugging Face model card,foundation_models,model_card,,,https://huggingface.co/xmpuspus/solar-map-ph-clf-v4,,,catalogue/models,local model JSON catalogue,candidate_model,local_id: model_xmpuspus_solar_map_ph_clf_v4; developer: xmpuspus; input_modality: satellite-imagery; discovered_via: hugging-face; tags: scikit-learn; joblib; rooftop-solar; remote-sensing; satellite-imagery; clip; logistic-regression; philippines; civic-tech; image-classification; en; dataset:esri-world-imagery; dataset:openstreetmap; base_model:openai/clip-vit-large-patch14; base_model:finetune:openai/clip-vit-large-patch14; license:mit; model-index; region:us; base_model: openai/clip-vit-large-patch14; finetune:openai/clip-vit-large-patch14; datasets: esri-world-imagery; openstreetmap,,,,weights,https://huggingface.co/xmpuspus/solar-map-ph-clf-v4,Model catalogue
model_yantrikaran_innovations_segformer_b5_andhra_landuse,2026,segformer-b5-andhra-landuse,yantrikaran-innovations,Hugging Face model card,foundation_models,model_card,,,https://huggingface.co/yantrikaran-innovations/segformer-b5-andhra-landuse,,,catalogue/models,local model JSON catalogue,candidate_model,local_id: model_yantrikaran_innovations_segformer_b5_andhra_landuse; developer: yantrikaran-innovations; input_modality: satellite-imagery; discovered_via: hugging-face; tags: segformer; semantic-segmentation; land-use-classification; change-detection; remote-sensing; satellite-imagery; andhra-pradesh; geospatial; urban-planning; property-identification; image-segmentation; en; license:apache-2.0; region:us,,,,weights,https://huggingface.co/yantrikaran-innovations/segformer-b5-andhra-landuse,Model catalogue
model_yasserrmd_geoscholar_qa_1_2b,2025,GeoScholar-QA-1.2B,yasserrmd,Hugging Face model card,foundation_models,model_card,,,https://huggingface.co/yasserrmd/GeoScholar-QA-1.2B,,,catalogue/models,local model JSON catalogue,candidate_model,local_id: model_yasserrmd_geoscholar_qa_1_2b; developer: yasserrmd; discovered_via: hugging-face; tags: transformers; safetensors; lfm2; text-generation; geoscience; question-answering; supervised-fine-tuning; academic; earth-sciences; remote-sensing; gis; text-generation-inference; unsloth; en; dataset:GeoGPT-Research-Project/GeoGPT-QA; base_model:LiquidAI/LFM2-1.2B; base_model:finetune:LiquidAI/LFM2-1.2B; license:cc-by-4.0; endpoints_compatible; region:us; base_model: LiquidAI/LFM2-1.2B; finetune:LiquidAI/LFM2-1.2B; datasets: GeoGPT-Research-Project/GeoGPT-QA,,,,weights,https://huggingface.co/yasserrmd/GeoScholar-QA-1.2B,Model catalogue
model_yava_code_eurosat_simplenet,2026,eurosat-simplenet,yava-code,Hugging Face model card,foundation_models,model_card,,,https://huggingface.co/yava-code/eurosat-simplenet,,,catalogue/models,local model JSON catalogue,candidate_model,local_id: model_yava_code_eurosat_simplenet; developer: yava-code; input_modality: satellite-imagery; discovered_via: hugging-face; tags: pytorch; image-classification; satellite-imagery; computer-vision; eurosat; en; dataset:eurosat; license:mit; region:us; datasets: eurosat,,,,weights,https://huggingface.co/yava-code/eurosat-simplenet,Model catalogue
model_yilmazkorkmaz_rcdgen,2026,RCDGen,yilmazkorkmaz,Hugging Face model card,foundation_models,model_card,,2512.11719,https://huggingface.co/yilmazkorkmaz/RCDGen,,,catalogue/models,local model JSON catalogue,candidate_model,local_id: model_yilmazkorkmaz_rcdgen; developer: yilmazkorkmaz; discovered_via: hugging-face; tags: diffusers; safetensors; change-detection; remote-sensing; instructpix2pix; synthetic-data; arxiv:2512.11719; license:apache-2.0; diffusers:StableDiffusionInstructPix2PixPipeline; region:us,,,,weights,https://huggingface.co/yilmazkorkmaz/RCDGen,Model catalogue
model_yuiseki_qwen2_5_coder_0_5b_trident_deep_v4_2_gguf,2026,qwen2.5-coder-0.5b-trident-deep-v4.2-gguf,yuiseki,Hugging Face model card,foundation_models,model_card,,,https://huggingface.co/yuiseki/qwen2.5-coder-0.5b-trident-deep-v4.2-gguf,,,catalogue/models,local model JSON catalogue,candidate_model,local_id: model_yuiseki_qwen2_5_coder_0_5b_trident_deep_v4_2_gguf; developer: yuiseki; discovered_via: hugging-face; tags: gguf; llama-cpp; overpass-ql; openstreetmap; geospatial; trident; en; dataset:yuiseki/text2geoql; base_model:Qwen/Qwen2.5-Coder-0.5B-Instruct; base_model:quantized:Qwen/Qwen2.5-Coder-0.5B-Instruct; license:cc0-1.0; endpoints_compatible; region:us; conversational; base_model: Qwen/Qwen2.5-Coder-0.5B-Instruct; quantized:Qwen/Qwen2.5-Coder-0.5B-Instruct; datasets: yuiseki/text2geoql,,,,weights,https://huggingface.co/yuiseki/qwen2.5-coder-0.5b-trident-deep-v4.2-gguf,Model catalogue
model_yujiyamaguchi_lfm2_5_vl_450m_wildfire,2026,lfm2-5-vl-450m-wildfire,YujiYamaguchi,Hugging Face model card,foundation_models,model_card,,,https://huggingface.co/YujiYamaguchi/lfm2-5-vl-450m-wildfire,,,catalogue/models,local model JSON catalogue,candidate_adapter_model,local_id: model_yujiyamaguchi_lfm2_5_vl_450m_wildfire; developer: YujiYamaguchi; input_modality: satellite-imagery; discovered_via: hugging-face; tags: peft; safetensors; lora; sft; satellite-imagery; wildfire-detection; sentinel-2; remote-sensing; liquid-ai; hackathon; image-text-to-text; conversational; base_model:LiquidAI/LFM2.5-VL-450M; base_model:adapter:LiquidAI/LFM2.5-VL-450M; license:apache-2.0; region:us; base_model: LiquidAI/LFM2.5-VL-450M; adapter:LiquidAI/LFM2.5-VL-450M,,,,weights,https://huggingface.co/YujiYamaguchi/lfm2-5-vl-450m-wildfire,Model catalogue
model_zcash_dem_superres_model,2025,DEM-SuperRes-Model,zcash,Hugging Face model card,foundation_models,model_card,,,https://huggingface.co/zcash/DEM-SuperRes-Model,,,catalogue/models,local model JSON catalogue,candidate_model,local_id: model_zcash_dem_superres_model; developer: zcash; discovered_via: hugging-face; tags: pytorch; pytorch-lightning; dem; super-resolution; remote-sensing; geospatial; license:mit; region:us,,,,weights,https://huggingface.co/zcash/DEM-SuperRes-Model,Model catalogue
model_zhenshil_farslip,2025,FarSLIP,ZhenShiL,Hugging Face model card,foundation_models,model_card,,2511.14901,https://huggingface.co/ZhenShiL/FarSLIP,,,catalogue/models,local model JSON catalogue,candidate_model,local_id: model_zhenshil_farslip; developer: ZhenShiL; discovered_via: hugging-face; tags: open_clip; remote-sensing; zero-shot-image-classification; dataset:ZhenShiL/MGRS-200k; dataset:omlab/RS5M; arxiv:2511.14901; license:mit; region:us; datasets: ZhenShiL/MGRS-200k; omlab/RS5M,,,,weights,https://huggingface.co/ZhenShiL/FarSLIP,Model catalogue
model_zhou777_landai_base,2025,LandAI-Base,zhou777,Hugging Face model card,foundation_models,model_card,,,https://huggingface.co/zhou777/LandAI-Base,,,catalogue/models,local model JSON catalogue,candidate_model,local_id: model_zhou777_landai_base; developer: zhou777; discovered_via: hugging-face; tags: safetensors; qwen2_5_vl; remote-sensing; geospatial-reasoning; qwen2.5-vl; sft; chain-of-thought; ms-swift; image-text-to-text; conversational; en; zh; license:apache-2.0; region:us,,,,weights,https://huggingface.co/zhou777/LandAI-Base,Model catalogue
model_zhou777_landai_l1,2026,LandAI-L1,zhou777,Hugging Face model card,foundation_models,model_card,,,https://huggingface.co/zhou777/LandAI-L1,,,catalogue/models,local model JSON catalogue,candidate_model,local_id: model_zhou777_landai_l1; developer: zhou777; discovered_via: hugging-face; tags: safetensors; qwen2_5_vl; remote-sensing; land-use; qwen2.5-vl; multimodal; ms-swift; image-text-to-text; conversational; en; zh; license:apache-2.0; region:us,,,,weights,https://huggingface.co/zhou777/LandAI-L1,Model catalogue
model_zhou777_landai_l1_zero,2026,LandAI-L1-Zero,zhou777,Hugging Face model card,foundation_models,model_card,,,https://huggingface.co/zhou777/LandAI-L1-Zero,,,catalogue/models,local model JSON catalogue,candidate_model,local_id: model_zhou777_landai_l1_zero; developer: zhou777; discovered_via: hugging-face; tags: safetensors; qwen2_5_vl; remote-sensing; land-use; qwen2.5-vl; multimodal; ms-swift; experimental; baseline; image-text-to-text; conversational; en; zh; license:apache-2.0; region:us,,,,weights,https://huggingface.co/zhou777/LandAI-L1-Zero,Model catalogue
model_greatbird_vitp,2025,ViTP,GreatBird,Hugging Face model card,foundation_models,model_card,,2509.17562,https://huggingface.co/GreatBird/ViTP,,,catalogue/models,local model JSON catalogue,candidate_model,local_id: model_greatbird_vitp; developer: GreatBird; discovered_via: hugging-face; tags: remote-sensing; medical-imaging; vision-transformer; image-feature-extraction; arxiv:2509.17562; license:cc-by-nc-4.0; region:us,ViTP,,,weights,https://huggingface.co/GreatBird/ViTP,Model catalogue
source_model_ignf-huggingface_8c355bee84,unknown,IGNF HuggingFace,,satellite-image-deep-learning/datasets,foundation_models,source_link,,,https://huggingface.co/IGNF,,,source_repo_link_audit,https://github.com/satellite-image-deep-learning/datasets,candidate_model,Source-derived model from satellite-image-deep-learning/datasets README section 'FLAIR'. * IGNF HuggingFace,IGNF HuggingFace,,,weights,https://huggingface.co/IGNF,FLAIR
source_model_link_aa34315417,unknown,link,,Jack-bo1220/Awesome-Remote-Sensing-Foundation-Models,foundation_models,source_link,,,https://github.com/opendatalab/Earth-Agent,,,source_repo_link_audit,https://github.com/Jack-bo1220/Awesome-Remote-Sensing-Foundation-Models,candidate_model,Source-derived model from Jack-bo1220/Awesome-Remote-Sensing-Foundation-Models README section 'Remote Sensing Agents'. |**Earth-Agent**|**Earth-Agent: Unlocking the Full Landscape of Earth Observation with Agents**|ICLR2026|Paper|link|,link,,,code,https://github.com/opendatalab/Earth-Agent,Remote Sensing Agents
source_model_link_2645dcd895,unknown,link,,Jack-bo1220/Awesome-Remote-Sensing-Foundation-Models,foundation_models,source_link,,,https://github.com/cybergis/rs-embed,,,source_repo_link_audit,https://github.com/Jack-bo1220/Awesome-Remote-Sensing-Foundation-Models,candidate_model,Source-derived model from Jack-bo1220/Awesome-Remote-Sensing-Foundation-Models README section 'Relevant Projects'. |**rs-embed**|link|One line code to get Any Remote Sensing Foundation Model (RSFM) embeddings for Any Place and Any Time.|,link,,,code,https://github.com/cybergis/rs-embed,Relevant Projects
source_model_code_babb316441,unknown,code,,xiaoaoran/awesome-RSFMs,foundation_models,source_link,,,https://github.com/KyanChen/RSPrompter,,,source_repo_link_audit,https://github.com/xiaoaoran/awesome-rsfms,candidate_model,Source-derived model from xiaoaoran/awesome-RSFMs README section 'SAM-based studies'. 7. Rsprompter: Learning to prompt for remote sensing instance segmentation based on visual foundation model. TGRS2024. | paper | code |,code,,,code,https://github.com/KyanChen/RSPrompter,SAM-based studies
source_model_code_0bff522ea8,unknown,code,,xiaoaoran/awesome-RSFMs,foundation_models,source_link,,,https://github.com/VicenteVivan/geo-clip,,,source_repo_link_audit,https://github.com/xiaoaoran/awesome-rsfms,candidate_model,Source-derived model from xiaoaoran/awesome-RSFMs README section 'VLM Models'. 6. Geoclip: Clip-inspired alignment between locations and images for effective worldwide geo-localization. NeurIPS2024. | paper | code |,code,,,code,https://github.com/VicenteVivan/geo-clip,VLM Models
source_model_github_edc863c62b,unknown,Github,,ZhanYang-nwpu/Awesome-Remote-Sensing-Multimodal-Large-Language-Model,foundation_models,source_link,,,https://github.com/MitsuiChen14/LRSCLIP,,,source_repo_link_audit,https://github.com/ZhanYang-nwpu/Awesome-Remote-Sensing-Multimodal-Large-Language-Model,candidate_model,"Source-derived model from ZhanYang-nwpu/Awesome-Remote-Sensing-Multimodal-Large-Language-Model README section 'Vision-Language Pre-training Models for Remote Sensing'. | !Star **LRSCLIP: A Vision-Language Foundation Model for Aligning Remote Sensing Image with Longer Text** W. Chen, J. Chen, Y. Deng, J. Chen, Y. Feng, Z. Xi, D. Liu, K. Li, Y. Meng.| arXiv | 2025-03-25 | Github | arXiv |",Github,,,code,https://github.com/MitsuiChen14/LRSCLIP,Vision-Language Pre-training Models for Remote Sensing
source_model_github_7f2f0fc228,unknown,Github,,ZhanYang-nwpu/Awesome-Remote-Sensing-Multimodal-Large-Language-Model,foundation_models,source_link,,,https://github.com/Chen-Yang-Liu/Awesome-RS-Temporal-VLM,,,source_repo_link_audit,https://github.com/ZhanYang-nwpu/Awesome-Remote-Sensing-Multimodal-Large-Language-Model,candidate_model,"Source-derived model from ZhanYang-nwpu/Awesome-Remote-Sensing-Multimodal-Large-Language-Model README section 'Survey Papers for Remote Sensing Vision-Language Tasks'. | !Star **Remote Sensing Temporal Vision-Language Models: A Comprehensive Survey** C. Liu, J. Zhang, K. Chen, M. Wang, Z. Zou, and Z. Shi | arXiv | 2024-12-03 | Github | arXiv |",Github,,,code,https://github.com/Chen-Yang-Liu/Awesome-RS-Temporal-VLM,Survey Papers for Remote Sensing Vision-Language Tasks
source_model_github_6b86578727,unknown,Github,,ZhanYang-nwpu/Awesome-Remote-Sensing-Multimodal-Large-Language-Model,foundation_models,source_link,,,https://github.com/zytx121/Awesome-VLGFM,,,source_repo_link_audit,https://github.com/ZhanYang-nwpu/Awesome-Remote-Sensing-Multimodal-Large-Language-Model,candidate_model,"Source-derived model from ZhanYang-nwpu/Awesome-Remote-Sensing-Multimodal-Large-Language-Model README section 'Survey Papers for Remote Sensing Vision-Language Tasks'. | !Star **Towards Vision-Language Geo-Foundation Model: A Survey** Y. Zhou, L. Feng, Y. Ke, X. Jiang, J. Yan, and W. Zhang.| arXiv | 2024-06-13 | Github | arXiv |",Github,,,code,https://github.com/zytx121/Awesome-VLGFM,Survey Papers for Remote Sensing Vision-Language Tasks
source_model_pull-requests_afed9fca16,unknown,pull requests,,zytx121/Awesome-VLGFM,foundation_models,source_link,,,https://github.com/zytx121/Awesome-VLGFM/pulls,,,source_repo_link_audit,https://github.com/zytx121/Awesome-VLGFM,candidate_model,"Source-derived model from zytx121/Awesome-VLGFM README section 'uncategorized'. This repo is used for recording, tracking, and benchmarking several recent vision-language geo-foundation models (VLGFM) to supplement our survey. If you find any work missing or have any suggestions (papers, implementations, and other resources), feel free to pull requests.",pull requests,,,code,https://github.com/zytx121/Awesome-VLGFM/pulls,
source_model_code_536cb6b4fe,unknown,Code,,zytx121/Awesome-VLGFM,foundation_models,source_link,,,https://github.com/KyanChen/TTP,,,source_repo_link_audit,https://github.com/zytx121/Awesome-VLGFM,candidate_model,Source-derived model from zytx121/Awesome-VLGFM README section 'Change Detection'. |2023|arXiv|`sam`|Time Travelling Pixels: Bitemporal Features Integration with Foundation Model for Remote Sensing Image Change Detection|Code|,Code,,,code,https://github.com/KyanChen/TTP,Change Detection
source_model_code_203da57dd9,unknown,Code,,zytx121/Awesome-VLGFM,foundation_models,source_link,,,https://github.com/likyoo/BAN,,,source_repo_link_audit,https://github.com/zytx121/Awesome-VLGFM,candidate_model,Source-derived model from zytx121/Awesome-VLGFM README section 'Change Detection'. |2024|TGRS|`llm`|A New Learning Paradigm for Foundation Model-Based Remote-Sensing Change Detection|Code|,Code,,,code,https://github.com/likyoo/BAN,Change Detection
source_model_code_0b5b031e4d,unknown,Code,,zytx121/Awesome-VLGFM,foundation_models,source_link,,,https://huggingface.co/geolocal/StreetCLIP/,,,source_repo_link_audit,https://github.com/zytx121/Awesome-VLGFM,candidate_model,Source-derived model from zytx121/Awesome-VLGFM README section 'Geospatial Localization'. |2023|arXiv|`clip`|Learning Generalized Zero-Shot Learners for Open-Domain Image Geolocalization|Code|,Code,,,weights,https://huggingface.co/geolocal/StreetCLIP/,Geospatial Localization
source_model_github_bc03376a11,unknown,GitHub,,Bili-Sakura/awesome-remote-sensing-visual-generative-models,foundation_models,source_link,,,https://github.com/JoyeZLearning/HuiYanEarth-SAR,,,source_repo_link_audit,https://github.com/Bili-Sakura/awesome-remote-sensing-visual-generative-models,candidate_model,Source-derived model from Bili-Sakura/awesome-remote-sensing-visual-generative-models README section 'Scene Synthesis (Unconditional/Text-to-Image Generation)'. | HuiYanEarth-SAR: A Foundation Model for High-Fidelity and Low-Cost Global Remote Sensing Imagery Generation | 2026 | arXiv | arXiv | GitHub |,GitHub,,,code,https://github.com/JoyeZLearning/HuiYanEarth-SAR,Scene Synthesis (Unconditional/Text-to-Image Generation)
source_model_github_32d15a59f0,unknown,GitHub,,Bili-Sakura/awesome-remote-sensing-visual-generative-models,foundation_models,source_link,,,https://github.com/jiupinjia/MetaEarth,,,source_repo_link_audit,https://github.com/Bili-Sakura/awesome-remote-sensing-visual-generative-models,candidate_model,Source-derived model from Bili-Sakura/awesome-remote-sensing-visual-generative-models README section 'Scene Synthesis (Unconditional/Text-to-Image Generation)'. | MetaEarth: A Generative Foundation Model for Global-Scale Remote Sensing Image Generation | 2025 | IEEE TPAMI | DOI | GitHub |,GitHub,,,code,https://github.com/jiupinjia/MetaEarth,Scene Synthesis (Unconditional/Text-to-Image Generation)
source_model_github_8463e92437,unknown,GitHub,,Bili-Sakura/awesome-remote-sensing-visual-generative-models,foundation_models,source_link,,,https://github.com/Z-Zheng/pytorch-change-models,,,source_repo_link_audit,https://github.com/Bili-Sakura/awesome-remote-sensing-visual-generative-models,candidate_model,Source-derived model from Bili-Sakura/awesome-remote-sensing-visual-generative-models README section 'Multi-temporal & Sequence Generation'. | Changen2: Multi-Temporal Remote Sensing Generative Change Foundation Model | 2024 | IEEE TPAMI | DOI | GitHub |,GitHub,,,code,https://github.com/Z-Zheng/pytorch-change-models,Multi-temporal & Sequence Generation
source_model_scm_07de918fc1,unknown,SCM,,wenhwu/awesome-remote-sensing-change-detection,foundation_models,source_link,,,https://github.com/StephenApX/UCD-SCM,,,source_repo_link_audit,https://github.com/wenhwu/awesome-remote-sensing-change-detection,candidate_model,"Source-derived model from wenhwu/awesome-remote-sensing-change-detection README section 'Foundation Models'. |2024|SCM|Segment Change Model (SCM) for Unsupervised Change detection in VHR Remote Sensing Images: a Case Study of Buildings|IGARSS 2024|SAM, CLIP|Unsupervised Change Detection, Vision Foundation Model|WHU-CD, LEVIR-CD|!Last Commit!GitHub stars |",SCM,,,code,https://github.com/StephenApX/UCD-SCM,Foundation Models
source_model_semicd-vl_ad56b1fc3e,unknown,SemiCD-VL,,wenhwu/awesome-remote-sensing-change-detection,foundation_models,source_link,,,https://github.com/likyoo/SemiCD-VL,,,source_repo_link_audit,https://github.com/wenhwu/awesome-remote-sensing-change-detection,candidate_model,"Source-derived model from wenhwu/awesome-remote-sensing-change-detection README section 'Foundation Models'. |2024|SemiCD-VL |SemiCD-VL: Visual-Language Model Guidance Makes Better Semi-Supervised Change Detector| TGRS2024 |APE |Visual-language model, semi-supervised learning, foundation model|WHU-CD, LEVIR-CD| !Last Commit!GitHub stars |",SemiCD-VL,,,code,https://github.com/likyoo/SemiCD-VL,Foundation Models
source_model_changen2_cf520bd4e0,unknown,Changen2,,wenhwu/awesome-remote-sensing-change-detection,foundation_models,source_link,,,https://github.com/Z-Zheng/pytorch-change-models/tree/main/torchange/models/changen2,,,source_repo_link_audit,https://github.com/wenhwu/awesome-remote-sensing-change-detection,candidate_model,"Source-derived model from wenhwu/awesome-remote-sensing-change-detection README section 'Diffusion Models and GANs'. | 2024 | Changen2 | Changen2: Multi-Temporal Remote Sensing Generative Change Foundation Model | TPAMI2024 | Synthetic data pre-training, generative model, foundation model | WHU-CD, xBD, LEVIR-CD, S2Looking, SECOND| !Last Commit!GitHub stars |",Changen2,,,code,https://github.com/Z-Zheng/pytorch-change-models/tree/main/torchange/models/changen2,Diffusion Models and GANs
source_model_code_9d82fc2881,unknown,Code,,BaoBao0926/Awesome-Mamba-in-Remote-Sensing,foundation_models,source_link,,,https://github.com/22Shao/Mamba-MDRNet,,,source_repo_link_audit,https://github.com/BaoBao0926/Awesome-Mamba-in-Remote-Sensing,candidate_model,"Source-derived model from BaoBao0926/Awesome-Mamba-in-Remote-Sensing README section 'Semantic Segmentation'. |applied sciences(24.12.04, 25.01.22)|Multimodal Natural Disaster Scene Recognition with Integrated Large Model and Mamba ||Link|Code|",Code,,,code,https://github.com/22Shao/Mamba-MDRNet,Semantic Segmentation
source_model_code_f2ddd93b74,unknown,Code,,hfangcat/Awesome-Geospatial-Embeddings,foundation_models,source_link,,,https://github.com/yuchima8/Harvest_AlphaEarth,,,source_repo_link_audit,https://github.com/hfangcat/Awesome-Geospatial-Embeddings,candidate_model,Source-derived model from hfangcat/Awesome-Geospatial-Embeddings README section '🌎 7. Applications of Geospatial Embeddings'. | - | **Harvesting AlphaEarth: Benchmarking the Geospatial Foundation Model for Agricultural Downstream Tasks** | Arxiv 2025 | Paper | Code |,Code,,,code,https://github.com/yuchima8/Harvest_AlphaEarth,🌎 7. Applications of Geospatial Embeddings
source_model_dmason_52e8d37fb0,unknown,DMASON,,sacridini/Awesome-Geospatial,foundation_models,source_link,,,https://github.com/isislab-unisa/dmason,,,source_repo_link_audit,https://github.com/sacridini/Awesome-Geospatial,candidate_model,Source-derived model from sacridini/Awesome-Geospatial README section 'Agent-based Modeling'. * DMASON - DMASON is a parallel version of the MASON library for writing and running simulations of Agent based simulation models.,DMASON,,,code,https://github.com/isislab-unisa/dmason,Agent-based Modeling
source_model_mesa_0be1a924ad,unknown,Mesa,,sacridini/Awesome-Geospatial,foundation_models,source_link,,,https://github.com/projectmesa/mesa,,,source_repo_link_audit,https://github.com/sacridini/Awesome-Geospatial,candidate_model,Source-derived model from sacridini/Awesome-Geospatial README section 'Agent-based Modeling'. * Mesa - Mesa is an Apache2 licensed agent-based modeling (or ABM) framework in Python.,Mesa,,,code,https://github.com/projectmesa/mesa,Agent-based Modeling
source_model_nlrx_3d706523eb,unknown,nlrx,,sacridini/Awesome-Geospatial,foundation_models,source_link,,,https://github.com/ropensci/nlrx,,,source_repo_link_audit,https://github.com/sacridini/Awesome-Geospatial,candidate_model,Source-derived model from sacridini/Awesome-Geospatial README section 'Agent-based Modeling'. * nlrx - Provides tools to setup and execute NetLogo simulations from R.,nlrx,,,code,https://github.com/ropensci/nlrx,Agent-based Modeling
source_model_here_cf8a29792e,unknown,here,,sacridini/Awesome-Geospatial,foundation_models,source_link,,,https://huggingface.co/spaces/aletrn/samgis,,,source_repo_link_audit,https://github.com/sacridini/Awesome-Geospatial,candidate_model,Source-derived model from sacridini/Awesome-Geospatial README section 'Deep Learning'. * SamGIS – Image Segmentation machine learning based (Segment Anything by Meta - Facebook) applied to GIS and geo data also with GPU requirements. A Segment Anything HuggingFace demo here and an HuggingFace demo with natural language-based image segmentation capabilities via LISA.,here,,,weights,https://huggingface.co/spaces/aletrn/samgis,Deep Learning
source_model_demo_02c85adc12,unknown,demo,,sacridini/Awesome-Geospatial,foundation_models,source_link,,,https://huggingface.co/spaces/aletrn/samgis-lisa-on-cuda,,,source_repo_link_audit,https://github.com/sacridini/Awesome-Geospatial,candidate_model,Source-derived model from sacridini/Awesome-Geospatial README section 'Deep Learning'. * SamGIS – Image Segmentation machine learning based (Segment Anything by Meta - Facebook) applied to GIS and geo data also with GPU requirements. A Segment Anything HuggingFace demo here and an HuggingFace demo with natural language-based image segmentation capabilities via LISA.,demo,,,weights,https://huggingface.co/spaces/aletrn/samgis-lisa-on-cuda,Deep Learning
source_model_paper2poster_508af4ed4d,unknown,Paper2Poster,,ai-boost/awesome-ai-for-science,foundation_models,source_link,,,https://github.com/Paper2Poster/Paper2Poster,,,source_repo_link_audit,https://github.com/ai-boost/awesome-ai-for-science,candidate_model,"Source-derived model from ai-boost/awesome-ai-for-science README section 'Poster Generation'. - Paper2Poster - Multi-agent system with Parser-Planner-Painter architecture converting `paper.pdf` to editable `poster.pptx`, outperforms GPT-4o with 87% fewer tokens",Paper2Poster,,,code,https://github.com/Paper2Poster/Paper2Poster,Poster Generation
source_model_ai-multi-agent-presentation-builder_76aa2c4ea2,unknown,AI Multi-Agent Presentation Builder,,ai-boost/awesome-ai-for-science,foundation_models,source_link,,,https://github.com/Azure-Samples/ai-multi-agent-presentation-builder,,,source_repo_link_audit,https://github.com/ai-boost/awesome-ai-for-science,candidate_model,Source-derived model from ai-boost/awesome-ai-for-science README section 'Slides & Presentation Generation'. - AI Multi-Agent Presentation Builder - Azure Semantic Kernel multi-agent PPT generation reference,,,,code,https://github.com/Azure-Samples/ai-multi-agent-presentation-builder,Slides & Presentation Generation
source_model_storm_45a73980cf,unknown,STORM,,ai-boost/awesome-ai-for-science,foundation_models,source_link,,,https://github.com/stanford-oval/storm,,,source_repo_link_audit,https://github.com/ai-boost/awesome-ai-for-science,candidate_model,"Source-derived model from ai-boost/awesome-ai-for-science README section 'Scientific Literature RAG & Analysis'. - STORM - LLM agent system synthesizing Wikipedia-like long-form research articles from scratch through multi-perspective question asking, web retrieval, and citation-grounded report generation, with Co-STORM extension for collaborative human-LLM knowledge curation conversations (Stanford OVAL, NAACL 2024 & EMNLP 2024)",STORM,,,code,https://github.com/stanford-oval/storm,Scientific Literature RAG & Analysis
source_model_notebook-intelligence-nbi_31ba9de849,unknown,Notebook Intelligence (NBI),,ai-boost/awesome-ai-for-science,foundation_models,source_link,,,https://github.com/notebook-intelligence/notebook-intelligence,,,source_repo_link_audit,https://github.com/ai-boost/awesome-ai-for-science,candidate_model,"Source-derived model from ai-boost/awesome-ai-for-science README section 'Interactive Research Environments'. - Notebook Intelligence (NBI) - AI coding assistant for JupyterLab with agent mode, supporting arbitrary LLM providers (2025+)",Notebook Intelligence (NBI),,,code,https://github.com/notebook-intelligence/notebook-intelligence,Interactive Research Environments
source_model_llm-for-zotero_bc1bc9fad1,unknown,llm-for-zotero,,ai-boost/awesome-ai-for-science,foundation_models,source_link,,,https://github.com/yilewang/llm-for-zotero,,,source_repo_link_audit,https://github.com/ai-boost/awesome-ai-for-science,candidate_model,"Source-derived model from ai-boost/awesome-ai-for-science README section 'Literature Management Plugins'. - llm-for-zotero - Research agent system deeply integrated with Zotero supporting Agent Mode, skills, multi-model backends (OpenAI-compatible, Claude Code, WebChat, Codex), and MinerU PDF parsing for literature Q&A, summarization, figure inspection, and source comparison (1.3K+ stars, 2026)",llm-for-zotero,,,code,https://github.com/yilewang/llm-for-zotero,Literature Management Plugins
source_model_sciwrite_e4825a88bf,unknown,SciWrite,,ai-boost/awesome-ai-for-science,foundation_models,source_link,,,https://github.com/labarba/sciwrite,,,source_repo_link_audit,https://github.com/ai-boost/awesome-ai-for-science,candidate_model,"Source-derived model from ai-boost/awesome-ai-for-science README section 'Scientific Writing & Collaboration'. - SciWrite - Agent skill for AI-assisted scientific manuscript writing review distilled from Stanford's *Writing in the Sciences* course, performing five sequential editorial audit passes on clarity, voice, structure, consistency, and integrity (2026)",SciWrite,,,code,https://github.com/labarba/sciwrite,Scientific Writing & Collaboration
source_model_openevolve_522a8ed2cc,unknown,OpenEvolve,,ai-boost/awesome-ai-for-science,foundation_models,source_link,,,https://github.com/algorithmicsuperintelligence/openevolve,,,source_repo_link_audit,https://github.com/ai-boost/awesome-ai-for-science,candidate_model,"Source-derived model from ai-boost/awesome-ai-for-science README section 'Autonomous Research Systems (2023-2025 Breakthroughs)'. - OpenEvolve - Open-source implementation of AlphaEvolve's evolutionary coding agent paradigm, enabling LLMs to autonomously discover and optimize algorithms through iterative evolution, matching the approach behind DeepMind's breakthrough matrix multiplication discovery (6.2K+ stars, 2025)",OpenEvolve,,,code,https://github.com/algorithmicsuperintelligence/openevolve,Autonomous Research Systems (2023-2025 Breakthroughs)
source_model_kosmos_14fd76109a,unknown,Kosmos,,ai-boost/awesome-ai-for-science,foundation_models,source_link,,,https://github.com/jimmc414/Kosmos,,,source_repo_link_audit,https://github.com/ai-boost/awesome-ai-for-science,candidate_model,"Source-derived model from ai-boost/awesome-ai-for-science README section 'Autonomous Research Systems (2023-2025 Breakthroughs)'. - Kosmos - Extended autonomy AI scientist with 200 parallel agent rollouts, 42K lines of code execution, 1.5K papers analyzed per run, achieving 79.4% accuracy and 7 scientific discoveries (Edison Scientific)",Kosmos,,,code,https://github.com/jimmc414/Kosmos,Autonomous Research Systems (2023-2025 Breakthroughs)
source_model_autoresearchclaw_e401652deb,unknown,AutoResearchClaw,,ai-boost/awesome-ai-for-science,foundation_models,source_link,,,https://github.com/aiming-lab/AutoResearchClaw,,,source_repo_link_audit,https://github.com/ai-boost/awesome-ai-for-science,candidate_model,"Source-derived model from ai-boost/awesome-ai-for-science README section 'Autonomous Research Systems (2023-2025 Breakthroughs)'. - AutoResearchClaw - Fully autonomous research from idea to paper with multi-agent debate, citation verification, and OpenClaw integration (11K+ stars, 2026)",AutoResearchClaw,,,code,https://github.com/aiming-lab/AutoResearchClaw,Autonomous Research Systems (2023-2025 Breakthroughs)
source_model_internagent_6ac8627f78,unknown,InternAgent,,ai-boost/awesome-ai-for-science,foundation_models,source_link,,,https://github.com/Alpha-Innovator/InternAgent,,,source_repo_link_audit,https://github.com/ai-boost/awesome-ai-for-science,candidate_model,"Source-derived model from ai-boost/awesome-ai-for-science README section 'Autonomous Research Systems (2023-2025 Breakthroughs)'. - InternAgent - Closed-loop multi-agent system from hypothesis to verification across 12 scientific tasks, #1 on MLE-Bench (36.44%)",InternAgent,,,code,https://github.com/Alpha-Innovator/InternAgent,Autonomous Research Systems (2023-2025 Breakthroughs)
source_model_autoresearch_8a907c6bfa,unknown,autoresearch,,ai-boost/awesome-ai-for-science,foundation_models,source_link,,,https://github.com/karpathy/autoresearch,,,source_repo_link_audit,https://github.com/ai-boost/awesome-ai-for-science,candidate_model,"Source-derived model from ai-boost/awesome-ai-for-science README section 'Autonomous Research Systems (2023-2025 Breakthroughs)'. - autoresearch - Andrej Karpathy's autonomous LLM research framework: AI agent runs overnight experiments on a real training setup, auto-editing code→5min training→evaluation in a loop, ~100 experiments per night on a single GPU",autoresearch,,,code,https://github.com/karpathy/autoresearch,Autonomous Research Systems (2023-2025 Breakthroughs)
source_model_coral-arxiv-2026_e0e08b0184,unknown,CORAL (arXiv 2026),,ai-boost/awesome-ai-for-science,foundation_models,source_link,,,https://github.com/Human-Agent-Society/CORAL,,,source_repo_link_audit,https://github.com/ai-boost/awesome-ai-for-science,candidate_model,"Source-derived model from ai-boost/awesome-ai-for-science README section 'Autonomous Research Systems (2023-2025 Breakthroughs)'. - CORAL (arXiv 2026) - Robust, lightweight infrastructure for multi-agent autonomous self-evolution, built for autoresearch; agents run in isolated git worktrees, share knowledge through a common state directory, and are scored by a grader daemon; natively integrated with Claude Code, Codex, Cursor Agent, OpenCode, and Kiro (672+ stars, Apache 2.0)",CORAL (arXiv 2026),,,code,https://github.com/Human-Agent-Society/CORAL,Autonomous Research Systems (2023-2025 Breakthroughs)
source_model_scienceboard-iclr-2026_8e3ab00c85,unknown,ScienceBoard (ICLR 2026),,ai-boost/awesome-ai-for-science,foundation_models,source_link,,,https://github.com/OS-Copilot/ScienceBoard,,,source_repo_link_audit,https://github.com/ai-boost/awesome-ai-for-science,candidate_model,"Source-derived model from ai-boost/awesome-ai-for-science README section 'Evaluation & Benchmarking'. - ScienceBoard (ICLR 2026) - Evaluating multimodal autonomous agents in realistic scientific workflows across real scientific software environments (KAlgebra, Celestia, Grass GIS, Lean 4, etc.) with VM-based evaluation infrastructure and agent trajectories",ScienceBoard (ICLR 2026),,,code,https://github.com/OS-Copilot/ScienceBoard,Evaluation & Benchmarking
source_model_biodiscoveryagent_56d654f25f,unknown,BioDiscoveryAgent,,ai-boost/awesome-ai-for-science,foundation_models,source_link,,,https://github.com/snap-stanford/BioDiscoveryAgent,,,source_repo_link_audit,https://github.com/ai-boost/awesome-ai-for-science,candidate_model,Source-derived model from ai-boost/awesome-ai-for-science README section 'Domain-Specific Research Agents'. - BioDiscoveryAgent - AI agent for biological discovery and research automation,BioDiscoveryAgent,,,code,https://github.com/snap-stanford/BioDiscoveryAgent,Domain-Specific Research Agents
source_model_stagent_e879efa842,unknown,STAgent,,ai-boost/awesome-ai-for-science,foundation_models,source_link,,,https://github.com/LiuLab-Bioelectronics-Harvard/STAgent,,,source_repo_link_audit,https://github.com/ai-boost/awesome-ai-for-science,candidate_model,"Source-derived model from ai-boost/awesome-ai-for-science README section 'Domain-Specific Research Agents'. - STAgent - Multimodal LLM-based AI agent enabling deep research in spatial transcriptomics, automating analysis and interpretation of spatial gene expression data (Harvard LiuLab, bioRxiv 2025)",STAgent,,,code,https://github.com/LiuLab-Bioelectronics-Harvard/STAgent,Domain-Specific Research Agents
source_model_sciagents_cb01fcdc1d,unknown,SciAgents,,ai-boost/awesome-ai-for-science,foundation_models,source_link,,,https://github.com/lamm-mit/SciAgentsDiscovery,,,source_repo_link_audit,https://github.com/ai-boost/awesome-ai-for-science,candidate_model,"Source-derived model from ai-boost/awesome-ai-for-science README section 'Domain-Specific Research Agents'. - SciAgents - Bioinspired multi-agent intelligent graph reasoning system that autonomously traverses ontological knowledge graphs to generate, critique, and refine novel research hypotheses, demonstrated on bio-inspired materials discovery with cross-disciplinary connection mining (MIT Lamm Group, 2024)",SciAgents,,,code,https://github.com/lamm-mit/SciAgentsDiscovery,Domain-Specific Research Agents
source_model_txagent_7de445fff6,unknown,TxAgent,,ai-boost/awesome-ai-for-science,foundation_models,source_link,,,https://github.com/mims-harvard/TxAgent,,,source_repo_link_audit,https://github.com/ai-boost/awesome-ai-for-science,candidate_model,"Source-derived model from ai-boost/awesome-ai-for-science README section 'Domain-Specific Research Agents'. - TxAgent - AI agent for therapeutic reasoning across a universe of tools, achieving 92.1% accuracy in drug reasoning and outperforming GPT-4o by 25.8% (Harvard MIMS, 2025)",TxAgent,,,code,https://github.com/mims-harvard/TxAgent,Domain-Specific Research Agents
source_model_clawbio_f77c4be011,unknown,ClawBio,,ai-boost/awesome-ai-for-science,foundation_models,source_link,,,https://github.com/ClawBio/ClawBio,,,source_repo_link_audit,https://github.com/ai-boost/awesome-ai-for-science,candidate_model,"Source-derived model from ai-boost/awesome-ai-for-science README section 'Domain-Specific Research Agents'. - ClawBio - First bioinformatics-native AI agent skill library enabling local-first, reproducible genomic and population-genetics research workflows built on OpenClaw (871+ stars, MIT License, 2026)",ClawBio,,,code,https://github.com/ClawBio/ClawBio,Domain-Specific Research Agents
source_model_rna-fm-nature-methods-2024_d4b70e095a,unknown,RNA-FM (Nature Methods 2024),,ai-boost/awesome-ai-for-science,foundation_models,source_link,,,https://github.com/ml4bio/RNA-FM,,,source_repo_link_audit,https://github.com/ai-boost/awesome-ai-for-science,candidate_model,"Source-derived model from ai-boost/awesome-ai-for-science README section 'Genomics & Bioinformatics'. - RNA-FM (Nature Methods 2024) - RNA foundation model trained on millions of RNA sequences for generalist RNA sequence understanding, enabling downstream structure prediction, function annotation, and representation learning for non-coding RNAs (ml4bio, 372+ stars)",RNA-FM (Nature Methods 2024),,,code,https://github.com/ml4bio/RNA-FM,Genomics & Bioinformatics
source_model_hyenadna_8d2b768120,unknown,HyenaDNA,,ai-boost/awesome-ai-for-science,foundation_models,source_link,,,https://github.com/HazyResearch/hyena-dna,,,source_repo_link_audit,https://github.com/ai-boost/awesome-ai-for-science,candidate_model,"Source-derived model from ai-boost/awesome-ai-for-science README section 'Genomics & Bioinformatics'. - HyenaDNA - Long-range genomic foundation model using subquadratic Hyena operators instead of Transformer attention, enabling context lengths up to 1 million nucleotides for chromosome-scale DNA sequence modeling and downstream genomics tasks (Stanford Hazy Research, NeurIPS 2023, 784+ stars, Apache 2.0)",HyenaDNA,,,code,https://github.com/HazyResearch/hyena-dna,Genomics & Bioinformatics
source_model_geneformer_0a22175fd4,unknown,Geneformer,,ai-boost/awesome-ai-for-science,foundation_models,source_link,,,https://github.com/lcrawlab/Geneformer,,,source_repo_link_audit,https://github.com/ai-boost/awesome-ai-for-science,candidate_model,"Source-derived model from ai-boost/awesome-ai-for-science README section 'Genomics & Bioinformatics'. - Geneformer - Single-cell transformer foundation model pretrained on 104M human transcriptomes via masked gene prediction, enabling transfer learning for cell type classification, gene network analysis, and in silico perturbation with limited labeled data (Nature 2023, V2 2024)",Geneformer,,,code,https://github.com/lcrawlab/Geneformer,Genomics & Bioinformatics
source_model_nicheformer_8173621c24,unknown,Nicheformer,,ai-boost/awesome-ai-for-science,foundation_models,source_link,,,https://github.com/theislab/nicheformer,,,source_repo_link_audit,https://github.com/ai-boost/awesome-ai-for-science,candidate_model,"Source-derived model from ai-boost/awesome-ai-for-science README section 'Genomics & Bioinformatics'. - Nicheformer - Foundation model jointly trained on single-cell and spatial transcriptomics data, enabling unified representation learning across cellular and tissue spatial contexts for cell type prediction, spatial domain inference, and cross-modal integration (theislab, bioRxiv 2024, 164+ stars)",Nicheformer,,,code,https://github.com/theislab/nicheformer,Genomics & Bioinformatics
source_model_scfoundation_38f9b20596,unknown,scFoundation,,ai-boost/awesome-ai-for-science,foundation_models,source_link,,,https://github.com/biomap-research/scFoundation,,,source_repo_link_audit,https://github.com/ai-boost/awesome-ai-for-science,candidate_model,"Source-derived model from ai-boost/awesome-ai-for-science README section 'Genomics & Bioinformatics'. - scFoundation - 100M-parameter foundation model pretrained on 50M+ human single-cell transcriptomes covering ~20,000 genes, achieving SOTA on gene expression enhancement, drug response and perturbation prediction (Nature Methods 2024)",scFoundation,,,code,https://github.com/biomap-research/scFoundation,Genomics & Bioinformatics
source_model_tahoe-x1_04667661b9,unknown,Tahoe-x1,,ai-boost/awesome-ai-for-science,foundation_models,source_link,,,https://github.com/tahoebio/tahoe-x1,,,source_repo_link_audit,https://github.com/ai-boost/awesome-ai-for-science,candidate_model,"Source-derived model from ai-boost/awesome-ai-for-science README section 'Genomics & Bioinformatics'. - Tahoe-x1 - Apache 2.0 single-cell foundation model family scaling to 3B parameters, pretrained on 266M cell profiles including perturbation data and released with training, embedding, and downstream benchmarking workflows for disease-relevant single-cell tasks (2025)",Tahoe-x1,,,code,https://github.com/tahoebio/tahoe-x1,Genomics & Bioinformatics
source_model_stack_25940a877f,unknown,Stack,,ai-boost/awesome-ai-for-science,foundation_models,source_link,,,https://github.com/ArcInstitute/stack,,,source_repo_link_audit,https://github.com/ai-boost/awesome-ai-for-science,candidate_model,"Source-derived model from ai-boost/awesome-ai-for-science README section 'Genomics & Bioinformatics'. - Stack - Arc Institute's single-cell foundation model enabling in-context learning at inference time via a novel tabular attention architecture, trained on 150M uniformly-preprocessed cells for generalizing biological effects and generating unseen cell profiles in novel contexts (2025)",Stack,,,code,https://github.com/ArcInstitute/stack,Genomics & Bioinformatics
source_model_bioreason-neurips-2025_61e266cfad,unknown,BioReason (NeurIPS 2025),,ai-boost/awesome-ai-for-science,foundation_models,source_link,,,https://github.com/bowang-lab/BioReason,,,source_repo_link_audit,https://github.com/ai-boost/awesome-ai-for-science,candidate_model,"Source-derived model from ai-boost/awesome-ai-for-science README section 'Genomics & Bioinformatics'. - BioReason (NeurIPS 2025) - First architecture deeply integrating a DNA foundation model with an LLM for multimodal biological reasoning, achieving 98% accuracy on KEGG disease pathway prediction and 15%+ average gains on variant effect prediction with interpretable step-by-step reasoning traces (bowang-lab, 390+ stars)",BioReason (NeurIPS 2025),,,code,https://github.com/bowang-lab/BioReason,Genomics & Bioinformatics
source_model_alphagenome_5c2c232514,unknown,AlphaGenome,,ai-boost/awesome-ai-for-science,foundation_models,source_link,,,https://github.com/google-deepmind/alphagenome,,,source_repo_link_audit,https://github.com/ai-boost/awesome-ai-for-science,candidate_model,"Source-derived model from ai-boost/awesome-ai-for-science README section 'Genomics & Bioinformatics'. - AlphaGenome - Google DeepMind's unified DNA sequence foundation model predicting molecular consequences of genetic variants from single-base resolution up to 1 megabase context, jointly outputting thousands of regulatory tracks (RNA expression, splicing, chromatin accessibility, TF binding, contact maps) for human and mouse genomes via a Python client and non-commercial API (2025)",AlphaGenome,,,code,https://github.com/google-deepmind/alphagenome,Genomics & Bioinformatics
source_model_tribe-v2_590d373d6c,unknown,TRIBE v2,,ai-boost/awesome-ai-for-science,foundation_models,source_link,,,https://github.com/facebookresearch/tribev2,,,source_repo_link_audit,https://github.com/ai-boost/awesome-ai-for-science,candidate_model,"Source-derived model from ai-boost/awesome-ai-for-science README section 'Neuroscience & Behavioral Analysis'. - TRIBE v2 - Meta FAIR's foundation model of vision, audition, and language for in-silico neuroscience, predicting fMRI brain responses to naturalistic multimodal stimuli (video, audio, text) through unified Transformer architecture mapped to the cortical surface (2026)",TRIBE v2,,,code,https://github.com/facebookresearch/tribev2,Neuroscience & Behavioral Analysis
source_model_mira-neurips-2025_4a04397729,unknown,MIRA (NeurIPS 2025),,ai-boost/awesome-ai-for-science,foundation_models,source_link,,,https://github.com/microsoft/MIRA,,,source_repo_link_audit,https://github.com/ai-boost/awesome-ai-for-science,candidate_model,"Source-derived model from ai-boost/awesome-ai-for-science README section 'Medical AI & Clinical Applications'. - MIRA (NeurIPS 2025) - Medical time series foundation model pretrained on 454B time points from heterogeneous clinical corpora spanning ICU physiological signals and hospital EHR, with continuous-time rotary positional encoding, frequency-specialized Mixture-of-Experts, and neural ODE extrapolation for zero-shot forecasting across irregular and multimodal temporal health data (Microsoft, 399+ stars, MIT License)",MIRA (NeurIPS 2025),,,code,https://github.com/microsoft/MIRA,Medical AI & Clinical Applications
source_model_astroclip_03ea357847,unknown,AstroCLIP,,ai-boost/awesome-ai-for-science,foundation_models,source_link,,,https://github.com/PolymathicAI/AstroCLIP,,,source_repo_link_audit,https://github.com/ai-boost/awesome-ai-for-science,candidate_model,"Source-derived model from ai-boost/awesome-ai-for-science README section 'Astronomy & Astrophysics'. - AstroCLIP - Cross-modal self-supervised foundation model for galaxies by Polymathic AI, jointly embedding multi-band galaxy imaging and optical spectra into a shared latent space to enable zero/few-shot redshift estimation, galaxy property prediction, morphology classification, and cross-modal similarity search (MNRAS Letters 2024)",AstroCLIP,,,code,https://github.com/PolymathicAI/AstroCLIP,Astronomy & Astrophysics
source_model_aion-arxiv-2025_5732e886cd,unknown,AION (arXiv 2025),,ai-boost/awesome-ai-for-science,foundation_models,source_link,,,https://github.com/PolymathicAI/AION,,,source_repo_link_audit,https://github.com/ai-boost/awesome-ai-for-science,candidate_model,"Source-derived model from ai-boost/awesome-ai-for-science README section 'Astronomy & Astrophysics'. - AION (arXiv 2025) - Polymathic AI's large omnimodal foundation model for astronomical surveys, seamlessly integrating 39 distinct data modalities including imaging, spectra, photometry, and catalog entries for similarity search, property prediction, and generative modeling across legacy surveys (MIT)",AION (arXiv 2025),,,code,https://github.com/PolymathicAI/AION,Astronomy & Astrophysics
source_model_aurora_4319ef5dc3,unknown,Aurora,,ai-boost/awesome-ai-for-science,foundation_models,source_link,,,https://github.com/microsoft/aurora,,,source_repo_link_audit,https://github.com/ai-boost/awesome-ai-for-science,candidate_model,"Source-derived model from ai-boost/awesome-ai-for-science README section 'Climate Modeling'. - Aurora - Microsoft's foundation model for the Earth system supporting weather, air pollution, and ocean wave forecasting at multiple resolutions, trained on 1M+ hours of diverse atmospheric data (Nature 2025)",Aurora,,,code,https://github.com/microsoft/aurora,Climate Modeling
source_model_earth-copilot_5725a6e46d,unknown,Earth-Copilot,,ai-boost/awesome-ai-for-science,foundation_models,source_link,,,https://github.com/microsoft/Earth-Copilot,,,source_repo_link_audit,https://github.com/ai-boost/awesome-ai-for-science,candidate_model,"Source-derived model from ai-boost/awesome-ai-for-science README section 'Climate Modeling'. - Earth-Copilot - Microsoft's AI-powered geospatial Earth science application for natural-language exploration, visualization, and analysis of 130+ satellite collections, with STAC integration, multi-agent backend, MCP server, and deployable React/FastAPI stack (MIT, 2025)",Earth-Copilot,,,code,https://github.com/microsoft/Earth-Copilot,Climate Modeling
source_model_fengwu_bd5b91d87c,unknown,FengWu,,ai-boost/awesome-ai-for-science,foundation_models,source_link,,,https://github.com/OpenEarthLab/FengWu,,,source_repo_link_audit,https://github.com/ai-boost/awesome-ai-for-science,candidate_model,"Source-derived model from ai-boost/awesome-ai-for-science README section 'Climate Modeling'. - FengWu - Shanghai AI Lab's deep learning-based global weather forecasting model pushing skillful forecasts beyond 10 days lead, with open-source inference code and pretrained ONNX model weights (arXiv 2023)",FengWu,,,code,https://github.com/OpenEarthLab/FengWu,Climate Modeling
source_model_prithvi-wxc_2ca805102e,unknown,Prithvi WxC,,ai-boost/awesome-ai-for-science,foundation_models,source_link,,,https://huggingface.co/ibm/prithvi-wxc,,,source_repo_link_audit,https://github.com/ai-boost/awesome-ai-for-science,candidate_model,"Source-derived model from ai-boost/awesome-ai-for-science README section 'Climate Modeling'. - Prithvi WxC - IBM-NASA open-source 2.3B parameter weather and climate foundation model trained on 160 MERRA-2 variables, runs on desktop with fine-tuned variants for climate downscaling and gravity wave parameterization",Prithvi WxC,,,weights,https://huggingface.co/ibm/prithvi-wxc,Climate Modeling
source_model_clay-foundation-model_3c15fded7d,unknown,Clay Foundation Model,,ai-boost/awesome-ai-for-science,foundation_models,source_link,,,https://github.com/Clay-foundation/model,,,source_repo_link_audit,https://github.com/ai-boost/awesome-ai-for-science,candidate_model,"Source-derived model from ai-boost/awesome-ai-for-science README section 'Remote Sensing & Geospatial AI'. - Clay Foundation Model - Open-source self-supervised vision foundation model for Earth observation by Clay Foundation (non-profit), a Masked Autoencoder ViT pretrained on multimodal satellite imagery (Sentinel-1/2, Landsat 8-9, NAIP, MODIS, LINZ DEM) with location/time embeddings, supporting classification, segmentation, change detection, similarity search, and few-shot downstream geospatial tasks (Apache 2.0, v1.5 2024-2025)",Clay Foundation Model,,,code,https://github.com/Clay-foundation/model,Remote Sensing & Geospatial AI
source_model_satlas_5fe0ff76bf,unknown,Satlas,,ai-boost/awesome-ai-for-science,foundation_models,source_link,,,https://github.com/allenai/satlas,,,source_repo_link_audit,https://github.com/ai-boost/awesome-ai-for-science,candidate_model,"Source-derived model from ai-boost/awesome-ai-for-science README section 'Remote Sensing & Geospatial AI'. - Satlas - Allen Institute for AI's global geospatial foundation model for satellite imagery analysis, enabling large-scale mapping of buildings, wind turbines, trees, and land cover from Sentinel-2 data with open-source weights and inference tools (2024)",Satlas,,,code,https://github.com/allenai/satlas,Remote Sensing & Geospatial AI
source_model_bioclip-cvpr-2024_3e0cdf0258,unknown,BioCLIP (CVPR 2024),,ai-boost/awesome-ai-for-science,foundation_models,source_link,,,https://github.com/Imageomics/bioclip,,,source_repo_link_audit,https://github.com/ai-boost/awesome-ai-for-science,candidate_model,"Source-derived model from ai-boost/awesome-ai-for-science README section 'Ecological Modeling'. - BioCLIP (CVPR 2024) - Vision foundation model for the tree of life, pretrained on diverse biological imagery across taxa for zero-shot species identification, trait extraction, and biodiversity research (Ohio State University Imageomics Institute)",BioCLIP (CVPR 2024),,,code,https://github.com/Imageomics/bioclip,Ecological Modeling
source_model_agentsociety_f3a39c5166,unknown,AgentSociety,,ai-boost/awesome-ai-for-science,foundation_models,source_link,,,https://github.com/tsinghua-fib-lab/AgentSociety,,,source_repo_link_audit,https://github.com/ai-boost/awesome-ai-for-science,candidate_model,"Source-derived model from ai-boost/awesome-ai-for-science README section 'Social Science Research & Simulation'. - AgentSociety - Modern LLM-native agent simulation platform for social science research and experimental design, providing a flexible framework for creating and managing intelligent agents in simulated environments (Tsinghua FIB Lab, 984+ stars, 2025)",AgentSociety,,,code,https://github.com/tsinghua-fib-lab/AgentSociety,Social Science Research & Simulation
source_model_awesome-agent-skills-for-empirical-research_d41a994ea7,unknown,Awesome Agent Skills for Empirical Research,,ai-boost/awesome-ai-for-science,foundation_models,source_link,,,https://github.com/brycewang-stanford/Awesome-Agent-Skills-for-Empirical-Research,,,source_repo_link_audit,https://github.com/ai-boost/awesome-ai-for-science,candidate_model,"Source-derived model from ai-boost/awesome-ai-for-science README section 'Social Science Research & Simulation'. - Awesome Agent Skills for Empirical Research - Curated collection of 23,000+ agent skills for empirical research across 8 social science disciplines, enabling reproducible social science research with AI agents (Stanford REAP & CoPaper.AI, 1.1K+ stars, 2026)",,,,code,https://github.com/brycewang-stanford/Awesome-Agent-Skills-for-Empirical-Research,Social Science Research & Simulation
source_model_intern-s1_09fe17f09d,unknown,Intern-S1,,ai-boost/awesome-ai-for-science,foundation_models,source_link,,,https://github.com/InternLM/Intern-S1,,,source_repo_link_audit,https://github.com/ai-boost/awesome-ai-for-science,candidate_model,"Source-derived model from ai-boost/awesome-ai-for-science README section 'General Science Models'. - Intern-S1 - Open-source scientific multimodal foundation model built on a 235B MoE LLM and 6B vision encoder, continually pretrained on 5T tokens including 2.5T scientific-domain tokens, with strong results across chemistry, materials, life science, and earth science benchmarks (2025)",Intern-S1,,,code,https://github.com/InternLM/Intern-S1,General Science Models
source_model_timesfm-google-research_06ec83a9c5,unknown,TimesFM (Google Research),,ai-boost/awesome-ai-for-science,foundation_models,source_link,,,https://github.com/google-research/timesfm,,,source_repo_link_audit,https://github.com/ai-boost/awesome-ai-for-science,candidate_model,"Source-derived model from ai-boost/awesome-ai-for-science README section 'General Science Models'. - TimesFM (Google Research) - Pretrained time series foundation model for long-horizon forecasting across diverse scientific domains including climate variables, biomedical signals, and physical observations; decoder-only Transformer architecture with strong zero-shot generalization (19.8K+ stars, Apache 2.0, 2024-2025)",TimesFM (Google Research),,,code,https://github.com/google-research/timesfm,General Science Models
source_model_chronos-amazon-science-neurips-2024_447c355fbb,unknown,"Chronos (Amazon Science, NeurIPS 2024)",,ai-boost/awesome-ai-for-science,foundation_models,source_link,,,https://github.com/amazon-science/chronos-forecasting,,,source_repo_link_audit,https://github.com/ai-boost/awesome-ai-for-science,candidate_model,"Source-derived model from ai-boost/awesome-ai-for-science README section 'General Science Models'. - Chronos (Amazon Science, NeurIPS 2024) - Pretrained time series foundation model for zero-shot forecasting across diverse scientific and real-world domains; tokenizes continuous time series into discrete bins to train transformer language models on large-scale corpora, achieving strong zero-shot generalization and competitive performance with task-specific supervised models on climate, energy, and health benchmarks (5.3K+ stars, Apache 2.0, 2024-2026)",,,,code,https://github.com/amazon-science/chronos-forecasting,General Science Models
source_model_chemgpt_33ddcf9f6b,unknown,ChemGPT,,ai-boost/awesome-ai-for-science,foundation_models,source_link,,,https://huggingface.co/ncfrey/ChemGPT-1.2B,,,source_repo_link_audit,https://github.com/ai-boost/awesome-ai-for-science,candidate_model,Source-derived model from ai-boost/awesome-ai-for-science README section 'Domain-Specific Models'. - ChemGPT - Chemistry-focused language model,ChemGPT,,,weights,https://huggingface.co/ncfrey/ChemGPT-1.2B,Domain-Specific Models
source_model_open-government-licence_52195a537d,unknown,Open Government Licence,,jaychempan/Awesome-LWMs,foundation_models,source_link,,,https://huggingface.co/ECCC-ASTD-MRD/geml/blob/main/LICENSE.txt,,,source_repo_link_audit,https://github.com/jaychempan/Awesome-LWMs,candidate_model,Source-derived model from jaychempan/Awesome-LWMs README section '🗂️ LWMs Lists'. | GEML | Environment and Climate Change Canada | 2025.06 | - | [[Documentation]](https://eccc-msc.github.io/open-data/msc-data/nwp_gdps/readme_gdps-geml-datamart_en/)[[Hugging Face]](https://huggingface.co/ECCC-ASTD-MRD/geml) | [[Apache 2.0]](https://github.com/csubich/graphcast/blob/graphcast_train/LICENSE) | Open Government Licence,Open Government Licence,,,weights,https://huggingface.co/ECCC-ASTD-MRD/geml/blob/main/LICENSE.txt,🗂️ LWMs Lists
source_model_pathfinder_8b11f303f2,unknown,PathFinder,,satellite-image-deep-learning/techniques,foundation_models,source_link,,,https://github.com/Oraegbuayomide10/PathFinder,,,source_repo_link_audit,https://github.com/satellite-image-deep-learning/techniques,candidate_model,Source-derived model from satellite-image-deep-learning/techniques README section 'Segmentation - Roads & sidewalks'. - PathFinder -> A Foundation Model for Road Mapping in Support of United Nations Humanitarian Affairs,PathFinder,,,code,https://github.com/Oraegbuayomide10/PathFinder,Segmentation - Roads & sidewalks
source_model_small-boat-detector_64ae307108,unknown,small-boat-detector,,satellite-image-deep-learning/techniques,foundation_models,source_link,,,https://github.com/swricci/small-boat-detector,,,source_repo_link_audit,https://github.com/satellite-image-deep-learning/techniques,candidate_model,"Source-derived model from satellite-image-deep-learning/techniques README section 'Object detection - Ships, boats, vessels & wake'. - small-boat-detector -> Trained yolo v3 model weights and configuration file to detect small boats in satellite imagery",small-boat-detector,,,code,https://github.com/swricci/small-boat-detector,"Object detection - Ships, boats, vessels & wake"
source_model_pixelverse_9072702238,unknown,pixelverse,,satellite-image-deep-learning/techniques,foundation_models,source_link,,,https://github.com/developmentseed/pixelverse,,,source_repo_link_audit,https://github.com/satellite-image-deep-learning/techniques,candidate_model,"Source-derived model from satellite-image-deep-learning/techniques README section 'Autoencoders, dimensionality reduction, image embeddings & similarity search'. - pixelverse -> Cloud native tooling to generate and store pixelwise geospatial foundation model embeddings.",pixelverse,,,code,https://github.com/developmentseed/pixelverse,"Autoencoders, dimensionality reduction, image embeddings & similarity search"
source_model_earthpt_06056571d3,unknown,EarthPT,,satellite-image-deep-learning/techniques,foundation_models,source_link,,,https://github.com/aspiaspace/earthPT,,,source_repo_link_audit,https://github.com/satellite-image-deep-learning/techniques,candidate_model,Source-derived model from satellite-image-deep-learning/techniques README section 'Foundational models'. - EarthPT -> A time series foundation model for Earth Observation,EarthPT,,,code,https://github.com/aspiaspace/earthPT,Foundational models
source_model_seamo_a4ee2864f6,unknown,SeaMo,,satellite-image-deep-learning/techniques,foundation_models,source_link,,,https://github.com/danfenghong/Information_Fusion_SeaMo,,,source_repo_link_audit,https://github.com/satellite-image-deep-learning/techniques,candidate_model,Source-derived model from satellite-image-deep-learning/techniques README section 'Foundational models'. - SeaMo -> A Season-Aware Multimodal Foundation Model for Remote Sensing,SeaMo,,,code,https://github.com/danfenghong/Information_Fusion_SeaMo,Foundational models
source_model_prithvi-foundation-model_b4cb786d57,unknown,Prithvi foundation model,,satellite-image-deep-learning/techniques,foundation_models,source_link,,,https://github.com/NASA-IMPACT/hls-foundation-os,,,source_repo_link_audit,https://github.com/satellite-image-deep-learning/techniques,candidate_model,Source-derived model from satellite-image-deep-learning/techniques README section 'Foundational models'. - Prithvi foundation model -> also see the Baseline Model for Segmentation,Prithvi foundation model,,,code,https://github.com/NASA-IMPACT/hls-foundation-os,Foundational models
source_model_baseline-model-for-segmentation_273a08f305,unknown,Baseline Model for Segmentation,,satellite-image-deep-learning/techniques,foundation_models,source_link,,,https://github.com/ClarkCGA/multi-temporal-crop-classification-baseline,,,source_repo_link_audit,https://github.com/satellite-image-deep-learning/techniques,candidate_model,Source-derived model from satellite-image-deep-learning/techniques README section 'Foundational models'. - Prithvi foundation model -> also see the Baseline Model for Segmentation,Baseline Model for Segmentation,,,code,https://github.com/ClarkCGA/multi-temporal-crop-classification-baseline,Foundational models
source_model_rsbuilding_2183b7ecbe,unknown,RSBuilding,,satellite-image-deep-learning/techniques,foundation_models,source_link,,,https://github.com/Meize0729/RSBuilding,,,source_repo_link_audit,https://github.com/satellite-image-deep-learning/techniques,candidate_model,Source-derived model from satellite-image-deep-learning/techniques README section 'Foundational models'. - RSBuilding -> Towards General Remote Sensing Image Building Extraction and Change Detection with Foundation Model,RSBuilding,,,code,https://github.com/Meize0729/RSBuilding,Foundational models
source_model_alphaearth-foundations_800bb70934,unknown,alphaearth-foundations,,satellite-image-deep-learning/techniques,foundation_models,source_link,,,https://github.com/Brayden-Zhang/alphaearth-foundations,,,source_repo_link_audit,https://github.com/satellite-image-deep-learning/techniques,candidate_model,Source-derived model from satellite-image-deep-learning/techniques README section 'Foundational models'. - alphaearth-foundations -> A PyTorch implementation of the AlphaEarth geospatial foundation model from Google DeepMind.,alphaearth-foundations,,,code,https://github.com/Brayden-Zhang/alphaearth-foundations,Foundational models
source_model_landsegmenter_dd5003a12e,unknown,LandSegmenter,,satellite-image-deep-learning/techniques,foundation_models,source_link,,,https://github.com/zhu-xlab/LandSegmenter,,,source_repo_link_audit,https://github.com/satellite-image-deep-learning/techniques,candidate_model,Source-derived model from satellite-image-deep-learning/techniques README section 'Foundational models'. - LandSegmenter -> Towards a Flexible Foundation Model for Land Use and Land Cover Mapping,LandSegmenter,,,code,https://github.com/zhu-xlab/LandSegmenter,Foundational models
source_model_muse-os_3786691157,unknown,MUSE_OS,,protontypes/open-sustainable-technology,foundation_models,source_link,,,https://github.com/EnergySystemsModellingLab/MUSE_OS,,,source_repo_link_audit,https://github.com/protontypes/open-sustainable-technology,candidate_model,Source-derived model from protontypes/open-sustainable-technology README section 'Energy System Modeling Frameworks'. - MUSE_OS - A open source agent-based modelling environment that can be used to simulate change in an energy system over time.,MUSE_OS,,,code,https://github.com/EnergySystemsModellingLab/MUSE_OS,Energy System Modeling Frameworks
source_model_assume_c09bbc7ac2,unknown,ASSUME,,protontypes/open-sustainable-technology,foundation_models,source_link,,,https://github.com/assume-framework/assume,,,source_repo_link_audit,https://github.com/protontypes/open-sustainable-technology,candidate_model,"Source-derived model from protontypes/open-sustainable-technology README section 'Energy Markets'. - ASSUME - An open-source toolbox for agent-based simulations of European electricity markets, with a primary focus on the German market setup.",ASSUME,,,code,https://github.com/assume-framework/assume,Energy Markets
source_model_simona_6e63227951,unknown,SIMONA,,protontypes/open-sustainable-technology,foundation_models,source_link,,,https://github.com/ie3-institute/simona,,,source_repo_link_audit,https://github.com/protontypes/open-sustainable-technology,candidate_model,Source-derived model from protontypes/open-sustainable-technology README section 'Grid Analysis and Planning'. - SIMONA - Provides a simulation toolbox to run and implement large-scale agent-based electricity grid simulations with focus on distribution grids.,SIMONA,,,code,https://github.com/ie3-institute/simona,Grid Analysis and Planning
source_model_gridfm_b5089fcbab,unknown,GridFM,,protontypes/open-sustainable-technology,foundation_models,source_link,,,https://github.com/gridfm/gridfm-graphkit,,,source_repo_link_audit,https://github.com/protontypes/open-sustainable-technology,candidate_model,"Source-derived model from protontypes/open-sustainable-technology README section 'Grid Analysis and Planning'. - GridFM - Train, finetune and interact with a foundation model for the electric power grid.",GridFM,,,code,https://github.com/gridfm/gridfm-graphkit,Grid Analysis and Planning
source_model_loadprofilegenerator_a6e117c810,unknown,LoadProfileGenerator,,protontypes/open-sustainable-technology,foundation_models,source_link,,,https://github.com/FZJ-IEK3-VSA/LoadProfileGenerator,,,source_repo_link_audit,https://github.com/protontypes/open-sustainable-technology,candidate_model,Source-derived model from protontypes/open-sustainable-technology README section 'Buildings and Heating'. - LoadProfileGenerator - A program for generating load curves for residential consumers. Agent-based and extremely detailed.,LoadProfileGenerator,,,code,https://github.com/FZJ-IEK3-VSA/LoadProfileGenerator,Buildings and Heating
source_model_cityflow_1acc034e1d,unknown,CityFlow,,protontypes/open-sustainable-technology,foundation_models,source_link,,,https://github.com/cityflow-project/CityFlow/,,,source_repo_link_audit,https://github.com/protontypes/open-sustainable-technology,candidate_model,Source-derived model from protontypes/open-sustainable-technology README section 'Mobility and Transportation'. - CityFlow - A Multi-Agent Reinforcement Learning Environment for Large Scale City Traffic Scenario.,CityFlow,,,code,https://github.com/cityflow-project/CityFlow/,Mobility and Transportation
source_model_scaphandre_4d41f6344d,unknown,Scaphandre,,protontypes/open-sustainable-technology,foundation_models,source_link,,,https://github.com/hubblo-org/scaphandre,,,source_repo_link_audit,https://github.com/protontypes/open-sustainable-technology,candidate_model,Source-derived model from protontypes/open-sustainable-technology README section 'Computation and Communication'. - Scaphandre - An open source software agent to track energy consumption of ICT services from the servers.,Scaphandre,,,code,https://github.com/hubblo-org/scaphandre,Computation and Communication
source_model_pybioclip_6a43e782e0,unknown,pybioclip,,protontypes/open-sustainable-technology,foundation_models,source_link,,,https://github.com/Imageomics/pybioclip,,,source_repo_link_audit,https://github.com/protontypes/open-sustainable-technology,candidate_model,Source-derived model from protontypes/open-sustainable-technology README section 'Biodiversity Data Access and Management'. - pybioclip - Python package that simplifies using the BioCLIP foundation model.,pybioclip,,,code,https://github.com/Imageomics/pybioclip,Biodiversity Data Access and Management
source_model_remobidyc_4ce2635121,unknown,ReMobidyc,,protontypes/open-sustainable-technology,foundation_models,source_link,,,https://github.com/ReMobidyc/ReMobidyc,,,source_repo_link_audit,https://github.com/protontypes/open-sustainable-technology,candidate_model,Source-derived model from protontypes/open-sustainable-technology README section 'Ecological and Environmental Modeling'. - ReMobidyc - A multi-agent simulator for individual-based modeling in population dynamics and ecotoxicology.,ReMobidyc,,,code,https://github.com/ReMobidyc/ReMobidyc,Ecological and Environmental Modeling
source_model_poseidon_ae306ca16e,unknown,POSEIDON,,protontypes/open-sustainable-technology,foundation_models,source_link,,,https://github.com/poseidon-fisheries/POSEIDON,,,source_repo_link_audit,https://github.com/protontypes/open-sustainable-technology,candidate_model,Source-derived model from protontypes/open-sustainable-technology README section 'Marine Life and Fishery'. - POSEIDON - A fishery agent-based model.,POSEIDON,,,code,https://github.com/poseidon-fisheries/POSEIDON,Marine Life and Fishery
source_model_geb_dec357e1f5,unknown,GEB,,protontypes/open-sustainable-technology,foundation_models,source_link,,,https://github.com/GEB-model/GEB,,,source_repo_link_audit,https://github.com/protontypes/open-sustainable-technology,candidate_model,"Source-derived model from protontypes/open-sustainable-technology README section 'Freshwater and Hydrology'. - GEB - Coupling of an agent-based model which simulates millions individual people or households, a hydrological model, a vegetation model and a hydrodynamic model.",GEB,,,code,https://github.com/GEB-model/GEB,Freshwater and Hydrology
source_model_prithvi-wxc_b67bf750b7,unknown,Prithvi WxC,,protontypes/open-sustainable-technology,foundation_models,source_link,,,https://github.com/NASA-IMPACT/Prithvi-WxC,,,source_repo_link_audit,https://github.com/protontypes/open-sustainable-technology,candidate_model,"Source-derived model from protontypes/open-sustainable-technology README section 'Meteorological Observation and Forecast'. - Prithvi WxC - Foundation model for weather and climate, that employs an encoder-decoder-based architecture, incorporating concepts from various recent transformer models to effectively capture both regional and global dependencies in the input data.",Prithvi WxC,,,code,https://github.com/NASA-IMPACT/Prithvi-WxC,Meteorological Observation and Forecast
source_model_climax_2f7ec2dc57,unknown,ClimaX,,protontypes/open-sustainable-technology,foundation_models,source_link,,,https://github.com/microsoft/climax,,,source_repo_link_audit,https://github.com/protontypes/open-sustainable-technology,candidate_model,Source-derived model from protontypes/open-sustainable-technology README section 'Earth and Climate Modeling'. - ClimaX - The first foundation model for weather and climate science.,ClimaX,,,code,https://github.com/microsoft/climax,Earth and Climate Modeling
source_model_logoclim_339491ac48,unknown,LogoClim,,protontypes/open-sustainable-technology,foundation_models,source_link,,,https://github.com/sustentarea/logoclim,,,source_repo_link_audit,https://github.com/protontypes/open-sustainable-technology,candidate_model,"Source-derived model from protontypes/open-sustainable-technology README section 'Climate Data Access and Visualization'. - LogoClim - Allows researchers to integrate high-resolution climate data into agent-based models, supporting reproducible research in ecology, agriculture, environmental sciences, and other fields that rely on climate data.",LogoClim,,,code,https://github.com/sustentarea/logoclim,Climate Data Access and Visualization
source_model_geotessera_969aad4a9d,unknown,GeoTessera,,protontypes/open-sustainable-technology,foundation_models,source_link,,,https://github.com/ucam-eo/geotessera,,,source_repo_link_audit,https://github.com/protontypes/open-sustainable-technology,candidate_model,Source-derived model from protontypes/open-sustainable-technology README section 'Soil and Land'. - GeoTessera - A foundation model that can process time-series satellite imagery for applications such as land classification and canopy height prediction.,GeoTessera,,,code,https://github.com/ucam-eo/geotessera,Soil and Land
source_model_code_6d177d7d9d,unknown,code,,PolySummit/Awesome-3D-Reconstruction-and-Generation,foundation_models,source_link,,,https://github.com/vlongle/articulate-anything,,,source_repo_link_audit,https://github.com/PolySummit/Awesome-3D-Reconstruction-and-Generation,candidate_model,Source-derived model from PolySummit/Awesome-3D-Reconstruction-and-Generation README section '🤖 Articulated Object Generation and Reconstruction'. | Articulate-Anything: Automatic Modeling of Articulated Objects via a Vision-Language Foundation Model | 10/2024 | code | ICLR 2025 |,code,,,code,https://github.com/vlongle/articulate-anything,🤖 Articulated Object Generation and Reconstruction
source_model_hugging-face_7bbe12ab59,unknown,🤗 Hugging Face,,mdyao/Awesome-3D-AIGC,foundation_models,source_link,,,https://huggingface.co/spaces/cvlab/zero123-live,,,source_repo_link_audit,https://github.com/mdyao/Awesome-3D-AIGC,candidate_model,Source-derived model from mdyao/Awesome-3D-AIGC README section '1. Zero-1-to-3: Zero-shot One Image to 3D Object [ICCV 2023]'. 📄 Paper | 🌐 Project Page | 💻 Code | 🤗 Hugging Face,🤗 Hugging Face,,,weights,https://huggingface.co/spaces/cvlab/zero123-live,1. Zero-1-to-3: Zero-shot One Image to 3D Object [ICCV 2023]
source_model_hugging-face_2f39a59564,unknown,🤗 Hugging Face,,mdyao/Awesome-3D-AIGC,foundation_models,source_link,,,https://huggingface.co/spaces/sudo-ai/zero123plus-demo-space,,,source_repo_link_audit,https://github.com/mdyao/Awesome-3D-AIGC,candidate_model,Source-derived model from mdyao/Awesome-3D-AIGC README section '2. Zero123++: a Single Image to Consistent Multi-view Diffusion Base Model [arxiv 2023.10]'. 📄 Paper | 🌐 Project Page | 💻 Code | 🤗 Hugging Face,🤗 Hugging Face,,,weights,https://huggingface.co/spaces/sudo-ai/zero123plus-demo-space,2. Zero123++: a Single Image to Consistent Multi-view Diffusion Base Model [arxiv 2023.10]
hannah_model_prue,unknown,prue,Hannah Kerner Lab,GitHub repository,foundation_models,source_repo,,,https://github.com/fieldsoftheworld/ftw-prue,,,Hannah Kerner website,hannah-rae.github.io code_data.yml,candidate_model,Pretrained model for agricultural field boundary extraction. Source: Hannah Kerner website / hannah-rae.github.io _data YAML; imported 2026-05-29. Repo: https://github.com/fieldsoftheworld/ftw-prue. GitHub stars: 16; forks: 0.,prue,,,code,https://github.com/fieldsoftheworld/ftw-prue,Hannah Kerner Code & data / Models
manual_dvlt_deja_view,2026,Déjà View,Alessandro Burzio; Tobias Fischer; Sven Elflein; Qunjie Zhou; Riccardo de Lutio; Jiawei Ren; Jiahui Huang; Shengyu Huang; Marc Pollefeys; Laura Leal-Taixé; Zan Gojcic; Haithem Turki,arXiv,foundation_models,preprint,10.48550/arXiv.2605.30215,2605.30215,https://research.nvidia.com/labs/dvl/projects/dvlt/,https://arxiv.org/pdf/2605.30215,,NVIDIA DVL project page,https://research.nvidia.com/labs/dvl/projects/dvlt/,candidate_model,Déjà View / DVLT is a 117M-parameter recurrent transformer for multi-view 3D reconstruction. It uses a DINOv2-initialized per-view state and a weight-tied looped transformer block for K refinement steps. Official implementation: https://github.com/nv-tlabs/dvlt. Model weights: https://huggingface.co/nvidia/dvlt.,DVLT,arXiv,https://arxiv.org/abs/2605.30215,model weights,https://huggingface.co/nvidia/dvlt,NVIDIA DVL / 3D Reconstruction
paper_model_polygonal-building-segmentation-by-frame-field-learning,2020,Polygonal Building Segmentation by Frame Field Learning,Nicolas Girard; Dmitriy Smirnov; Justin Solomon; Yuliya Tarabalka,arXiv,segmentation,paper_code,10.48550/arXiv.2004.14875,2004.14875,https://arxiv.org/abs/2004.14875,https://arxiv.org/pdf/2004.14875,,paper-extraction,paper:paper_2004_14875,candidate_model,Paper-derived model candidate with required public code link. Extracted from papers.csv row paper_2004_14875; review model naming/scope before citing.,Polygonal Building Segmentation by Frame Field Learning,Paper,https://arxiv.org/abs/2004.14875,GitHub,https://github.com/ashokdahal/FrameFieldLearning_Anaconda_Windows,Paper-derived code-backed models
paper_model_audio,2020,Cross-Task Transfer for Geotagged Audiovisual Aerial Scene Recognition,Di Hu; Xuhong Li; Lichao Mou; Pu Jin; Dong Chen; Liping Jing; Xiaoxiang Zhu; Dejing Dou,arXiv,paper_models,paper_code,10.48550/arXiv.2005.08449,2005.08449,https://arxiv.org/abs/2005.08449,https://arxiv.org/pdf/2005.08449,,paper-extraction,paper:paper_2005_08449,candidate_model,Paper-derived model candidate with required public code link. Extracted from papers.csv row paper_2005_08449; review model naming/scope before citing.,AuDio,Paper,https://arxiv.org/abs/2005.08449,GitHub,https://github.com/DTaoo/Multimodal-Aerial-Scene-Recognition,Paper-derived code-backed models
paper_model_deep-active-learning-in-remote-sensing-for-data-efficient-change-detection,2020,Deep Active Learning in Remote Sensing for data efficient Change Detection,Vít Růžička; Stefano D'Aronco; Jan Dirk Wegner; Konrad Schindler,arXiv,object_detection,paper_code,10.48550/arXiv.2008.11201,2008.11201,https://arxiv.org/abs/2008.11201,https://arxiv.org/pdf/2008.11201,,paper-extraction,paper:paper_2008_11201,candidate_model,Paper-derived model candidate with required public code link. Extracted from papers.csv row paper_2008_11201; review model naming/scope before citing.,Deep Active Learning in Remote Sensing for data efficient Change Detection,Paper,https://arxiv.org/abs/2008.11201,GitHub,https://github.com/previtus/ChangeDetectionProject,Paper-derived code-backed models
paper_model_fpga,2020,FPGA: Fast Patch-Free Global Learning Framework for Fully End-to-End Hyperspectral Image Classification,Zhuo Zheng; Yanfei Zhong; Ailong Ma; Liangpei Zhang,arXiv,paper_models,paper_code,10.48550/arXiv.2011.05670,2011.05670,https://arxiv.org/abs/2011.05670,https://arxiv.org/pdf/2011.05670,,paper-extraction,paper:paper_2011_05670,candidate_model,Paper-derived model candidate with required public code link. Extracted from papers.csv row paper_2011_05670; review model naming/scope before citing.,FPGA,Paper,https://arxiv.org/abs/2011.05670,GitHub,https://github.com/Z-Zheng/FreeNet,Paper-derived code-backed models
paper_model_generating-physically-consistent-satellite-imagery-for-climate-visualizations,2021,Generating Physically-Consistent Satellite Imagery for Climate Visualizations,Björn Lütjens; Brandon Leshchinskiy; Océane Boulais; Farrukh Chishtie; Natalia Díaz-Rodríguez; Margaux Masson-Forsythe; Ana Mata-Payerro; Christian Requena-Mesa; Aruna Sankaranarayanan; Aaron Piña; Yarin Gal; Chedy Raïssi; Alexander Lavin; Dava Newman,arXiv,segmentation,paper_code,10.48550/arXiv.2104.04785,2104.04785,https://arxiv.org/abs/2104.04785,https://arxiv.org/pdf/2104.04785,,paper-extraction,paper:paper_2104_04785,candidate_model,Paper-derived model candidate with required public code link. Extracted from papers.csv row paper_2104_04785; review model naming/scope before citing.,Generating Physically-Consistent Satellite Imagery for Climate Visualizations,Paper,https://arxiv.org/abs/2104.04785,GitHub,https://github.com/blutjens/eie-earth-public,Paper-derived code-backed models
paper_model_panoptic-segmentation-of-satellite-image-time-series-with-convolutional-temporal,2021,Panoptic Segmentation of Satellite Image Time Series with Convolutional Temporal Attention Networks,Vivien Sainte Fare Garnot; Loic Landrieu,arXiv,segmentation,paper_code,10.48550/arXiv.2107.07933,2107.07933,https://arxiv.org/abs/2107.07933,https://arxiv.org/pdf/2107.07933,,paper-extraction,paper:paper_2107_07933,candidate_model,Paper-derived model candidate with required public code link. Extracted from papers.csv row paper_2107_07933; review model naming/scope before citing.,Panoptic Segmentation of Satellite Image Time Series with Convolutional Temporal Attention Networks,Paper,https://arxiv.org/abs/2107.07933,GitHub,https://github.com/VSainteuf/utae-paps,Paper-derived code-backed models
paper_model_flood-segmentation-on-sentinel-1-sar-imagery-with-semi-supervised-learning,2021,Flood Segmentation on Sentinel-1 SAR Imagery with Semi-Supervised Learning,Sayak Paul; Siddha Ganju,arXiv,segmentation,paper_code,10.48550/arXiv.2107.08369,2107.08369,https://arxiv.org/abs/2107.08369,https://arxiv.org/pdf/2107.08369,,paper-extraction,paper:paper_2107_08369,candidate_model,Paper-derived model candidate with required public code link. Extracted from papers.csv row paper_2107_08369; review model naming/scope before citing.,Flood Segmentation on Sentinel-1 SAR Imagery with Semi-Supervised Learning,Paper,https://arxiv.org/abs/2107.08369,GitHub,https://github.com/sidgan/ETCI-2021-Competition-on-Flood-Detection,Paper-derived code-backed models
paper_model_change-is-everywhere,2021,Change is Everywhere: Single-Temporal Supervised Object Change Detection in Remote Sensing Imagery,Zhuo Zheng; Ailong Ma; Liangpei Zhang; Yanfei Zhong,arXiv,segmentation,paper_code,10.48550/arXiv.2108.07002,2108.07002,https://arxiv.org/abs/2108.07002,https://arxiv.org/pdf/2108.07002,,paper-extraction,paper:paper_2108_07002,candidate_model,Paper-derived model candidate with required public code link. Extracted from papers.csv row paper_2108_07002; review model naming/scope before citing.,Change is Everywhere,Paper,https://arxiv.org/abs/2108.07002,GitHub,https://github.com/Z-Zheng/ChangeStar,Paper-derived code-backed models
paper_model_an-automatic-approach-for-generating-rich-linked-geo-metadata-from-historical-ma,2021,"An Automatic Approach for Generating Rich, Linked Geo-Metadata from Historical Map Images",Zekun Li; Yao-Yi Chiang; Sasan Tavakkol; Basel Shbita; Johannes H. Uhl; Stefan Leyk; Craig A. Knoblock,arXiv,paper_models,paper_code,10.48550/arXiv.2112.01671,2112.01671,https://arxiv.org/abs/2112.01671,https://arxiv.org/pdf/2112.01671,,paper-extraction,paper:paper_2112_01671,candidate_model,Paper-derived model candidate with required public code link. Extracted from papers.csv row paper_2112_01671; review model naming/scope before citing.,"An Automatic Approach for Generating Rich, Linked Geo-Metadata from Historical Map Images",Paper,https://arxiv.org/abs/2112.01671,GitHub,https://github.com/kartta-labs/project,Paper-derived code-backed models
paper_model_hyperionsolarnet,2022,HyperionSolarNet: Solar Panel Detection from Aerial Images,Poonam Parhar; Ryan Sawasaki; Alberto Todeschini; Colorado Reed; Hossein Vahabi; Nathan Nusaputra; Felipe Vergara,arXiv,segmentation,paper_code,10.48550/arXiv.2201.02107,2201.02107,https://arxiv.org/abs/2201.02107,https://arxiv.org/pdf/2201.02107,,paper-extraction,paper:paper_2201_02107,candidate_model,Paper-derived model candidate with required public code link. Extracted from papers.csv row paper_2201_02107; review model naming/scope before citing.,HyperionSolarNet,Paper,https://arxiv.org/abs/2201.02107,GitHub,https://github.com/fvergaracontesse/hyperion_solar_net,Paper-derived code-backed models
paper_model_rsinet,2022,RSINet: Inpainting Remotely Sensed Images Using Triple GAN Framework,Advait Kumar; Dipesh Tamboli; Shivam Pande; Biplab Banerjee,arXiv,paper_models,paper_code,10.48550/arXiv.2202.05988,2202.05988,https://arxiv.org/abs/2202.05988,https://arxiv.org/pdf/2202.05988,,paper-extraction,paper:paper_2202_05988,candidate_model,Paper-derived model candidate with required public code link. Extracted from papers.csv row paper_2202_05988; review model naming/scope before citing.,RSINet,Paper,https://arxiv.org/abs/2202.05988,GitHub,https://github.com/advaitkumar3107/rsinet,Paper-derived code-backed models
paper_model_resolving-label-uncertainty-with-implicit-posterior-models,2022,Resolving label uncertainty with implicit posterior models,Esther Rolf; Nikolay Malkin; Alexandros Graikos; Ana Jojic; Caleb Robinson; Nebojsa Jojic,arXiv,segmentation,paper_code,10.48550/arXiv.2202.14000,2202.14000,https://arxiv.org/abs/2202.14000,https://arxiv.org/pdf/2202.14000,,paper-extraction,paper:paper_2202_14000,candidate_model,Paper-derived model candidate with required public code link. Extracted from papers.csv row paper_2202_14000; review model naming/scope before citing.,Resolving label uncertainty with implicit posterior models,Paper,https://arxiv.org/abs/2202.14000,GitHub,https://github.com/estherrolf/implicit-posterior,Paper-derived code-backed models
paper_model_a-sentinel-2-multi-year-multi-country-benchmark-dataset-for-crop-classification,2022,"A Sentinel-2 multi-year, multi-country benchmark dataset for crop classification and segmentation with deep learning",Dimitrios Sykas; Maria Sdraka; Dimitrios Zografakis; Ioannis Papoutsis,arXiv,segmentation,paper_code,10.48550/arXiv.2204.00951,2204.00951,https://arxiv.org/abs/2204.00951,https://arxiv.org/pdf/2204.00951,,paper-extraction,paper:paper_2204_00951,candidate_model,Paper-derived model candidate with required public code link. Extracted from papers.csv row paper_2204_00951; review model naming/scope before citing.,"A Sentinel-2 multi-year, multi-country benchmark dataset for crop classification and segmentation with deep learning",Paper,https://arxiv.org/abs/2204.00951,GitHub,https://github.com/orion-ai-lab/s4a,Paper-derived code-backed models
paper_model_sar-despeckling-using-a-denoising-diffusion-probabilistic-model,2022,SAR Despeckling using a Denoising Diffusion Probabilistic Model,Malsha V. Perera; Nithin Gopalakrishnan Nair; Wele Gedara Chaminda Bandara; Vishal M. Patel,arXiv,object_detection,paper_code,10.48550/arXiv.2206.04514,2206.04514,https://arxiv.org/abs/2206.04514,https://arxiv.org/pdf/2206.04514,,paper-extraction,paper:paper_2206_04514,candidate_model,Paper-derived model candidate with required public code link. Extracted from papers.csv row paper_2206_04514; review model naming/scope before citing.,SAR Despeckling using a Denoising Diffusion Probabilistic Model,Paper,https://arxiv.org/abs/2206.04514,GitHub,https://github.com/malshav/sar_ddpm,Paper-derived code-backed models
paper_model_ddpm-cd,2022,DDPM-CD: Denoising Diffusion Probabilistic Models as Feature Extractors for Change Detection,Wele Gedara Chaminda Bandara; Nithin Gopalakrishnan Nair; Vishal M. Patel,arXiv,object_detection,paper_code,10.48550/arXiv.2206.11892,2206.11892,https://arxiv.org/abs/2206.11892,https://arxiv.org/pdf/2206.11892,,paper-extraction,paper:paper_2206_11892,candidate_model,Paper-derived model candidate with required public code link. Extracted from papers.csv row paper_2206_11892; review model naming/scope before citing.,DDPM-CD,Paper,https://arxiv.org/abs/2206.11892,GitHub,https://github.com/wgcban/ddpm-cd,Paper-derived code-backed models
paper_model_satmae,2022,SatMAE: Pre-training Transformers for Temporal and Multi-Spectral Satellite Imagery,Yezhen Cong; Samar Khanna; Chenlin Meng; Patrick Liu; Erik Rozi; Yutong He; Marshall Burke; David B. Lobell; Stefano Ermon,arXiv,segmentation,paper_code,10.48550/arXiv.2207.08051,2207.08051,https://arxiv.org/abs/2207.08051,https://arxiv.org/pdf/2207.08051,,paper-extraction,paper:paper_2207_08051,candidate_model,Paper-derived model candidate with required public code link. Extracted from papers.csv row paper_2207_08051; review model naming/scope before citing.,SatMAE,Paper,https://arxiv.org/abs/2207.08051,GitHub,https://github.com/sustainlab-group/SatMAE,Paper-derived code-backed models
paper_model_advancing-plain-vision-transformer-towards-remote-sensing-foundation-model,2022,Advancing Plain Vision Transformer Towards Remote Sensing Foundation Model,Di Wang; Qiming Zhang; Yufei Xu; Jing Zhang; Bo Du; Dacheng Tao; Liangpei Zhang,arXiv,foundation_models,paper_code,10.48550/arXiv.2208.03987,2208.03987,https://arxiv.org/abs/2208.03987,https://arxiv.org/pdf/2208.03987,,paper-extraction,paper:paper_2208_03987,candidate_model,Paper-derived model candidate with required public code link. Extracted from papers.csv row paper_2208_03987; review model naming/scope before citing.,Advancing Plain Vision Transformer Towards Remote Sensing Foundation Model,Paper,https://arxiv.org/abs/2208.03987,GitHub,https://github.com/vitae-transformer/remote-sensing-rvsa,Paper-derived code-backed models
paper_model_experimental-design-for-multi-channel-imaging-via-task-driven-feature-selection,2022,Experimental Design for Multi-Channel Imaging via Task-Driven Feature Selection,Stefano B. Blumberg; Paddy J. Slator; Daniel C. Alexander,arXiv,paper_models,paper_code,10.48550/arXiv.2210.06891,2210.06891,https://arxiv.org/abs/2210.06891,https://arxiv.org/pdf/2210.06891,,paper-extraction,paper:paper_2210_06891,candidate_model,Paper-derived model candidate with required public code link. Extracted from papers.csv row paper_2210_06891; review model naming/scope before citing.,Experimental Design for Multi-Channel Imaging via Task-Driven Feature Selection,Paper,https://arxiv.org/abs/2210.06891,GitHub,https://github.com/sbb-gh/experimental-design-multichannel,Paper-derived code-backed models
paper_model_location-aware-adaptive-normalization,2022,Location-aware Adaptive Normalization: A Deep Learning Approach For Wildfire Danger Forecasting,Mohamad Hakam Shams Eddin; Ribana Roscher; Juergen Gall,arXiv,paper_models,paper_code,10.48550/arXiv.2212.08208,2212.08208,https://arxiv.org/abs/2212.08208,https://arxiv.org/pdf/2212.08208,,paper-extraction,paper:paper_2212_08208,candidate_model,Paper-derived model candidate with required public code link. Extracted from papers.csv row paper_2212_08208; review model naming/scope before citing.,Location-aware Adaptive Normalization,Paper,https://arxiv.org/abs/2212.08208,GitHub,https://github.com/HakamShams/LOAN,Paper-derived code-backed models
paper_model_common-practices-and-taxonomy-in-deep-multi-view-fusion-for-remote-sensing-appli,2022,Common Practices and Taxonomy in Deep Multi-view Fusion for Remote Sensing Applications,Francisco Mena; Diego Arenas; Marlon Nuske; Andreas Dengel,arXiv,paper_models,paper_code,10.48550/arXiv.2301.01200,2301.01200,https://arxiv.org/abs/2301.01200,https://arxiv.org/pdf/2301.01200,,paper-extraction,paper:paper_2301_01200,candidate_model,Paper-derived model candidate with required public code link. Extracted from papers.csv row paper_2301_01200; review model naming/scope before citing.,Common Practices and Taxonomy in Deep Multi-view Fusion for Remote Sensing Applications,Paper,https://arxiv.org/abs/2301.01200,GitHub,https://github.com/fmenat/multiviewRS-models,Paper-derived code-backed models
paper_model_mixed-attention-network-for-hyperspectral-image-denoising,2023,Mixed Attention Network for Hyperspectral Image Denoising,Zeqiang Lai; Ying Fu,arXiv,paper_models,paper_code,10.48550/arXiv.2301.11525,2301.11525,https://arxiv.org/abs/2301.11525,https://arxiv.org/pdf/2301.11525,,paper-extraction,paper:paper_2301_11525,candidate_model,Paper-derived model candidate with required public code link. Extracted from papers.csv row paper_2301_11525; review model naming/scope before citing.,Mixed Attention Network for Hyperspectral Image Denoising,Paper,https://arxiv.org/abs/2301.11525,GitHub,https://github.com/zeqiang-lai/man,Paper-derived code-backed models
paper_model_funsr,2023,Continuous Remote Sensing Image Super-Resolution based on Context Interaction in Implicit Function Space,Keyan Chen; Wenyuan Li; Sen Lei; Jianqi Chen; Xiaolong Jiang; Zhengxia Zou; Zhenwei Shi,arXiv,super_resolution,paper_code,10.48550/arXiv.2302.08046,2302.08046,https://arxiv.org/abs/2302.08046,https://arxiv.org/pdf/2302.08046,,paper-extraction,paper:paper_2302_08046,candidate_model,Paper-derived model candidate with required public code link. Extracted from papers.csv row paper_2302_08046; review model naming/scope before citing.,FunSR,Paper,https://arxiv.org/abs/2302.08046,GitHub,https://github.com/KyanChen/FunSR,Paper-derived code-backed models
paper_model_hybrid-spectral-denoising-transformer-with-guided-attention,2023,Hybrid Spectral Denoising Transformer with Guided Attention,Zeqiang Lai; Chenggang Yan; Ying Fu,arXiv,paper_models,paper_code,10.48550/arXiv.2303.09040,2303.09040,https://arxiv.org/abs/2303.09040,https://arxiv.org/pdf/2303.09040,,paper-extraction,paper:paper_2303_09040,candidate_model,Paper-derived model candidate with required public code link. Extracted from papers.csv row paper_2303_09040; review model naming/scope before citing.,Hybrid Spectral Denoising Transformer with Guided Attention,Paper,https://arxiv.org/abs/2303.09040,GitHub,https://github.com/zeqiang-lai/hsdt,Paper-derived code-backed models
paper_model_interferometer-response-characterization-algorithm-for-multi-aperture-fabry-pero,2023,Interferometer response characterization algorithm for multi-aperture Fabry-Perot imaging spectrometers,Daniele Picone; Silvére Gousset; Mauro Dalla-Mura; Yann Ferrec; Etienne le-Coarer,arXiv,paper_models,paper_code,10.48550/arXiv.2303.14076,2303.14076,https://arxiv.org/abs/2303.14076,https://arxiv.org/pdf/2303.14076,,paper-extraction,paper:paper_2303_14076,candidate_model,Paper-derived model candidate with required public code link. Extracted from papers.csv row paper_2303_14076; review model naming/scope before citing.,Interferometer response characterization algorithm for multi-aperture Fabry-Perot imaging spectrometers,Paper,https://arxiv.org/abs/2303.14076,GitHub,https://github.com/danaroth83/irca,Paper-derived code-backed models
paper_model_pmaa,2023,PMAA: A Progressive Multi-scale Attention Autoencoder Model for High-performance Cloud Removal from Multi-temporal Satellite Imagery,Xuechao Zou; Kai Li; Junliang Xing; Pin Tao; Yachao Cui,arXiv,paper_models,paper_code,10.48550/arXiv.2303.16565,2303.16565,https://arxiv.org/abs/2303.16565,https://arxiv.org/pdf/2303.16565,,paper-extraction,paper:paper_2303_16565,candidate_model,Paper-derived model candidate with required public code link. Extracted from papers.csv row paper_2303_16565; review model naming/scope before citing.,PMAA,Paper,https://arxiv.org/abs/2303.16565,GitHub,https://github.com/xavierjiezou/pmaa,Paper-derived code-backed models
paper_model_mapformer,2023,MapFormer: Boosting Change Detection by Using Pre-change Information,Maximilian Bernhard; Niklas Strauß; Matthias Schubert,arXiv,object_detection,paper_code,10.48550/arXiv.2303.17859,2303.17859,https://arxiv.org/abs/2303.17859,https://arxiv.org/pdf/2303.17859,,paper-extraction,paper:paper_2303_17859,candidate_model,Paper-derived model candidate with required public code link. Extracted from papers.csv row paper_2303_17859; review model naming/scope before citing.,MapFormer,Paper,https://arxiv.org/abs/2303.17859,GitHub,https://github.com/mxbh/mapformer,Paper-derived code-backed models
paper_model_geomultitasknet,2023,GeoMultiTaskNet: remote sensing unsupervised domain adaptation using geographical coordinates,Valerio Marsocci; Nicolas Gonthier; Anatol Garioud; Simone Scardapane; Clément Mallet,arXiv,segmentation,paper_code,10.48550/arXiv.2304.07750,2304.07750,https://arxiv.org/abs/2304.07750,https://arxiv.org/pdf/2304.07750,,paper-extraction,paper:paper_2304_07750,candidate_model,Paper-derived model candidate with required public code link. Extracted from papers.csv row paper_2304_07750; review model naming/scope before citing.,GeoMultiTaskNet,Paper,https://arxiv.org/abs/2304.07750,GitHub,https://github.com/VMarsocci/geomultitasknet,Paper-derived code-backed models
paper_model_csp,2023,CSP: Self-Supervised Contrastive Spatial Pre-Training for Geospatial-Visual Representations,Gengchen Mai; Ni Lao; Yutong He; Jiaming Song; Stefano Ermon,arXiv,paper_models,paper_code,10.48550/arXiv.2305.01118,2305.01118,https://arxiv.org/abs/2305.01118,https://arxiv.org/pdf/2305.01118,,paper-extraction,paper:paper_2305_01118,candidate_model,Paper-derived model candidate with required public code link. Extracted from papers.csv row paper_2305_01118; review model naming/scope before citing.,CSP,Paper,https://arxiv.org/abs/2305.01118,GitHub,https://github.com/gengchenmai/csp,Paper-derived code-backed models
paper_model_deepaqua,2023,DeepAqua: Self-Supervised Semantic Segmentation of Wetland Surface Water Extent with SAR Images using Knowledge Distillation,Francisco J. Peña; Clara Hübinger; Amir H. Payberah; Fernando Jaramillo,arXiv,segmentation,paper_code,10.48550/arXiv.2305.01698,2305.01698,https://arxiv.org/abs/2305.01698,https://arxiv.org/pdf/2305.01698,,paper-extraction,paper:paper_2305_01698,candidate_model,Paper-derived model candidate with required public code link. Extracted from papers.csv row paper_2305_01698; review model naming/scope before citing.,DeepAqua,Paper,https://arxiv.org/abs/2305.01698,GitHub,https://github.com/melqkiades/deep-wetlands,Paper-derived code-backed models
paper_model_gamus,2023,GAMUS: A Geometry-aware Multi-modal Semantic Segmentation Benchmark for Remote Sensing Data,Zhitong Xiong; Sining Chen; Yi Wang; Lichao Mou; Xiao Xiang Zhu,arXiv,segmentation,paper_code,10.48550/arXiv.2305.14914,2305.14914,https://arxiv.org/abs/2305.14914,https://arxiv.org/pdf/2305.14914,,paper-extraction,paper:paper_2305_14914,candidate_model,Paper-derived model candidate with required public code link. Extracted from papers.csv row paper_2305_14914; review model naming/scope before citing.,GAMUS,Paper,https://arxiv.org/abs/2305.14914,GitHub,https://github.com/earthnets/rsi-mmsegmentation,Paper-derived code-backed models
paper_model_spatial-implicit-neural-representations-for-global-scale-species-mapping,2023,Spatial Implicit Neural Representations for Global-Scale Species Mapping,Elijah Cole; Grant Van Horn; Christian Lange; Alexander Shepard; Patrick Leary; Pietro Perona; Scott Loarie; Oisin Mac Aodha,arXiv,paper_models,paper_code,10.48550/arXiv.2306.02564,2306.02564,https://arxiv.org/abs/2306.02564,https://arxiv.org/pdf/2306.02564,,paper-extraction,paper:paper_2306_02564,candidate_model,Paper-derived model candidate with required public code link. Extracted from papers.csv row paper_2306_02564; review model naming/scope before citing.,Spatial Implicit Neural Representations for Global-Scale Species Mapping,Paper,https://arxiv.org/abs/2306.02564,GitHub,https://github.com/elijahcole/sinr,Paper-derived code-backed models
paper_model_long-range-uav-thermal-geo-localization-with-satellite-imagery,2023,Long-range UAV Thermal Geo-localization with Satellite Imagery,Jiuhong Xiao; Daniel Tortei; Eloy Roura; Giuseppe Loianno,arXiv,vision_location,paper_code,10.48550/arXiv.2306.02994,2306.02994,https://arxiv.org/abs/2306.02994,https://arxiv.org/pdf/2306.02994,,paper-extraction,paper:paper_2306_02994,candidate_model,Paper-derived model candidate with required public code link. Extracted from papers.csv row paper_2306_02994; review model naming/scope before citing.,Long-range UAV Thermal Geo-localization with Satellite Imagery,Paper,https://arxiv.org/abs/2306.02994,GitHub,https://github.com/arplaboratory/satellite-thermal-geo-localization,Paper-derived code-backed models
paper_model_remoteclip,2023,RemoteCLIP: A Vision Language Foundation Model for Remote Sensing,Fan Liu; Delong Chen; Zhangqingyun Guan; Xiaocong Zhou; Jiale Zhu; Qiaolin Ye; Liyong Fu; Jun Zhou,arXiv,foundation_models,paper_code,10.48550/arXiv.2306.11029,2306.11029,https://arxiv.org/abs/2306.11029,https://arxiv.org/pdf/2306.11029,,paper-extraction,paper:paper_2306_11029,candidate_model,Paper-derived model candidate with required public code link. Extracted from papers.csv row paper_2306_11029; review model naming/scope before citing.,RemoteCLIP,Paper,https://arxiv.org/abs/2306.11029,GitHub,https://github.com/chendelong1999/remoteclip,Paper-derived code-backed models
paper_model_rs5m-and-georsclip,2023,RS5M and GeoRSCLIP: A Large Scale Vision-Language Dataset and A Large Vision-Language Model for Remote Sensing,Zilun Zhang; Tiancheng Zhao; Yulong Guo; Jianwei Yin,arXiv,paper_models,paper_code,10.48550/arXiv.2306.11300,2306.11300,https://arxiv.org/abs/2306.11300,https://arxiv.org/pdf/2306.11300,,paper-extraction,paper:paper_2306_11300,candidate_model,Paper-derived model candidate with required public code link. Extracted from papers.csv row paper_2306_11300; review model naming/scope before citing.,RS5M and GeoRSCLIP,Paper,https://arxiv.org/abs/2306.11300,GitHub,https://github.com/om-ai-lab/rs5m,Paper-derived code-backed models
paper_model_treeformer,2023,TreeFormer: a Semi-Supervised Transformer-based Framework for Tree Counting from a Single High Resolution Image,Hamed Amini Amirkolaee; Miaojing Shi; Mark Mulligan,arXiv,paper_models,paper_code,10.48550/arXiv.2307.06118,2307.06118,https://arxiv.org/abs/2307.06118,https://arxiv.org/pdf/2307.06118,,paper-extraction,paper:paper_2307_06118,candidate_model,Paper-derived model candidate with required public code link. Extracted from papers.csv row paper_2307_06118; review model naming/scope before citing.,TreeFormer,Paper,https://arxiv.org/abs/2307.06118,GitHub,https://github.com/haaclassic/treeformer,Paper-derived code-backed models
paper_model_meta-transformer,2023,Meta-Transformer: A Unified Framework for Multimodal Learning,Yiyuan Zhang; Kaixiong Gong; Kaipeng Zhang; Hongsheng Li; Yu Qiao; Wanli Ouyang; Xiangyu Yue,arXiv,paper_models,paper_code,10.48550/arXiv.2307.10802,2307.10802,https://arxiv.org/abs/2307.10802,https://arxiv.org/pdf/2307.10802,,paper-extraction,paper:paper_2307_10802,candidate_model,Paper-derived model candidate with required public code link. Extracted from papers.csv row paper_2307_10802; review model naming/scope before citing.,Meta-Transformer,Paper,https://arxiv.org/abs/2307.10802,GitHub,https://github.com/invictus717/MetaTransformer,Paper-derived code-backed models
paper_model_essaformer,2023,ESSAformer: Efficient Transformer for Hyperspectral Image Super-resolution,Mingjin Zhang; Chi Zhang; Qiming Zhang; Jie Guo; Xinbo Gao; Jing Zhang,arXiv,foundation_models,paper_code,10.48550/arXiv.2307.14010,2307.14010,https://arxiv.org/abs/2307.14010,https://arxiv.org/pdf/2307.14010,,paper-extraction,paper:paper_2307_14010,candidate_model,Paper-derived model candidate with required public code link. Extracted from papers.csv row paper_2307_14010; review model naming/scope before citing.,ESSAformer,Paper,https://arxiv.org/abs/2307.14010,GitHub,https://github.com/rexzhan/essaformer,Paper-derived code-backed models
paper_model_pixel-adaptive-deep-unfolding-transformer-for-hyperspectral-image-reconstruction,2023,Pixel Adaptive Deep Unfolding Transformer for Hyperspectral Image Reconstruction,Miaoyu Li; Ying Fu; Ji Liu; Yulun Zhang,arXiv,paper_models,paper_code,10.48550/arXiv.2308.10820,2308.10820,https://arxiv.org/abs/2308.10820,https://arxiv.org/pdf/2308.10820,,paper-extraction,paper:paper_2308_10820,candidate_model,Paper-derived model candidate with required public code link. Extracted from papers.csv row paper_2308_10820; review model naming/scope before citing.,Pixel Adaptive Deep Unfolding Transformer for Hyperspectral Image Reconstruction,Paper,https://arxiv.org/abs/2308.10820,GitHub,https://github.com/myuli/padut,Paper-derived code-backed models
paper_model_class-prior-free-positive-unlabeled-learning-with-taylor-variational-loss-for-hy,2023,Class Prior-Free Positive-Unlabeled Learning with Taylor Variational Loss for Hyperspectral Remote Sensing Imagery,Hengwei Zhao; Xinyu Wang; Jingtao Li; Yanfei Zhong,arXiv,paper_models,paper_code,10.48550/arXiv.2308.15081,2308.15081,https://arxiv.org/abs/2308.15081,https://arxiv.org/pdf/2308.15081,,paper-extraction,paper:paper_2308_15081,candidate_model,Paper-derived model candidate with required public code link. Extracted from papers.csv row paper_2308_15081; review model naming/scope before citing.,Class Prior-Free Positive-Unlabeled Learning with Taylor Variational Loss for Hyperspectral Remote Sensing Imagery,Paper,https://arxiv.org/abs/2308.15081,GitHub,https://github.com/hengwei-zhao96/t-honecls,Paper-derived code-backed models
paper_model_generate-your-own-scotland,2023,Generate Your Own Scotland: Satellite Image Generation Conditioned on Maps,Miguel Espinosa; Elliot J. Crowley,arXiv,foundation_models,paper_code,10.48550/arXiv.2308.16648,2308.16648,https://arxiv.org/abs/2308.16648,https://arxiv.org/pdf/2308.16648,,paper-extraction,paper:paper_2308_16648,candidate_model,Paper-derived model candidate with required public code link. Extracted from papers.csv row paper_2308_16648; review model naming/scope before citing.,Generate Your Own Scotland,Paper,https://arxiv.org/abs/2308.16648,GitHub,https://github.com/miquel-espinosa/map-sat,Paper-derived code-backed models
paper_model_earthpt,2023,EarthPT: a time series foundation model for Earth Observation,Michael J. Smith; Luke Fleming; James E. Geach,arXiv,foundation_models,paper_code,10.48550/arXiv.2309.07207,2309.07207,https://arxiv.org/abs/2309.07207,https://arxiv.org/pdf/2309.07207,,paper-extraction,paper:paper_2309_07207,candidate_model,Paper-derived model candidate with required public code link. Extracted from papers.csv row paper_2309_07207; review model naming/scope before citing.,EarthPT,Paper,https://arxiv.org/abs/2309.07207,GitHub,https://github.com/aspiaspace/earthpt,Paper-derived code-backed models
paper_model_scalable-multi-temporal-remote-sensing-change-data-generation-via-simulating-sto,2023,Scalable Multi-Temporal Remote Sensing Change Data Generation via Simulating Stochastic Change Process,Zhuo Zheng; Shiqi Tian; Ailong Ma; Liangpei Zhang; Yanfei Zhong,arXiv,paper_models,paper_code,10.48550/arXiv.2309.17031,2309.17031,https://arxiv.org/abs/2309.17031,https://arxiv.org/pdf/2309.17031,,paper-extraction,paper:paper_2309_17031,candidate_model,Paper-derived model candidate with required public code link. Extracted from papers.csv row paper_2309_17031; review model naming/scope before citing.,Scalable Multi-Temporal Remote Sensing Change Data Generation via Simulating Stochastic Change Process,Paper,https://arxiv.org/abs/2309.17031,GitHub,https://github.com/Z-Zheng/Changen,Paper-derived code-backed models
paper_model_empirical-study-of-peft-techniques-for-winter-wheat-segmentation,2023,Empirical Study of PEFT techniques for Winter Wheat Segmentation,Mohamad Hasan Zahweh; Hasan Nasrallah; Mustafa Shukor; Ghaleb Faour; Ali J. Ghandour,arXiv,segmentation,paper_code,10.48550/arXiv.2310.01825,2310.01825,https://arxiv.org/abs/2310.01825,https://arxiv.org/pdf/2310.01825,,paper-extraction,paper:paper_2310_01825,candidate_model,Paper-derived model candidate with required public code link. Extracted from papers.csv row paper_2310_01825; review model naming/scope before citing.,Empirical Study of PEFT techniques for Winter Wheat Segmentation,Paper,https://arxiv.org/abs/2310.01825,GitHub,https://github.com/geoaigroup/GEOAI-ECRS2023,Paper-derived code-backed models
paper_model_feature-guided-masked-autoencoder-for-self-supervised-learning-in-remote-sensing,2023,Feature Guided Masked Autoencoder for Self-supervised Learning in Remote Sensing,Yi Wang; Hugo Hernández Hernández; Conrad M Albrecht; Xiao Xiang Zhu,arXiv,foundation_models,paper_code,10.48550/arXiv.2310.18653,2310.18653,https://arxiv.org/abs/2310.18653,https://arxiv.org/pdf/2310.18653,,paper-extraction,paper:paper_2310_18653,candidate_model,Paper-derived model candidate with required public code link. Extracted from papers.csv row paper_2310_18653; review model naming/scope before citing.,Feature Guided Masked Autoencoder for Self-supervised Learning in Remote Sensing,Paper,https://arxiv.org/abs/2310.18653,GitHub,https://github.com/zhu-xlab/fgmae,Paper-derived code-backed models
paper_model_birdsat,2023,BirdSAT: Cross-View Contrastive Masked Autoencoders for Bird Species Classification and Mapping,Srikumar Sastry; Subash Khanal; Aayush Dhakal; Di Huang; Nathan Jacobs,arXiv,vision_location,paper_code,10.48550/arXiv.2310.19168,2310.19168,https://arxiv.org/abs/2310.19168,https://arxiv.org/pdf/2310.19168,,paper-extraction,paper:paper_2310_19168,candidate_model,Paper-derived model candidate with required public code link. Extracted from papers.csv row paper_2310_19168; review model naming/scope before citing.,BirdSAT,Paper,https://arxiv.org/abs/2310.19168,GitHub,https://github.com/mvrl/birdsat,Paper-derived code-backed models
paper_model_ediffsr,2023,EDiffSR: An Efficient Diffusion Probabilistic Model for Remote Sensing Image Super-Resolution,Yi Xiao; Qiangqiang Yuan; Kui Jiang; Jiang He; Xianyu Jin; Liangpei Zhang,arXiv,super_resolution,paper_code,10.48550/arXiv.2310.19288,2310.19288,https://arxiv.org/abs/2310.19288,https://arxiv.org/pdf/2310.19288,,paper-extraction,paper:paper_2310_19288,candidate_model,Paper-derived model candidate with required public code link. Extracted from papers.csv row paper_2310_19288; review model naming/scope before citing.,EDiffSR,Paper,https://arxiv.org/abs/2310.19288,GitHub,https://github.com/xy-boy/ediffsr,Paper-derived code-backed models
paper_model_croma,2023,CROMA: Remote Sensing Representations with Contrastive Radar-Optical Masked Autoencoders,Anthony Fuller; Koreen Millard; James R. Green,arXiv,segmentation,paper_code,10.48550/arXiv.2311.00566,2311.00566,https://arxiv.org/abs/2311.00566,https://arxiv.org/pdf/2311.00566,,paper-extraction,paper:paper_2311_00566,candidate_model,Paper-derived model candidate with required public code link. Extracted from papers.csv row paper_2311_00566; review model naming/scope before citing.,CROMA,Paper,https://arxiv.org/abs/2311.00566,GitHub,https://github.com/antofuller/croma,Paper-derived code-backed models
paper_model_band-wise-hyperspectral-image-pansharpening-using-cnn-model-propagation,2023,Band-wise Hyperspectral Image Pansharpening using CNN Model Propagation,Giuseppe Guarino; Matteo Ciotola; Gemine Vivone; Giuseppe Scarpa,arXiv,paper_models,paper_code,10.48550/arXiv.2311.06510,2311.06510,https://arxiv.org/abs/2311.06510,https://arxiv.org/pdf/2311.06510,,paper-extraction,paper:paper_2311_06510,candidate_model,Paper-derived model candidate with required public code link. Extracted from papers.csv row paper_2311_06510; review model naming/scope before citing.,Band-wise Hyperspectral Image Pansharpening using CNN Model Propagation,Paper,https://arxiv.org/abs/2311.06510,GitHub,https://github.com/giu-guarino/R-PNN,Paper-derived code-backed models
paper_model_geochat,2023,GeoChat: Grounded Large Vision-Language Model for Remote Sensing,Kartik Kuckreja; Muhammad Sohail Danish; Muzammal Naseer; Abhijit Das; Salman Khan; Fahad Shahbaz Khan,arXiv,object_detection,paper_code,10.48550/arXiv.2311.15826,2311.15826,https://arxiv.org/abs/2311.15826,https://arxiv.org/pdf/2311.15826,,paper-extraction,paper:paper_2311_15826,candidate_model,Paper-derived model candidate with required public code link. Extracted from papers.csv row paper_2311_15826; review model naming/scope before citing.,GeoChat,Paper,https://arxiv.org/abs/2311.15826,GitHub,https://github.com/mbzuai-oryx/geochat,Paper-derived code-backed models
paper_model_diffusionsat,2023,DiffusionSat: A Generative Foundation Model for Satellite Imagery,Samar Khanna; Patrick Liu; Linqi Zhou; Chenlin Meng; Robin Rombach; Marshall Burke; David Lobell; Stefano Ermon,arXiv,foundation_models,paper_code,10.48550/arXiv.2312.03606,2312.03606,https://arxiv.org/abs/2312.03606,https://arxiv.org/pdf/2312.03606,,paper-extraction,paper:paper_2312_03606,candidate_model,Paper-derived model candidate with required public code link. Extracted from papers.csv row paper_2312_03606; review model naming/scope before citing.,DiffusionSat,Paper,https://arxiv.org/abs/2312.03606,GitHub,https://github.com/samar-khanna/diffusionsat,Paper-derived code-backed models
paper_model_learned-representation-guided-diffusion-models-for-large-image-generation,2023,Learned representation-guided diffusion models for large-image generation,Alexandros Graikos; Srikar Yellapragada; Minh-Quan Le; Saarthak Kapse; Prateek Prasanna; Joel Saltz; Dimitris Samaras,arXiv,paper_models,paper_code,10.48550/arXiv.2312.07330,2312.07330,https://arxiv.org/abs/2312.07330,https://arxiv.org/pdf/2312.07330,,paper-extraction,paper:paper_2312_07330,candidate_model,Paper-derived model candidate with required public code link. Extracted from papers.csv row paper_2312_07330; review model naming/scope before citing.,Learned representation-guided diffusion models for large-image generation,Paper,https://arxiv.org/abs/2312.07330,GitHub,https://github.com/cvlab-stonybrook/large-image-diffusion,Paper-derived code-backed models
paper_model_skysense,2023,SkySense: A Multi-Modal Remote Sensing Foundation Model Towards Universal Interpretation for Earth Observation Imagery,Xin Guo; Jiangwei Lao; Bo Dang; Yingying Zhang; Lei Yu; Lixiang Ru; Liheng Zhong; Ziyuan Huang; Kang Wu; Dingxiang Hu; Huimei He; Jian Wang; Jingdong Chen; Ming Yang; Yongjun Zhang; Yansheng Li,arXiv,foundation_models,paper_code,10.48550/arXiv.2312.10115,2312.10115,https://arxiv.org/abs/2312.10115,https://arxiv.org/pdf/2312.10115,,paper-extraction,paper:paper_2312_10115,candidate_model,Paper-derived model candidate with required public code link. Extracted from papers.csv row paper_2312_10115; review model naming/scope before citing.,SkySense,Paper,https://arxiv.org/abs/2312.10115,GitHub,https://github.com/jack-bo1220/awesome-remote-sensing-foundation-models,Paper-derived code-backed models
paper_model_phileo-bench,2024,PhilEO Bench: Evaluating Geo-Spatial Foundation Models,Casper Fibaek; Luke Camilleri; Andreas Luyts; Nikolaos Dionelis; Bertrand Le Saux,arXiv,foundation_models,paper_code,10.48550/arXiv.2401.04464,2401.04464,https://arxiv.org/abs/2401.04464,https://arxiv.org/pdf/2401.04464,,paper-extraction,paper:paper_2401_04464,candidate_model,Paper-derived model candidate with required public code link. Extracted from papers.csv row paper_2401_04464; review model naming/scope before citing.,PhilEO Bench,Paper,https://arxiv.org/abs/2401.04464,GitHub,https://github.com/ESA-PhiLab/PhilEO-Bench,Paper-derived code-backed models
paper_model_skyeyegpt,2024,SkyEyeGPT: Unifying Remote Sensing Vision-Language Tasks via Instruction Tuning with Large Language Model,Yang Zhan; Zhitong Xiong; Yuan Yuan,arXiv,paper_models,paper_code,10.48550/arXiv.2401.09712,2401.09712,https://arxiv.org/abs/2401.09712,https://arxiv.org/pdf/2401.09712,,paper-extraction,paper:paper_2401_09712,candidate_model,Paper-derived model candidate with required public code link. Extracted from papers.csv row paper_2401_09712; review model naming/scope before citing.,SkyEyeGPT,Paper,https://arxiv.org/abs/2401.09712,GitHub,https://github.com/zhanyang-nwpu/skyeyegpt,Paper-derived code-backed models
paper_model_sat2scene,2024,Sat2Scene: 3D Urban Scene Generation from Satellite Images with Diffusion,Zuoyue Li; Zhenqiang Li; Zhaopeng Cui; Marc Pollefeys; Martin R. Oswald,arXiv,vision_location,paper_code,10.48550/arXiv.2401.10786,2401.10786,https://arxiv.org/abs/2401.10786,https://arxiv.org/pdf/2401.10786,,paper-extraction,paper:paper_2401_10786,candidate_model,Paper-derived model candidate with required public code link. Extracted from papers.csv row paper_2401_10786; review model naming/scope before citing.,Sat2Scene,Paper,https://arxiv.org/abs/2401.10786,GitHub,https://github.com/lizuoyue/sat2scene,Paper-derived code-backed models
paper_model_denguenet,2024,DengueNet: Dengue Prediction using Spatiotemporal Satellite Imagery for Resource-Limited Countries,Kuan-Ting Kuo; Dana Moukheiber; Sebastian Cajas Ordonez; David Restrepo; Atika Rahman Paddo; Tsung-Yu Chen; Lama Moukheiber; Mira Moukheiber; Sulaiman Moukheiber; Saptarshi Purkayastha; Po-Chih Kuo; Leo Anthony Celi,arXiv,paper_models,paper_code,10.48550/arXiv.2401.11114,2401.11114,https://arxiv.org/abs/2401.11114,https://arxiv.org/pdf/2401.11114,,paper-extraction,paper:paper_2401_11114,candidate_model,Paper-derived model candidate with required public code link. Extracted from papers.csv row paper_2401_11114; review model naming/scope before citing.,DengueNet,Paper,https://arxiv.org/abs/2401.11114,GitHub,https://github.com/mimikuo365/denguenet-ijcai,Paper-derived code-backed models
paper_model_good-at-captioning-bad-at-counting,2024,"Good at captioning, bad at counting: Benchmarking GPT-4V on Earth observation data",Chenhui Zhang; Sherrie Wang,arXiv,object_detection,paper_code,10.48550/arXiv.2401.17600,2401.17600,https://arxiv.org/abs/2401.17600,https://arxiv.org/pdf/2401.17600,,paper-extraction,paper:paper_2401_17600,candidate_model,Paper-derived model candidate with required public code link. Extracted from papers.csv row paper_2401_17600; review model naming/scope before citing.,"Good at captioning, bad at counting",Paper,https://arxiv.org/abs/2401.17600,GitHub,https://github.com/Earth-Intelligence-Lab/vleo-bench,Paper-derived code-backed models
paper_model_deepaat,2024,DeepAAT: Deep Automated Aerial Triangulation for Fast UAV-based Mapping,Zequan Chen; Jianping Li; Qusheng Li; Bisheng Yang; Zhen Dong,arXiv,paper_models,paper_code,10.48550/arXiv.2402.01134,2402.01134,https://arxiv.org/abs/2402.01134,https://arxiv.org/pdf/2402.01134,,paper-extraction,paper:paper_2402_01134,candidate_model,Paper-derived model candidate with required public code link. Extracted from papers.csv row paper_2402_01134; review model naming/scope before citing.,DeepAAT,Paper,https://arxiv.org/abs/2402.01134,GitHub,https://github.com/whu-usi3dv/deepaat,Paper-derived code-backed models
paper_model_hir-diff,2024,HIR-Diff: Unsupervised Hyperspectral Image Restoration Via Improved Diffusion Models,Li Pang; Xiangyu Rui; Long Cui; Hongzhong Wang; Deyu Meng; Xiangyong Cao,arXiv,super_resolution,paper_code,10.48550/arXiv.2402.15865,2402.15865,https://arxiv.org/abs/2402.15865,https://arxiv.org/pdf/2402.15865,,paper-extraction,paper:paper_2402_15865,candidate_model,Paper-derived model candidate with required public code link. Extracted from papers.csv row paper_2402_15865; review model naming/scope before citing.,HIR-Diff,Paper,https://arxiv.org/abs/2402.15865,GitHub,https://github.com/lipang/hirdiff,Paper-derived code-backed models
paper_model_xt,2024,xT: Nested Tokenization for Larger Context in Large Images,Ritwik Gupta; Shufan Li; Tyler Zhu; Jitendra Malik; Trevor Darrell; Karttikeya Mangalam,arXiv,segmentation,paper_code,10.48550/arXiv.2403.01915,2403.01915,https://arxiv.org/abs/2403.01915,https://arxiv.org/pdf/2403.01915,,paper-extraction,paper:paper_2403_01915,candidate_model,Paper-derived model candidate with required public code link. Extracted from papers.csv row paper_2403_01915; review model naming/scope before citing.,xT,Paper,https://arxiv.org/abs/2403.01915,GitHub,https://github.com/bair-climate-initiative/xT,Paper-derived code-backed models
paper_model_sardet-100k,2024,SARDet-100K: Towards Open-Source Benchmark and ToolKit for Large-Scale SAR Object Detection,Yuxuan Li; Xiang Li; Weijie Li; Qibin Hou; Li Liu; Ming-Ming Cheng; Jian Yang,arXiv,foundation_models,paper_code,10.48550/arXiv.2403.06534,2403.06534,https://arxiv.org/abs/2403.06534,https://arxiv.org/pdf/2403.06534,,paper-extraction,paper:paper_2403_06534,candidate_model,Paper-derived model candidate with required public code link. Extracted from papers.csv row paper_2403_06534; review model naming/scope before citing.,SARDet-100K,Paper,https://arxiv.org/abs/2403.06534,GitHub,https://github.com/zcablii/SARDet_100K,Paper-derived code-backed models
paper_model_rsbuilding,2024,RSBuilding: Towards General Remote Sensing Image Building Extraction and Change Detection with Foundation Model,Mingze Wang; Lili Su; Cilin Yan; Sheng Xu; Pengcheng Yuan; Xiaolong Jiang; Baochang Zhang,arXiv,foundation_models,paper_code,10.48550/arXiv.2403.07564,2403.07564,https://arxiv.org/abs/2403.07564,https://arxiv.org/pdf/2403.07564,,paper-extraction,paper:paper_2403_07564,candidate_model,Paper-derived model candidate with required public code link. Extracted from papers.csv row paper_2403_07564; review model naming/scope before citing.,RSBuilding,Paper,https://arxiv.org/abs/2403.07564,GitHub,https://github.com/meize0729/rsbuilding,Paper-derived code-backed models
paper_model_impact-assessment-of-missing-data-in-model-predictions-for-earth-observation-app,2024,Impact Assessment of Missing Data in Model Predictions for Earth Observation Applications,Francisco Mena; Diego Arenas; Marcela Charfuelan; Marlon Nuske; Andreas Dengel,arXiv,paper_models,paper_code,10.48550/arXiv.2403.14297,2403.14297,https://arxiv.org/abs/2403.14297,https://arxiv.org/pdf/2403.14297,,paper-extraction,paper:paper_2403_14297,candidate_model,Paper-derived model candidate with required public code link. Extracted from papers.csv row paper_2403_14297; review model naming/scope before citing.,Impact Assessment of Missing Data in Model Predictions for Earth Observation Applications,Paper,https://arxiv.org/abs/2403.14297,GitHub,https://github.com/fmenat/missingviews-study-EO,Paper-derived code-backed models
paper_model_segment-anything-model-for-road-network-graph-extraction,2024,Segment Anything Model for Road Network Graph Extraction,Congrui Hetang; Haoru Xue; Cindy Le; Tianwei Yue; Wenping Wang; Yihui He,arXiv,segmentation,paper_code,10.48550/arXiv.2403.16051,2403.16051,https://arxiv.org/abs/2403.16051,https://arxiv.org/pdf/2403.16051,,paper-extraction,paper:paper_2403_16051,candidate_model,Paper-derived model candidate with required public code link. Extracted from papers.csv row paper_2403_16051; review model naming/scope before citing.,Segment Anything Model for Road Network Graph Extraction,Paper,https://arxiv.org/abs/2403.16051,GitHub,https://github.com/htcr/sam_road,Paper-derived code-backed models
paper_model_remote-sensing-framework-for-geological-mapping-via-stacked-autoencoders-and-clu,2024,Remote sensing framework for geological mapping via stacked autoencoders and clustering,Sandeep Nagar; Ehsan Farahbakhsh; Joseph Awange; Rohitash Chandra,arXiv,paper_models,paper_code,10.48550/arXiv.2404.02180,2404.02180,https://arxiv.org/abs/2404.02180,https://arxiv.org/pdf/2404.02180,,paper-extraction,paper:paper_2404_02180,candidate_model,Paper-derived model candidate with required public code link. Extracted from papers.csv row paper_2404_02180; review model naming/scope before citing.,Remote sensing framework for geological mapping via stacked autoencoders and clustering,Paper,https://arxiv.org/abs/2404.02180,GitHub,https://github.com/sydney-machine-learning/autoencoders_remotesensing,Paper-derived code-backed models
paper_model_geosynth,2024,GeoSynth: Contextually-Aware High-Resolution Satellite Image Synthesis,Srikumar Sastry; Subash Khanal; Aayush Dhakal; Nathan Jacobs,arXiv,paper_models,paper_code,10.48550/arXiv.2404.06637,2404.06637,https://arxiv.org/abs/2404.06637,https://arxiv.org/pdf/2404.06637,,paper-extraction,paper:paper_2404_06637,candidate_model,Paper-derived model candidate with required public code link. Extracted from papers.csv row paper_2404_06637; review model naming/scope before citing.,GeoSynth,Paper,https://arxiv.org/abs/2404.06637,GitHub,https://github.com/mvrl/geosynth,Paper-derived code-backed models
paper_model_omnisat,2024,OmniSat: Self-Supervised Modality Fusion for Earth Observation,Guillaume Astruc; Nicolas Gonthier; Clement Mallet; Loic Landrieu,arXiv,foundation_models,paper_code,10.48550/arXiv.2404.08351,2404.08351,https://arxiv.org/abs/2404.08351,https://arxiv.org/pdf/2404.08351,,paper-extraction,paper:paper_2404_08351,candidate_model,Paper-derived model candidate with required public code link. Extracted from papers.csv row paper_2404_08351; review model naming/scope before citing.,OmniSat,Paper,https://arxiv.org/abs/2404.08351,GitHub,https://github.com/gastruc/omnisat,Paper-derived code-backed models
paper_model_pyramid-hierarchical-transformer-for-hyperspectral-image-classification,2024,Pyramid Hierarchical Transformer for Hyperspectral Image Classification,Muhammad Ahmad; Muhammad Hassaan Farooq Butt; Manuel Mazzara; Salvatore Distifano,arXiv,paper_models,paper_code,10.48550/arXiv.2404.14945,2404.14945,https://arxiv.org/abs/2404.14945,https://arxiv.org/pdf/2404.14945,,paper-extraction,paper:paper_2404_14945,candidate_model,Paper-derived model candidate with required public code link. Extracted from papers.csv row paper_2404_14945; review model naming/scope before citing.,Pyramid Hierarchical Transformer for Hyperspectral Image Classification,Paper,https://arxiv.org/abs/2404.14945,GitHub,https://github.com/mahmad00/pyformer,Paper-derived code-backed models
paper_model_get-your-embedding-space-in-order,2024,Get Your Embedding Space in Order: Domain-Adaptive Regression for Forest Monitoring,Sizhuo Li; Dimitri Gominski; Martin Brandt; Xiaoye Tong; Philippe Ciais,arXiv,paper_models,paper_code,10.48550/arXiv.2405.00514,2405.00514,https://arxiv.org/abs/2405.00514,https://arxiv.org/pdf/2405.00514,,paper-extraction,paper:paper_2405_00514,candidate_model,Paper-derived model candidate with required public code link. Extracted from papers.csv row paper_2405_00514; review model naming/scope before citing.,Get Your Embedding Space in Order,Paper,https://arxiv.org/abs/2405.00514,GitHub,https://github.com/sizhuoli/Domain_adaptive_regression_GOL,Paper-derived code-backed models
paper_model_specdetr,2024,SpecDETR: A transformer-based hyperspectral point object detection network,Zhaoxu Li; Wei An; Gaowei Guo; Longguang Wang; Yingqian Wang; Zaiping Lin,arXiv,object_detection,paper_code,10.48550/arXiv.2405.10148,2405.10148,https://arxiv.org/abs/2405.10148,https://arxiv.org/pdf/2405.10148,,paper-extraction,paper:paper_2405_10148,candidate_model,Paper-derived model candidate with required public code link. Extracted from papers.csv row paper_2405_10148; review model naming/scope before citing.,SpecDETR,Paper,https://arxiv.org/abs/2405.10148,GitHub,https://github.com/zhaoxuli123/specdetr,Paper-derived code-backed models
paper_model_priorclip,2024,PriorCLIP: Visual Prior Guided Vision-Language Model for Remote Sensing Image-Text Retrieval,Jiancheng Pan; Muyuan Ma; Qing Ma; Cong Bai; Shengyong Chen,arXiv,paper_models,paper_code,10.48550/arXiv.2405.10160,2405.10160,https://arxiv.org/abs/2405.10160,https://arxiv.org/pdf/2405.10160,,paper-extraction,paper:paper_2405_10160,candidate_model,Paper-derived model candidate with required public code link. Extracted from papers.csv row paper_2405_10160; review model naming/scope before citing.,PriorCLIP,Paper,https://arxiv.org/abs/2405.10160,GitHub,https://github.com/jaychempan/pir-clip,Paper-derived code-backed models
paper_model_composed-image-retrieval-for-remote-sensing,2024,Composed Image Retrieval for Remote Sensing,Bill Psomas; Ioannis Kakogeorgiou; Nikos Efthymiadis; Giorgos Tolias; Ondrej Chum; Yannis Avrithis; Konstantinos Karantzalos,arXiv,paper_models,paper_code,10.48550/arXiv.2405.15587,2405.15587,https://arxiv.org/abs/2405.15587,https://arxiv.org/pdf/2405.15587,,paper-extraction,paper:paper_2405_15587,candidate_model,Paper-derived model candidate with required public code link. Extracted from papers.csv row paper_2405_15587; review model naming/scope before citing.,Composed Image Retrieval for Remote Sensing,Paper,https://arxiv.org/abs/2405.15587,GitHub,https://github.com/billpsomas/rscir,Paper-derived code-backed models
paper_model_fusu,2024,FUSU: A Multi-temporal-source Land Use Change Segmentation Dataset for Fine-grained Urban Semantic Understanding,Shuai Yuan; Guancong Lin; Lixian Zhang; Runmin Dong; Jinxiao Zhang; Shuang Chen; Juepeng Zheng; Jie Wang; Haohuan Fu,arXiv,segmentation,paper_code,10.48550/arXiv.2405.19055,2405.19055,https://arxiv.org/abs/2405.19055,https://arxiv.org/pdf/2405.19055,,paper-extraction,paper:paper_2405_19055,candidate_model,Paper-derived model candidate with required public code link. Extracted from papers.csv row paper_2405_19055; review model naming/scope before citing.,FUSU,Paper,https://arxiv.org/abs/2405.19055,GitHub,https://github.com/yuanshuai0914/fusu,Paper-derived code-backed models
paper_model_fmars,2024,FMARS: Annotating Remote Sensing Images for Disaster Management using Foundation Models,Edoardo Arnaudo; Jacopo Lungo Vaschetti; Lorenzo Innocenti; Luca Barco; Davide Lisi; Vanina Fissore; Claudio Rossi,arXiv,foundation_models,paper_code,10.48550/arXiv.2405.20109,2405.20109,https://arxiv.org/abs/2405.20109,https://arxiv.org/pdf/2405.20109,,paper-extraction,paper:paper_2405_20109,candidate_model,Paper-derived model candidate with required public code link. Extracted from papers.csv row paper_2405_20109; review model naming/scope before citing.,FMARS,Paper,https://arxiv.org/abs/2405.20109,GitHub,https://github.com/links-ads/igarss-fmars,Paper-derived code-backed models
paper_model_m3leo,2024,"M3LEO: A Multi-Modal, Multi-Label Earth Observation Dataset Integrating Interferometric SAR and Multispectral Data",Matthew J Allen; Francisco Dorr; Joseph Alejandro Gallego Mejia; Laura Martínez-Ferrer; Anna Jungbluth; Freddie Kalaitzis; Raúl Ramos-Pollán,arXiv,paper_models,paper_code,10.48550/arXiv.2406.04230,2406.04230,https://arxiv.org/abs/2406.04230,https://arxiv.org/pdf/2406.04230,,paper-extraction,paper:paper_2406_04230,candidate_model,Paper-derived model candidate with required public code link. Extracted from papers.csv row paper_2406_04230; review model naming/scope before citing.,M3LEO,Paper,https://arxiv.org/abs/2406.04230,GitHub,https://github.com/spaceml-org/m3leo,Paper-derived code-backed models
paper_model_a-denoising-fpn-with-transformer-r-cnn-for-tiny-object-detection,2024,A DeNoising FPN With Transformer R-CNN for Tiny Object Detection,Hou-I Liu; Yu-Wen Tseng; Kai-Cheng Chang; Pin-Jyun Wang; Hong-Han Shuai; Wen-Huang Cheng,arXiv,object_detection,paper_code,10.48550/arXiv.2406.05755,2406.05755,https://arxiv.org/abs/2406.05755,https://arxiv.org/pdf/2406.05755,,paper-extraction,paper:paper_2406_05755,candidate_model,Paper-derived model candidate with required public code link. Extracted from papers.csv row paper_2406_05755; review model naming/scope before citing.,A DeNoising FPN With Transformer R-CNN for Tiny Object Detection,Paper,https://arxiv.org/abs/2406.05755,GitHub,https://github.com/hoiliu-0801/dntr,Paper-derived code-backed models
paper_model_comparing-deep-learning-models-for-rice-mapping-in-bhutan-using-high-resolution,2024,Comparing Deep Learning Models for Rice Mapping in Bhutan Using High Resolution Satellite Imagery,Biplov Bhandari; Timothy Mayer,arXiv,paper_models,paper_code,10.48550/arXiv.2406.07482,2406.07482,https://arxiv.org/abs/2406.07482,https://arxiv.org/pdf/2406.07482,,paper-extraction,paper:paper_2406_07482,candidate_model,Paper-derived model candidate with required public code link. Extracted from papers.csv row paper_2406_07482; review model naming/scope before citing.,Comparing Deep Learning Models for Rice Mapping in Bhutan Using High Resolution Satellite Imagery,Paper,https://arxiv.org/abs/2406.07482,GitHub,https://github.com/biplovbhandari/aces,Paper-derived code-backed models
paper_model_skysensegpt,2024,SkySenseGPT: A Fine-Grained Instruction Tuning Dataset and Model for Remote Sensing Vision-Language Understanding,Junwei Luo; Zhen Pang; Yongjun Zhang; Tingzhu Wang; Linlin Wang; Bo Dang; Jiangwei Lao; Jian Wang; Jingdong Chen; Yihua Tan; Yansheng Li,arXiv,paper_models,paper_code,10.48550/arXiv.2406.10100,2406.10100,https://arxiv.org/abs/2406.10100,https://arxiv.org/pdf/2406.10100,,paper-extraction,paper:paper_2406_10100,candidate_model,Paper-derived model candidate with required public code link. Extracted from papers.csv row paper_2406_10100; review model naming/scope before citing.,SkySenseGPT,Paper,https://arxiv.org/abs/2406.10100,GitHub,https://github.com/luo-z13/skysensegpt,Paper-derived code-backed models
paper_model_beyond-the-visible,2024,Beyond the Visible: Jointly Attending to Spectral and Spatial Dimensions with HSI-Diffusion for the FINCH Spacecraft,Ian Vyse; Rishit Dagli; Dav Vrat Chadha; John P. Ma; Hector Chen; Isha Ruparelia; Prithvi Seran; Matthew Xie; Eesa Aamer; Aidan Armstrong; Naveen Black; Ben Borstein; Kevin Caldwell; Orrin Dahanaggamaarachchi; Joe Dai; Abeer Fatima; Stephanie Lu; Maxime Michet; Anoushka Paul; Carrie Ann Po; Shivesh Prakash; Noa Prosser; Riddhiman Roy; Mirai Shinjo; Iliya Shofman; Coby Silayan; Reid Sox-Harris; Shuhan Zheng; Khang Nguyen,arXiv,paper_models,paper_code,10.48550/arXiv.2406.10724,2406.10724,https://arxiv.org/abs/2406.10724,https://arxiv.org/pdf/2406.10724,,paper-extraction,paper:paper_2406_10724,candidate_model,Paper-derived model candidate with required public code link. Extracted from papers.csv row paper_2406_10724; review model naming/scope before citing.,Beyond the Visible,Paper,https://arxiv.org/abs/2406.10724,GitHub,https://github.com/utat-ss/FINCH-destriping,Paper-derived code-backed models
paper_model_explora,2024,ExPLoRA: Parameter-Efficient Extended Pre-Training to Adapt Vision Transformers under Domain Shifts,Samar Khanna; Medhanie Irgau; David B. Lobell; Stefano Ermon,arXiv,foundation_models,paper_code,10.48550/arXiv.2406.10973,2406.10973,https://arxiv.org/abs/2406.10973,https://arxiv.org/pdf/2406.10973,,paper-extraction,paper:paper_2406_10973,candidate_model,Paper-derived model candidate with required public code link. Extracted from papers.csv row paper_2406_10973; review model naming/scope before citing.,ExPLoRA,Paper,https://arxiv.org/abs/2406.10973,GitHub,https://github.com/samar-khanna/ExPLoRA,Paper-derived code-backed models
paper_model_hypersigma,2024,HyperSIGMA: Hyperspectral Intelligence Comprehension Foundation Model,Di Wang; Meiqi Hu; Yao Jin; Yuchun Miao; Jiaqi Yang; Yichu Xu; Xiaolei Qin; Jiaqi Ma; Lingyu Sun; Chenxing Li; Chuan Fu; Hongruixuan Chen; Chengxi Han; Naoto Yokoya; Jing Zhang; Minqiang Xu; Lin Liu; Lefei Zhang; Chen Wu; Bo Du; Dacheng Tao; Liangpei Zhang,arXiv,foundation_models,paper_code,10.48550/arXiv.2406.11519,2406.11519,https://arxiv.org/abs/2406.11519,https://arxiv.org/pdf/2406.11519,,paper-extraction,paper:paper_2406_11519,candidate_model,Paper-derived model candidate with required public code link. Extracted from papers.csv row paper_2406_11519; review model naming/scope before citing.,HyperSIGMA,Paper,https://arxiv.org/abs/2406.11519,GitHub,https://github.com/whu-sigma/hypersigma,Paper-derived code-backed models
paper_model_rs-gpt4v,2024,RS-GPT4V: A Unified Multimodal Instruction-Following Dataset for Remote Sensing Image Understanding,Linrui Xu; Ling Zhao; Wang Guo; Qiujun Li; Kewang Long; Kaiqi Zou; Yuhan Wang; Haifeng Li,arXiv,foundation_models,paper_code,10.48550/arXiv.2406.12479,2406.12479,https://arxiv.org/abs/2406.12479,https://arxiv.org/pdf/2406.12479,,paper-extraction,paper:paper_2406_12479,candidate_model,Paper-derived model candidate with required public code link. Extracted from papers.csv row paper_2406_12479; review model naming/scope before citing.,RS-GPT4V,Paper,https://arxiv.org/abs/2406.12479,GitHub,https://github.com/geox-lab/rs-gpt4v,Paper-derived code-backed models
paper_model_towards-a-multimodal-framework-for-remote-sensing-image-change-retrieval-and-cap,2024,Towards a multimodal framework for remote sensing image change retrieval and captioning,Roger Ferrod; Luigi Di Caro; Dino Ienco,arXiv,foundation_models,paper_code,10.48550/arXiv.2406.13424,2406.13424,https://arxiv.org/abs/2406.13424,https://arxiv.org/pdf/2406.13424,,paper-extraction,paper:paper_2406_13424,candidate_model,Paper-derived model candidate with required public code link. Extracted from papers.csv row paper_2406_13424; review model naming/scope before citing.,Towards a multimodal framework for remote sensing image change retrieval and captioning,Paper,https://arxiv.org/abs/2406.13424,GitHub,https://github.com/rogerferrod/RSICRC,Paper-derived code-backed models
paper_model_visual-haystacks,2024,Visual Haystacks: A Vision-Centric Needle-In-A-Haystack Benchmark,Tsung-Han Wu; Giscard Biamby; Jerome Quenum; Ritwik Gupta; Joseph E. Gonzalez; Trevor Darrell; David M. Chan,arXiv,paper_models,paper_code,10.48550/arXiv.2407.13766,2407.13766,https://arxiv.org/abs/2407.13766,https://arxiv.org/pdf/2407.13766,,paper-extraction,paper:paper_2407_13766,candidate_model,Paper-derived model candidate with required public code link. Extracted from papers.csv row paper_2407_13766; review model naming/scope before citing.,Visual Haystacks,Paper,https://arxiv.org/abs/2407.13766,GitHub,https://github.com/visual-haystacks/vhs_benchmark,Paper-derived code-backed models
paper_model_hytas,2024,HyTAS: A Hyperspectral Image Transformer Architecture Search Benchmark and Analysis,Fangqin Zhou; Mert Kilickaya; Joaquin Vanschoren; Ran Piao,arXiv,paper_models,paper_code,10.48550/arXiv.2407.16269,2407.16269,https://arxiv.org/abs/2407.16269,https://arxiv.org/pdf/2407.16269,,paper-extraction,paper:paper_2407_16269,candidate_model,Paper-derived model candidate with required public code link. Extracted from papers.csv row paper_2407_16269; review model naming/scope before citing.,HyTAS,Paper,https://arxiv.org/abs/2407.16269,GitHub,https://github.com/zhoufangqin/hytas,Paper-derived code-backed models
paper_model_spatial-and-spatial-spectral-morphological-mamba-for-hyperspectral-image-classif,2024,Spatial and Spatial-Spectral Morphological Mamba for Hyperspectral Image Classification,Muhammad Ahmad; Muhammad Hassaan Farooq Butt; Adil Mehmood Khan; Manuel Mazzara; Salvatore Distefano; Muhammad Usama; Swalpa Kumar Roy; Jocelyn Chanussot; Danfeng Hong,arXiv,paper_models,paper_code,10.48550/arXiv.2408.01372,2408.01372,https://arxiv.org/abs/2408.01372,https://arxiv.org/pdf/2408.01372,,paper-extraction,paper:paper_2408_01372,candidate_model,Paper-derived model candidate with required public code link. Extracted from papers.csv row paper_2408_01372; review model naming/scope before citing.,Spatial and Spatial-Spectral Morphological Mamba for Hyperspectral Image Classification,Paper,https://arxiv.org/abs/2408.01372,GitHub,https://github.com/mahmad00/MorpMamba,Paper-derived code-backed models
paper_model_depth-any-canopy,2024,Depth Any Canopy: Leveraging Depth Foundation Models for Canopy Height Estimation,Daniele Rege Cambrin; Isaac Corley; Paolo Garza,arXiv,foundation_models,paper_code,10.48550/arXiv.2408.04523,2408.04523,https://arxiv.org/abs/2408.04523,https://arxiv.org/pdf/2408.04523,,paper-extraction,paper:paper_2408_04523,candidate_model,Paper-derived model candidate with required public code link. Extracted from papers.csv row paper_2408_04523; review model naming/scope before citing.,Depth Any Canopy,Paper,https://arxiv.org/abs/2408.04523,GitHub,https://github.com/DarthReca/depth-any-canopy,Paper-derived code-backed models
paper_model_rsteller,2024,RSTeller: Scaling Up Visual Language Modeling in Remote Sensing with Rich Linguistic Semantics from Openly Available Data and Large Language Models,Junyao Ge; Xu Zhang; Yang Zheng; Kaitai Guo; Jimin Liang,arXiv,paper_models,paper_code,10.48550/arXiv.2408.14744,2408.14744,https://arxiv.org/abs/2408.14744,https://arxiv.org/pdf/2408.14744,,paper-extraction,paper:paper_2408_14744,candidate_model,Paper-derived model candidate with required public code link. Extracted from papers.csv row paper_2408_14744; review model naming/scope before citing.,RSTeller,Paper,https://arxiv.org/abs/2408.14744,GitHub,https://github.com/SlytherinGe/RSTeller,Paper-derived code-backed models
paper_model_improving-satellite-imagery-segmentation-using-multiple-sentinel-2-revisits,2024,Improving satellite imagery segmentation using multiple Sentinel-2 revisits,Kartik Jindgar; Grace W. Lindsay,arXiv,segmentation,paper_code,10.48550/arXiv.2409.17363,2409.17363,https://arxiv.org/abs/2409.17363,https://arxiv.org/pdf/2409.17363,,paper-extraction,paper:paper_2409_17363,candidate_model,Paper-derived model candidate with required public code link. Extracted from papers.csv row paper_2409_17363; review model naming/scope before citing.,Improving satellite imagery segmentation using multiple Sentinel-2 revisits,Paper,https://arxiv.org/abs/2409.17363,GitHub,https://github.com/Lindsay-Lab/substation-seg,Paper-derived code-backed models
paper_model_sinksam-net,2024,SinkSAM-Net: Knowledge-Driven Self-Supervised Sinkhole Segmentation Using Topographic Priors and Segment Anything Model,Osher Rafaeli; Tal Svoray; Ariel Nahlieli,arXiv,segmentation,paper_code,10.48550/arXiv.2410.01473,2410.01473,https://arxiv.org/abs/2410.01473,https://arxiv.org/pdf/2410.01473,,paper-extraction,paper:paper_2410_01473,candidate_model,Paper-derived model candidate with required public code link. Extracted from papers.csv row paper_2410_01473; review model naming/scope before citing.,SinkSAM-Net,Paper,https://arxiv.org/abs/2410.01473,GitHub,https://github.com/osherr1996/sinksam,Paper-derived code-backed models
paper_model_explainable-earth-surface-forecasting-under-extreme-events,2024,Explainable Earth Surface Forecasting under Extreme Events,Oscar J. Pellicer-Valero; Miguel-Ángel Fernández-Torres; Chaonan Ji; Miguel D. Mahecha; Gustau Camps-Valls,arXiv,paper_models,paper_code,10.48550/arXiv.2410.01770,2410.01770,https://arxiv.org/abs/2410.01770,https://arxiv.org/pdf/2410.01770,,paper-extraction,paper:paper_2410_01770,candidate_model,Paper-derived model candidate with required public code link. Extracted from papers.csv row paper_2410_01770; review model naming/scope before citing.,Explainable Earth Surface Forecasting under Extreme Events,Paper,https://arxiv.org/abs/2410.01770,GitHub,https://github.com/deepextremes/txyxai,Paper-derived code-backed models
paper_model_teochat,2024,TEOChat: A Large Vision-Language Assistant for Temporal Earth Observation Data,Jeremy Andrew Irvin; Emily Ruoyu Liu; Joyce Chuyi Chen; Ines Dormoy; Jinyoung Kim; Samar Khanna; Zhuo Zheng; Stefano Ermon,arXiv,object_detection,paper_code,10.48550/arXiv.2410.06234,2410.06234,https://arxiv.org/abs/2410.06234,https://arxiv.org/pdf/2410.06234,,paper-extraction,paper:paper_2410_06234,candidate_model,Paper-derived model candidate with required public code link. Extracted from papers.csv row paper_2410_06234; review model naming/scope before citing.,TEOChat,Paper,https://arxiv.org/abs/2410.06234,GitHub,https://github.com/ermongroup/teochat,Paper-derived code-backed models
paper_model_a-unified-framework-with-multimodal-fine-tuning-for-remote-sensing-semantic-segm,2024,A Unified Framework with Multimodal Fine-tuning for Remote Sensing Semantic Segmentation,Xianping Ma; Xiaokang Zhang; Man-On Pun; Bo Huang,arXiv,foundation_models,paper_code,10.48550/arXiv.2410.11160,2410.11160,https://arxiv.org/abs/2410.11160,https://arxiv.org/pdf/2410.11160,,paper-extraction,paper:paper_2410_11160,candidate_model,Paper-derived model candidate with required public code link. Extracted from papers.csv row paper_2410_11160; review model naming/scope before citing.,A Unified Framework with Multimodal Fine-tuning for Remote Sensing Semantic Segmentation,Paper,https://arxiv.org/abs/2410.11160,GitHub,https://github.com/sstary/SSRS,Paper-derived code-backed models
paper_model_camel-bench,2024,CAMEL-Bench: A Comprehensive Arabic LMM Benchmark,Sara Ghaboura; Ahmed Heakl; Omkar Thawakar; Ali Alharthi; Ines Riahi; Abduljalil Saif; Jorma Laaksonen; Fahad S. Khan; Salman Khan; Rao M. Anwer,arXiv,paper_models,paper_code,10.48550/arXiv.2410.18976,2410.18976,https://arxiv.org/abs/2410.18976,https://arxiv.org/pdf/2410.18976,,paper-extraction,paper:paper_2410_18976,candidate_model,Paper-derived model candidate with required public code link. Extracted from papers.csv row paper_2410_18976; review model naming/scope before citing.,CAMEL-Bench,Paper,https://arxiv.org/abs/2410.18976,GitHub,https://github.com/mbzuai-oryx/CAMEL-Bench,Paper-derived code-backed models
paper_model_remote,2024,Multilingual Vision-Language Pre-training for the Remote Sensing Domain,João Daniel Silva; Joao Magalhaes; Devis Tuia; Bruno Martins,arXiv,paper_models,paper_code,10.48550/arXiv.2410.23370,2410.23370,https://arxiv.org/abs/2410.23370,https://arxiv.org/pdf/2410.23370,,paper-extraction,paper:paper_2410_23370,candidate_model,Paper-derived model candidate with required public code link. Extracted from papers.csv row paper_2410_23370; review model naming/scope before citing.,Remote,Paper,https://arxiv.org/abs/2410.23370,GitHub,https://github.com/DannielSilva/RS-M-CLIP,Paper-derived code-backed models
paper_model_identifying-spatio-temporal-drivers-of-extreme-events,2024,Identifying Spatio-Temporal Drivers of Extreme Events,Mohamad Hakam Shams Eddin; Juergen Gall,arXiv,paper_models,paper_code,10.48550/arXiv.2410.24075,2410.24075,https://arxiv.org/abs/2410.24075,https://arxiv.org/pdf/2410.24075,,paper-extraction,paper:paper_2410_24075,candidate_model,Paper-derived model candidate with required public code link. Extracted from papers.csv row paper_2410_24075; review model naming/scope before citing.,Identifying Spatio-Temporal Drivers of Extreme Events,Paper,https://arxiv.org/abs/2410.24075,GitHub,https://github.com/HakamShams/IDEE,Paper-derived code-backed models
paper_model_mapping-global-floods-with-10-years-of-satellite-radar-data,2024,Mapping Global Floods with 10 Years of Satellite Radar Data,Amit Misra; Kevin White; Simone Fobi Nsutezo; William Straka; Juan Lavista,arXiv,object_detection,paper_code,10.48550/arXiv.2411.01411,2411.01411,https://arxiv.org/abs/2411.01411,https://arxiv.org/pdf/2411.01411,,paper-extraction,paper:paper_2411_01411,candidate_model,Paper-derived model candidate with required public code link. Extracted from papers.csv row paper_2411_01411; review model naming/scope before citing.,Mapping Global Floods with 10 Years of Satellite Radar Data,Paper,https://arxiv.org/abs/2411.01411,GitHub,https://github.com/microsoft/ai4g-flood,Paper-derived code-backed models
paper_model_mapsam,2024,MapSAM: Adapting Segment Anything Model for Automated Feature Detection in Historical Maps,Xue Xia; Daiwei Zhang; Wenxuan Song; Wei Huang; Lorenz Hurni,arXiv,foundation_models,paper_code,10.48550/arXiv.2411.06971,2411.06971,https://arxiv.org/abs/2411.06971,https://arxiv.org/pdf/2411.06971,,paper-extraction,paper:paper_2411_06971,candidate_model,Paper-derived model candidate with required public code link. Extracted from papers.csv row paper_2411_06971; review model naming/scope before citing.,MapSAM,Paper,https://arxiv.org/abs/2411.06971,GitHub,https://github.com/xue-xia/mapsam,Paper-derived code-backed models
paper_model_imagerag,2024,ImageRAG: Enhancing Ultra High Resolution Remote Sensing Imagery Analysis with ImageRAG,Zilun Zhang; Haozhan Shen; Tiancheng Zhao; Zian Guan; Bin Chen; Yuhao Wang; Xu Jia; Yuxiang Cai; Yongheng Shang; Jianwei Yin,arXiv,paper_models,paper_code,10.48550/arXiv.2411.07688,2411.07688,https://arxiv.org/abs/2411.07688,https://arxiv.org/pdf/2411.07688,,paper-extraction,paper:paper_2411_07688,candidate_model,Paper-derived model candidate with required public code link. Extracted from papers.csv row paper_2411_07688; review model naming/scope before citing.,ImageRAG,Paper,https://arxiv.org/abs/2411.07688,GitHub,https://github.com/om-ai-lab/imagerag,Paper-derived code-backed models
paper_model_geoground,2024,GeoGround: A Unified Large Vision-Language Model for Remote Sensing Visual Grounding,Yue Zhou; Mengcheng Lan; Xiang Li; Litong Feng; Yiping Ke; Xue Jiang; Qingyun Li; Xue Yang; Wayne Zhang,arXiv,segmentation,paper_code,10.48550/arXiv.2411.11904,2411.11904,https://arxiv.org/abs/2411.11904,https://arxiv.org/pdf/2411.11904,,paper-extraction,paper:paper_2411_11904,candidate_model,Paper-derived model candidate with required public code link. Extracted from papers.csv row paper_2411_11904; review model naming/scope before citing.,GeoGround,Paper,https://arxiv.org/abs/2411.11904,GitHub,https://github.com/zytx121/geoground,Paper-derived code-backed models
paper_model_adapting-vision-foundation-models-for-robust-cloud-segmentation-in-remote-sensin,2024,Adapting Vision Foundation Models for Robust Cloud Segmentation in Remote Sensing Images,Xuechao Zou; Shun Zhang; Kai Li; Shiying Wang; Junliang Xing; Lei Jin; Congyan Lang; Pin Tao,arXiv,foundation_models,paper_code,10.48550/arXiv.2411.13127,2411.13127,https://arxiv.org/abs/2411.13127,https://arxiv.org/pdf/2411.13127,,paper-extraction,paper:paper_2411_13127,candidate_model,Paper-derived model candidate with required public code link. Extracted from papers.csv row paper_2411_13127; review model naming/scope before citing.,Adapting Vision Foundation Models for Robust Cloud Segmentation in Remote Sensing Images,Paper,https://arxiv.org/abs/2411.13127,GitHub,https://github.com/xavierjiezou/cloud-adapter,Paper-derived code-backed models
paper_model_aerogen,2024,AeroGen: Enhancing Remote Sensing Object Detection with Diffusion-Driven Data Generation,Datao Tang; Xiangyong Cao; Xuan Wu; Jialin Li; Jing Yao; Xueru Bai; Dongsheng Jiang; Yin Li; Deyu Meng,arXiv,object_detection,paper_code,10.48550/arXiv.2411.15497,2411.15497,https://arxiv.org/abs/2411.15497,https://arxiv.org/pdf/2411.15497,,paper-extraction,paper:paper_2411_15497,candidate_model,Paper-derived model candidate with required public code link. Extracted from papers.csv row paper_2411_15497; review model naming/scope before citing.,AeroGen,Paper,https://arxiv.org/abs/2411.15497,GitHub,https://github.com/sonettoo/aerogen,Paper-derived code-backed models
paper_model_prithvi-eo-2-0,2024,Prithvi-EO-2.0: A Versatile Multi-Temporal Foundation Model for Earth Observation Applications,Daniela Szwarcman; Sujit Roy; Paolo Fraccaro; Þorsteinn Elí Gíslason; Benedikt Blumenstiel; Rinki Ghosal; Pedro Henrique de Oliveira; Joao Lucas de Sousa Almeida; Rocco Sedona; Yanghui Kang; Srija Chakraborty; Sizhe Wang; Carlos Gomes; Ankur Kumar; Myscon Truong; Denys Godwin; Hyunho Lee; Chia-Yu Hsu; Rohit Lal; Ata Akbari Asanjan; Besart Mujeci; Disha Shidham; Trevor Keenan; Paulo Arevalo; Wenwen Li; Hamed Alemohammad; Pontus Olofsson; Christopher Hain; Robert Kennedy; Bianca Zadrozny; David Bell; Gabriele Cavallaro; Campbell Watson; Manil Maskey; Rahul Ramachandran; Juan Bernabe Moreno,arXiv,foundation_models,paper_code,10.48550/arXiv.2412.02732,2412.02732,https://arxiv.org/abs/2412.02732,https://arxiv.org/pdf/2412.02732,,paper-extraction,paper:paper_2412_02732,candidate_model,Paper-derived model candidate with required public code link. Extracted from papers.csv row paper_2412_02732; review model naming/scope before citing.,Prithvi-EO-2.0,Paper,https://arxiv.org/abs/2412.02732,GitHub,https://github.com/NASA-IMPACT/Prithvi-EO-2.0,Paper-derived code-backed models
paper_model_deep-learning-for-sea-surface-temperature-reconstruction-under-cloud-occlusion,2024,Deep Learning for Sea Surface Temperature Reconstruction under Cloud Occlusion,Andrea Asperti; Ali Aydogdu; Angelo Greco; Fabio Merizzi; Pietro Miraglio; Beniamino Tartufoli; Alessandro Testa; Nadia Pinardi; Paolo Oddo,arXiv,paper_models,paper_code,10.48550/arXiv.2412.03413,2412.03413,https://arxiv.org/abs/2412.03413,https://arxiv.org/pdf/2412.03413,,paper-extraction,paper:paper_2412_03413,candidate_model,Paper-derived model candidate with required public code link. Extracted from papers.csv row paper_2412_03413; review model naming/scope before citing.,Deep Learning for Sea Surface Temperature Reconstruction under Cloud Occlusion,Paper,https://arxiv.org/abs/2412.03413,GitHub,https://github.com/asperti/SST_reconstruction,Paper-derived code-backed models
paper_model_generalized-recorrupted-to-recorrupted,2024,Generalized Recorrupted-to-Recorrupted: Self-Supervised Learning Beyond Gaussian Noise,Brayan Monroy; Jorge Bacca; Julián Tachella,arXiv,paper_models,paper_code,10.48550/arXiv.2412.04648,2412.04648,https://arxiv.org/abs/2412.04648,https://arxiv.org/pdf/2412.04648,,paper-extraction,paper:paper_2412_04648,candidate_model,Paper-derived model candidate with required public code link. Extracted from papers.csv row paper_2412_04648; review model naming/scope before citing.,Generalized Recorrupted-to-Recorrupted,Paper,https://arxiv.org/abs/2412.04648,GitHub,https://github.com/bemc22/GeneralizedR2R,Paper-derived code-backed models
paper_model_anysat,2024,"AnySat: One Earth Observation Model for Many Resolutions, Scales, and Modalities",Guillaume Astruc; Nicolas Gonthier; Clement Mallet; Loic Landrieu,arXiv,segmentation,paper_code,10.48550/arXiv.2412.14123,2412.14123,https://arxiv.org/abs/2412.14123,https://arxiv.org/pdf/2412.14123,,paper-extraction,paper:paper_2412_14123,candidate_model,Paper-derived model candidate with required public code link. Extracted from papers.csv row paper_2412_14123; review model naming/scope before citing.,AnySat,Paper,https://arxiv.org/abs/2412.14123,GitHub,https://github.com/gastruc/anysat,Paper-derived code-backed models
paper_model_spatial-temporal-knowledge-distillation-for-takeaway-recommendation,2024,Spatial-Temporal Knowledge Distillation for Takeaway Recommendation,Shuyuan Zhao; Wei Chen; Boyan Shi; Liyong Zhou; Shuohao Lin; Huaiyu Wan,arXiv,paper_models,paper_code,10.48550/arXiv.2412.16502,2412.16502,https://arxiv.org/abs/2412.16502,https://arxiv.org/pdf/2412.16502,2,paper-extraction,paper:paper_2412_16502,candidate_model,Paper-derived model candidate with required public code link. Extracted from papers.csv row paper_2412_16502; review model naming/scope before citing.,Spatial-Temporal Knowledge Distillation for Takeaway Recommendation,Paper,https://arxiv.org/abs/2412.16502,GitHub,https://github.com/zhaoshuyuan0246/stkdrec,Paper-derived code-backed models
paper_model_text2earth,2025,Text2Earth: Unlocking Text-driven Remote Sensing Image Generation with a Global-Scale Dataset and a Foundation Model,Chenyang Liu; Keyan Chen; Rui Zhao; Zhengxia Zou; Zhenwei Shi,arXiv,foundation_models,paper_code,10.48550/arXiv.2501.00895,2501.00895,https://arxiv.org/abs/2501.00895,https://arxiv.org/pdf/2501.00895,,paper-extraction,paper:paper_2501_00895,candidate_model,Paper-derived model candidate with required public code link. Extracted from papers.csv row paper_2501_00895; review model naming/scope before citing.,Text2Earth,Paper,https://arxiv.org/abs/2501.00895,GitHub,https://github.com/chen-yang-liu/Text2Earth,Paper-derived code-backed models
paper_model_missing-data-as-augmentation-in-the-earth-observation-domain,2025,Missing Data as Augmentation in the Earth Observation Domain: A Multi-View Learning Approach,Francisco Mena; Diego Arenas; Andreas Dengel,arXiv,paper_models,paper_code,10.48550/arXiv.2501.01132,2501.01132,https://arxiv.org/abs/2501.01132,https://arxiv.org/pdf/2501.01132,,paper-extraction,paper:paper_2501_01132,candidate_model,Paper-derived model candidate with required public code link. Extracted from papers.csv row paper_2501_01132; review model naming/scope before citing.,Missing Data as Augmentation in the Earth Observation Domain,Paper,https://arxiv.org/abs/2501.01132,GitHub,https://github.com/fmenat/CoM-views,Paper-derived code-backed models
paper_model_lmmrotate,2025,A Simple Aerial Detection Baseline of Multimodal Language Models,Qingyun Li; Yushi Chen; Xinya Shu; Dong Chen; Xin He; Yi Yu; Xue Yang,arXiv,foundation_models,paper_code,10.48550/arXiv.2501.09720,2501.09720,https://arxiv.org/abs/2501.09720,https://arxiv.org/pdf/2501.09720,,paper-extraction,paper:paper_2501_09720,candidate_model,Paper-derived model candidate with required public code link. Extracted from papers.csv row paper_2501_09720; review model naming/scope before citing.,LMMRotate,Paper,https://arxiv.org/abs/2501.09720,GitHub,https://github.com/li-qingyun/mllm-mmrotate,Paper-derived code-backed models
paper_model_a-remote-sensing-image-change-detection-method-integrating-layer-exchange-and-ch,2025,A Remote Sensing Image Change Detection Method Integrating Layer Exchange and Channel-Spatial Differences,Sijun Dong; Fangcheng Zuo; Geng Chen; Siming Fu; Xiaoliang Meng,arXiv,segmentation,paper_code,10.48550/arXiv.2501.10905,2501.10905,https://arxiv.org/abs/2501.10905,https://arxiv.org/pdf/2501.10905,,paper-extraction,paper:paper_2501_10905,candidate_model,Paper-derived model candidate with required public code link. Extracted from papers.csv row paper_2501_10905; review model naming/scope before citing.,A Remote Sensing Image Change Detection Method Integrating Layer Exchange and Channel-Spatial Differences,Paper,https://arxiv.org/abs/2501.10905,GitHub,https://github.com/dyzy41/lenet,Paper-derived code-backed models
paper_model_mifnet,2025,MIFNet: Learning Modality-Invariant Features for Generalizable Multimodal Image Matching,Yepeng Liu; Zhichao Sun; Baosheng Yu; Yitian Zhao; Bo Du; Yongchao Xu; Jun Cheng,arXiv,object_detection,paper_code,10.48550/arXiv.2501.11299,2501.11299,https://arxiv.org/abs/2501.11299,https://arxiv.org/pdf/2501.11299,,paper-extraction,paper:paper_2501_11299,candidate_model,Paper-derived model candidate with required public code link. Extracted from papers.csv row paper_2501_11299; review model naming/scope before citing.,MIFNet,Paper,https://arxiv.org/abs/2501.11299,GitHub,https://github.com/lyp-deeplearning/MIFNet,Paper-derived code-backed models
paper_model_geopixel,2025,GeoPixel: Pixel Grounding Large Multimodal Model in Remote Sensing,Akashah Shabbir; Mohammed Zumri; Mohammed Bennamoun; Fahad S. Khan; Salman Khan,arXiv,segmentation,paper_code,10.48550/arXiv.2501.13925,2501.13925,https://arxiv.org/abs/2501.13925,https://arxiv.org/pdf/2501.13925,,paper-extraction,paper:paper_2501_13925,candidate_model,Paper-derived model candidate with required public code link. Extracted from papers.csv row paper_2501_13925; review model naming/scope before citing.,GeoPixel,Paper,https://arxiv.org/abs/2501.13925,GitHub,https://github.com/mbzuai-oryx/geopixel,Paper-derived code-backed models
paper_model_ain,2025,AIN: The Arabic INclusive Large Multimodal Model,Ahmed Heakl; Sara Ghaboura; Omkar Thawkar; Fahad Shahbaz Khan; Hisham Cholakkal; Rao Muhammad Anwer; Salman Khan,arXiv,paper_models,paper_code,10.48550/arXiv.2502.00094,2502.00094,https://arxiv.org/abs/2502.00094,https://arxiv.org/pdf/2502.00094,,paper-extraction,paper:paper_2502_00094,candidate_model,Paper-derived model candidate with required public code link. Extracted from papers.csv row paper_2502_00094; review model naming/scope before citing.,AIN,Paper,https://arxiv.org/abs/2502.00094,GitHub,https://github.com/mbzuai-oryx/AIN,Paper-derived code-backed models
paper_model_sat-dn,2025,Sat-DN: Implicit Surface Reconstruction from Multi-View Satellite Images with Depth and Normal Supervision,Tianle Liu; Shuangming Zhao; Wanshou Jiang; Bingxuan Guo,arXiv,paper_models,paper_code,10.48550/arXiv.2502.08352,2502.08352,https://arxiv.org/abs/2502.08352,https://arxiv.org/pdf/2502.08352,,paper-extraction,paper:paper_2502_08352,candidate_model,Paper-derived model candidate with required public code link. Extracted from papers.csv row paper_2502_08352; review model naming/scope before citing.,Sat-DN,Paper,https://arxiv.org/abs/2502.08352,GitHub,https://github.com/costune/SatDN,Paper-derived code-backed models
paper_model_jl1-cd,2025,JL1-CD: A New Benchmark for Remote Sensing Change Detection and a Robust Multi-Teacher Knowledge Distillation Framework,Ziyuan Liu; Ruifei Zhu; Long Gao; Yuanxiu Zhou; Jingyu Ma; Yuantao Gu,arXiv,object_detection,paper_code,10.48550/arXiv.2502.13407,2502.13407,https://arxiv.org/abs/2502.13407,https://arxiv.org/pdf/2502.13407,,paper-extraction,paper:paper_2502_13407,candidate_model,Paper-derived model candidate with required public code link. Extracted from papers.csv row paper_2502_13407; review model naming/scope before citing.,JL1-CD,Paper,https://arxiv.org/abs/2502.13407,GitHub,https://github.com/circlelzy/mtkd-cd,Paper-derived code-backed models
paper_model_aeroreformer,2025,AeroReformer: Aerial Referring Transformer for UAV-based Referring Image Segmentation,Rui Li; Xiaowei Zhao,arXiv,segmentation,paper_code,10.48550/arXiv.2502.16680,2502.16680,https://arxiv.org/abs/2502.16680,https://arxiv.org/pdf/2502.16680,,paper-extraction,paper:paper_2502_16680,candidate_model,Paper-derived model candidate with required public code link. Extracted from papers.csv row paper_2502_16680; review model naming/scope before citing.,AeroReformer,Paper,https://arxiv.org/abs/2502.16680,GitHub,https://github.com/lironui/aeroreformer,Paper-derived code-backed models
paper_model_range,2025,RANGE: Retrieval Augmented Neural Fields for Multi-Resolution Geo-Embeddings,Aayush Dhakal; Srikumar Sastry; Subash Khanal; Adeel Ahmad; Eric Xing; Nathan Jacobs,arXiv,paper_models,paper_code,10.48550/arXiv.2502.19781,2502.19781,https://arxiv.org/abs/2502.19781,https://arxiv.org/pdf/2502.19781,,paper-extraction,paper:paper_2502_19781,candidate_model,Paper-derived model candidate with required public code link. Extracted from papers.csv row paper_2502_19781; review model naming/scope before citing.,RANGE,Paper,https://arxiv.org/abs/2502.19781,GitHub,https://github.com/mvrl/RANGE,Paper-derived code-backed models
paper_model_walnutdata,2025,WalnutData: A UAV Remote Sensing Dataset of Green Walnuts and Model Evaluation,Mingjie Wu; Chenggui Yang; Huihua Wang; Chen Xue; Yibo Wang; Haoyu Wang; Yansong Wang; Can Peng; Yuqi Han; Ruoyu Li; Lijun Yun; Zaiqing Chen; Yuelong Xia,arXiv,paper_models,paper_code,10.48550/arXiv.2502.20092,2502.20092,https://arxiv.org/abs/2502.20092,https://arxiv.org/pdf/2502.20092,,paper-extraction,paper:paper_2502_20092,candidate_model,Paper-derived model candidate with required public code link. Extracted from papers.csv row paper_2502_20092; review model naming/scope before citing.,WalnutData,Paper,https://arxiv.org/abs/2502.20092,GitHub,https://github.com/1wuming/WalnutData,Paper-derived code-backed models
paper_model_quality-driven-curation-of-remote-sensing-vision-language-data-via-learned-scori,2025,Quality-Driven Curation of Remote Sensing Vision-Language Data via Learned Scoring Models,Dilxat Muhtar; Enzhuo Zhang; Zhenshi Li; Feng Gu; Yanglangxing He; Pengfeng Xiao; Xueliang Zhang,arXiv,paper_models,paper_code,10.48550/arXiv.2503.00743,2503.00743,https://arxiv.org/abs/2503.00743,https://arxiv.org/pdf/2503.00743,,paper-extraction,paper:paper_2503_00743,candidate_model,Paper-derived model candidate with required public code link. Extracted from papers.csv row paper_2503_00743; review model naming/scope before citing.,Quality-Driven Curation of Remote Sensing Vision-Language Data via Learned Scoring Models,Paper,https://arxiv.org/abs/2503.00743,GitHub,https://github.com/NJU-LHRS/ScoreRS,Paper-derived code-backed models
paper_model_dofa-clip,2025,DOFA-CLIP: Multimodal Vision-Language Foundation Models for Earth Observation,Zhitong Xiong; Yi Wang; Weikang Yu; Adam J Stewart; Jie Zhao; Nils Lehmann; Thomas Dujardin; Zhenghang Yuan; Pedram Ghamisi; Xiao Xiang Zhu,arXiv,foundation_models,paper_code,10.48550/arXiv.2503.06312,2503.06312,https://arxiv.org/abs/2503.06312,https://arxiv.org/pdf/2503.06312,,paper-extraction,paper:paper_2503_06312,candidate_model,Paper-derived model candidate with required public code link. Extracted from papers.csv row paper_2503_06312; review model naming/scope before citing.,DOFA-CLIP,Paper,https://arxiv.org/abs/2503.06312,GitHub,https://github.com/xiong-zhitong/geolb-siglip,Paper-derived code-backed models
paper_model_on-the-generalization-of-representation-uncertainty-in-earth-observation,2025,On the Generalization of Representation Uncertainty in Earth Observation,Spyros Kondylatos; Nikolaos Ioannis Bountos; Dimitrios Michail; Xiao Xiang Zhu; Gustau Camps-Valls; Ioannis Papoutsis,arXiv,foundation_models,paper_code,10.48550/arXiv.2503.07082,2503.07082,https://arxiv.org/abs/2503.07082,https://arxiv.org/pdf/2503.07082,,paper-extraction,paper:paper_2503_07082,candidate_model,Paper-derived model candidate with required public code link. Extracted from papers.csv row paper_2503_07082; review model naming/scope before citing.,On the Generalization of Representation Uncertainty in Earth Observation,Paper,https://arxiv.org/abs/2503.07082,GitHub,https://github.com/orion-ai-lab/eouncertaintygeneralization,Paper-derived code-backed models
paper_model_cfnet,2025,CFNet: Optimizing Remote Sensing Change Detection through Content-Aware Enhancement,Fan Wu; Sijun Dong; Xiaoliang Meng,arXiv,foundation_models,paper_code,10.48550/arXiv.2503.08505,2503.08505,https://arxiv.org/abs/2503.08505,https://arxiv.org/pdf/2503.08505,,paper-extraction,paper:paper_2503_08505,candidate_model,Paper-derived model candidate with required public code link. Extracted from papers.csv row paper_2503_08505; review model naming/scope before citing.,CFNet,Paper,https://arxiv.org/abs/2503.08505,GitHub,https://github.com/wifiblack/cfnet,Paper-derived code-backed models
paper_model_mp-hsir,2025,MP-HSIR: A Multi-Prompt Framework for Universal Hyperspectral Image Restoration,Zhehui Wu; Yong Chen; Naoto Yokoya; Wei He,arXiv,paper_models,paper_code,10.48550/arXiv.2503.09131,2503.09131,https://arxiv.org/abs/2503.09131,https://arxiv.org/pdf/2503.09131,,paper-extraction,paper:paper_2503_09131,candidate_model,Paper-derived model candidate with required public code link. Extracted from papers.csv row paper_2503_09131; review model naming/scope before citing.,MP-HSIR,Paper,https://arxiv.org/abs/2503.09131,GitHub,https://github.com/zhehuiwu/mp-hsir,Paper-derived code-backed models
paper_model_roma,2025,RoMA: Scaling up Mamba-based Foundation Models for Remote Sensing,Fengxiang Wang; Yulin Wang; Mingshuo Chen; Haiyan Zhao; Yangang Sun; Shuo Wang; Hongzhen Wang; Di Wang; Long Lan; Wenjing Yang; Jing Zhang,arXiv,foundation_models,paper_code,10.48550/arXiv.2503.10392,2503.10392,https://arxiv.org/abs/2503.10392,https://arxiv.org/pdf/2503.10392,,paper-extraction,paper:paper_2503_10392,candidate_model,Paper-derived model candidate with required public code link. Extracted from papers.csv row paper_2503_10392; review model naming/scope before citing.,RoMA,Paper,https://arxiv.org/abs/2503.10392,GitHub,https://github.com/mililab/roma,Paper-derived code-backed models
paper_model_legnet,2025,LEGNet: A Lightweight Edge-Gaussian Network for Low-Quality Remote Sensing Image Object Detection,Wei Lu; Si-Bao Chen; Hui-Dong Li; Qing-Ling Shu; Chris H. Q. Ding; Jin Tang; Bin Luo,arXiv,object_detection,paper_code,10.48550/arXiv.2503.14012,2503.14012,https://arxiv.org/abs/2503.14012,https://arxiv.org/pdf/2503.14012,,paper-extraction,paper:paper_2503_14012,candidate_model,Paper-derived model candidate with required public code link. Extracted from papers.csv row paper_2503_14012; review model naming/scope before citing.,LEGNet,Paper,https://arxiv.org/abs/2503.14012,GitHub,https://github.com/lwcver/legnet,Paper-derived code-backed models
paper_model_the-change-you-want-to-detect-semantic-change-detection-in-earth-observation-wit,2025,The Change You Want To Detect: Semantic Change Detection In Earth Observation With Hybrid Data Generation,Yanis Benidir; Nicolas Gonthier; Clement Mallet,arXiv,foundation_models,paper_code,10.48550/arXiv.2503.15683,2503.15683,https://arxiv.org/abs/2503.15683,https://arxiv.org/pdf/2503.15683,,paper-extraction,paper:paper_2503_15683,candidate_model,Paper-derived model candidate with required public code link. Extracted from papers.csv row paper_2503_15683; review model naming/scope before citing.,The Change You Want To Detect: Semantic Change Detection In Earth Observation With Hybrid Data Generation,Paper,https://arxiv.org/abs/2503.15683,GitHub,https://github.com/yb23/HySCDG,Paper-derived code-backed models
paper_model_beyond-the-visible_paper-2503-15969,2025,Beyond the Visible: Multispectral Vision-Language Learning for Earth Observation,Clive Tinashe Marimo; Benedikt Blumenstiel; Maximilian Nitsche; Johannes Jakubik; Thomas Brunschwiler,arXiv,paper_models,paper_code,10.48550/arXiv.2503.15969,2503.15969,https://arxiv.org/abs/2503.15969,https://arxiv.org/pdf/2503.15969,,paper-extraction,paper:paper_2503_15969,candidate_model,Paper-derived model candidate with required public code link. Extracted from papers.csv row paper_2503_15969; review model naming/scope before citing.,Beyond the Visible,Paper,https://arxiv.org/abs/2503.15969,GitHub,https://github.com/IBM/MS-CLIP,Paper-derived code-backed models
paper_model_sa-occ,2025,SA-Occ: Satellite-Assisted 3D Occupancy Prediction in Real World,Chen Chen; Zhirui Wang; Taowei Sheng; Yi Jiang; Yundu Li; Peirui Cheng; Luning Zhang; Kaiqiang Chen; Yanfeng Hu; Xue Yang; Xian Sun,arXiv,vision_location,paper_code,10.48550/arXiv.2503.16399,2503.16399,https://arxiv.org/abs/2503.16399,https://arxiv.org/pdf/2503.16399,,paper-extraction,paper:paper_2503_16399,candidate_model,Paper-derived model candidate with required public code link. Extracted from papers.csv row paper_2503_16399; review model naming/scope before citing.,SA-Occ,Paper,https://arxiv.org/abs/2503.16399,GitHub,https://github.com/chenchen235/sa-occ,Paper-derived code-backed models
paper_model_real-world-remote-sensing-image-dehazing,2025,Real-World Remote Sensing Image Dehazing: Benchmark and Baseline,Zeng-Hui Zhu; Wei Lu; Si-Bao Chen; Chris H. Q. Ding; Jin Tang; Bin Luo,arXiv,paper_models,paper_code,10.48550/arXiv.2503.17966,2503.17966,https://arxiv.org/abs/2503.17966,https://arxiv.org/pdf/2503.17966,,paper-extraction,paper:paper_2503_17966,candidate_model,Paper-derived model candidate with required public code link. Extracted from papers.csv row paper_2503_17966; review model naming/scope before citing.,Real-World Remote Sensing Image Dehazing,Paper,https://arxiv.org/abs/2503.17966,GitHub,https://github.com/lwCVer/RRSHID,Paper-derived code-backed models
paper_model_inatag,2025,"iNatAg: Multi-Class Classification Models Enabled by a Large-Scale Benchmark Dataset with 4.7M Images of 2,959 Crop and Weed Species",Naitik Jain; Amogh Joshi; Mason Earles,arXiv,paper_models,paper_code,10.48550/arXiv.2503.20068,2503.20068,https://arxiv.org/abs/2503.20068,https://arxiv.org/pdf/2503.20068,,paper-extraction,paper:paper_2503_20068,candidate_model,Paper-derived model candidate with required public code link. Extracted from papers.csv row paper_2503_20068; review model naming/scope before citing.,iNatAg,Paper,https://arxiv.org/abs/2503.20068,GitHub,https://github.com/Project-AgML/AgML,Paper-derived code-backed models
paper_model_terratorch,2025,TerraTorch: The Geospatial Foundation Models Toolkit,Carlos Gomes; Benedikt Blumenstiel; Joao Lucas de Sousa Almeida; Pedro Henrique de Oliveira; Paolo Fraccaro; Francesc Marti Escofet; Daniela Szwarcman; Naomi Simumba; Romeo Kienzler; Bianca Zadrozny,arXiv,foundation_models,paper_code,10.48550/arXiv.2503.20563,2503.20563,https://arxiv.org/abs/2503.20563,https://arxiv.org/pdf/2503.20563,,paper-extraction,paper:paper_2503_20563,candidate_model,Paper-derived model candidate with required public code link. Extracted from papers.csv row paper_2503_20563; review model naming/scope before citing.,TerraTorch,Paper,https://arxiv.org/abs/2503.20563,GitHub,https://github.com/IBM/terratorch,Paper-derived code-backed models
paper_model_eaglevision,2025,EagleVision: Object-level Attribute Multimodal LLM for Remote Sensing,Hongxiang Jiang; Jihao Yin; Qixiong Wang; Jiaqi Feng; Guo Chen,arXiv,object_detection,paper_code,10.48550/arXiv.2503.23330,2503.23330,https://arxiv.org/abs/2503.23330,https://arxiv.org/pdf/2503.23330,,paper-extraction,paper:paper_2503_23330,candidate_model,Paper-derived model candidate with required public code link. Extracted from papers.csv row paper_2503_23330; review model naming/scope before citing.,EagleVision,Paper,https://arxiv.org/abs/2503.23330,GitHub,https://github.com/xiangtodayeatswhat/eaglevision,Paper-derived code-backed models
paper_model_mb-ores,2025,MB-ORES: A Multi-Branch Object Reasoner for Visual Grounding in Remote Sensing,Karim Radouane; Hanane Azzag; Mustapha lebbah,arXiv,object_detection,paper_code,10.48550/arXiv.2503.24219,2503.24219,https://arxiv.org/abs/2503.24219,https://arxiv.org/pdf/2503.24219,,paper-extraction,paper:paper_2503_24219,candidate_model,Paper-derived model candidate with required public code link. Extracted from papers.csv row paper_2503_24219; review model naming/scope before citing.,MB-ORES,Paper,https://arxiv.org/abs/2503.24219,GitHub,https://github.com/rd20karim/MB-ORES,Paper-derived code-backed models
paper_model_delineate-anything,2025,Delineate Anything: Resolution-Agnostic Field Boundary Delineation on Satellite Imagery,Mykola Lavreniuk; Nataliia Kussul; Andrii Shelestov; Bohdan Yailymov; Yevhenii Salii; Volodymyr Kuzin; Zoltan Szantoi,arXiv,segmentation,paper_code,10.48550/arXiv.2504.02534,2504.02534,https://arxiv.org/abs/2504.02534,https://arxiv.org/pdf/2504.02534,,paper-extraction,paper:paper_2504_02534,candidate_model,Paper-derived model candidate with required public code link. Extracted from papers.csv row paper_2504_02534; review model naming/scope before citing.,Delineate Anything,Paper,https://arxiv.org/abs/2504.02534,GitHub,https://github.com/Lavreniuk/Delineate-Anything,Paper-derived code-backed models
paper_model_ada-net,2025,ADA-Net: Attention-Guided Domain Adaptation Network with Contrastive Learning for Standing Dead Tree Segmentation Using Aerial Imagery,Mete Ahishali; Anis Ur Rahman; Einari Heinaro; Samuli Junttila,arXiv,segmentation,paper_code,10.48550/arXiv.2504.04271,2504.04271,https://arxiv.org/abs/2504.04271,https://arxiv.org/pdf/2504.04271,,paper-extraction,paper:paper_2504_04271,candidate_model,Paper-derived model candidate with required public code link. Extracted from papers.csv row paper_2504_04271; review model naming/scope before citing.,ADA-Net,Paper,https://arxiv.org/abs/2504.04271,GitHub,https://github.com/meteahishali/ADA-Net,Paper-derived code-backed models
paper_model_an-analysis-of-temporal-dropout-in-earth-observation-time-series-for-regression,2025,An Analysis of Temporal Dropout in Earth Observation Time Series for Regression Tasks,Miro Miranda; Francisco Mena; Andreas Dengel,arXiv,paper_models,paper_code,10.48550/arXiv.2504.06915,2504.06915,https://arxiv.org/abs/2504.06915,https://arxiv.org/pdf/2504.06915,,paper-extraction,paper:paper_2504_06915,candidate_model,Paper-derived model candidate with required public code link. Extracted from papers.csv row paper_2504_06915; review model naming/scope before citing.,An Analysis of Temporal Dropout in Earth Observation Time Series for Regression Tasks,Paper,https://arxiv.org/abs/2504.06915,GitHub,https://github.com/mmiranda-l/Temporal-Dropout,Paper-derived code-backed models
paper_model_efficient-self-supervised-learning-for-earth-observation-via-dynamic-dataset-cur,2025,Efficient Self-Supervised Learning for Earth Observation via Dynamic Dataset Curation,Thomas Kerdreux; Alexandre Tuel; Quentin Febvre; Alexis Mouche; Bertrand Chapron,arXiv,foundation_models,paper_code,10.48550/arXiv.2504.06962,2504.06962,https://arxiv.org/abs/2504.06962,https://arxiv.org/pdf/2504.06962,,paper-extraction,paper:paper_2504_06962,candidate_model,Paper-derived model candidate with required public code link. Extracted from papers.csv row paper_2504_06962; review model naming/scope before citing.,Efficient Self-Supervised Learning for Earth Observation via Dynamic Dataset Curation,Paper,https://arxiv.org/abs/2504.06962,GitHub,https://github.com/galeio-research/nereus-sar-models,Paper-derived code-backed models
paper_model_mesa,2025,MESA: Text-Driven Terrain Generation Using Latent Diffusion and Global Copernicus Data,Paul Borne--Pons; Mikolaj Czerkawski; Rosalie Martin; Romain Rouffet,arXiv,paper_models,paper_code,10.48550/arXiv.2504.07210,2504.07210,https://arxiv.org/abs/2504.07210,https://arxiv.org/pdf/2504.07210,,paper-extraction,paper:paper_2504_07210,candidate_model,Paper-derived model candidate with required public code link. Extracted from papers.csv row paper_2504_07210; review model naming/scope before citing.,MESA,Paper,https://arxiv.org/abs/2504.07210,GitHub,https://github.com/PaulBorneP/MESA,Paper-derived code-backed models
paper_model_segearth-r1,2025,SegEarth-R1: Geospatial Pixel Reasoning via Large Language Model,Kaiyu Li; Zepeng Xin; Li Pang; Chao Pang; Yupeng Deng; Jing Yao; Guisong Xia; Deyu Meng; Zhi Wang; Xiangyong Cao,arXiv,segmentation,paper_code,10.48550/arXiv.2504.09644,2504.09644,https://arxiv.org/abs/2504.09644,https://arxiv.org/pdf/2504.09644,,paper-extraction,paper:paper_2504_09644,candidate_model,Paper-derived model candidate with required public code link. Extracted from papers.csv row paper_2504_09644; review model naming/scope before citing.,SegEarth-R1,Paper,https://arxiv.org/abs/2504.09644,GitHub,https://github.com/earth-insights/segearth-r1,Paper-derived code-backed models
paper_model_efficient-remote-sensing-change-detection-with-change-state-space-models,2025,Efficient Remote Sensing Change Detection with Change State Space Models,Elman Ghazaei; Erchan Aptoula,arXiv,object_detection,paper_code,10.48550/arXiv.2504.11080,2504.11080,https://arxiv.org/abs/2504.11080,https://arxiv.org/pdf/2504.11080,,paper-extraction,paper:paper_2504_11080,candidate_model,Paper-derived model candidate with required public code link. Extracted from papers.csv row paper_2504_11080; review model naming/scope before citing.,Efficient Remote Sensing Change Detection with Change State Space Models,Paper,https://arxiv.org/abs/2504.11080,GitHub,https://github.com/Elman295/CSSM,Paper-derived code-backed models
paper_model_learning-from-noisy-pseudo-labels-for-all-weather-land-cover-mapping,2025,Learning from Noisy Pseudo-labels for All-Weather Land Cover Mapping,Wang Liu; Zhiyu Wang; Xin Guo; Puhong Duan; Xudong Kang; Shutao Li,arXiv,segmentation,paper_code,10.48550/arXiv.2504.13458,2504.13458,https://arxiv.org/abs/2504.13458,https://arxiv.org/pdf/2504.13458,,paper-extraction,paper:paper_2504_13458,candidate_model,Paper-derived model candidate with required public code link. Extracted from papers.csv row paper_2504_13458; review model naming/scope before citing.,Learning from Noisy Pseudo-labels for All-Weather Land Cover Mapping,Paper,https://arxiv.org/abs/2504.13458,GitHub,https://github.com/stuliu/dfc2025track1,Paper-derived code-backed models
paper_model_learning-enhanced-structural-representations-with-block-based-uncertainties-for,2025,Learning Enhanced Structural Representations with Block-Based Uncertainties for Ocean Floor Mapping,Jose Marie Antonio Minoza,arXiv,paper_models,paper_code,10.48550/arXiv.2504.14372,2504.14372,https://arxiv.org/abs/2504.14372,https://arxiv.org/pdf/2504.14372,,paper-extraction,paper:paper_2504_14372,candidate_model,Paper-derived model candidate with required public code link. Extracted from papers.csv row paper_2504_14372; review model naming/scope before citing.,Learning Enhanced Structural Representations with Block-Based Uncertainties for Ocean Floor Mapping,Paper,https://arxiv.org/abs/2504.14372,GitHub,https://github.com/JomaMinoza/Ocean-Floor-Mapping-with-Uncertainty-Aware-Deep-Learning,Paper-derived code-backed models
paper_model_a-bayesian-approach-to-segmentation-with-noisy-labels-via-spatially-correlated-d,2025,A Bayesian Approach to Segmentation with Noisy Labels via Spatially Correlated Distributions,Ryu Tadokoro; Tsukasa Takagi; Shin-ichi Maeda,arXiv,segmentation,paper_code,10.48550/arXiv.2504.14795,2504.14795,https://arxiv.org/abs/2504.14795,https://arxiv.org/pdf/2504.14795,,paper-extraction,paper:paper_2504_14795,candidate_model,Paper-derived model candidate with required public code link. Extracted from papers.csv row paper_2504_14795; review model naming/scope before citing.,A Bayesian Approach to Segmentation with Noisy Labels via Spatially Correlated Distributions,Paper,https://arxiv.org/abs/2504.14795,GitHub,https://github.com/pfnet-research/bayesian_spatialcorr,Paper-derived code-backed models
paper_model_ssl4eco,2025,SSL4Eco: A Global Seasonal Dataset for Geospatial Foundation Models in Ecology,Elena Plekhanova; Damien Robert; Johannes Dollinger; Emilia Arens; Philipp Brun; Jan Dirk Wegner; Niklaus Zimmermann,arXiv,foundation_models,paper_code,10.48550/arXiv.2504.18256,2504.18256,https://arxiv.org/abs/2504.18256,https://arxiv.org/pdf/2504.18256,,paper-extraction,paper:paper_2504_18256,candidate_model,Paper-derived model candidate with required public code link. Extracted from papers.csv row paper_2504_18256; review model naming/scope before citing.,SSL4Eco,Paper,https://arxiv.org/abs/2504.18256,GitHub,https://github.com/PlekhanovaElena/ssl4eco,Paper-derived code-backed models
paper_model_carl,2025,CARL: Camera-Agnostic Representation Learning for Spectral Image Analysis,Alexander Baumann; Leonardo Ayala; Silvia Seidlitz; Jan Sellner; Alexander Studier-Fischer; Berkin Özdemir; Lena Maier-Hein; Slobodan Ilic,arXiv,foundation_models,paper_code,10.48550/arXiv.2504.19223,2504.19223,https://arxiv.org/abs/2504.19223,https://arxiv.org/pdf/2504.19223,,paper-extraction,paper:paper_2504_19223,candidate_model,Paper-derived model candidate with required public code link. Extracted from papers.csv row paper_2504_19223; review model naming/scope before citing.,CARL,Paper,https://arxiv.org/abs/2504.19223,GitHub,https://github.com/IMSY-DKFZ/CARL,Paper-derived code-backed models
paper_model_lisat,2025,LISAT: Language-Instructed Segmentation Assistant for Satellite Imagery,Jerome Quenum; Wen-Han Hsieh; Tsung-Han Wu; Ritwik Gupta; Trevor Darrell; David M. Chan,arXiv,foundation_models,paper_code,10.48550/arXiv.2505.02829,2505.02829,https://arxiv.org/abs/2505.02829,https://arxiv.org/pdf/2505.02829,,paper-extraction,paper:paper_2505_02829,candidate_model,Paper-derived model candidate with required public code link. Extracted from papers.csv row paper_2505_02829; review model naming/scope before citing.,LISAT,Paper,https://arxiv.org/abs/2505.02829,GitHub,https://github.com/lisat-bair/LISAt_code,Paper-derived code-backed models
paper_model_geospatial-mechanistic-interpretability-of-large-language-models,2025,Geospatial Mechanistic Interpretability of Large Language Models,Stef De Sabbata; Stefano Mizzaro; Kevin Roitero,arXiv,foundation_models,paper_code,10.48550/arXiv.2505.03368,2505.03368,https://arxiv.org/abs/2505.03368,https://arxiv.org/pdf/2505.03368,,paper-extraction,paper:paper_2505_03368,candidate_model,Paper-derived model candidate with required public code link. Extracted from papers.csv row paper_2505_03368; review model naming/scope before citing.,Geospatial Mechanistic Interpretability of Large Language Models,Paper,https://arxiv.org/abs/2505.03368,GitHub,https://github.com/sdesabbata/geospatial-mechanistic-interpretability,Paper-derived code-backed models
paper_model_enhanced-scannet-with-cbam-and-dice-loss-for-semantic-change-detection,2025,Enhanced SCanNet with CBAM and Dice Loss for Semantic Change Detection,Athulya Ratnayake; Buddhi Wijenayake; Praveen Sumanasekara; Roshan Godaliyadda; Vijitha Herath; Parakrama Ekanayake,arXiv,segmentation,paper_code,10.48550/arXiv.2505.04199,2505.04199,https://arxiv.org/abs/2505.04199,https://arxiv.org/pdf/2505.04199,,paper-extraction,paper:paper_2505_04199,candidate_model,Paper-derived model candidate with required public code link. Extracted from papers.csv row paper_2505_04199; review model naming/scope before citing.,Enhanced SCanNet with CBAM and Dice Loss for Semantic Change Detection,Paper,https://arxiv.org/abs/2505.04199,GitHub,https://github.com/Buddhi19/Enhanced-SCanNet,Paper-derived code-backed models
paper_model_m4-sar,2025,"M4-SAR: A Multi-Resolution, Multi-Polarization, Multi-Scene, Multi-Source Dataset and Benchmark for optical-SAR Object Detection",Chao Wang; Wei Lu; Xiang Li; Jian Yang; Lei Luo,arXiv,object_detection,paper_code,10.48550/arXiv.2505.10931,2505.10931,https://arxiv.org/abs/2505.10931,https://arxiv.org/pdf/2505.10931,,paper-extraction,paper:paper_2505_10931,candidate_model,Paper-derived model candidate with required public code link. Extracted from papers.csv row paper_2505_10931; review model naming/scope before citing.,M4-SAR,Paper,https://arxiv.org/abs/2505.10931,GitHub,https://github.com/wchao0601/m4-sar,Paper-derived code-backed models
paper_model_can-large-multimodal-models-understand-agricultural-scenes-benchmarking-with-agr,2025,Can Large Multimodal Models Understand Agricultural Scenes? Benchmarking with AgroMind,Qingmei Li; Yang Zhang; Zurong Mai; Yuhang Chen; Shuohong Lou; Henglian Huang; Jiarui Zhang; Zhiwei Zhang; Yibin Wen; Weijia Li; Haohuan Fu; Jianxi Huang; Juepeng Zheng,arXiv,paper_models,paper_code,10.48550/arXiv.2505.12207,2505.12207,https://arxiv.org/abs/2505.12207,https://arxiv.org/pdf/2505.12207,,paper-extraction,paper:paper_2505_12207,candidate_model,Paper-derived model candidate with required public code link. Extracted from papers.csv row paper_2505_12207; review model naming/scope before citing.,Can Large Multimodal Models Understand Agricultural Scenes? Benchmarking with AgroMind,Paper,https://arxiv.org/abs/2505.12207,GitHub,https://github.com/rssysu/AgroMind,Paper-derived code-backed models
paper_model_zero-shot-hyperspectral-pansharpening-using-hysteresis-based-tuning-for-spectral,2025,Zero-Shot Hyperspectral Pansharpening Using Hysteresis-Based Tuning for Spectral Quality Control,Giuseppe Guarino; Matteo Ciotola; Gemine Vivone; Giovanni Poggi; Giuseppe Scarpa,arXiv,paper_models,paper_code,10.48550/arXiv.2505.16658,2505.16658,https://arxiv.org/abs/2505.16658,https://arxiv.org/pdf/2505.16658,,paper-extraction,paper:paper_2505_16658,candidate_model,Paper-derived model candidate with required public code link. Extracted from papers.csv row paper_2505_16658; review model naming/scope before citing.,Zero-Shot Hyperspectral Pansharpening Using Hysteresis-Based Tuning for Spectral Quality Control,Paper,https://arxiv.org/abs/2505.16658,GitHub,https://github.com/giu-guarino/rho-PNN,Paper-derived code-backed models
paper_model_geollava-8k,2025,GeoLLaVA-8K: Scaling Remote-Sensing Multimodal Large Language Models to 8K Resolution,Fengxiang Wang; Mingshuo Chen; Yueying Li; Di Wang; Haotian Wang; Zonghao Guo; Zefan Wang; Boqi Shan; Long Lan; Yulin Wang; Hongzhen Wang; Wenjing Yang; Bo Du; Jing Zhang,arXiv,foundation_models,paper_code,10.48550/arXiv.2505.21375,2505.21375,https://arxiv.org/abs/2505.21375,https://arxiv.org/pdf/2505.21375,,paper-extraction,paper:paper_2505_21375,candidate_model,Paper-derived model candidate with required public code link. Extracted from papers.csv row paper_2505_21375; review model naming/scope before citing.,GeoLLaVA-8K,Paper,https://arxiv.org/abs/2505.21375,GitHub,https://github.com/MiliLab/GeoLLaVA-8K,Paper-derived code-backed models
paper_model_active-o3,2025,Active-O3: Empowering Multimodal Large Language Models with Active Perception via GRPO,Muzhi Zhu; Hao Zhong; Canyu Zhao; Zongze Du; Zheng Huang; Mingyu Liu; Hao Chen; Cheng Zou; Jingdong Chen; Ming Yang; Chunhua Shen,arXiv,segmentation,paper_code,10.48550/arXiv.2505.21457,2505.21457,https://arxiv.org/abs/2505.21457,https://arxiv.org/pdf/2505.21457,,paper-extraction,paper:paper_2505_21457,candidate_model,Paper-derived model candidate with required public code link. Extracted from papers.csv row paper_2505_21457; review model naming/scope before citing.,Active-O3,Paper,https://arxiv.org/abs/2505.21457,GitHub,https://github.com/aim-uofa/Active-o3,Paper-derived code-backed models
paper_model_revisiting-cross-modal-knowledge-distillation,2025,Revisiting Cross-Modal Knowledge Distillation: A Disentanglement Approach for RGBD Semantic Segmentation,Roger Ferrod; Cássio F. Dantas; Luigi Di Caro; Dino Ienco,arXiv,segmentation,paper_code,10.48550/arXiv.2505.24361,2505.24361,https://arxiv.org/abs/2505.24361,https://arxiv.org/pdf/2505.24361,,paper-extraction,paper:paper_2505_24361,candidate_model,Paper-derived model candidate with required public code link. Extracted from papers.csv row paper_2505_24361; review model naming/scope before citing.,Revisiting Cross-Modal Knowledge Distillation,Paper,https://arxiv.org/abs/2505.24361,GitHub,https://github.com/rogerferrod/CroDiNo-KD,Paper-derived code-backed models
paper_model_globalbuildingatlas,2025,"GlobalBuildingAtlas: An Open Global and Complete Dataset of Building Polygons, Heights and LoD1 3D Models",Xiao Xiang Zhu; Sining Chen; Fahong Zhang; Yilei Shi; Yuanyuan Wang,arXiv,paper_models,paper_code,10.48550/arXiv.2506.04106,2506.04106,https://arxiv.org/abs/2506.04106,https://arxiv.org/pdf/2506.04106,,paper-extraction,paper:paper_2506_04106,candidate_model,Paper-derived model candidate with required public code link. Extracted from papers.csv row paper_2506_04106; review model naming/scope before citing.,GlobalBuildingAtlas,Paper,https://arxiv.org/abs/2506.04106,GitHub,https://github.com/zhu-xlab/GlobalBuildingAtlas,Paper-derived code-backed models
paper_model_wakeupurban,2025,WakeupUrban: Unsupervised Semantic Segmentation of Mid-20$^{th}$ century Urban Landscapes with Satellite Imagery,Tianxiang Hao; Lixian Zhang; Yingjia Zhang; Mengxuan Chen; Jinxiao Zhang; Runmin Dong; Haohuan Fu,arXiv,segmentation,paper_code,10.48550/arXiv.2506.09476,2506.09476,https://arxiv.org/abs/2506.09476,https://arxiv.org/pdf/2506.09476,,paper-extraction,paper:paper_2506_09476,candidate_model,Paper-derived model candidate with required public code link. Extracted from papers.csv row paper_2506_09476; review model naming/scope before citing.,WakeupUrban,Paper,https://arxiv.org/abs/2506.09476,GitHub,https://github.com/Tianxiang-Hao/Urban1960SatSeg,Paper-derived code-backed models
paper_model_california-crop-yield-benchmark,2025,"California Crop Yield Benchmark: Combining Satellite Image, Climate, Evapotranspiration, and Soil Data Layers for County-Level Yield Forecasting of Over 70 Crops",Hamid Kamangir; Mona Hajiesmaeeli; Mason Earles,arXiv,paper_models,paper_code,10.48550/arXiv.2506.10228,2506.10228,https://arxiv.org/abs/2506.10228,https://arxiv.org/pdf/2506.10228,,paper-extraction,paper:paper_2506_10228,candidate_model,Paper-derived model candidate with required public code link. Extracted from papers.csv row paper_2506_10228; review model naming/scope before citing.,California Crop Yield Benchmark,Paper,https://arxiv.org/abs/2506.10228,GitHub,https://github.com/plant-ai-biophysics-lab/california-crop-yield-benchmark,Paper-derived code-backed models
paper_model_semantic-decoupled-spatial-partition-guided-point-supervised-oriented-object-det,2025,Semantic-decoupled Spatial Partition Guided Point-supervised Oriented Object Detection,Xinyuan Liu; Hang Xu; Yike Ma; Yucheng Zhang; Feng Dai,arXiv,object_detection,paper_code,10.48550/arXiv.2506.10601,2506.10601,https://arxiv.org/abs/2506.10601,https://arxiv.org/pdf/2506.10601,,paper-extraction,paper:paper_2506_10601,candidate_model,Paper-derived model candidate with required public code link. Extracted from papers.csv row paper_2506_10601; review model naming/scope before citing.,Semantic-decoupled Spatial Partition Guided Point-supervised Oriented Object Detection,Paper,https://arxiv.org/abs/2506.10601,GitHub,https://github.com/antxinyuan/ssp,Paper-derived code-backed models
paper_model_smarties,2025,SMARTIES: Spectrum-Aware Multi-Sensor Auto-Encoder for Remote Sensing Images,Gencer Sumbul; Chang Xu; Emanuele Dalsasso; Devis Tuia,arXiv,foundation_models,paper_code,10.48550/arXiv.2506.19585,2506.19585,https://arxiv.org/abs/2506.19585,https://arxiv.org/pdf/2506.19585,,paper-extraction,paper:paper_2506_19585,candidate_model,Paper-derived model candidate with required public code link. Extracted from papers.csv row paper_2506_19585; review model naming/scope before citing.,SMARTIES,Paper,https://arxiv.org/abs/2506.19585,GitHub,https://github.com/gsumbul/SMARTIES,Paper-derived code-backed models
paper_model_video-compression-for-spatiotemporal-earth-system-data,2025,Video Compression for Spatiotemporal Earth System Data,Oscar J. Pellicer-Valero; Cesar Aybar; Gustau Camps Valls,arXiv,segmentation,paper_code,10.48550/arXiv.2506.19656,2506.19656,https://arxiv.org/abs/2506.19656,https://arxiv.org/pdf/2506.19656,,paper-extraction,paper:paper_2506_19656,candidate_model,Paper-derived model candidate with required public code link. Extracted from papers.csv row paper_2506_19656; review model naming/scope before citing.,Video Compression for Spatiotemporal Earth System Data,Paper,https://arxiv.org/abs/2506.19656,GitHub,https://github.com/ipl-uv/xarrayvideo,Paper-derived code-backed models
paper_model_high-resolution-live-fuel-moisture-content-lfmc-maps-for-wildfire-risk-from-mult,2025,High-Resolution Live Fuel Moisture Content (LFMC) Maps for Wildfire Risk from Multimodal Earth Observation Data,Patrick Alan Johnson; Gabriel Tseng; Yawen Zhang; Heather Heward; Virginia Sjahli; Favyen Bastani; Joseph Redmon; Patrick Beukema,arXiv,foundation_models,paper_code,10.48550/arXiv.2506.20132,2506.20132,https://arxiv.org/abs/2506.20132,https://arxiv.org/pdf/2506.20132,,paper-extraction,paper:paper_2506_20132,candidate_model,Paper-derived model candidate with required public code link. Extracted from papers.csv row paper_2506_20132; review model naming/scope before citing.,High-Resolution Live Fuel Moisture Content (LFMC) Maps for Wildfire Risk from Multimodal Earth Observation Data,Paper,https://arxiv.org/abs/2506.20132,GitHub,https://github.com/allenai/lfmc,Paper-derived code-backed models
paper_model_unmix-nerf,2025,UnMix-NeRF: Spectral Unmixing Meets Neural Radiance Fields,Fabian Perez; Sara Rojas; Carlos Hinojosa; Hoover Rueda-Chacón; Bernard Ghanem,arXiv,segmentation,paper_code,10.48550/arXiv.2506.21884,2506.21884,https://arxiv.org/abs/2506.21884,https://arxiv.org/pdf/2506.21884,,paper-extraction,paper:paper_2506_21884,candidate_model,Paper-derived model candidate with required public code link. Extracted from papers.csv row paper_2506_21884; review model naming/scope before citing.,UnMix-NeRF,Paper,https://arxiv.org/abs/2506.21884,GitHub,https://github.com/Factral/UnMix-NeRF,Paper-derived code-backed models
paper_model_landslide-detection-and-mapping-using-deep-learning-across-multi-source-satellit,2025,Landslide Detection and Mapping Using Deep Learning Across Multi-Source Satellite Data and Geographic Regions,Rahul A. Burange; Harsh K. Shinde; Omkar Mutyalwar,arXiv,segmentation,paper_code,10.48550/arXiv.2507.01123,2507.01123,https://arxiv.org/abs/2507.01123,https://arxiv.org/pdf/2507.01123,,paper-extraction,paper:paper_2507_01123,candidate_model,Paper-derived model candidate with required public code link. Extracted from papers.csv row paper_2507_01123; review model naming/scope before citing.,Landslide Detection and Mapping Using Deep Learning Across Multi-Source Satellite Data and Geographic Regions,Paper,https://arxiv.org/abs/2507.01123,GitHub,https://github.com/HarshShinde0/DeepSlide,Paper-derived code-backed models
paper_model_optimizing-methane-detection-on-board-satellites,2025,"Optimizing Methane Detection On Board Satellites: Speed, Accuracy, and Low-Power Solutions for Resource-Constrained Hardware",Jonáš Herec; Vít Růžička; Rado Pitoňák,arXiv,object_detection,paper_code,10.48550/arXiv.2507.01472,2507.01472,https://arxiv.org/abs/2507.01472,https://arxiv.org/pdf/2507.01472,,paper-extraction,paper:paper_2507_01472,candidate_model,Paper-derived model candidate with required public code link. Extracted from papers.csv row paper_2507_01472; review model naming/scope before citing.,Optimizing Methane Detection On Board Satellites,Paper,https://arxiv.org/abs/2507.01472,GitHub,https://github.com/zaitra/methane-filters-benchmark,Paper-derived code-backed models
paper_model_cross-domain-hyperspectral-image-classification-based-on-bi-directional-domain-a,2025,Cross-domain Hyperspectral Image Classification based on Bi-directional Domain Adaptation,Yuxiang Zhang; Wei Li; Wen Jia; Mengmeng Zhang; Ran Tao; Shunlin Liang,arXiv,paper_models,paper_code,10.48550/arXiv.2507.02268,2507.02268,https://arxiv.org/abs/2507.02268,https://arxiv.org/pdf/2507.02268,,paper-extraction,paper:paper_2507_02268,candidate_model,Paper-derived model candidate with required public code link. Extracted from papers.csv row paper_2507_02268; review model naming/scope before citing.,Cross-domain Hyperspectral Image Classification based on Bi-directional Domain Adaptation,Paper,https://arxiv.org/abs/2507.02268,GitHub,https://github.com/YuxiangZhang-BIT/IEEE_TCSVT_BiDA,Paper-derived code-backed models
paper_model_be-the-change-you-want-to-see,2025,Be the Change You Want to See: Revisiting Remote Sensing Change Detection Practices,Blaž Rolih; Matic Fučka; Filip Wolf; Luka Čehovin Zajc,arXiv,object_detection,paper_code,10.48550/arXiv.2507.03367,2507.03367,https://arxiv.org/abs/2507.03367,https://arxiv.org/pdf/2507.03367,,paper-extraction,paper:paper_2507_03367,candidate_model,Paper-derived model candidate with required public code link. Extracted from papers.csv row paper_2507_03367; review model naming/scope before citing.,Be the Change You Want to See,Paper,https://arxiv.org/abs/2507.03367,GitHub,https://github.com/blaz-r/BTC-change-detection,Paper-derived code-backed models
paper_model_efficient-sar-vessel-detection-for-fpga-based-on-satellite-sensing,2025,Efficient SAR Vessel Detection for FPGA-Based On-Satellite Sensing,Colin Laganier; Liam Fletcher; Elim Kwan; Richard Walters; Victoria Nockles,arXiv,object_detection,paper_code,10.48550/arXiv.2507.04842,2507.04842,https://arxiv.org/abs/2507.04842,https://arxiv.org/pdf/2507.04842,,paper-extraction,paper:paper_2507_04842,candidate_model,Paper-derived model candidate with required public code link. Extracted from papers.csv row paper_2507_04842; review model naming/scope before citing.,Efficient SAR Vessel Detection for FPGA-Based On-Satellite Sensing,Paper,https://arxiv.org/abs/2507.04842,GitHub,https://github.com/alan-turing-institute/sar-vessel-detection-fpga,Paper-derived code-backed models
paper_model_rsrefseg-2,2025,RSRefSeg 2: Decoupling Referring Remote Sensing Image Segmentation with Foundation Models,Keyan Chen; Chenyang Liu; Bowen Chen; Jiafan Zhang; Zhengxia Zou; Zhenwei Shi,arXiv,foundation_models,paper_code,10.48550/arXiv.2507.06231,2507.06231,https://arxiv.org/abs/2507.06231,https://arxiv.org/pdf/2507.06231,,paper-extraction,paper:paper_2507_06231,candidate_model,Paper-derived model candidate with required public code link. Extracted from papers.csv row paper_2507_06231; review model naming/scope before citing.,RSRefSeg 2,Paper,https://arxiv.org/abs/2507.06231,GitHub,https://github.com/kyanchen/rsrefseg2,Paper-derived code-backed models
paper_model_greenhyperspectra,2025,GreenHyperSpectra: A multi-source hyperspectral dataset for global vegetation trait prediction,Eya Cherif; Arthur Ouaknine; Luke A. Brown; Phuong D. Dao; Kyle R. Kovach; Bing Lu; Daniel Mederer; Hannes Feilhauer; Teja Kattenborn; David Rolnick,arXiv,foundation_models,paper_code,10.48550/arXiv.2507.06806,2507.06806,https://arxiv.org/abs/2507.06806,https://arxiv.org/pdf/2507.06806,,paper-extraction,paper:paper_2507_06806,candidate_model,Paper-derived model candidate with required public code link. Extracted from papers.csv row paper_2507_06806; review model naming/scope before citing.,GreenHyperSpectra,Paper,https://arxiv.org/abs/2507.06806,GitHub,https://github.com/echerif18/HyspectraSSL,Paper-derived code-backed models
paper_model_precision-spatio-temporal-feature-fusion-for-robust-remote-sensing-change-detect,2025,Precision Spatio-Temporal Feature Fusion for Robust Remote Sensing Change Detection,Buddhi Wijenayake; Athulya Ratnayake; Praveen Sumanasekara; Nichula Wasalathilaka; Mathivathanan Piratheepan; Roshan Godaliyadda; Mervyn Ekanayake; Vijitha Herath,arXiv,foundation_models,paper_code,10.48550/arXiv.2507.11523,2507.11523,https://arxiv.org/abs/2507.11523,https://arxiv.org/pdf/2507.11523,,paper-extraction,paper:paper_2507_11523,candidate_model,Paper-derived model candidate with required public code link. Extracted from papers.csv row paper_2507_11523; review model naming/scope before citing.,Precision Spatio-Temporal Feature Fusion for Robust Remote Sensing Change Detection,Paper,https://arxiv.org/abs/2507.11523,GitHub,https://github.com/Buddhi19/MambaCD,Paper-derived code-backed models
paper_model_gtpbd,2025,GTPBD: A Fine-Grained Global Terraced Parcel and Boundary Dataset,Zhiwei Zhang; Zi Ye; Yibin Wen; Shuai Yuan; Haohuan Fu; Jianxi Huang; Juepeng Zheng,arXiv,segmentation,paper_code,10.48550/arXiv.2507.14697,2507.14697,https://arxiv.org/abs/2507.14697,https://arxiv.org/pdf/2507.14697,,paper-extraction,paper:paper_2507_14697,candidate_model,Paper-derived model candidate with required public code link. Extracted from papers.csv row paper_2507_14697; review model naming/scope before citing.,GTPBD,Paper,https://arxiv.org/abs/2507.14697,GitHub,https://github.com/Z-ZW-WXQ/GTPBG,Paper-derived code-backed models
paper_model_holitracer,2025,HoliTracer: Holistic Vectorization of Geographic Objects from Large-Size Remote Sensing Imagery,Yu Wang; Bo Dang; Wanchun Li; Wei Chen; Yansheng Li,arXiv,segmentation,paper_code,10.48550/arXiv.2507.16251,2507.16251,https://arxiv.org/abs/2507.16251,https://arxiv.org/pdf/2507.16251,,paper-extraction,paper:paper_2507_16251,candidate_model,Paper-derived model candidate with required public code link. Extracted from papers.csv row paper_2507_16251; review model naming/scope before citing.,HoliTracer,Paper,https://arxiv.org/abs/2507.16251,GitHub,https://github.com/vvangfaye/HoliTracer,Paper-derived code-backed models
paper_model_mitigating-geospatial-knowledge-hallucination-in-large-language-models,2025,Mitigating Geospatial Knowledge Hallucination in Large Language Models: Benchmarking and Dynamic Factuality Aligning,Shengyuan Wang; Jie Feng; Tianhui Liu; Dan Pei; Yong Li,arXiv,paper_models,paper_code,10.48550/arXiv.2507.19586,2507.19586,https://arxiv.org/abs/2507.19586,https://arxiv.org/pdf/2507.19586,,paper-extraction,paper:paper_2507_19586,candidate_model,Paper-derived model candidate with required public code link. Extracted from papers.csv row paper_2507_19586; review model naming/scope before citing.,Mitigating Geospatial Knowledge Hallucination in Large Language Models,Paper,https://arxiv.org/abs/2507.19586,GitHub,https://github.com/tsinghua-fib-lab/GeospatialHallucination,Paper-derived code-backed models
paper_model_ris-lad,2025,RIS-LAD: A Benchmark and Model for Referring Low-Altitude Drone Image Segmentation,Kai Ye; YingShi Luan; Zhudi Chen; Guangyue Meng; Pingyang Dai; Liujuan Cao,arXiv,segmentation,paper_code,10.48550/arXiv.2507.20920,2507.20920,https://arxiv.org/abs/2507.20920,https://arxiv.org/pdf/2507.20920,,paper-extraction,paper:paper_2507_20920,candidate_model,Paper-derived model candidate with required public code link. Extracted from papers.csv row paper_2507_20920; review model naming/scope before citing.,RIS-LAD,Paper,https://arxiv.org/abs/2507.20920,GitHub,https://github.com/AHideoKuzeA/RIS-LAD,Paper-derived code-backed models
paper_model_adapting-vehicle-detectors-for-aerial-imagery-to-unseen-domains-with-weak-superv,2025,Adapting Vehicle Detectors for Aerial Imagery to Unseen Domains with Weak Supervision,Xiao Fang; Minhyek Jeon; Zheyang Qin; Stanislav Panev; Celso de Melo; Shuowen Hu; Shayok Chakraborty; Fernando De la Torre,arXiv,paper_models,paper_code,10.48550/arXiv.2507.20976,2507.20976,https://arxiv.org/abs/2507.20976,https://arxiv.org/pdf/2507.20976,,paper-extraction,paper:paper_2507_20976,candidate_model,Paper-derived model candidate with required public code link. Extracted from papers.csv row paper_2507_20976; review model naming/scope before citing.,Adapting Vehicle Detectors for Aerial Imagery to Unseen Domains with Weak Supervision,Paper,https://arxiv.org/abs/2507.20976,GitHub,https://github.com/humansensinglab/AGenDA,Paper-derived code-backed models
paper_model_deltavlm,2025,DeltaVLM: Interactive Remote Sensing Image Change Analysis via Instruction-guided Difference Perception,Pei Deng; Wenqian Zhou; Hanlin Wu,arXiv,object_detection,paper_code,10.48550/arXiv.2507.22346,2507.22346,https://arxiv.org/abs/2507.22346,https://arxiv.org/pdf/2507.22346,,paper-extraction,paper:paper_2507_22346,candidate_model,Paper-derived model candidate with required public code link. Extracted from papers.csv row paper_2507_22346; review model naming/scope before citing.,DeltaVLM,Paper,https://arxiv.org/abs/2507.22346,GitHub,https://github.com/hanlinwu/DeltaVLM,Paper-derived code-backed models
paper_model_sam2-unext,2025,SAM2-UNeXT: An Improved High-Resolution Baseline for Adapting Foundation Models to Downstream Segmentation Tasks,Xinyu Xiong; Zihuang Wu; Lei Zhang; Lei Lu; Ming Li; Guanbin Li,arXiv,foundation_models,paper_code,10.48550/arXiv.2508.03566,2508.03566,https://arxiv.org/abs/2508.03566,https://arxiv.org/pdf/2508.03566,,paper-extraction,paper:paper_2508_03566,candidate_model,Paper-derived model candidate with required public code link. Extracted from papers.csv row paper_2508_03566; review model naming/scope before citing.,SAM2-UNeXT,Paper,https://arxiv.org/abs/2508.03566,GitHub,https://github.com/WZH0120/SAM2-UNeXT,Paper-derived code-backed models
paper_model_ver-bench,2025,VER-Bench: Evaluating MLLMs on Reasoning with Fine-Grained Visual Evidence,Chenhui Qiang; Zhaoyang Wei; Xumeng Han; Zipeng Wang; Siyao Li; Xiangyuan Lan; Jianbin Jiao; Zhenjun Han,arXiv,paper_models,paper_code,10.48550/arXiv.2508.04852,2508.04852,https://arxiv.org/abs/2508.04852,https://arxiv.org/pdf/2508.04852,,paper-extraction,paper:paper_2508_04852,candidate_model,Paper-derived model candidate with required public code link. Extracted from papers.csv row paper_2508_04852; review model naming/scope before citing.,VER-Bench,Paper,https://arxiv.org/abs/2508.04852,GitHub,https://github.com/verbta/ACMMM-25-Materials,Paper-derived code-backed models
paper_model_wgast,2025,WGAST: Weakly-Supervised Generative Network for Daily 10 m Land Surface Temperature Estimation via Spatio-Temporal Fusion,Sofiane Bouaziz; Adel Hafiane; Raphael Canals; Rachid Nedjai,arXiv,paper_models,paper_code,10.48550/arXiv.2508.06485,2508.06485,https://arxiv.org/abs/2508.06485,https://arxiv.org/pdf/2508.06485,,paper-extraction,paper:paper_2508_06485,candidate_model,Paper-derived model candidate with required public code link. Extracted from papers.csv row paper_2508_06485; review model naming/scope before citing.,WGAST,Paper,https://arxiv.org/abs/2508.06485,GitHub,https://github.com/Sofianebouaziz1/WGAST,Paper-derived code-backed models
paper_model_mamba-fcs,2025,"Mamba-FCS: Joint Spatio- Frequency Feature Fusion, Change-Guided Attention, and SeK Loss for Enhanced Semantic Change Detection in Remote Sensing",Buddhi Wijenayake; Athulya Ratnayake; Praveen Sumanasekara; Roshan Godaliyadda; Parakrama Ekanayake; Vijitha Herath; Nichula Wasalathilaka,arXiv,object_detection,paper_code,10.48550/arXiv.2508.08232,2508.08232,https://arxiv.org/abs/2508.08232,https://arxiv.org/pdf/2508.08232,,paper-extraction,paper:paper_2508_08232,candidate_model,Paper-derived model candidate with required public code link. Extracted from papers.csv row paper_2508_08232; review model naming/scope before citing.,Mamba-FCS,Paper,https://arxiv.org/abs/2508.08232,GitHub,https://github.com/Buddhi19/MambaFCS,Paper-derived code-backed models
paper_model_deh4r,2025,DeH4R: A Decoupled and Hybrid Method for Road Network Graph Extraction,Dengxian Gong; Shunping Ji,arXiv,segmentation,paper_code,10.48550/arXiv.2508.13669,2508.13669,https://arxiv.org/abs/2508.13669,https://arxiv.org/pdf/2508.13669,,paper-extraction,paper:paper_2508_13669,candidate_model,Paper-derived model candidate with required public code link. Extracted from papers.csv row paper_2508_13669; review model naming/scope before citing.,DeH4R,Paper,https://arxiv.org/abs/2508.13669,GitHub,https://github.com/7777777FAN/DeH4R,Paper-derived code-backed models
paper_model_satdino,2025,SatDINO: A Deep Dive into Self-Supervised Pretraining for Remote Sensing,Jakub Straka; Ivan Gruber,arXiv,foundation_models,paper_code,10.48550/arXiv.2508.21402,2508.21402,https://arxiv.org/abs/2508.21402,https://arxiv.org/pdf/2508.21402,,paper-extraction,paper:paper_2508_21402,candidate_model,Paper-derived model candidate with required public code link. Extracted from papers.csv row paper_2508_21402; review model naming/scope before citing.,SatDINO,Paper,https://arxiv.org/abs/2508.21402,GitHub,https://github.com/strakaj/SatDINO,Paper-derived code-backed models
paper_model_towards-methane-detection-onboard-satellites,2025,Towards Methane Detection Onboard Satellites,Maggie Chen; Hala Lamdouar; Luca Marini; Laura Martínez-Ferrer; Chris Bridges; Giacomo Acciarini,arXiv,object_detection,paper_code,10.48550/arXiv.2509.00626,2509.00626,https://arxiv.org/abs/2509.00626,https://arxiv.org/pdf/2509.00626,,paper-extraction,paper:paper_2509_00626,candidate_model,Paper-derived model candidate with required public code link. Extracted from papers.csv row paper_2509_00626; review model naming/scope before citing.,Towards Methane Detection Onboard Satellites,Paper,https://arxiv.org/abs/2509.00626,GitHub,https://github.com/spaceml-org/plume-hunter,Paper-derived code-backed models
paper_model_btcchat,2025,BTCChat: Advancing Remote Sensing Bi-temporal Change Captioning with Multimodal Large Language Model,Yujie Li; Wenjia Xu; Yuanben Zhang; Zhiwei Wei; Mugen Peng,arXiv,paper_models,paper_code,10.48550/arXiv.2509.05895,2509.05895,https://arxiv.org/abs/2509.05895,https://arxiv.org/pdf/2509.05895,,paper-extraction,paper:paper_2509_05895,candidate_model,Paper-derived model candidate with required public code link. Extracted from papers.csv row paper_2509_05895; review model naming/scope before citing.,BTCChat,Paper,https://arxiv.org/abs/2509.05895,GitHub,https://github.com/IntelliSensing/BTCChat,Paper-derived code-backed models
paper_model_fsg-net,2025,FSG-Net: Frequency-Spatial Synergistic Gated Network for High-Resolution Remote Sensing Change Detection,Zhongxiang Xie; Shuangxi Miao; Yuhan Jiang; Zhewei Zhang; Jing Yao; Xuecao Li; Jianxi Huang; Pedram Ghamisi,arXiv,object_detection,paper_code,10.48550/arXiv.2509.06482,2509.06482,https://arxiv.org/abs/2509.06482,https://arxiv.org/pdf/2509.06482,,paper-extraction,paper:paper_2509_06482,candidate_model,Paper-derived model candidate with required public code link. Extracted from papers.csv row paper_2509_06482; review model naming/scope before citing.,FSG-Net,Paper,https://arxiv.org/abs/2509.06482,GitHub,https://github.com/zxXie-Air/FSG-Net,Paper-derived code-backed models
paper_model_gleam,2025,GLEAM: Learning to Match and Explain in Cross-View Geo-Localization,Xudong Lu; Zhi Zheng; Yi Wan; Yongxiang Yao; Annan Wang; Renrui Zhang; Panwang Xia; Qiong Wu; Qingyun Li; Weifeng Lin; Xiangyu Zhao; Peifeng Ma; Xue Yang; Hongsheng Li,arXiv,vision_location,paper_code,10.48550/arXiv.2509.07450,2509.07450,https://arxiv.org/abs/2509.07450,https://arxiv.org/pdf/2509.07450,,paper-extraction,paper:paper_2509_07450,candidate_model,Paper-derived model candidate with required public code link. Extracted from papers.csv row paper_2509_07450; review model naming/scope before citing.,GLEAM,Paper,https://arxiv.org/abs/2509.07450,GitHub,https://github.com/Lucky-Lance/GLEAM,Paper-derived code-backed models
paper_model_peftcd,2025,PeftCD: Leveraging Vision Foundation Models with Parameter-Efficient Fine-Tuning for Remote Sensing Change Detection,Sijun Dong; Yuxuan Hu; LiBo Wang; Geng Chen; Xiaoliang Meng,arXiv,foundation_models,paper_code,10.48550/arXiv.2509.09572,2509.09572,https://arxiv.org/abs/2509.09572,https://arxiv.org/pdf/2509.09572,,paper-extraction,paper:paper_2509_09572,candidate_model,Paper-derived model candidate with required public code link. Extracted from papers.csv row paper_2509_09572; review model naming/scope before citing.,PeftCD,Paper,https://arxiv.org/abs/2509.09572,GitHub,https://github.com/dyzy41/PeftCD,Paper-derived code-backed models
paper_model_geovlm-r1,2025,GeoVLM-R1: Reinforcement Fine-Tuning for Improved Remote Sensing Reasoning,Mustansar Fiaz; Hiyam Debary; Paolo Fraccaro; Danda Paudel; Luc Van Gool; Fahad Khan; Salman Khan,arXiv,object_detection,paper_code,10.48550/arXiv.2509.25026,2509.25026,https://arxiv.org/abs/2509.25026,https://arxiv.org/pdf/2509.25026,,paper-extraction,paper:paper_2509_25026,candidate_model,Paper-derived model candidate with required public code link. Extracted from papers.csv row paper_2509_25026; review model naming/scope before citing.,GeoVLM-R1,Paper,https://arxiv.org/abs/2509.25026,GitHub,https://github.com/mustansarfiaz/GeoVLM-R1-Toolkit,Paper-derived code-backed models
paper_model_instageo,2025,InstaGeo: Compute-Efficient Geospatial Machine Learning from Data to Deployment,Ibrahim Salihu Yusuf; Iffanice Houndayi; Rym Oualha; Mohamed Aziz Cherif; Kobby Panford-Quainoo; Arnu Pretorius,arXiv,foundation_models,paper_code,10.48550/arXiv.2510.05617,2510.05617,https://arxiv.org/abs/2510.05617,https://arxiv.org/pdf/2510.05617,,paper-extraction,paper:paper_2510_05617,candidate_model,Paper-derived model candidate with required public code link. Extracted from papers.csv row paper_2510_05617; review model naming/scope before citing.,InstaGeo,Paper,https://arxiv.org/abs/2510.05617,GitHub,https://github.com/instadeepai/InstaGeo-E2E-Geospatial-ML,Paper-derived code-backed models
paper_model_few-shot-adaptation-benchmark-for-remote-sensing-vision-language-models,2025,Few-Shot Adaptation Benchmark for Remote Sensing Vision-Language Models,Karim El Khoury; Maxime Zanella; Christophe De Vleeschouwer; Benoit Macq,arXiv,foundation_models,paper_code,10.48550/arXiv.2510.07135,2510.07135,https://arxiv.org/abs/2510.07135,https://arxiv.org/pdf/2510.07135,,paper-extraction,paper:paper_2510_07135,candidate_model,Paper-derived model candidate with required public code link. Extracted from papers.csv row paper_2510_07135; review model naming/scope before citing.,Few-Shot Adaptation Benchmark for Remote Sensing Vision-Language Models,Paper,https://arxiv.org/abs/2510.07135,GitHub,https://github.com/elkhouryk/fewshot_RSVLMs,Paper-derived code-backed models
paper_model_terracodec,2025,TerraCodec: Compressing Optical Earth Observation Data,Julen Costa-Watanabe; Isabelle Wittmann; Benedikt Blumenstiel; Konrad Schindler,arXiv,foundation_models,paper_code,10.48550/arXiv.2510.12670,2510.12670,https://arxiv.org/abs/2510.12670,https://arxiv.org/pdf/2510.12670,,paper-extraction,paper:paper_2510_12670,candidate_model,Paper-derived model candidate with required public code link. Extracted from papers.csv row paper_2510_12670; review model naming/scope before citing.,TerraCodec,Paper,https://arxiv.org/abs/2510.12670,GitHub,https://github.com/IBM/TerraCodec,Paper-derived code-backed models
paper_model_urbanfusion,2025,UrbanFusion: Stochastic Multimodal Fusion for Contrastive Learning of Robust Spatial Representations,Dominik J. Mühlematter; Lin Che; Ye Hong; Martin Raubal; Nina Wiedemann,arXiv,foundation_models,paper_code,10.48550/arXiv.2510.13774,2510.13774,https://arxiv.org/abs/2510.13774,https://arxiv.org/pdf/2510.13774,,paper-extraction,paper:paper_2510_13774,candidate_model,Paper-derived model candidate with required public code link. Extracted from papers.csv row paper_2510_13774; review model naming/scope before citing.,UrbanFusion,Paper,https://arxiv.org/abs/2510.13774,GitHub,https://github.com/DominikM198/UrbanFusion,Paper-derived code-backed models
paper_model_skyfall-gs,2025,Skyfall-GS: Synthesizing Immersive 3D Urban Scenes from Satellite Imagery,Jie-Ying Lee; Yi-Ruei Liu; Shr-Ruei Tsai; Wei-Cheng Chang; Chung-Ho Wu; Jiewen Chan; Zhenjun Zhao; Chieh Hubert Lin; Yu-Lun Liu,arXiv,vision_location,paper_code,10.48550/arXiv.2510.15869,2510.15869,https://arxiv.org/abs/2510.15869,https://arxiv.org/pdf/2510.15869,,paper-extraction,paper:paper_2510_15869,candidate_model,Paper-derived model candidate with required public code link. Extracted from papers.csv row paper_2510_15869; review model naming/scope before citing.,Skyfall-GS,Paper,https://arxiv.org/abs/2510.15869,GitHub,https://github.com/jayin92/skyfall-gs,Paper-derived code-backed models
paper_model_multi-modal-co-learning-for-earth-observation,2025,Multi-modal Co-learning for Earth Observation: Enhancing single-modality models via modality collaboration,Francisco Mena; Dino Ienco; Cassio F. Dantas; Roberto Interdonato; Andreas Dengel,arXiv,paper_models,paper_code,10.48550/arXiv.2510.19579,2510.19579,https://arxiv.org/abs/2510.19579,https://arxiv.org/pdf/2510.19579,,paper-extraction,paper:paper_2510_19579,candidate_model,Paper-derived model candidate with required public code link. Extracted from papers.csv row paper_2510_19579; review model naming/scope before citing.,Multi-modal Co-learning for Earth Observation,Paper,https://arxiv.org/abs/2510.19579,GitHub,https://github.com/fmenat/MDiCo,Paper-derived code-backed models
paper_model_cityrise,2025,CityRiSE: Reasoning Urban Socio-Economic Status in Vision-Language Models via Reinforcement Learning,Tianhui Liu; Hetian Pang; Xin Zhang; Jie Feng; Yong Li; Pan Hui,arXiv,paper_models,paper_code,10.48550/arXiv.2510.22282,2510.22282,https://arxiv.org/abs/2510.22282,https://arxiv.org/pdf/2510.22282,,paper-extraction,paper:paper_2510_22282,candidate_model,Paper-derived model candidate with required public code link. Extracted from papers.csv row paper_2510_22282; review model naming/scope before citing.,CityRiSE,Paper,https://arxiv.org/abs/2510.22282,GitHub,https://github.com/tsinghua-fib-lab/CityRiSE,Paper-derived code-backed models
paper_model_hierarchical-fusion-of-local-and-global-visual-features-with-mixture-of-experts,2025,Hierarchical Fusion of Local and Global Visual Features with Mixture-of-Experts for Remote Sensing Image Scene Classification,Yuanhao Tang; Xuechao Zou; Zhengpei Hu; Junliang Xing; Chengkun Zhang; Jianqiang Huang,arXiv,paper_models,paper_code,10.48550/arXiv.2510.27155,2510.27155,https://arxiv.org/abs/2510.27155,https://arxiv.org/pdf/2510.27155,,paper-extraction,paper:paper_2510_27155,candidate_model,Paper-derived model candidate with required public code link. Extracted from papers.csv row paper_2510_27155; review model naming/scope before citing.,Hierarchical Fusion of Local and Global Visual Features with Mixture-of-Experts for Remote Sensing Image Scene Classific,Paper,https://arxiv.org/abs/2510.27155,GitHub,https://github.com/tangyuanhao-qhu/AFM-Net,Paper-derived code-backed models
paper_model_assessing-the-value-of-geo-foundational-models-for-flood-inundation-mapping,2025,"Assessing the value of Geo-Foundational Models for Flood Inundation Mapping: Benchmarking models for Sentinel-1, Sentinel-2, and Planetscope for end-users",Saurabh Kaushik; Lalit Maurya; Elizabeth Tellman; ZhiJie Zhang,arXiv,paper_models,paper_code,10.48550/arXiv.2511.01990,2511.01990,https://arxiv.org/abs/2511.01990,https://arxiv.org/pdf/2511.01990,,paper-extraction,paper:paper_2511_01990,candidate_model,Paper-derived model candidate with required public code link. Extracted from papers.csv row paper_2511_01990; review model naming/scope before citing.,Assessing the value of Geo-Foundational Models for Flood Inundation Mapping,Paper,https://arxiv.org/abs/2511.01990,GitHub,https://github.com/Sk-2103/Advancing-Flood-Inundation-Mapping-Using-Geo-Foundational-Models,Paper-derived code-backed models
paper_model_kao,2025,KAO: Kernel-Adaptive Optimization in Diffusion for Satellite Image,Teerapong Panboonyuen,arXiv,paper_models,paper_code,10.48550/arXiv.2511.02462,2511.02462,https://arxiv.org/abs/2511.02462,https://arxiv.org/pdf/2511.02462,,paper-extraction,paper:paper_2511_02462,candidate_model,Paper-derived model candidate with required public code link. Extracted from papers.csv row paper_2511_02462; review model naming/scope before citing.,KAO,Paper,https://arxiv.org/abs/2511.02462,GitHub,https://github.com/kaopanboonyuen/KAO,Paper-derived code-backed models
paper_model_dwff-net,2025,DWFF-Net : A Multi-Scale Farmland System Habitat Identification Method with Adaptive Dynamic Weight,Kesong Zheng; Zhi Song; Peizhou Li; Shuyi Yao; Zhenxing Bian,arXiv,segmentation,paper_code,10.48550/arXiv.2511.11659,2511.11659,https://arxiv.org/abs/2511.11659,https://arxiv.org/pdf/2511.11659,,paper-extraction,paper:paper_2511_11659,candidate_model,Paper-derived model candidate with required public code link. Extracted from papers.csv row paper_2511_11659; review model naming/scope before citing.,DWFF-Net,Paper,https://arxiv.org/abs/2511.11659,GitHub,https://github.com/sysau/DWFF-Net,Paper-derived code-backed models
paper_model_farslip,2025,FarSLIP: Discovering Effective CLIP Adaptation for Fine-Grained Remote Sensing Understanding,Zhenshi Li; Weikang Yu; Dilxat Muhtar; Xueliang Zhang; Pengfeng Xiao; Pedram Ghamisi; Xiao Xiang Zhu,arXiv,foundation_models,paper_code,10.48550/arXiv.2511.14901,2511.14901,https://arxiv.org/abs/2511.14901,https://arxiv.org/pdf/2511.14901,,paper-extraction,paper:paper_2511_14901,candidate_model,Paper-derived model candidate with required public code link. Extracted from papers.csv row paper_2511_14901; review model naming/scope before citing.,FarSLIP,Paper,https://arxiv.org/abs/2511.14901,GitHub,https://github.com/NJU-LHRS/FarSLIP,Paper-derived code-backed models
paper_model_eos-fm,2025,EoS-FM: Can an Ensemble of Specialist Models act as a Generalist Feature Extractor?,Pierre Adorni; Minh-Tan Pham; Stéphane May; Sébastien Lefèvre,arXiv,foundation_models,paper_code,10.48550/arXiv.2511.21523,2511.21523,https://arxiv.org/abs/2511.21523,https://arxiv.org/pdf/2511.21523,,paper-extraction,paper:paper_2511_21523,candidate_model,Paper-derived model candidate with required public code link. Extracted from papers.csv row paper_2511_21523; review model naming/scope before citing.,EoS-FM,Paper,https://arxiv.org/abs/2511.21523,GitHub,https://github.com/pierreadorni/EoS-FM,Paper-derived code-backed models
paper_model_generalized-referring-expression-segmentation-on-aerial-photos,2025,Generalized Referring Expression Segmentation on Aerial Photos,Luís Marnoto; Alexandre Bernardino; Bruno Martins,arXiv,segmentation,paper_code,10.48550/arXiv.2512.07338,2512.07338,https://arxiv.org/abs/2512.07338,https://arxiv.org/pdf/2512.07338,,paper-extraction,paper:paper_2512_07338,candidate_model,Paper-derived model candidate with required public code link. Extracted from papers.csv row paper_2512_07338; review model naming/scope before citing.,Generalized Referring Expression Segmentation on Aerial Photos,Paper,https://arxiv.org/abs/2512.07338,GitHub,https://github.com/luispl77/aerial-d,Paper-derived code-backed models
paper_model_segearth-ov3,2025,SegEarth-OV3: Exploring SAM 3 for Open-Vocabulary Semantic Segmentation in Remote Sensing Images,Kaiyu Li; Shengqi Zhang; Yujie Wang; Yupeng Deng; Zhi Wang; Deyu Meng; Xiangyong Cao,arXiv,segmentation,paper_code,10.48550/arXiv.2512.08730,2512.08730,https://arxiv.org/abs/2512.08730,https://arxiv.org/pdf/2512.08730,,paper-extraction,paper:paper_2512_08730,candidate_model,Paper-derived model candidate with required public code link. Extracted from papers.csv row paper_2512_08730; review model naming/scope before citing.,SegEarth-OV3,Paper,https://arxiv.org/abs/2512.08730,GitHub,https://github.com/earth-insights/SegEarth-OV-3,Paper-derived code-backed models
paper_model_glacia,2025,GLACIA: Instance-Aware Positional Reasoning for Glacial Lake Segmentation via Multimodal Large Language Model,Lalit Maurya; Saurabh Kaushik; Beth Tellman,arXiv,foundation_models,paper_code,10.48550/arXiv.2512.09251,2512.09251,https://arxiv.org/abs/2512.09251,https://arxiv.org/pdf/2512.09251,,paper-extraction,paper:paper_2512_09251,candidate_model,Paper-derived model candidate with required public code link. Extracted from papers.csv row paper_2512_09251; review model naming/scope before citing.,GLACIA,Paper,https://arxiv.org/abs/2512.09251,GitHub,https://github.com/lalitmaurya47/GLACIA,Paper-derived code-backed models
paper_model_referring-change-detection-in-remote-sensing-imagery,2025,Referring Change Detection in Remote Sensing Imagery,Yilmaz Korkmaz; Jay N. Paranjape; Celso M. de Melo; Vishal M. Patel,arXiv,segmentation,paper_code,10.48550/arXiv.2512.11719,2512.11719,https://arxiv.org/abs/2512.11719,https://arxiv.org/pdf/2512.11719,,paper-extraction,paper:paper_2512_11719,candidate_model,Paper-derived model candidate with required public code link. Extracted from papers.csv row paper_2512_11719; review model naming/scope before citing.,Referring Change Detection in Remote Sensing Imagery,Paper,https://arxiv.org/abs/2512.11719,GitHub,https://github.com/yilmazkorkmaz1/referring_change_detection,Paper-derived code-backed models
paper_model_uaglnet,2025,UAGLNet: Uncertainty-Aggregated Global-Local Fusion Network with Cooperative CNN-Transformer for Building Extraction,Siyuan Yao; Dongxiu Liu; Taotao Li; Shengjie Li; Wenqi Ren; Xiaochun Cao,arXiv,segmentation,paper_code,10.48550/arXiv.2512.12941,2512.12941,https://arxiv.org/abs/2512.12941,https://arxiv.org/pdf/2512.12941,,paper-extraction,paper:paper_2512_12941,candidate_model,Paper-derived model candidate with required public code link. Extracted from papers.csv row paper_2512_12941; review model naming/scope before citing.,UAGLNet,Paper,https://arxiv.org/abs/2512.12941,GitHub,https://github.com/Dstate/UAGLNet,Paper-derived code-backed models
paper_model_pyramidal-adaptive-cross-gating-for-multimodal-detection,2025,Pyramidal Adaptive Cross-Gating for Multimodal Detection,Zidong Gu; Shoufu Tian,arXiv,object_detection,paper_code,10.48550/arXiv.2512.18291,2512.18291,https://arxiv.org/abs/2512.18291,https://arxiv.org/pdf/2512.18291,,paper-extraction,paper:paper_2512_18291,candidate_model,Paper-derived model candidate with required public code link. Extracted from papers.csv row paper_2512_18291; review model naming/scope before citing.,Pyramidal Adaptive Cross-Gating for Multimodal Detection,Paper,https://arxiv.org/abs/2512.18291,GitHub,https://github.com/Alianess/PACGNet,Paper-derived code-backed models
paper_model_toward-stable-semi-supervised-remote-sensing-segmentation-via-co-guidance-and-co,2025,Toward Stable Semi-Supervised Remote Sensing Segmentation via Co-Guidance and Co-Fusion,Yi Zhou; Xuechao Zou; Shun Zhang; Kai Li; Shiying Wang; Jingming Chen; Congyan Lang; Tengfei Cao; Pin Tao; Yuanchun Shi,arXiv,foundation_models,paper_code,10.48550/arXiv.2512.23035,2512.23035,https://arxiv.org/abs/2512.23035,https://arxiv.org/pdf/2512.23035,,paper-extraction,paper:paper_2512_23035,candidate_model,Paper-derived model candidate with required public code link. Extracted from papers.csv row paper_2512_23035; review model naming/scope before citing.,Toward Stable Semi-Supervised Remote Sensing Segmentation via Co-Guidance and Co-Fusion,Paper,https://arxiv.org/abs/2512.23035,GitHub,https://github.com/XavierJiezou/Co2S,Paper-derived code-backed models
paper_model_d-3-r-detr,2026,D$^3$R-DETR: DETR with Dual-Domain Density Refinement for Tiny Object Detection in Aerial Images,Zixiao Wen; Zhen Yang; Xianjie Bao; Lei Zhang; Xiantai Xiang; Wenshuai Li; Yuhan Liu,arXiv,object_detection,paper_code,10.48550/arXiv.2601.02747,2601.02747,https://arxiv.org/abs/2601.02747,https://arxiv.org/pdf/2601.02747,,paper-extraction,paper:paper_2601_02747,candidate_model,Paper-derived model candidate with required public code link. Extracted from papers.csv row paper_2601_02747; review model naming/scope before citing.,D$^3$R-DETR,Paper,https://arxiv.org/abs/2601.02747,GitHub,https://github.com/wenzx18/D3R-DETR,Paper-derived code-backed models
paper_model_the-sonar-moment-benchmarking-audio-language-models-in-audio-geo-localization,2026,The Sonar Moment: Benchmarking Audio-Language Models in Audio Geo-Localization,Ruixing Zhang; Zihan Liu; Leilei Sun; Tongyu Zhu; Weifeng Lv,arXiv,vision_location,paper_code,10.48550/arXiv.2601.03227,2601.03227,https://arxiv.org/abs/2601.03227,https://arxiv.org/pdf/2601.03227,,paper-extraction,paper:paper_2601_03227,candidate_model,Paper-derived model candidate with required public code link. Extracted from papers.csv row paper_2601_03227; review model naming/scope before citing.,The Sonar Moment: Benchmarking Audio-Language Models in Audio Geo-Localization,Paper,https://arxiv.org/abs/2601.03227,GitHub,https://github.com/Rising0321/AGL1K,Paper-derived code-backed models
paper_model_socioseg,2026,Urban Socio-Semantic Segmentation with Vision-Language Reasoning,Yu Wang; Yi Wang; Rui Dai; Yujie Wang; Kaikui Liu; Xiangxiang Chu; Yansheng Li,arXiv,segmentation,paper_code,10.48550/arXiv.2601.10477,2601.10477,https://arxiv.org/abs/2601.10477,https://arxiv.org/pdf/2601.10477,,paper-extraction,paper:paper_2601_10477,candidate_model,Paper-derived model candidate with required public code link. Extracted from papers.csv row paper_2601_10477; review model naming/scope before citing.,SocioSeg,Paper,https://arxiv.org/abs/2601.10477,GitHub,https://github.com/AMAP-ML/SocioReasoner,Paper-derived code-backed models
paper_model_remotevar,2026,RemoteVAR: Autoregressive Visual Modeling for Remote Sensing Change Detection,Yilmaz Korkmaz; Vishal M. Patel,arXiv,object_detection,paper_code,10.48550/arXiv.2601.11898,2601.11898,https://arxiv.org/abs/2601.11898,https://arxiv.org/pdf/2601.11898,,paper-extraction,paper:paper_2601_11898,candidate_model,Paper-derived model candidate with required public code link. Extracted from papers.csv row paper_2601_11898; review model naming/scope before citing.,RemoteVAR,Paper,https://arxiv.org/abs/2601.11898,GitHub,https://github.com/yilmazkorkmaz1/RemoteVAR,Paper-derived code-backed models
paper_model_vision-language-model-purified-semi-supervised-semantic-segmentation-for-remote,2026,Vision-Language Model Purified Semi-Supervised Semantic Segmentation for Remote Sensing Images,Shanwen Wang; Xin Sun; Danfeng Hong; Fei Zhou,arXiv,segmentation,paper_code,10.48550/arXiv.2602.00202,2602.00202,https://arxiv.org/abs/2602.00202,https://arxiv.org/pdf/2602.00202,,paper-extraction,paper:paper_2602_00202,candidate_model,Paper-derived model candidate with required public code link. Extracted from papers.csv row paper_2602_00202; review model naming/scope before citing.,Vision-Language Model Purified Semi-Supervised Semantic Segmentation for Remote Sensing Images,Paper,https://arxiv.org/abs/2602.00202,GitHub,https://github.com/wangshanwen001/SemiEarth,Paper-derived code-backed models
paper_model_mitigating-long-tail-bias-via-prompt-controlled-diffusion-augmentation,2026,Mitigating Long-Tail Bias via Prompt-Controlled Diffusion Augmentation,Buddhi Wijenayake; Nichula Wasalathilake; Roshan Godaliyadda; Vijitha Herath; Parakrama Ekanayake; Vishal M. Patel,arXiv,foundation_models,paper_code,10.48550/arXiv.2602.04749,2602.04749,https://arxiv.org/abs/2602.04749,https://arxiv.org/pdf/2602.04749,,paper-extraction,paper:paper_2602_04749,candidate_model,Paper-derived model candidate with required public code link. Extracted from papers.csv row paper_2602_04749; review model naming/scope before citing.,Mitigating Long-Tail Bias via Prompt-Controlled Diffusion Augmentation,Paper,https://arxiv.org/abs/2602.04749,GitHub,https://github.com/Buddhi19/SyntheticGen,Paper-derived code-backed models
paper_model_benchmarking-deep-learning-and-statistical-target-detection-methods-for-pfm-1-la,2026,Benchmarking Deep Learning and Statistical Target Detection Methods for PFM-1 Landmine Detection in UAV Hyperspectral Imagery,Sagar Lekhak; Prasanna Reddy Pulakurthi; Ramesh Bhatta; Emmett J. Ientilucci,arXiv,object_detection,paper_code,10.48550/arXiv.2602.10434,2602.10434,https://arxiv.org/abs/2602.10434,https://arxiv.org/pdf/2602.10434,,paper-extraction,paper:paper_2602_10434,candidate_model,Paper-derived model candidate with required public code link. Extracted from papers.csv row paper_2602_10434; review model naming/scope before citing.,Benchmarking Deep Learning and Statistical Target Detection Methods for PFM-1 Landmine Detection in UAV Hyperspectral Im,Paper,https://arxiv.org/abs/2602.10434,GitHub,https://github.com/PrasannaPulakurthi/pfm1-hsi-benchmark,Paper-derived code-backed models
paper_model_cop-gen,2026,COP-GEN: Latent Diffusion Transformer for Copernicus Earth Observation Data,Miguel Espinosa; Eva Gmelich Meijling; Valerio Marsocci; Elliot J. Crowley; Mikolaj Czerkawski,arXiv,paper_models,paper_code,10.48550/arXiv.2603.03239,2603.03239,https://arxiv.org/abs/2603.03239,https://arxiv.org/pdf/2603.03239,,paper-extraction,paper:paper_2603_03239,candidate_model,Paper-derived model candidate with required public code link. Extracted from papers.csv row paper_2603_03239; review model naming/scope before citing.,COP-GEN,Paper,https://arxiv.org/abs/2603.03239,GitHub,https://github.com/miquel-espinosa/COP-GEN,Paper-derived code-backed models
paper_model_utonia,2026,Utonia: Toward One Encoder for All Point Clouds,Yujia Zhang; Xiaoyang Wu; Yunhan Yang; Xianzhe Fan; Han Li; Yuechen Zhang; Zehao Huang; Naiyan Wang; Hengshuang Zhao,arXiv,foundation_models,paper_code,10.48550/arXiv.2603.03283,2603.03283,https://arxiv.org/abs/2603.03283,https://arxiv.org/pdf/2603.03283,,paper-extraction,paper:paper_2603_03283,candidate_model,Paper-derived model candidate with required public code link. Extracted from papers.csv row paper_2603_03283; review model naming/scope before citing.,Utonia,Paper,https://arxiv.org/abs/2603.03283,GitHub,https://github.com/Pointcept/Utonia,Paper-derived code-backed models
paper_model_causal-attribution-of-coastal-water-clarity-degradation-to-nickel-processing-exp,2026,"Causal Attribution of Coastal Water Clarity Degradation to Nickel Processing Expansion at the Indonesia Morowali Industrial Park, Sulawesi",Sandy Hardian Susanto Herho; Alfita Puspa Handayani; Iwan Pramesti Anwar; Faruq Khadami; Karina Aprilia Sujatmiko; Doandy Yonathan Wibisono; Rusmawan Suwarman; Dasapta Erwin Irawan,arXiv,paper_models,paper_code,10.48550/arXiv.2603.07331,2603.07331,https://arxiv.org/abs/2603.07331,https://arxiv.org/pdf/2603.07331,,paper-extraction,paper:paper_2603_07331,candidate_model,Paper-derived model candidate with required public code link. Extracted from papers.csv row paper_2603_07331; review model naming/scope before citing.,Causal Attribution of Coastal Water Clarity Degradation to Nickel Processing Expansion at the Indonesia Morowali Industr,Paper,https://arxiv.org/abs/2603.07331,GitHub,https://github.com/sandyherho/supplMorowaliOcean,Paper-derived code-backed models
paper_model_sdf-net,2026,SDF-Net: Structure-Aware Disentangled Feature Learning for Opticall-SAR Ship Re-identification,Furui Chen; Han Wang; Yuhan Sun; Jianing You; Yixuan Lv; Zhuang Zhou; Hong Tan; Shengyang Li,arXiv,paper_models,paper_code,10.48550/arXiv.2603.12588,2603.12588,https://arxiv.org/abs/2603.12588,https://arxiv.org/pdf/2603.12588,,paper-extraction,paper:paper_2603_12588,candidate_model,Paper-derived model candidate with required public code link. Extracted from papers.csv row paper_2603_12588; review model naming/scope before citing.,SDF-Net,Paper,https://arxiv.org/abs/2603.12588,GitHub,https://github.com/cfrfree/SDF-Net,Paper-derived code-backed models
paper_model_bidirectional-cross-attention-fusion-of-high-res-rgb-and-low-res-hsi-for-multimo,2026,Bidirectional Cross-Attention Fusion of High-Res RGB and Low-Res HSI for Multimodal Automated Waste Sorting,Jonas V. Funk; Lukas Roming; Andreas Michel; Paul Bäcker; Georg Maier; Thomas Längle; Markus Klute,arXiv,segmentation,paper_code,10.48550/arXiv.2603.13941,2603.13941,https://arxiv.org/abs/2603.13941,https://arxiv.org/pdf/2603.13941,,paper-extraction,paper:paper_2603_13941,candidate_model,Paper-derived model candidate with required public code link. Extracted from papers.csv row paper_2603_13941; review model naming/scope before citing.,Bidirectional Cross-Attention Fusion of High-Res RGB and Low-Res HSI for Multimodal Automated Waste Sorting,Paper,https://arxiv.org/abs/2603.13941,GitHub,https://github.com/jonasvilhofunk/BCAF_2026,Paper-derived code-backed models
paper_model_sat-jepa-diff,2026,Sat-JEPA-Diff: Bridging Self-Supervised Learning and Generative Diffusion for Remote Sensing,Kursat Komurcu; Linas Petkevicius,arXiv,paper_models,paper_code,10.48550/arXiv.2603.13943,2603.13943,https://arxiv.org/abs/2603.13943,https://arxiv.org/pdf/2603.13943,,paper-extraction,paper:paper_2603_13943,candidate_model,Paper-derived model candidate with required public code link. Extracted from papers.csv row paper_2603_13943; review model naming/scope before citing.,Sat-JEPA-Diff,Paper,https://arxiv.org/abs/2603.13943,GitHub,https://github.com/VU-AIML/SAT-JEPA-DIFF,Paper-derived code-backed models
paper_model_groundset,2026,GroundSet: A Cadastral-Grounded Dataset for Spatial Understanding with Vector Data,Roger Ferrod; Maël Lecene; Krishna Sapkota; George Leifman; Vered Silverman; Genady Beryozkin; Sylvain Lobry,arXiv,paper_models,paper_code,10.48550/arXiv.2603.14609,2603.14609,https://arxiv.org/abs/2603.14609,https://arxiv.org/pdf/2603.14609,,paper-extraction,paper:paper_2603_14609,candidate_model,Paper-derived model candidate with required public code link. Extracted from papers.csv row paper_2603_14609; review model naming/scope before citing.,GroundSet,Paper,https://arxiv.org/abs/2603.14609,GitHub,https://github.com/rogerferrod/GroundSet,Paper-derived code-backed models
paper_model_prompt-free-universal-region-proposal-network,2026,Prompt-Free Universal Region Proposal Network,Qihong Tang; Changhan Liu; Shaofeng Zhang; Wenbin Li; Qi Fan; Yang Gao,arXiv,object_detection,paper_code,10.48550/arXiv.2603.17554,2603.17554,https://arxiv.org/abs/2603.17554,https://arxiv.org/pdf/2603.17554,,paper-extraction,paper:paper_2603_17554,candidate_model,Paper-derived model candidate with required public code link. Extracted from papers.csv row paper_2603_17554; review model naming/scope before citing.,Prompt-Free Universal Region Proposal Network,Paper,https://arxiv.org/abs/2603.17554,GitHub,https://github.com/tangqh03/PF-RPN,Paper-derived code-backed models
paper_model_low-data-supervised-adaptation-outperforms-prompting-for-cloud-segmentation-unde,2026,Low-Data Supervised Adaptation Outperforms Prompting for Cloud Segmentation Under Domain Shift,Harshith Kethavath; Weiming Hu,arXiv,foundation_models,paper_code,10.48550/arXiv.2604.08956,2604.08956,https://arxiv.org/abs/2604.08956,https://arxiv.org/pdf/2604.08956,,paper-extraction,paper:paper_2604_08956,candidate_model,Paper-derived model candidate with required public code link. Extracted from papers.csv row paper_2604_08956; review model naming/scope before citing.,Low-Data Supervised Adaptation Outperforms Prompting for Cloud Segmentation Under Domain Shift,Paper,https://arxiv.org/abs/2604.08956,GitHub,https://github.com/uga-gaim/2026_CVPRW_CloudPrompts,Paper-derived code-backed models
paper_model_unigeoclip,2026,UNIGEOCLIP: Unified Geospatial Contrastive Learning,Guillaume Astruc; Eduard Trulls; Jan Hosang; Loic Landrieu; Paul-Edouard Sarlin,arXiv,paper_models,paper_code,10.48550/arXiv.2604.11668,2604.11668,https://arxiv.org/abs/2604.11668,https://arxiv.org/pdf/2604.11668,,paper-extraction,paper:paper_2604_11668,candidate_model,Paper-derived model candidate with required public code link. Extracted from papers.csv row paper_2604_11668; review model naming/scope before citing.,UNIGEOCLIP,Paper,https://arxiv.org/abs/2604.11668,GitHub,https://github.com/gastruc/unigeoclip,Paper-derived code-backed models
paper_model_liveaction,2026,"LiVeAction: a Lightweight, Versatile, and Asymmetric Neural Codec Design for Real-time Operation",Dan Jacobellis; Neeraja J. Yadwadkar,arXiv,paper_models,paper_code,10.48550/arXiv.2605.06628,2605.06628,https://arxiv.org/abs/2605.06628,https://arxiv.org/pdf/2605.06628,,paper-extraction,paper:paper_2605_06628,candidate_model,Paper-derived model candidate with required public code link. Extracted from papers.csv row paper_2605_06628; review model naming/scope before citing.,LiVeAction,Paper,https://arxiv.org/abs/2605.06628,GitHub,https://github.com/ut-sysml/liveaction,Paper-derived code-backed models
paper_model_no-one-knows-the-state-of-the-art-in-geospatial-foundation-models,2026,No One Knows the State of the Art in Geospatial Foundation Models,Isaac Corley; Nils Lehmann; Caleb Robinson; Gabriel Tseng; Anthony Fuller; Hamed Alemohammad; Evan Shelhamer; Jennifer Marcus; Hannah Kerner,arXiv,foundation_models,paper_code,10.48550/arXiv.2605.12678,2605.12678,https://arxiv.org/abs/2605.12678,https://arxiv.org/pdf/2605.12678,,paper-extraction,paper:paper_2605_12678,candidate_model,Paper-derived model candidate with required public code link. Extracted from papers.csv row paper_2605_12678; review model naming/scope before citing.,No One Knows the State of the Art in Geospatial Foundation Models,Paper,https://arxiv.org/abs/2605.12678,GitHub,https://github.com/taylor-geospatial/gfm-leaderboard,Paper-derived code-backed models
paper_model_changeflow-latent-rectified-flow-for-change-detection-in-remote-sensing,2026,ChangeFlow -- Latent Rectified Flow for Change Detection in Remote Sensing,Blaž Rolih; Matic Fučka; Filip Wolf; Luka Čehovin Zajc,arXiv,object_detection,paper_code,10.48550/arXiv.2605.15375,2605.15375,https://arxiv.org/abs/2605.15375,https://arxiv.org/pdf/2605.15375,,paper-extraction,paper:paper_2605_15375,candidate_model,Paper-derived model candidate with required public code link. Extracted from papers.csv row paper_2605_15375; review model naming/scope before citing.,ChangeFlow -- Latent Rectified Flow for Change Detection in Remote Sensing,Paper,https://arxiv.org/abs/2605.15375,GitHub,https://github.com/blaz-r/changeflow,Paper-derived code-backed models
paper_model_sense,2026,SENSE: Satellite-based ENergy Synthesis for Sustainable Environment,Kailai Sun; Mingyi He; Heye Huang; Can Rong; Alok Prakash; Baoshen Guo; Shenhao Wang; Jinhua Zhao,arXiv,paper_models,paper_code,10.48550/arXiv.2605.18101,2605.18101,https://arxiv.org/abs/2605.18101,https://arxiv.org/pdf/2605.18101,,paper-extraction,paper:paper_2605_18101,candidate_model,Paper-derived model candidate with required public code link. Extracted from papers.csv row paper_2605_18101; review model naming/scope before citing.,SENSE,Paper,https://arxiv.org/abs/2605.18101,GitHub,https://github.com/kailaisun/GenAI4Urban-Energy,Paper-derived code-backed models
paper_model_georc,2026,GeoRC: A Benchmark for Geolocation Reasoning Chains,Mohit Talreja; Joshua Diao; Jim Thannikary James; Radu Casapu; Tejas Santanam; Ethan Mendes; Alan Ritter; Wei Xu; James Hays,arXiv,paper_models,paper_code,10.48550/arXiv.2601.21278,2601.21278,https://arxiv.org/abs/2601.21278,https://arxiv.org/pdf/2601.21278,,paper-extraction,paper:paper_2601_21278,candidate_model,Paper-derived model candidate with required public code link. Extracted from papers.csv row paper_2601_21278; review model naming/scope before citing.,GeoRC,Paper,https://arxiv.org/abs/2601.21278,GitHub,https://github.com/talrejamohit03/GeoRC,Paper-derived code-backed models
paper_model_a-semantic-enhanced-multi-modal-remote-sensing-foundation-model-for-earth-observ,2025,A semantic-enhanced multi-modal remote sensing foundation model for Earth observation,Kang Wu; Yingying Zhang; Lixiang Ru; Bo Dang; Jiangwei Lao; Lei Yu; Junwei Luo; Zifan Zhu,Nature Machine Intelligence; Nature Machine Intelligence 2025,foundation_models,paper_code,10.1038/s42256-025-01078-8,,https://www.nature.com/articles/s42256-025-01078-8,,41,paper-extraction,paper:cand0100,candidate_model,Paper-derived model candidate with required public code link. Extracted from papers.csv row cand0100; review model naming/scope before citing.,A semantic-enhanced multi-modal remote sensing foundation model for Earth observation,Paper,https://www.nature.com/articles/s42256-025-01078-8,GitHub,https://github.com/kang-wu/SkySensePlusPlus,Paper-derived code-backed models
paper_model_clay-foundation-model,2024,Clay Foundation Model,,Arxiv2024; -,foundation_models,paper_code,,,https://github.com/Jack-bo1220/Awesome-Remote-Sensing-Foundation-Models,,,paper-extraction,paper:cand10681,candidate_model,Paper-derived model candidate with required public code link. Extracted from papers.csv row cand10681; review model naming/scope before citing.,Clay Foundation Model,Paper,https://github.com/Jack-bo1220/Awesome-Remote-Sensing-Foundation-Models,GitHub,https://github.com/Jack-bo1220/Awesome-Remote-Sensing-Foundation-Models,Paper-derived code-backed models
hf0001,2024,ibm-nasa-geospatial/Prithvi-EO-2.0-300M-TL,ibm-nasa-geospatial,Hugging Face,foundation_models,model,,2412.02732,https://huggingface.co/ibm-nasa-geospatial/Prithvi-EO-2.0-300M-TL,https://arxiv.org/pdf/2412.02732,,Hugging Face,"terratorch, Pytorch, Earth Observation, Foundation Model, NASA, IBM",huggingface_model,"Hugging Face · 13,874 downloads · 9 likes",,,https://arxiv.org/abs/2412.02732,Weights,https://huggingface.co/ibm-nasa-geospatial/Prithvi-EO-2.0-300M-TL,
hf0002,2024,ibm-nasa-geospatial/Prithvi-EO-2.0-600M,ibm-nasa-geospatial,Hugging Face,foundation_models,model,,2412.02732,https://huggingface.co/ibm-nasa-geospatial/Prithvi-EO-2.0-600M,https://arxiv.org/pdf/2412.02732,,Hugging Face,"terratorch, Pytorch, Earth Observation, Foundation Model, NASA, IBM",huggingface_model,"Hugging Face · 5,268 downloads · 15 likes",,,https://arxiv.org/abs/2412.02732,Weights,https://huggingface.co/ibm-nasa-geospatial/Prithvi-EO-2.0-600M,
hf0003,2025,ibm-nasa-geospatial/Prithvi-EO-2.0-tiny-TL,ibm-nasa-geospatial,Hugging Face,foundation_models,model,,2412.02732,https://huggingface.co/ibm-nasa-geospatial/Prithvi-EO-2.0-tiny-TL,https://arxiv.org/pdf/2412.02732,,Hugging Face,"terratorch, Pytorch, Earth Observation, Foundation Model, NASA, IBM",huggingface_model,"Hugging Face · 4,765 downloads · 9 likes",,,https://arxiv.org/abs/2412.02732,Weights,https://huggingface.co/ibm-nasa-geospatial/Prithvi-EO-2.0-tiny-TL,
hf0004,2025,ibm-nasa-geospatial/Prithvi-EO-2.0-300M-BurnScars,ibm-nasa-geospatial,Hugging Face,foundation_models,model,,2412.02732,https://huggingface.co/ibm-nasa-geospatial/Prithvi-EO-2.0-300M-BurnScars,https://arxiv.org/pdf/2412.02732,,Hugging Face,terratorch,huggingface_model,"Hugging Face · 2,567 downloads · 4 likes",,,https://arxiv.org/abs/2412.02732,Weights,https://huggingface.co/ibm-nasa-geospatial/Prithvi-EO-2.0-300M-BurnScars,
hf0005,2023,ibm-nasa-geospatial/Prithvi-EO-1.0-100M,ibm-nasa-geospatial,Hugging Face,foundation_models,model,,2310.18660,https://huggingface.co/ibm-nasa-geospatial/Prithvi-EO-1.0-100M,https://arxiv.org/pdf/2310.18660,,Hugging Face,"transformers, Pytorch, Geospatial, Temporal ViT, Vit",huggingface_model,"Hugging Face · 2,002 downloads · 282 likes",,,https://arxiv.org/abs/2310.18660,Weights,https://huggingface.co/ibm-nasa-geospatial/Prithvi-EO-1.0-100M,
hf0006,2025,ibm-nasa-geospatial/Prithvi-EO-2.0-100M-TL,ibm-nasa-geospatial,Hugging Face,foundation_models,model,,2412.02732,https://huggingface.co/ibm-nasa-geospatial/Prithvi-EO-2.0-100M-TL,https://arxiv.org/pdf/2412.02732,,Hugging Face,"terratorch, Pytorch, Earth Observation, Foundation Model, NASA, IBM",huggingface_model,"Hugging Face · 1,312 downloads · 1 likes",,,https://arxiv.org/abs/2412.02732,Weights,https://huggingface.co/ibm-nasa-geospatial/Prithvi-EO-2.0-100M-TL,
hf0007,2024,ibm-nasa-geospatial/Prithvi-EO-2.0-600M-TL,ibm-nasa-geospatial,Hugging Face,foundation_models,model,,2412.02732,https://huggingface.co/ibm-nasa-geospatial/Prithvi-EO-2.0-600M-TL,https://arxiv.org/pdf/2412.02732,,Hugging Face,"terratorch, Pytorch, Earth Observation, Foundation Model, NASA, IBM",huggingface_model,Hugging Face · 874 downloads · 12 likes,,,https://arxiv.org/abs/2412.02732,Weights,https://huggingface.co/ibm-nasa-geospatial/Prithvi-EO-2.0-600M-TL,
hf0008,2026,5ch4um1/lfm2.5-vrsbench-EUROSAT-terrain-lora-450m,5ch4um1,Hugging Face,foundation_models,model,,,https://huggingface.co/5ch4um1/lfm2.5-vrsbench-EUROSAT-terrain-lora-450m,,,Hugging Face,"onnx, safetensors, gguf, lfm2_vl, vision-language, satellite, eurosat, terrain-classification, lfm2, vrsbench, conversational",huggingface_model,Hugging Face · 848 downloads · 0 likes,,,,Weights,https://huggingface.co/5ch4um1/lfm2.5-vrsbench-EUROSAT-terrain-lora-450m,
hf0009,2024,ibm-nasa-geospatial/Prithvi-EO-2.0-300M-TL-Sen1Floods11,ibm-nasa-geospatial,Hugging Face,foundation_models,model,,2412.02732,https://huggingface.co/ibm-nasa-geospatial/Prithvi-EO-2.0-300M-TL-Sen1Floods11,https://arxiv.org/pdf/2412.02732,,Hugging Face,"terratorch, Pytorch, segmentation, Flood mapping, Sentinel-2, Geospatial, Foundation model, en",huggingface_model,Hugging Face · 440 downloads · 4 likes,,,https://arxiv.org/abs/2412.02732,Weights,https://huggingface.co/ibm-nasa-geospatial/Prithvi-EO-2.0-300M-TL-Sen1Floods11,
hf0010,2026,5ch4um1/lfm2.5-vrsbench-MADOS-maritime-lora-450m,5ch4um1,Hugging Face,foundation_models,model,,,https://huggingface.co/5ch4um1/lfm2.5-vrsbench-MADOS-maritime-lora-450m,,,Hugging Face,"onnx, safetensors, gguf, lfm2_vl, vision-language, satellite, maritime, ship-detection, mados, lfm2, vrsbench, conversational",huggingface_model,Hugging Face · 248 downloads · 0 likes,,,,Weights,https://huggingface.co/5ch4um1/lfm2.5-vrsbench-MADOS-maritime-lora-450m,
hf0011,2026,merve/rf-detr-seg-satellite-buildings,merve,Hugging Face,foundation_models,model,,,https://huggingface.co/merve/rf-detr-seg-satellite-buildings,,,Hugging Face,"transformers, safetensors, rf_detr, instance-segmentation, rf-detr-seg, vision, satellite, building, generated_from_trainer",huggingface_model,Hugging Face · 235 downloads · 0 likes,,,,Weights,https://huggingface.co/merve/rf-detr-seg-satellite-buildings,
hf0012,2025,esa-sceva/llama3-satcom-70b,esa-sceva,Hugging Face,foundation_models,model,,,https://huggingface.co/esa-sceva/llama3-satcom-70b,,,Hugging Face,"transformers, safetensors, llama, text-generation, satcom, satellite, satellite communications, space, esa, artes, llm, fine-tuned, question-answering, reasoning",huggingface_model,Hugging Face · 218 downloads · 1 likes · text-generation,,,,Weights,https://huggingface.co/esa-sceva/llama3-satcom-70b,
hf0013,2026,5ch4um1/lfm2.5-vrsbench-MethaneS2CM-methane-lora-450m,5ch4um1,Hugging Face,foundation_models,model,,,https://huggingface.co/5ch4um1/lfm2.5-vrsbench-MethaneS2CM-methane-lora-450m,,,Hugging Face,"onnx, safetensors, gguf, lfm2_vl, vision-language, satellite, methane, sentinel-2, methane-detection, bounding-box, lfm2, vrsbench, conversational",huggingface_model,Hugging Face · 213 downloads · 0 likes,,,,Weights,https://huggingface.co/5ch4um1/lfm2.5-vrsbench-MethaneS2CM-methane-lora-450m,
hf0014,2025,esa-sceva/llama3-satcom-8b,esa-sceva,Hugging Face,foundation_models,model,,,https://huggingface.co/esa-sceva/llama3-satcom-8b,,,Hugging Face,"transformers, safetensors, llama, text-generation, satcom, satellite, satellite communications, space, esa, artes, llm, fine-tuned, question-answering, conversational",huggingface_model,Hugging Face · 174 downloads · 1 likes · text-generation,,,,Weights,https://huggingface.co/esa-sceva/llama3-satcom-8b,
hf0015,2024,ibm-nasa-geospatial/Prithvi-WxC-1.0-2300M,ibm-nasa-geospatial,Hugging Face,foundation_models,model,,2409.13598,https://huggingface.co/ibm-nasa-geospatial/Prithvi-WxC-1.0-2300M,https://arxiv.org/pdf/2409.13598,,Hugging Face,"terratorch, Pytorch, Weather & Climate, Time Series, Foundation Model, NASA, IBM, MERRA2, image-feature-extraction",huggingface_model,Hugging Face · 170 downloads · 83 likes · image-feature-extraction,,,https://arxiv.org/abs/2409.13598,Weights,https://huggingface.co/ibm-nasa-geospatial/Prithvi-WxC-1.0-2300M,
hf0016,2024,ibm-nasa-geospatial/Prithvi-WxC-1.0-2300M-rollout,ibm-nasa-geospatial,Hugging Face,foundation_models,model,,2409.13598,https://huggingface.co/ibm-nasa-geospatial/Prithvi-WxC-1.0-2300M-rollout,https://arxiv.org/pdf/2409.13598,,Hugging Face,terratorch,huggingface_model,Hugging Face · 169 downloads · 20 likes,,,https://arxiv.org/abs/2409.13598,Weights,https://huggingface.co/ibm-nasa-geospatial/Prithvi-WxC-1.0-2300M-rollout,
hf0017,2026,munish0838/crop-burn-detector,munish0838,Hugging Face,foundation_models,model,,,https://huggingface.co/munish0838/crop-burn-detector,,,Hugging Face,"safetensors, lfm2_vl, satellite, remote-sensing, sentinel-2, stubble-burning, fine-tuned, vision-language-model",huggingface_model,Hugging Face · 162 downloads · 1 likes,,,,Weights,https://huggingface.co/munish0838/crop-burn-detector,
hf0018,2023,made-with-clay/Clay,made-with-clay,Hugging Face,foundation_models,model,,,https://huggingface.co/made-with-clay/Clay,,,Hugging Face,"transformers, geovit+DOFA",huggingface_model,Hugging Face · 120 downloads · 55 likes,,,,Weights,https://huggingface.co/made-with-clay/Clay,
hf0019,2026,mradermacher/Isobar-1-GGUF,mradermacher,Hugging Face,foundation_models,model,,,https://huggingface.co/mradermacher/Isobar-1-GGUF,,,Hugging Face,"transformers, gguf, weather, meteorology, radar, sounding, satellite, vision-language-model, image-text-to-text, qwen, isobar, en, conversational",huggingface_model,Hugging Face · 111 downloads · 0 likes · image-text-to-text,,,,Weights,https://huggingface.co/mradermacher/Isobar-1-GGUF,
hf0020,2026,munish0838/crop-burn-detector-v2,munish0838,Hugging Face,foundation_models,model,,,https://huggingface.co/munish0838/crop-burn-detector-v2,,,Hugging Face,"safetensors, lfm2_vl, satellite, remote-sensing, sentinel-2, stubble-burning, crop-fire, fine-tuned, vision-language-model, india, agriculture",huggingface_model,Hugging Face · 90 downloads · 1 likes,,,,Weights,https://huggingface.co/munish0838/crop-burn-detector-v2,
hf0021,2026,rishii100/binary-change-detection,rishii100,Hugging Face,foundation_models,model,,,https://huggingface.co/rishii100/binary-change-detection,,,Hugging Face,"generic, safetensors, siamese-unet, change-detection, remote-sensing, eo-sar, pytorch, segmentation, en",huggingface_model,Hugging Face · 57 downloads · 0 likes,,,,Weights,https://huggingface.co/rishii100/binary-change-detection,
hf0022,2024,ibm-nasa-geospatial/Prithvi-WxC-1.0-2300m-gravity-wave-parameterization,ibm-nasa-geospatial,Hugging Face,foundation_models,model,,2409.13598,https://huggingface.co/ibm-nasa-geospatial/Prithvi-WxC-1.0-2300m-gravity-wave-parameterization,https://arxiv.org/pdf/2409.13598,,Hugging Face,"terratorch, Pytorch, gravity wave, Weather & Climate, Foundation model, en",huggingface_model,Hugging Face · 53 downloads · 10 likes,,,https://arxiv.org/abs/2409.13598,Weights,https://huggingface.co/ibm-nasa-geospatial/Prithvi-WxC-1.0-2300m-gravity-wave-parameterization,
hf0023,2026,BiliSakura/DiffusionSat-Single-512,BiliSakura,Hugging Face,foundation_models,model,,,https://huggingface.co/BiliSakura/DiffusionSat-Single-512,,,Hugging Face,"diffusers, safetensors, satellite, controlnet, text-to-image, en, diffusers:DiffusionSatPipeline",huggingface_model,Hugging Face · 50 downloads · 0 likes · text-to-image,,,,Weights,https://huggingface.co/BiliSakura/DiffusionSat-Single-512,
hf0024,2024,jucamohedano/dinov2-base-finetuned-eurosat-rgb,jucamohedano,Hugging Face,foundation_models,model,,,https://huggingface.co/jucamohedano/dinov2-base-finetuned-eurosat-rgb,,,Hugging Face,"transformers, tensorboard, safetensors, dinov2, image-classification, computer vision, satellite",huggingface_model,Hugging Face · 46 downloads · 0 likes · image-classification,,,,Weights,https://huggingface.co/jucamohedano/dinov2-base-finetuned-eurosat-rgb,
hf0025,2026,WayBob/Qwen3VL-8B-4bit-GGUF-Jetson-Deployment,WayBob,Hugging Face,foundation_models,model,,,https://huggingface.co/WayBob/Qwen3VL-8B-4bit-GGUF-Jetson-Deployment,,,Hugging Face,"transformers, safetensors, gguf, disaster-recognition, vision-language-model, aerial-imagery, qwen3-vl, qlora, llama-cpp, edge-deployment, jetson, humanitarian-ai, multi-lingual, visual-question-answering",huggingface_model,Hugging Face · 45 downloads · 0 likes · image-text-to-text,,,,Weights,https://huggingface.co/WayBob/Qwen3VL-8B-4bit-GGUF-Jetson-Deployment,
hf0026,2026,tejassnaikk/rsdd-yolo11n-obb-v1,tejassnaikk,Hugging Face,foundation_models,model,,,https://huggingface.co/tejassnaikk/rsdd-yolo11n-obb-v1,,,Hugging Face,"ultralytics, object-detection, oriented-bounding-box, sar, remote-sensing, ship-detection, yolov11",huggingface_model,Hugging Face · 38 downloads · 0 likes · object-detection,,,,Weights,https://huggingface.co/tejassnaikk/rsdd-yolo11n-obb-v1,
hf0027,2025,DimitrisMantas/RoofSense,DimitrisMantas,Hugging Face,foundation_models,model,,1910.09700,https://huggingface.co/DimitrisMantas/RoofSense,https://arxiv.org/pdf/1910.09700,,Hugging Face,"segmentation-models-pytorch, safetensors, aerial-imagery, lidar, data-fusion, roofing-materials, roofing-material-classification, semantic-segmentation, image-segmentation",huggingface_model,Hugging Face · 38 downloads · 0 likes · image-segmentation,,,https://arxiv.org/abs/1910.09700,Weights,https://huggingface.co/DimitrisMantas/RoofSense,
hf0028,2026,Moriae/ukraine-forest-change-detection,Moriae,Hugging Face,foundation_models,model,,,https://huggingface.co/Moriae/ukraine-forest-change-detection,,,Hugging Face,"onnx, satellite, forest-change-detection, change-detection, remote-sensing, earth-observation, pytorch, image-segmentation",huggingface_model,Hugging Face · 34 downloads · 0 likes · image-segmentation,,,,Weights,https://huggingface.co/Moriae/ukraine-forest-change-detection,
hf0029,2022,mrm8488/convnext-tiny-finetuned-eurosat,mrm8488,Hugging Face,foundation_models,model,,,https://huggingface.co/mrm8488/convnext-tiny-finetuned-eurosat,,,Hugging Face,"transformers, pytorch, tensorboard, safetensors, convnext, image-classification, generated_from_trainer, CV, ConvNeXT, satellite, EuroSAT",huggingface_model,Hugging Face · 33 downloads · 6 likes · image-classification,,,,Weights,https://huggingface.co/mrm8488/convnext-tiny-finetuned-eurosat,
hf0030,2026,Paulescu/wildfire-risk-detector,Paulescu,Hugging Face,foundation_models,model,,,https://huggingface.co/Paulescu/wildfire-risk-detector,,,Hugging Face,"gguf, vlm, wildfire, satellite, sentinel-2, en, conversational",huggingface_model,Hugging Face · 29 downloads · 0 likes,,,,Weights,https://huggingface.co/Paulescu/wildfire-risk-detector,
hf0031,2026,tarek199147/lfm25-nwpu-lora,tarek199147,Hugging Face,foundation_models,model,,,https://huggingface.co/tarek199147/lfm25-nwpu-lora,,,Hugging Face,"peft, safetensors, lora, vision-language-model, remote-sensing, nwpu-resisc45",huggingface_model,Hugging Face · 28 downloads · 0 likes,,,,Weights,https://huggingface.co/tarek199147/lfm25-nwpu-lora,
hf0032,2025,Qybera/LisaV3.0,Qybera,Hugging Face,foundation_models,model,,,https://huggingface.co/Qybera/LisaV3.0,,,Hugging Face,"keras, pytorch, jax, safetensors, advancedlisa, multimodal, vision, audio, multispectral, emotion-recognition, scene-understanding, object-detection, spatial-reasoning, conversational-ai",huggingface_model,Hugging Face · 27 downloads · 0 likes · reinforcement-learning,,,,Weights,https://huggingface.co/Qybera/LisaV3.0,
hf0033,2026,BiliSakura/RSEdit-DiT-channel-concat,BiliSakura,Hugging Face,foundation_models,model,,,https://huggingface.co/BiliSakura/RSEdit-DiT-channel-concat,,,Hugging Face,"diffusers, tensorboard, safetensors, remote-sensing, image-editing, diffusion, image-to-image, diffusers:RSEditDiTChannelConcatPipeline",huggingface_model,Hugging Face · 26 downloads · 0 likes · image-to-image,,,,Weights,https://huggingface.co/BiliSakura/RSEdit-DiT-channel-concat,
hf0034,2026,BiliSakura/RSEdit-DiT-depthiwiseFFN,BiliSakura,Hugging Face,foundation_models,model,,,https://huggingface.co/BiliSakura/RSEdit-DiT-depthiwiseFFN,,,Hugging Face,"diffusers, tensorboard, safetensors, remote-sensing, image-editing, diffusion, image-to-image, diffusers:RSEditModifiedDiTPipeline",huggingface_model,Hugging Face · 25 downloads · 0 likes · image-to-image,,,,Weights,https://huggingface.co/BiliSakura/RSEdit-DiT-depthiwiseFFN,
hf0035,2026,WEO-SAS/sen2sr,WEO-SAS,Hugging Face,foundation_models,model,,,https://huggingface.co/WEO-SAS/sen2sr,,,Hugging Face,"sentinel-2, super-resolution, remote-sensing, pytorch, image-to-image",huggingface_model,Hugging Face · 20 downloads · 0 likes · image-to-image,,,,Weights,https://huggingface.co/WEO-SAS/sen2sr,
hf0036,2026,YujiYamaguchi/lfm2-5-vl-450m-wildfire-precursor,YujiYamaguchi,Hugging Face,foundation_models,model,,,https://huggingface.co/YujiYamaguchi/lfm2-5-vl-450m-wildfire-precursor,,,Hugging Face,"peft, safetensors, lora, sft, transformers, trl, remote-sensing, sentinel-2, wildfire, vegetation, image-text-to-text, conversational",huggingface_model,Hugging Face · 16 downloads · 0 likes · image-text-to-text,,,,Weights,https://huggingface.co/YujiYamaguchi/lfm2-5-vl-450m-wildfire-precursor,
hf0037,2026,BiliSakura/RSEdit-UNet-token-concat,BiliSakura,Hugging Face,foundation_models,model,,,https://huggingface.co/BiliSakura/RSEdit-UNet-token-concat,,,Hugging Face,"diffusers, tensorboard, safetensors, remote-sensing, image-editing, diffusion, image-to-image, diffusers:RSEditUNetTokenConcatPipeline",huggingface_model,Hugging Face · 15 downloads · 0 likes · image-to-image,,,,Weights,https://huggingface.co/BiliSakura/RSEdit-UNet-token-concat,
hf0038,2026,BiliSakura/RSEdit-DiT-experimental,BiliSakura,Hugging Face,foundation_models,model,,,https://huggingface.co/BiliSakura/RSEdit-DiT-experimental,,,Hugging Face,"diffusers, tensorboard, safetensors, remote-sensing, image-editing, diffusion, image-to-image, diffusers:RSEditModifiedDiTPipeline",huggingface_model,Hugging Face · 14 downloads · 0 likes · image-to-image,,,,Weights,https://huggingface.co/BiliSakura/RSEdit-DiT-experimental,
hf0039,2026,JDONE-Research/AIOne-GeoSeg-330M,JDONE-Research,Hugging Face,foundation_models,model,,,https://huggingface.co/JDONE-Research/AIOne-GeoSeg-330M,,,Hugging Face,"transformers, safetensors, aione_geoseg, feature-extraction, semantic-segmentation, image-segmentation, remote-sensing, aerial-imagery, land-cover, korean, dinov3, tcam, vision-transformer, custom_code",huggingface_model,Hugging Face · 11 downloads · 0 likes · image-segmentation,,,,Weights,https://huggingface.co/JDONE-Research/AIOne-GeoSeg-330M,
hf0040,2026,munish0838/crop-burn-detector-v1,munish0838,Hugging Face,foundation_models,model,,,https://huggingface.co/munish0838/crop-burn-detector-v1,,,Hugging Face,"safetensors, lfm2_vl, satellite, remote-sensing, sentinel-2, stubble-burning, fine-tuned, vision-language-model",huggingface_model,Hugging Face · 10 downloads · 1 likes,,,,Weights,https://huggingface.co/munish0838/crop-burn-detector-v1,
hf0041,2026,iamhelitha/EleFind-yolo11-elephant,iamhelitha,Hugging Face,foundation_models,model,,,https://huggingface.co/iamhelitha/EleFind-yolo11-elephant,,,Hugging Face,"ultralytics, object-detection, yolo, yolov11, sahi, elephant-detection, wildlife-conservation, aerial-imagery, computer-vision, en",huggingface_model,Hugging Face · 10 downloads · 1 likes · object-detection,,,,Weights,https://huggingface.co/iamhelitha/EleFind-yolo11-elephant,
hf0042,2026,khadim-hussain/spacevision-kolors-lora,khadim-hussain,Hugging Face,foundation_models,model,,2106.09685,https://huggingface.co/khadim-hussain/spacevision-kolors-lora,https://arxiv.org/pdf/2106.09685,,Hugging Face,"diffusers, lora, kolors, text-to-image, space, nasa, sci-fi, satellite, astronomy, astrophotography, stable-diffusion, fine-tuned, spacevision",huggingface_model,Hugging Face · 8 downloads · 0 likes · text-to-image,,,https://arxiv.org/abs/2106.09685,Weights,https://huggingface.co/khadim-hussain/spacevision-kolors-lora,
hf0043,2026,akiwatanabe/Omni-Weather,akiwatanabe,Hugging Face,foundation_models,model,,,https://huggingface.co/akiwatanabe/Omni-Weather,,,Hugging Face,"weather, multimodal, radar, satellite, nowcasting, bagel, en",huggingface_model,Hugging Face · 7 downloads · 0 likes,,,,Weights,https://huggingface.co/akiwatanabe/Omni-Weather,
hf0044,2026,BiliSakura/DiffusionSat-SR-fMoW-Sentinel-512,BiliSakura,Hugging Face,foundation_models,model,,,https://huggingface.co/BiliSakura/DiffusionSat-SR-fMoW-Sentinel-512,,,Hugging Face,"diffusers, safetensors, satellite, controlnet, text-to-image, en, diffusers:DiffusionSatPipeline",huggingface_model,Hugging Face · 6 downloads · 0 likes · text-to-image,,,,Weights,https://huggingface.co/BiliSakura/DiffusionSat-SR-fMoW-Sentinel-512,
hf0045,2026,rafat234/CompassAI-G1,rafat234,Hugging Face,foundation_models,model,,,https://huggingface.co/rafat234/CompassAI-G1,,,Hugging Face,"peft, safetensors, lora, gis, arcgis, compass-ai, geospatial, en, ar",huggingface_model,Hugging Face · 6 downloads · 0 likes,,,,Weights,https://huggingface.co/rafat234/CompassAI-G1,
hf0046,2026,munish0838/crop-burn-detector-v2.1,munish0838,Hugging Face,foundation_models,model,,,https://huggingface.co/munish0838/crop-burn-detector-v2.1,,,Hugging Face,"safetensors, lfm2_vl, satellite, remote-sensing, sentinel-2, stubble-burning, fine-tuned, vision-language-model",huggingface_model,Hugging Face · 5 downloads · 1 likes,,,,Weights,https://huggingface.co/munish0838/crop-burn-detector-v2.1,
hf0047,2026,kaihon/sg-aerial-scene-analyser-lora,kaihon,Hugging Face,foundation_models,model,,,https://huggingface.co/kaihon/sg-aerial-scene-analyser-lora,,,Hugging Face,"peft, safetensors, lora, sft, transformers, trl, aerial-imagery, scene-understanding, singapore, image-text-to-text, conversational",huggingface_model,Hugging Face · 5 downloads · 0 likes · image-text-to-text,,,,Weights,https://huggingface.co/kaihon/sg-aerial-scene-analyser-lora,
hf0048,2026,BiliSakura/DiffusionSat-Single-256,BiliSakura,Hugging Face,foundation_models,model,,,https://huggingface.co/BiliSakura/DiffusionSat-Single-256,,,Hugging Face,"diffusers, safetensors, satellite, controlnet, text-to-image, en, diffusers:DiffusionSatPipeline",huggingface_model,Hugging Face · 3 downloads · 0 likes · text-to-image,,,,Weights,https://huggingface.co/BiliSakura/DiffusionSat-Single-256,
hf0049,2026,deepguess/Isobar-1,deepguess,Hugging Face,foundation_models,model,,,https://huggingface.co/deepguess/Isobar-1,,,Hugging Face,"transformers, safetensors, qwen3_5, image-text-to-text, weather, meteorology, radar, sounding, satellite, vision-language-model, qwen, isobar, conversational",huggingface_model,Hugging Face · 3 downloads · 0 likes · image-text-to-text,,,,Weights,https://huggingface.co/deepguess/Isobar-1,
hf0050,2025,ismatsamadov/crop_desease_detection,ismatsamadov,Hugging Face,foundation_models,model,,,https://huggingface.co/ismatsamadov/crop_desease_detection,,,Hugging Face,"ultralytics, object-detection, computer-vision, yolo, yolov8, tree-disease, aerial-imagery, precision-agriculture, en",huggingface_model,Hugging Face · 1 downloads · 0 likes · object-detection,,,,Weights,https://huggingface.co/ismatsamadov/crop_desease_detection,
hf0051,2023,ibm-nasa-geospatial/Prithvi-EO-1.0-100M-burn-scar,ibm-nasa-geospatial,Hugging Face,foundation_models,model,,,https://huggingface.co/ibm-nasa-geospatial/Prithvi-EO-1.0-100M-burn-scar,,,Hugging Face,"terratorch, Pytorch, mmsegmentation, segmentation, burn scars, Geospatial, Foundation model, image-segmentation, en",huggingface_model,Hugging Face · 1 downloads · 30 likes · image-segmentation,,,,Weights,https://huggingface.co/ibm-nasa-geospatial/Prithvi-EO-1.0-100M-burn-scar,
hf0052,2026,harshithkethavath/MarsDEMNet,harshithkethavath,Hugging Face,foundation_models,model,,,https://huggingface.co/harshithkethavath/MarsDEMNet,,,Hugging Face,"pytorch, computer-vision, remote-sensing, mars, dem-prediction, u-net, multi-task-learning",huggingface_model,Hugging Face · 0 downloads · 0 likes,,,,Weights,https://huggingface.co/harshithkethavath/MarsDEMNet,
hf0053,2026,rahuldshetty/satellite-omni-lisa,rahuldshetty,Hugging Face,foundation_models,model,,2308.00692,https://huggingface.co/rahuldshetty/satellite-omni-lisa,https://arxiv.org/pdf/2308.00692,,Hugging Face,"safetensors, satellite, remote-sensing, segmentation, multimodal, vision-language, LISA, image-generation, image-text-to-text",huggingface_model,Hugging Face · 0 downloads · 0 likes · image-text-to-text,,,https://arxiv.org/abs/2308.00692,Weights,https://huggingface.co/rahuldshetty/satellite-omni-lisa,
hf0054,2026,Mirali33/MOMO,Mirali33,Hugging Face,foundation_models,model,,2604.02719,https://huggingface.co/Mirali33/MOMO,https://arxiv.org/pdf/2604.02719,,Hugging Face,"mars, remote-sensing, vision-transformer, foundation-model, model-merging, planetary-science",huggingface_model,Hugging Face · 0 downloads · 0 likes,,,https://arxiv.org/abs/2604.02719,Weights,https://huggingface.co/Mirali33/MOMO,
hf0055,2026,sillescas/deepforest-dehesa-quercus,sillescas,Hugging Face,foundation_models,model,,,https://huggingface.co/sillescas/deepforest-dehesa-quercus,,,Hugging Face,"deepforest, tree-detection, disease-detection, retinanet, resnet, remote-sensing, dehesa, quercus, en",huggingface_model,Hugging Face · 0 downloads · 0 likes,,,,Weights,https://huggingface.co/sillescas/deepforest-dehesa-quercus,
hf0056,2026,earthroverprogram/soilformer,earthroverprogram,Hugging Face,foundation_models,model,,2605.04323,https://huggingface.co/earthroverprogram/soilformer,https://arxiv.org/pdf/2605.04323,,Hugging Face,"pytorch, safetensors, soil, soil-science, earth-science, environmental-science, multimodal, tabular, transformer, representation-learning, masked-feature-modeling, remote-sensing, europe, en",huggingface_model,Hugging Face · 0 downloads · 0 likes,,,https://arxiv.org/abs/2605.04323,Weights,https://huggingface.co/earthroverprogram/soilformer,
hf0057,2026,dineth18/Mamba-Segmentation,dineth18,Hugging Face,foundation_models,model,,,https://huggingface.co/dineth18/Mamba-Segmentation,,,Hugging Face,"remote-sensing, semantic-segmentation, mamba, state-space-model, vmamba, mambavision, spatial-mamba, pytorch, benchmark, loveda, isprs-potsdam, domain-adaptation, image-segmentation, en",huggingface_model,Hugging Face · 0 downloads · 0 likes · image-segmentation,,,,Weights,https://huggingface.co/dineth18/Mamba-Segmentation,
hf0058,2026,Raidenop/solar-panels-rtdetr,Raidenop,Hugging Face,foundation_models,model,,2304.08069,https://huggingface.co/Raidenop/solar-panels-rtdetr,https://arxiv.org/pdf/2304.08069,,Hugging Face,"object-detection, solar-panels, rt-detr, computer-vision, remote-sensing, ml-intern",huggingface_model,Hugging Face · 0 downloads · 0 likes · object-detection,,,https://arxiv.org/abs/2304.08069,Weights,https://huggingface.co/Raidenop/solar-panels-rtdetr,
hf0059,2026,zocar5807/sar-mining-detector,zocar5807,Hugging Face,foundation_models,model,,,https://huggingface.co/zocar5807/sar-mining-detector,,,Hugging Face,"earthengine, remote-sensing, sar, sentinel-1, illegal-mining, environmental-monitoring, amazon, colombia, gold-mining, mercury-contamination, image-segmentation, es",huggingface_model,Hugging Face · 0 downloads · 0 likes · image-segmentation,,,,Weights,https://huggingface.co/zocar5807/sar-mining-detector,
hf0060,2026,Governor6191/sar-flood-extent-unet-resnet34,Governor6191,Hugging Face,foundation_models,model,,,https://huggingface.co/Governor6191/sar-flood-extent-unet-resnet34,,,Hugging Face,"pytorch, segmentation, remote-sensing, sar, sentinel-1, flood-mapping, unet, image-segmentation",huggingface_model,Hugging Face · 0 downloads · 1 likes · image-segmentation,,,,Weights,https://huggingface.co/Governor6191/sar-flood-extent-unet-resnet34,
hf0061,2026,zmgul/few-shot-woodland-segmentation,zmgul,Hugging Face,foundation_models,model,,,https://huggingface.co/zmgul/few-shot-woodland-segmentation,,,Hugging Face,"pytorch, few-shot-learning, semantic-segmentation, remote-sensing, aerial-imagery, prototypical-networks, landcover-ai, image-segmentation, en",huggingface_model,Hugging Face · 0 downloads · 0 likes · image-segmentation,,,,Weights,https://huggingface.co/zmgul/few-shot-woodland-segmentation,
hf0062,2026,kostaspic/AMFITRITE-Sentinel2-HAB-Universal-ResNet18,kostaspic,Hugging Face,foundation_models,model,,,https://huggingface.co/kostaspic/AMFITRITE-Sentinel2-HAB-Universal-ResNet18,,,Hugging Face,"earth-observation, remote-sensing, sentinel-2, water-quality, harmful-algal-blooms, environmental, edge-ai, image-classification",huggingface_model,Hugging Face · 0 downloads · 0 likes · image-classification,,,,Weights,https://huggingface.co/kostaspic/AMFITRITE-Sentinel2-HAB-Universal-ResNet18,
hf0063,2026,JorjoPM/geospotter-convnext-resisc45,JorjoPM,Hugging Face,foundation_models,model,,,https://huggingface.co/JorjoPM/geospotter-convnext-resisc45,,,Hugging Face,"fastai, image-classification, satellite, remote-sensing, convnext",huggingface_model,Hugging Face · 0 downloads · 0 likes · image-classification,,,,Weights,https://huggingface.co/JorjoPM/geospotter-convnext-resisc45,
hf0064,2026,Amandeep10/pretrain-where-SatMAE-weights,Amandeep10,Hugging Face,foundation_models,model,,2207.08051,https://huggingface.co/Amandeep10/pretrain-where-SatMAE-weights,https://arxiv.org/pdf/2207.08051,,Hugging Face,"remote-sensing, SatMAE, pretrained, geospatial, feature-extraction",huggingface_model,Hugging Face · 0 downloads · 0 likes · feature-extraction,,,https://arxiv.org/abs/2207.08051,Weights,https://huggingface.co/Amandeep10/pretrain-where-SatMAE-weights,
hf0065,2026,JorjoPM/geospotter-convnext-weights,JorjoPM,Hugging Face,foundation_models,model,,,https://huggingface.co/JorjoPM/geospotter-convnext-weights,,,Hugging Face,"timm, image-classification, satellite, remote-sensing, convnext, torch, es",huggingface_model,Hugging Face · 0 downloads · 0 likes · image-classification,,,,Weights,https://huggingface.co/JorjoPM/geospotter-convnext-weights,
hf0066,2026,xmpuspus/leaves-ph,xmpuspus,Hugging Face,foundation_models,model,,,https://huggingface.co/xmpuspus/leaves-ph,,,Hugging Face,"sklearn, joblib, remote-sensing, tree-canopy, sentinel-2, philippines, metro-manila, civic-technology, tabular-classification",huggingface_model,Hugging Face · 0 downloads · 0 likes · tabular-classification,,,,Weights,https://huggingface.co/xmpuspus/leaves-ph,
hf0067,2026,kreyesp/beavercube-cloud-segmentation,kreyesp,Hugging Face,foundation_models,model,,,https://huggingface.co/kreyesp/beavercube-cloud-segmentation,,,Hugging Face,"image-segmentation, satellite-imagery, cloud-detection, cubesat, beavercube",huggingface_model,Hugging Face · 0 downloads · 0 likes · image-segmentation,,,,Weights,https://huggingface.co/kreyesp/beavercube-cloud-segmentation,
hf0068,2025,martinkorelic/dpr-zoo-models,martinkorelic,Hugging Face,foundation_models,model,,,https://huggingface.co/martinkorelic/dpr-zoo-models,,,Hugging Face,"sentinel2, vision, remote, sensing, satellite, image-segmentation",huggingface_model,Hugging Face · 0 downloads · 1 likes · image-segmentation,,,,Weights,https://huggingface.co/martinkorelic/dpr-zoo-models,
hf0069,2025,rayh/astro-seg,rayh,Hugging Face,foundation_models,model,,,https://huggingface.co/rayh/astro-seg,,,Hugging Face,"ultralytics, pytorch, yolo, yolo11, image-segmentation, deep-learning, satellite, rso-detection, custom_code",huggingface_model,Hugging Face · 0 downloads · 0 likes · image-segmentation,,,,Weights,https://huggingface.co/rayh/astro-seg,
hf0070,2025,azeddinShr/qwen2-vl-weather-dora,azeddinShr,Hugging Face,foundation_models,model,,,https://huggingface.co/azeddinShr/qwen2-vl-weather-dora,,,Hugging Face,"safetensors, qwen2-vl, weather, satellite, morocco, meteorology, dora, fine-tuned",huggingface_model,Hugging Face · 0 downloads · 0 likes,,,,Weights,https://huggingface.co/azeddinShr/qwen2-vl-weather-dora,
hf0071,2025,azeddinShr/qwen2-vl-weather-adalora,azeddinShr,Hugging Face,foundation_models,model,,,https://huggingface.co/azeddinShr/qwen2-vl-weather-adalora,,,Hugging Face,"safetensors, qwen2-vl, weather, satellite, morocco, meteorology, adalora, fine-tuned",huggingface_model,Hugging Face · 0 downloads · 0 likes,,,,Weights,https://huggingface.co/azeddinShr/qwen2-vl-weather-adalora,
hf0072,2025,azeddinShr/llava-onevision-weather-dora,azeddinShr,Hugging Face,foundation_models,model,,,https://huggingface.co/azeddinShr/llava-onevision-weather-dora,,,Hugging Face,"safetensors, llava, llava-onevision, weather, satellite, morocco, meteorology, dora, fine-tuned",huggingface_model,Hugging Face · 0 downloads · 0 likes,,,,Weights,https://huggingface.co/azeddinShr/llava-onevision-weather-dora,
hf0073,2025,azeddinShr/llava-onevision-weather-adalora,azeddinShr,Hugging Face,foundation_models,model,,,https://huggingface.co/azeddinShr/llava-onevision-weather-adalora,,,Hugging Face,"safetensors, llava, llava-onevision, weather, satellite, morocco, meteorology, adalora, fine-tuned",huggingface_model,Hugging Face · 0 downloads · 0 likes,,,,Weights,https://huggingface.co/azeddinShr/llava-onevision-weather-adalora,
hf0074,2025,azeddinShr/llava-onevision-weather-qlora,azeddinShr,Hugging Face,foundation_models,model,,,https://huggingface.co/azeddinShr/llava-onevision-weather-qlora,,,Hugging Face,"safetensors, llava, llava-onevision, weather, satellite, morocco, meteorology, qlora, fine-tuned",huggingface_model,Hugging Face · 0 downloads · 0 likes,,,,Weights,https://huggingface.co/azeddinShr/llava-onevision-weather-qlora,
hf0075,2025,paph3285/geoCLIP-tiny-resisc45,paph3285,Hugging Face,foundation_models,model,,,https://huggingface.co/paph3285/geoCLIP-tiny-resisc45,,,Hugging Face,"transformers, clip, satellite, geolocation, resisc45",huggingface_model,Hugging Face · 0 downloads · 0 likes,,,,Weights,https://huggingface.co/paph3285/geoCLIP-tiny-resisc45,
hf0076,2025,adityakadam7/wildguard-rf-fire-model,adityakadam7,Hugging Face,foundation_models,model,,,https://huggingface.co/adityakadam7/wildguard-rf-fire-model,,,Hugging Face,"joblib, wildfire, random-forest, satellite, climate, nasa-firms",huggingface_model,Hugging Face · 0 downloads · 0 likes,,,,Weights,https://huggingface.co/adityakadam7/wildguard-rf-fire-model,
hf0077,2026,naturecodeproject/mangrove,naturecodeproject,Hugging Face,foundation_models,model,,,https://huggingface.co/naturecodeproject/mangrove,,,Hugging Face,"transformers, safetensors, qwen3, text-generation, mangrove, blue-carbon, climate, satellite, multimodal, environmental-ai, conversational, en, text-generation-inference",huggingface_model,Hugging Face · 0 downloads · 0 likes · text-generation,,,,Weights,https://huggingface.co/naturecodeproject/mangrove,
hf0078,2026,BiliSakura/DiffusionSat-SR-Texas-256,BiliSakura,Hugging Face,foundation_models,model,,,https://huggingface.co/BiliSakura/DiffusionSat-SR-Texas-256,,,Hugging Face,"diffusers, safetensors, satellite, controlnet, text-to-image, en, diffusers:DiffusionSatPipeline",huggingface_model,Hugging Face · 0 downloads · 0 likes · text-to-image,,,,Weights,https://huggingface.co/BiliSakura/DiffusionSat-SR-Texas-256,
hf0079,2026,sumin1ee/resilientmap-stage1-pixelgate-oldsplit,sumin1ee,Hugging Face,foundation_models,model,,,https://huggingface.co/sumin1ee/resilientmap-stage1-pixelgate-oldsplit,,,Hugging Face,"tensorboard, autonomous-driving, hd-map, bev-perception, nuscenes, multi-modal-fusion, satellite",huggingface_model,Hugging Face · 0 downloads · 0 likes,,,,Weights,https://huggingface.co/sumin1ee/resilientmap-stage1-pixelgate-oldsplit,
hf0080,2025,mahdin75/awebgis-tiny,mahdin75,Hugging Face,foundation_models,model,,2508.04846,https://huggingface.co/mahdin75/awebgis-tiny,https://arxiv.org/pdf/2508.04846,,Hugging Face,"onnx, t5, geospatial, gis, natural-language-processing, sequence-to-sequence, function-calling, awebgis, text-generation",huggingface_model,Hugging Face · 0 downloads · 0 likes · text-generation,,,https://arxiv.org/abs/2508.04846,Weights,https://huggingface.co/mahdin75/awebgis-tiny,
hf0081,2025,mahdin75/awebgis-mini,mahdin75,Hugging Face,foundation_models,model,,2508.04846,https://huggingface.co/mahdin75/awebgis-mini,https://arxiv.org/pdf/2508.04846,,Hugging Face,"onnx, t5, geospatial, gis, natural-language-processing, sequence-to-sequence, function-calling, awebgis, text-generation",huggingface_model,Hugging Face · 0 downloads · 0 likes · text-generation,,,https://arxiv.org/abs/2508.04846,Weights,https://huggingface.co/mahdin75/awebgis-mini,
hf0082,2025,mahdin75/awebgis-small,mahdin75,Hugging Face,foundation_models,model,,2508.04846,https://huggingface.co/mahdin75/awebgis-small,https://arxiv.org/pdf/2508.04846,,Hugging Face,"onnx, t5, geospatial, gis, natural-language-processing, sequence-to-sequence, function-calling, awebgis, text-generation",huggingface_model,Hugging Face · 0 downloads · 0 likes · text-generation,,,https://arxiv.org/abs/2508.04846,Weights,https://huggingface.co/mahdin75/awebgis-small,
hf0083,2026,josephgoksu/osprey-narrator-v0.1,josephgoksu,Hugging Face,foundation_models,model,,,https://huggingface.co/josephgoksu/osprey-narrator-v0.1,,,Hugging Face,"peft, safetensors, lora, compliance, aml, sar, narrative-generation, osprey, fine-tuned, qwen3, unsloth, text-generation, conversational, en",huggingface_model,Hugging Face · 0 downloads · 0 likes · text-generation,,,,Weights,https://huggingface.co/josephgoksu/osprey-narrator-v0.1,
hf0084,2026,ilessio-aiflowlab/DEF-sariad,ilessio-aiflowlab,Hugging Face,foundation_models,model,,2504.08115,https://huggingface.co/ilessio-aiflowlab/DEF-sariad,https://arxiv.org/pdf/2504.08115,,Hugging Face,"pytorch, onnx, safetensors, sar, anomaly-detection, defense, cuda, dinov2, thermal, anima, tensorrt, image-classification",huggingface_model,Hugging Face · 0 downloads · 0 likes · image-classification,,,https://arxiv.org/abs/2504.08115,Weights,https://huggingface.co/ilessio-aiflowlab/DEF-sariad,
hf0085,2025,artur-muratov/mst-plus-plus-apples-hsi,artur-muratov,Hugging Face,foundation_models,model,,,https://huggingface.co/artur-muratov/mst-plus-plus-apples-hsi,,,Hugging Face,"pytorch, mst-plus-plus, hyperspectral, apples",huggingface_model,Hugging Face · 0 downloads · 0 likes,,,,Weights,https://huggingface.co/artur-muratov/mst-plus-plus-apples-hsi,
hf0086,2026,BiliSakura/HSIGene,BiliSakura,Hugging Face,foundation_models,model,,2409.12470,https://huggingface.co/BiliSakura/HSIGene,https://arxiv.org/pdf/2409.12470,,Hugging Face,"diffusers, safetensors, hsigene, hyperspectral, latent-diffusion, controlnet, image-to-image, diffusers:HSIGenePipeline",huggingface_model,Hugging Face · 0 downloads · 0 likes · image-to-image,,,https://arxiv.org/abs/2409.12470,Weights,https://huggingface.co/BiliSakura/HSIGene,
hf0087,2026,cubert-gmbh/XMR_Demo_Industrial_Foreign_Object_Detection_Lentils,cubert-gmbh,Hugging Face,foundation_models,model,,,https://huggingface.co/cubert-gmbh/XMR_Demo_Industrial_Foreign_Object_Detection_Lentils,,,Hugging Face,"cuvis-ai, hyperspectral, hyperspectral-imaging, anomaly-detection, foreign-object-detection, food-safety, industrial-inspection, dinomaly, dinov2, cu3s, cubert, xmr, image-segmentation",huggingface_model,Hugging Face · 0 downloads · 0 likes · image-segmentation,,,,Weights,https://huggingface.co/cubert-gmbh/XMR_Demo_Industrial_Foreign_Object_Detection_Lentils,
hf0088,2025,jonathanvsv/Unet3D_defor,jonathanvsv,Hugging Face,foundation_models,model,,,https://huggingface.co/jonathanvsv/Unet3D_defor,,,Hugging Face,"unet, deforestation, fusion, SAR, multispectral, environment, image-classification, en",huggingface_model,Hugging Face · 0 downloads · 0 likes · image-classification,,,,Weights,https://huggingface.co/jonathanvsv/Unet3D_defor,
hf0089,2025,jonathanvsv/Unet,jonathanvsv,Hugging Face,foundation_models,model,,,https://huggingface.co/jonathanvsv/Unet,,,Hugging Face,"unet, fusion, SAR, multispectral, LULC, environment, image-classification, en",huggingface_model,Hugging Face · 0 downloads · 0 likes · image-classification,,,,Weights,https://huggingface.co/jonathanvsv/Unet,
hf0090,2026,ilessio-aiflowlab/project_ragnarok,ilessio-aiflowlab,Hugging Face,foundation_models,model,,,https://huggingface.co/ilessio-aiflowlab/project_ragnarok,,,Hugging Face,"pytorch, onnx, camouflage-detection, multispectral, segmentation, computer-vision, anima, image-segmentation",huggingface_model,Hugging Face · 0 downloads · 0 likes · image-segmentation,,,,Weights,https://huggingface.co/ilessio-aiflowlab/project_ragnarok,
hf0091,2025,jgerbscheid/mutation-classifier-swin-v1,jgerbscheid,Hugging Face,foundation_models,model,,,https://huggingface.co/jgerbscheid/mutation-classifier-swin-v1,,,Hugging Face,"aerial-imagery, mutation-classification, image-classification",huggingface_model,Hugging Face · 0 downloads · 0 likes · image-classification,,,,Weights,https://huggingface.co/jgerbscheid/mutation-classifier-swin-v1,
hf0092,2025,JavideuS/aid-image-classification,JavideuS,Hugging Face,foundation_models,model,,,https://huggingface.co/JavideuS/aid-image-classification,,,Hugging Face,"image-classification, aerial-imagery, robotics, computer-vision, en",huggingface_model,Hugging Face · 0 downloads · 0 likes · image-classification,,,,Weights,https://huggingface.co/JavideuS/aid-image-classification,
hf0093,2026,ander2221/visdrone-yolo9-preview,ander2221,Hugging Face,foundation_models,model,,,https://huggingface.co/ander2221/visdrone-yolo9-preview,,,Hugging Face,"libreyolo, onnx, yolov9, visdrone, aerial-imagery, object-detection",huggingface_model,Hugging Face · 0 downloads · 0 likes · object-detection,,,,Weights,https://huggingface.co/ander2221/visdrone-yolo9-preview,
hf0094,2026,JavideuS/skyfusion-flood-reg,JavideuS,Hugging Face,foundation_models,model,,,https://huggingface.co/JavideuS/skyfusion-flood-reg,,,Hugging Face,"object-detection, aerial-imagery, computer-vision, pytorch, en",huggingface_model,Hugging Face · 0 downloads · 0 likes · object-detection,,,,Weights,https://huggingface.co/JavideuS/skyfusion-flood-reg,
hf0095,2026,imageomics/mmla-dino-pose,imageomics,Hugging Face,foundation_models,model,,2304.07193,https://huggingface.co/imageomics/mmla-dino-pose,https://arxiv.org/pdf/2304.07193,,Hugging Face,"pytorch, biology, CV, images, animals, zebra, giraffe, pose-estimation, viewpoint-classification, dinov2, aerial-imagery, drone, en",huggingface_model,Hugging Face · 0 downloads · 0 likes,,,https://arxiv.org/abs/2304.07193,Weights,https://huggingface.co/imageomics/mmla-dino-pose,
hf0096,2024,isp-uv-es/superIX,isp-uv-es,Hugging Face,foundation_models,model,,,https://huggingface.co/isp-uv-es/superIX,,,Hugging Face,"tf-keras, onnx, Sentinel-2, sentinel2, S2, super-resolution, image-to-image, en",huggingface_model,Hugging Face · 0 downloads · 12 likes · image-to-image,,,,Weights,https://huggingface.co/isp-uv-es/superIX,
hf0097,2023,ibm-nasa-geospatial/Prithvi-EO-1.0-100M-multi-temporal-crop-classification,ibm-nasa-geospatial,Hugging Face,foundation_models,model,,,https://huggingface.co/ibm-nasa-geospatial/Prithvi-EO-1.0-100M-multi-temporal-crop-classification,,,Hugging Face,"terratorch, Pytorch, mmsegmentation, segmentation, Crop Classification, Multi Temporal, Geospatial, Foundation model, image-segmentation, en",huggingface_model,Hugging Face · 0 downloads · 51 likes · image-segmentation,,,,Weights,https://huggingface.co/ibm-nasa-geospatial/Prithvi-EO-1.0-100M-multi-temporal-crop-classification,
hf0098,2023,ibm-nasa-geospatial/Prithvi-EO-1.0-100M-sen1floods11,ibm-nasa-geospatial,Hugging Face,foundation_models,model,,,https://huggingface.co/ibm-nasa-geospatial/Prithvi-EO-1.0-100M-sen1floods11,,,Hugging Face,"terratorch, Pytorch, mmsegmentation, segmentation, Flood mapping, Sentinel-2, Geospatial, Foundation model, image-segmentation, en",huggingface_model,Hugging Face · 0 downloads · 55 likes · image-segmentation,,,,Weights,https://huggingface.co/ibm-nasa-geospatial/Prithvi-EO-1.0-100M-sen1floods11,
hf0099,2024,wherobots/mlm-stac,wherobots,Hugging Face,foundation_models,model,,,https://huggingface.co/wherobots/mlm-stac,,,Hugging Face,en,huggingface_model,Hugging Face · 0 downloads · 7 likes,,,,Weights,https://huggingface.co/wherobots/mlm-stac,
hf0100,2025,wherobots/ftw-v1.1-pt2,wherobots,Hugging Face,foundation_models,model,,,https://huggingface.co/wherobots/ftw-v1.1-pt2,,,Hugging Face,,huggingface_model,Hugging Face · 0 downloads · 0 likes,,,,Weights,https://huggingface.co/wherobots/ftw-v1.1-pt2,
hf0101,2025,wherobots/ftw-1.0-mlm,wherobots,Hugging Face,foundation_models,model,,,https://huggingface.co/wherobots/ftw-1.0-mlm,,,Hugging Face,,huggingface_model,Hugging Face · 0 downloads · 0 likes,,,,Weights,https://huggingface.co/wherobots/ftw-1.0-mlm,
hf0102,2025,wherobots/tile2net-pt2,wherobots,Hugging Face,foundation_models,model,,,https://huggingface.co/wherobots/tile2net-pt2,,,Hugging Face,,huggingface_model,Hugging Face · 0 downloads · 0 likes,,,,Weights,https://huggingface.co/wherobots/tile2net-pt2,
hf0103,2025,wherobots/chesapeakersc-pt2,wherobots,Hugging Face,foundation_models,model,,,https://huggingface.co/wherobots/chesapeakersc-pt2,,,Hugging Face,,huggingface_model,Hugging Face · 0 downloads · 0 likes,,,,Weights,https://huggingface.co/wherobots/chesapeakersc-pt2,
hf0104,2025,wherobots/meta-chm-v1-pt2,wherobots,Hugging Face,foundation_models,model,,,https://huggingface.co/wherobots/meta-chm-v1-pt2,,,Hugging Face,,huggingface_model,Hugging Face · 0 downloads · 0 likes,,,,Weights,https://huggingface.co/wherobots/meta-chm-v1-pt2,
hf0105,2025,wherobots/olmo-earth-v1-pt2,wherobots,Hugging Face,foundation_models,model,,,https://huggingface.co/wherobots/olmo-earth-v1-pt2,,,Hugging Face,,huggingface_model,Hugging Face · 0 downloads · 0 likes,,,,Weights,https://huggingface.co/wherobots/olmo-earth-v1-pt2,
hf0106,2025,wherobots/prue-pt2,wherobots,Hugging Face,foundation_models,model,,,https://huggingface.co/wherobots/prue-pt2,,,Hugging Face,,huggingface_model,Hugging Face · 0 downloads · 0 likes,,,,Weights,https://huggingface.co/wherobots/prue-pt2,
hf0107,2026,wherobots/sam3-text-bbox-pt2,wherobots,Hugging Face,foundation_models,model,,,https://huggingface.co/wherobots/sam3-text-bbox-pt2,,,Hugging Face,,huggingface_model,Hugging Face · 0 downloads · 0 likes,,,,Weights,https://huggingface.co/wherobots/sam3-text-bbox-pt2,
hf0108,2026,wherobots/sam3-text-geometry-pt2,wherobots,Hugging Face,foundation_models,model,,,https://huggingface.co/wherobots/sam3-text-geometry-pt2,,,Hugging Face,,huggingface_model,Hugging Face · 0 downloads · 0 likes,,,,Weights,https://huggingface.co/wherobots/sam3-text-geometry-pt2,
hf0109,2025,made-with-clay/Clay-legacy,made-with-clay,Hugging Face,foundation_models,model,,,https://huggingface.co/made-with-clay/Clay-legacy,,,Hugging Face,onnx,huggingface_model,Hugging Face · 0 downloads · 0 likes,,,,Weights,https://huggingface.co/made-with-clay/Clay-legacy,
gh0001,2024,torchgeo/terratorch,torchgeo,GitHub,foundation_models,code,,,https://github.com/torchgeo/terratorch,,,GitHub,"ai4good, ai4science, computer-vision, deep-learning, earth-observation, foundation-models, geospatial, solar-physics, weather-models",github_repo,GitHub · 812 stars · Python · A Python toolkit for fine-tuning Geospatial Foundation Models (GFMs).,,,,Code,https://github.com/torchgeo/terratorch,
gh0002,2022,ViTAE-Transformer/ViTAE-Transformer-Remote-Sensing,ViTAE-Transformer,GitHub,foundation_models,code,,,https://github.com/ViTAE-Transformer/ViTAE-Transformer-Remote-Sensing,,,GitHub,"change-detection, classification, deep-learning, object-detection, remote-sensing, self-supervised-learning, semantic-segmentation, transfer-learning, vision-transformer",github_repo,"GitHub · 485 stars · TeX · A comprehensive list [SAMRS@NeurIPS'23, RVSA@TGRS'22, RSP@TGRS'22] of our research works related to remote sensing, incl",,,,Code,https://github.com/ViTAE-Transformer/ViTAE-Transformer-Remote-Sensing,
gh0003,2024,VMarsocci/pangaea-bench,VMarsocci,GitHub,foundation_models,code,,,https://github.com/VMarsocci/pangaea-bench,,,GitHub,,github_repo,GitHub · 271 stars · Python · Towards Robust Evaluation for Geospatial Foundation Models,,,,Code,https://github.com/VMarsocci/pangaea-bench,
gh0004,2024,VisionXLab/CrossEarth,VisionXLab,GitHub,foundation_models,code,,,https://github.com/VisionXLab/CrossEarth,,,GitHub,,github_repo,GitHub · 187 stars · Python · [TPAMI 2025] CrossEarth: Geospatial Vision Foundation Model for Cross-Domain Generalization in Remote Sensing Semantic S,,,,Code,https://github.com/VisionXLab/CrossEarth,
gh0005,2020,ESA-PhiLab/iris,ESA-PhiLab,GitHub,foundation_models,code,,,https://github.com/ESA-PhiLab/iris,,,GitHub,"annotation-tool, deep-learning, earth-observation, human-in-the-loop, image, image-labelling-tool, machine-learning, python, remote-sensing, satellite-imagery, segmentation",github_repo,GitHub · 163 stars · JavaScript · Semi-automatic tool for manual segmentation of multi-spectral and geo-spatial imagery.,,,,Code,https://github.com/ESA-PhiLab/iris,
gh0006,2021,NASA-IMPACT/marine_debris_ML,NASA-IMPACT,GitHub,foundation_models,code,,,https://github.com/NASA-IMPACT/marine_debris_ML,,,GitHub,,github_repo,GitHub · 110 stars · Python · Marine debris detection with commercial satellite imagery and deep learning.,,,,Code,https://github.com/NASA-IMPACT/marine_debris_ML,
gh0007,2023,ESA-PhiLab/PyRawS,ESA-PhiLab,GitHub,foundation_models,code,,,https://github.com/ESA-PhiLab/PyRawS,,,GitHub,"detection, onboard-computer, sentinel, wildfires",github_repo,GitHub · 92 stars · Jupyter Notebook · Python for Raw Sentinel-2 data (PyRawS) is an open-source software providing utilities to open and process Sentinel 2 RA,,,,Code,https://github.com/ESA-PhiLab/PyRawS,
gh0008,2025,aws-samples/sample-geospatial-foundation-models-on-aws,aws-samples,GitHub,foundation_models,code,,,https://github.com/aws-samples/sample-geospatial-foundation-models-on-aws,,,GitHub,,github_repo,"GitHub · 76 stars · Python · Leverage Geospatial Foundation Models (GeoFMs) on AWS for earth-scale ecosystem monitoring — featuring semantic search, ",,,,Code,https://github.com/aws-samples/sample-geospatial-foundation-models-on-aws,
gh0009,2025,KyanChen/RSRefSeg,KyanChen,GitHub,foundation_models,code,,,https://github.com/KyanChen/RSRefSeg,,,GitHub,,github_repo,"GitHub · 75 stars · Python · This is the pytorch implement of the paper ""RSRefSeg: Referring Remote Sensing Image Segmentation with Foundation Models",,,,Code,https://github.com/KyanChen/RSRefSeg,
gh0010,2024,IRIP-BUAA/A-Survey-on-Remote-Sensing-Foundation-Models-From-Vision-to-Multimodality,IRIP-BUAA,GitHub,foundation_models,code,,,https://github.com/IRIP-BUAA/A-Survey-on-Remote-Sensing-Foundation-Models-From-Vision-to-Multimodality,,,GitHub,,github_repo,GitHub · 68 stars · A review for remote sensing vision language models,,,,Code,https://github.com/IRIP-BUAA/A-Survey-on-Remote-Sensing-Foundation-Models-From-Vision-to-Multimodality,
gh0011,2020,radiantearth/crop-type-detection-ICLR-2020,radiantearth,GitHub,foundation_models,code,,,https://github.com/radiantearth/crop-type-detection-ICLR-2020,,,GitHub,"crop-classification, earth-observations, machine-learning, satellite-imagery",github_repo,"GitHub · 68 stars · Jupyter Notebook · Winning Solutions from Crop Type Detection Competition at CV4A workshop, ICLR 2020",,,,Code,https://github.com/radiantearth/crop-type-detection-ICLR-2020,
gh0012,2026,ChenHongruixuan/AnyDisasterMapping,ChenHongruixuan,GitHub,foundation_models,code,,,https://github.com/ChenHongruixuan/AnyDisasterMapping,,,GitHub,"benchmark-suite, deep-learning, disaster-response, earth-observation, earthquakes, flood-detection, foundation-model, landslide, machie-learning, object-detection, post-disaster-assessment, pytorch, remote-sensing, semantic-segmentation",github_repo,"GitHub · 58 stars · Python · Code Repo for Earth Observation for Disaster Mapping: Benchmarks, Methods, Challenges and Future Perspectives",,,,Code,https://github.com/ChenHongruixuan/AnyDisasterMapping,
gh0013,2018,ESA-PhiLab/NGVEO,ESA-PhiLab,GitHub,foundation_models,code,,,https://github.com/ESA-PhiLab/NGVEO,,,GitHub,,github_repo,GitHub · 54 stars · Python · Deep learning for Earth Observation,,,,Code,https://github.com/ESA-PhiLab/NGVEO,
gh0014,2024,IBM/remote-sensing-image-retrieval,IBM,GitHub,foundation_models,code,,,https://github.com/IBM/remote-sensing-image-retrieval,,,GitHub,,github_repo,GitHub · 51 stars · Python · Multi-Spectral Remote Sensing Image Retrieval using Geospatial Foundation Models,,,,Code,https://github.com/IBM/remote-sensing-image-retrieval,
gh0015,2025,mmmll23/GeoSA-BaSA,mmmll23,GitHub,foundation_models,code,,,https://github.com/mmmll23/GeoSA-BaSA,,,GitHub,,github_repo,"GitHub · 40 stars · Python · Domain Generalization for Semantic Segmentation of Remote Sensing Images via Vision Foundation Model Fine-tuning, isprs,",,,,Code,https://github.com/mmmll23/GeoSA-BaSA,
gh0016,2019,ESA-PhiLab/eo4ai,ESA-PhiLab,GitHub,foundation_models,code,,,https://github.com/ESA-PhiLab/eo4ai,,,GitHub,,github_repo,GitHub · 39 stars · Python · Earth Observation dataset preprocessing tools for Deep Learning,,,,Code,https://github.com/ESA-PhiLab/eo4ai,
gh0017,2025,WanderRainy/MaRS,WanderRainy,GitHub,foundation_models,code,,,https://github.com/WanderRainy/MaRS,,,GitHub,,github_repo,GitHub · 34 stars · Python · AAAI26 | MaRS: A Multi-Modality Very-High-Resolution Remote Sensing Foundation Model with Cross-Granularity Meta-Modalit,,,,Code,https://github.com/WanderRainy/MaRS,
gh0018,2025,GeoDS/GeoFM-TopologicalRelations,GeoDS,GitHub,foundation_models,code,,,https://github.com/GeoDS/GeoFM-TopologicalRelations,,,GitHub,,github_repo,GitHub · 32 stars · Jupyter Notebook · Foundation Models for Geospatial Reasoning: Assessing the Capabilities of Large Language Models in Understanding Geometr,,,,Code,https://github.com/GeoDS/GeoFM-TopologicalRelations,
gh0019,2026,limi124/remote_sensing_dl_notes,limi124,GitHub,foundation_models,code,,,https://github.com/limi124/remote_sensing_dl_notes,,,GitHub,,github_repo,"GitHub · 28 stars · Jupyter Notebook · This project organizes notes, notebooks, algorithm explanations, and hands-on projects from deep learning fundamentals t",,,,Code,https://github.com/limi124/remote_sensing_dl_notes,
gh0020,2025,IBM/peft-geofm,IBM,GitHub,foundation_models,code,,,https://github.com/IBM/peft-geofm,,,GitHub,,github_repo,GitHub · 28 stars · Python · Parameter-Efficient Fine-Tuning for Geospatial Foundation Models,,,,Code,https://github.com/IBM/peft-geofm,
gh0021,2023,HSG-AIML/IGARSS2023_EfficientDeepLearningEO,HSG-AIML,GitHub,foundation_models,code,,,https://github.com/HSG-AIML/IGARSS2023_EfficientDeepLearningEO,,,GitHub,"deep-learning, earth-observation, machine-learning, multi-modal, multi-task-learning, remote-sensing, self-supervised-learning",github_repo,"GitHub · 27 stars · Jupyter Notebook · Course materials for the IGARSS 2023 Tutorial ""Efficient Deep Learning for Earth Observation""",,,,Code,https://github.com/HSG-AIML/IGARSS2023_EfficientDeepLearningEO,
gh0022,2026,kerner-lab/earthshift,kerner-lab,GitHub,foundation_models,code,,,https://github.com/kerner-lab/earthshift,,,GitHub,,github_repo,GitHub · 27 stars · Python · Code repository for EarthShift: Benchmarking the robustness of geospatial foundation models (GFMs) to realistic distribu,,,,Code,https://github.com/kerner-lab/earthshift,
gh0023,2025,YuxiangZhang-BIT/SpectralX,YuxiangZhang-BIT,GitHub,foundation_models,code,,,https://github.com/YuxiangZhang-BIT/SpectralX,,,GitHub,,github_repo,GitHub · 23 stars · SpectralX: Parameter-efficient Domain Generalization for Spectral Remote Sensing Foundation Models,,,,Code,https://github.com/YuxiangZhang-BIT/SpectralX,
gh0024,2022,radiantearth/model_ecaas_agrifieldnet_gold,radiantearth,GitHub,foundation_models,code,,,https://github.com/radiantearth/model_ecaas_agrifieldnet_gold,,,GitHub,"earth-observation, gradient-boosting, machine-learning, unet",github_repo,GitHub · 21 stars · Python · AgriFieldNet Model for Crop Detection from Satellite Imagery,,,,Code,https://github.com/radiantearth/model_ecaas_agrifieldnet_gold,
gh0025,2026,MaramAI/GeoMeld,MaramAI,GitHub,foundation_models,code,,,https://github.com/MaramAI/GeoMeld,,,GitHub,,github_repo,GitHub · 20 stars · Dataset for building foundation models in Remote Sensing,,,,Code,https://github.com/MaramAI/GeoMeld,
gh0026,2020,stevinc/TheColorOutOfSpace,stevinc,GitHub,foundation_models,code,,,https://github.com/stevinc/TheColorOutOfSpace,,,GitHub,"autoencoder, colorization, disease-prediction, earth-observation-imagery, feature-extraction, landcover-classification, multilabel-classification, pretrained-models, remote-sensing, resnet, satellite-imagery, self-supervised-learning, sentinel-2, west-nile-virus",github_repo,"GitHub · 18 stars · Python · Pytorch code for the paper ""The color out of space: learning self-supervised representations for Earth Observation image",,,,Code,https://github.com/stevinc/TheColorOutOfSpace,
gh0027,2025,geobreeze/geobreeze,geobreeze,GitHub,foundation_models,code,,,https://github.com/geobreeze/geobreeze,,,GitHub,,github_repo,"GitHub · 13 stars · Python · Geobreeze: Simple, Fast, and Flexible Evaluation of Remote Sensing Foundation Models",,,,Code,https://github.com/geobreeze/geobreeze,
gh0028,2025,ptdoge/LREA,ptdoge,GitHub,foundation_models,code,,,https://github.com/ptdoge/LREA,,,GitHub,,github_repo,GitHub · 13 stars · Exploring Generalizable Remote Sensing Change Detection via Low-Rank Exchange Adaptation of Vision Foundation Model (AAA,,,,Code,https://github.com/ptdoge/LREA,
gh0029,2026,danfenghong/IEEE_TGRS_Fleximo,danfenghong,GitHub,foundation_models,code,,,https://github.com/danfenghong/IEEE_TGRS_Fleximo,,,GitHub,,github_repo,"GitHub · 13 stars · Python · Li, X., Li, C., Ghamisi, P., Hong, D., Benediktsson, J., Chanussot, J. (2026). FlexiMo: A Flexible Remote Sensing Founda",,,,Code,https://github.com/danfenghong/IEEE_TGRS_Fleximo,
gh0030,2022,Pangoraw/GeoSSL,Pangoraw,GitHub,foundation_models,code,,,https://github.com/Pangoraw/GeoSSL,,,GitHub,"remote-sensing, self-supervised-learning",github_repo,"GitHub · 12 stars · Python · 🌍 Code accompanying the article ""Self-Supervised Learning for Scene Classification in Remote Sensing: current State of t",,,,Code,https://github.com/Pangoraw/GeoSSL,
gh0031,2020,jiankang1991/SauMoCo,jiankang1991,GitHub,foundation_models,code,,,https://github.com/jiankang1991/SauMoCo,,,GitHub,"deep-learning, momentum-contrast, remote-sensing, self-supervised-learning, unsupervised-learning",github_repo,GitHub · 12 stars · Python · codes for TGRS paper: Deep Unsupervised Embedding for Remotely Sensed Images Based on Spatially Augmented Momentum Contr,,,,Code,https://github.com/jiankang1991/SauMoCo,
gh0032,2025,witra/ModularGeoFM,witra,GitHub,foundation_models,code,,,https://github.com/witra/ModularGeoFM,,,GitHub,,github_repo,"GitHub · 12 stars · Python · Modular components, data pipelines, and experiments for applying foundation models to geospatial (EO) data — early explo",,,,Code,https://github.com/witra/ModularGeoFM,
gh0033,2024,Benyaminhosseiny/NSDL4EO,Benyaminhosseiny,GitHub,foundation_models,code,,,https://github.com/Benyaminhosseiny/NSDL4EO,,,GitHub,"ai, computer-vision, deep-learning, earth-observation, ieee, image-processing, machine-learning, non-supervised-learning, remote-sensing, self-supervised-learning, semi-supervised-learning, transfer-learning, unsupervised-learning, weakly-supervised-learning",github_repo,GitHub · 11 stars · A database of over 500 published papers on Earth Observation with Remote Sensing data using Non-Supervised Deep Learning,,,,Code,https://github.com/Benyaminhosseiny/NSDL4EO,
gh0034,2025,StuLiu/LFMDA,StuLiu,GitHub,foundation_models,code,,,https://github.com/StuLiu/LFMDA,,,GitHub,,github_repo,"GitHub · 10 stars · Jupyter Notebook · The official implementation for ""Learning from Vision Foundation Models for Cross-domain Remote Sensing Image Segmentati",,,,Code,https://github.com/StuLiu/LFMDA,
gh0035,2026,yc-cui/LLaRS,yc-cui,GitHub,foundation_models,code,,,https://github.com/yc-cui/LLaRS,,,GitHub,"cloud-removal, computer-vision, foundation-model, image-fusion, image-restoration, multimodal, pansharpening, remote-sensing, sar, satellite-imagery, spatiotemporal-fusion, super-resolution, vision-language",github_repo,GitHub · 9 stars · Python · Multi-modal remote sensing image restoration and fusion foundation model with language prompting.,,,,Code,https://github.com/yc-cui/LLaRS,
gh0036,2023,ClarkCGA/cloud-gap-filling-td,ClarkCGA,GitHub,foundation_models,code,,,https://github.com/ClarkCGA/cloud-gap-filling-td,,,GitHub,"data-science, foundation-model, geospatial, geospatial-data, machine-learning, remote-sensing",github_repo,GitHub · 9 stars · Jupyter Notebook · Training data generation for cloud gap imputation fine-tuning of Prithvi Geospatial Foundation Model,,,,Code,https://github.com/ClarkCGA/cloud-gap-filling-td,
gh0037,2018,radiantearth/ml4gd,radiantearth,GitHub,foundation_models,code,,,https://github.com/radiantearth/ml4gd,,,GitHub,"computer-vision, machine-learning, satellite-imagery",github_repo,GitHub · 9 stars · Machine Learning for Global Development Working Group,,,,Code,https://github.com/radiantearth/ml4gd,
gh0038,2025,mburges-cvl/ICCV_AL4FM,mburges-cvl,GitHub,foundation_models,code,,,https://github.com/mburges-cvl/ICCV_AL4FM,,,GitHub,,github_repo,"GitHub · 8 stars · Jupyter Notebook · This is the repository accompanying the ""Active Learning Meets Foundation Models: Fast Remote Sensing Data Annotation fo",,,,Code,https://github.com/mburges-cvl/ICCV_AL4FM,
gh0039,2025,ESA-PhiLab/E2E-Wildfire,ESA-PhiLab,GitHub,foundation_models,code,,,https://github.com/ESA-PhiLab/E2E-Wildfire,,,GitHub,,github_repo,GitHub · 8 stars · Jupyter Notebook · End2End detection of wildfire from raw Sentinel-2 Data,,,,Code,https://github.com/ESA-PhiLab/E2E-Wildfire,
gh0040,2022,radiantearth/model_ramp_baseline,radiantearth,GitHub,foundation_models,code,,,https://github.com/radiantearth/model_ramp_baseline,,,GitHub,"earth-observation, machine-learning, tensorflow",github_repo,GitHub · 8 stars · Jupyter Notebook · Replicable AI for Microplanning (Ramp) Bootstrap Model,,,,Code,https://github.com/radiantearth/model_ramp_baseline,
gh0041,2025,h751410234/VG-DETR,h751410234,GitHub,foundation_models,code,,,https://github.com/h751410234/VG-DETR,,,GitHub,,github_repo,"GitHub · 7 stars · Python · Vision foundation model-Guided DEtection TRansformer (VG-DETR), built upon a semi-supervised framework for SFOD in remot",,,,Code,https://github.com/h751410234/VG-DETR,
gh0042,2026,OMUZ9924/terratorch-building-segmentation,OMUZ9924,GitHub,foundation_models,code,,,https://github.com/OMUZ9924/terratorch-building-segmentation,,,GitHub,"building-segmentation, deep-learning, fine-tuning, foundation-models, geoai, prithvi, pytorch, remote-sensing, sentinel-2, terratorch",github_repo,"GitHub · 7 stars · Python · Fine-tuning Geospatial Foundation Models (Prithvi, TerraMind) for building footprint segmentation from Sentinel-2 using ",,,,Code,https://github.com/OMUZ9924/terratorch-building-segmentation,
gh0043,2026,kerner-lab/pretrain-where,kerner-lab,GitHub,foundation_models,code,,,https://github.com/kerner-lab/pretrain-where,,,GitHub,,github_repo,"GitHub · 7 stars · Code repository for paper ""Pretrain Where? Investigating How Pretraining Data Diversity Impacts Geospatial Foundation Mo",,,,Code,https://github.com/kerner-lab/pretrain-where,
gh0044,2024,zhu-xlab/WSGraphCL,zhu-xlab,GitHub,foundation_models,code,,,https://github.com/zhu-xlab/WSGraphCL,,,GitHub,"artificial-intelligence, contrastive-learning, deep-learning, hyperspectral-image-classification, remote-sensing, self-supervised-learning",github_repo,"GitHub · 6 stars · Python · This repository contains the implementation of WSGraphCL, a weak-strong graph contrastive learning model designed for hy",,,,Code,https://github.com/zhu-xlab/WSGraphCL,
gh0045,2026,014-Jayal/topology-preserving-road-extraction,014-Jayal,GitHub,foundation_models,code,,,https://github.com/014-Jayal/topology-preserving-road-extraction,,,GitHub,"computer-vision, deep-learning, earth-observation, geospatial, image-segmentation, pytorch, remote-sensing, satellite-imagery, transformers, vision-transformer",github_repo,"GitHub · 6 stars · Python · Topology-preserving road extraction from satellite imagery using foundation models, designed to maintain connectivity in",,,,Code,https://github.com/014-Jayal/topology-preserving-road-extraction,
gh0046,2023,NASA-IMPACT/hls-foundation-sagemaker,NASA-IMPACT,GitHub,foundation_models,code,,,https://github.com/NASA-IMPACT/hls-foundation-sagemaker,,,GitHub,,github_repo,GitHub · 6 stars · Python · This repository demonstrates how Harmonized Landsat and Sentinel-2 (HLS) Foundation Model can be finetuned using AWS sag,,,,Code,https://github.com/NASA-IMPACT/hls-foundation-sagemaker,
gh0047,2021,radiantearth/cyclone-model-torchgeo,radiantearth,GitHub,foundation_models,code,,,https://github.com/radiantearth/cyclone-model-torchgeo,,,GitHub,"deep-learning, earth-observation, python, torchgeo, weather",github_repo,GitHub · 6 stars · Python · Tropical Cyclone Wind Estimation Model,,,,Code,https://github.com/radiantearth/cyclone-model-torchgeo,
gh0048,2025,YiguoHe/HQRS-210K-and-HQRS-CLIP,YiguoHe,GitHub,foundation_models,code,,,https://github.com/YiguoHe/HQRS-210K-and-HQRS-CLIP,,,GitHub,,github_repo,GitHub · 5 stars · Python · This is the repository of Improving Vision-Language Foundation Models for Remote Sensing via MLLMs and LLMs-Based High-Q,,,,Code,https://github.com/YiguoHe/HQRS-210K-and-HQRS-CLIP,
gh0049,2024,ZhaoYi1222/AAMAE,ZhaoYi1222,GitHub,foundation_models,code,,,https://github.com/ZhaoYi1222/AAMAE,,,GitHub,,github_repo,GitHub · 4 stars · Python · Official code for A^2-MAE: A spatial-temporal-spectral unified remote sensing foundation model based on anchor-aware mas,,,,Code,https://github.com/ZhaoYi1222/AAMAE,
gh0050,2025,zhilyzhang/OSISeg,zhilyzhang,GitHub,foundation_models,code,,,https://github.com/zhilyzhang/OSISeg,,,GitHub,,github_repo,"GitHub · 4 stars · Python · A high-quality one-shot interactive segmentation method (OSISeg) based on the fine-tuning of foundation models, tailored",,,,Code,https://github.com/zhilyzhang/OSISeg,
gh0051,2026,ASUcicilab/geofm-workshop,ASUcicilab,GitHub,foundation_models,code,,,https://github.com/ASUcicilab/geofm-workshop,,,GitHub,,github_repo,GitHub · 4 stars · Jupyter Notebook · ASU Workshop on Geospatial AI Foundation Models,,,,Code,https://github.com/ASUcicilab/geofm-workshop,
gh0052,2026,kaopanboonyuen/GISTDA-OpenAI,kaopanboonyuen,GitHub,foundation_models,code,,,https://github.com/kaopanboonyuen/GISTDA-OpenAI,,,GitHub,,github_repo,GitHub · 4 stars · HTML · National-scale Geospatial Foundation Models for Thailand.,,,,Code,https://github.com/kaopanboonyuen/GISTDA-OpenAI,
gh0053,2026,R1-AK/terramind-flood,R1-AK,GitHub,foundation_models,code,,,https://github.com/R1-AK/terramind-flood,,,GitHub,,github_repo,GitHub · 4 stars · Jupyter Notebook · Physics-aware flood mapping with TerraMind geospatial foundation model. Cross-attention DEM fusion achieves 58.3% IoU on,,,,Code,https://github.com/R1-AK/terramind-flood,
gh0054,2025,woldier/Bridge,woldier,GitHub,foundation_models,code,,,https://github.com/woldier/Bridge,,,GitHub,,github_repo,GitHub · 3 stars · Python · [TGRS 2026]  Bridge: Leveraging Vision Foundation Models for Efficient Cross-Domain Remote Sensing Segmentation,,,,Code,https://github.com/woldier/Bridge,
gh0055,2025,SHANOAL/PhenoSeg-LM,SHANOAL,GitHub,foundation_models,code,,,https://github.com/SHANOAL/PhenoSeg-LM,,,GitHub,,github_repo,"GitHub · 3 stars · The code and data of the paper ""PhenoSeg-LM: A High-Throughput Disease resistant Phenotyping Framework Based on Hyperspe",,,,Code,https://github.com/SHANOAL/PhenoSeg-LM,
gh0056,2026,geo-embeddings/geospatial-benchmarking-protocol,geo-embeddings,GitHub,foundation_models,code,,,https://github.com/geo-embeddings/geospatial-benchmarking-protocol,,,GitHub,"benchmarking, geospatial-embeddings",github_repo,"GitHub · 3 stars · TypeScript · Python package, server, and simple website for building, running, and publishing geospatial foundation model benchmarks ",,,,Code,https://github.com/geo-embeddings/geospatial-benchmarking-protocol,
gh0057,2025,mwasifanwar/agrovision-precision,mwasifanwar,GitHub,foundation_models,code,,,https://github.com/mwasifanwar/agrovision-precision,,,GitHub,"agriculture, agriculture-data, computer-vision, computer-vision-algorithms, computer-vision-opencv, drone-analytics, plant-disease-detection, precision-farming, remote-sensing, remote-sensing-classification, remote-sensing-foundation-model, remote-sensing-image, satellite-imagery, satellite-imagery-analysis",github_repo,"GitHub · 2 stars · Python · Computer vision and satellite imagery analysis for precision agriculture. Detects crop diseases, monitors soil health, p",,,,Code,https://github.com/mwasifanwar/agrovision-precision,
gh0058,2020,vladan-stojnic/split-brain-remote-sensing,vladan-stojnic,GitHub,foundation_models,code,,,https://github.com/vladan-stojnic/split-brain-remote-sensing,,,GitHub,"aerial-imagery, deep-learning, keras, machine-learning, remote-sensing, self-supervised-learning, split-brain",github_repo,GitHub · 2 stars · Shell · Custom implementation of Split brain autoencoder used for work with remote sensing images,,,,Code,https://github.com/vladan-stojnic/split-brain-remote-sensing,
gh0059,2025,vishal-n2403/Unsupervised-Domain-Adaptation-and-ViTs,vishal-n2403,GitHub,foundation_models,code,,,https://github.com/vishal-n2403/Unsupervised-Domain-Adaptation-and-ViTs,,,GitHub,"computer-vision, deep-learning, huggingface, land-cover-classification, masked-autoencoders, pytorch, remote-sensing, sar, satellite-imagery, self-supervised-learning, sentinel-1, sentinel-2, transformers, unsupervised-domain-adaptation",github_repo,GitHub · 2 stars · Python · ViT + MAE for UDA on Sentinel-1/2 (SAR/optical) land-cover classification with CORAL & DANN. PyTorch.,,,,Code,https://github.com/vishal-n2403/Unsupervised-Domain-Adaptation-and-ViTs,
gh0060,2025,acaglayan/SAR-W-MixMAE,acaglayan,GitHub,foundation_models,code,,,https://github.com/acaglayan/SAR-W-MixMAE,,,GitHub,"foundation-models, remote-sensing, self-supervised-learning, synthetic-aperture-radar",github_repo,GitHub · 2 stars · Python · SAR-W-MixMAE: Polarization-Aware Self-Supervised Pretraining for Masked Autoencoders on SAR Data,,,,Code,https://github.com/acaglayan/SAR-W-MixMAE,
gh0061,2024,JeasunLok/SDMAE-SBFNet,JeasunLok,GitHub,foundation_models,code,,,https://github.com/JeasunLok/SDMAE-SBFNet,,,GitHub,,github_repo,GitHub · 2 stars · Python · SDMAE-SBFNet: Investigating Very High Resolution Land Cover Mapping in the Pearl River Delta with Remote Sensing Foundat,,,,Code,https://github.com/JeasunLok/SDMAE-SBFNet,
gh0062,2025,CatManJr/Working-with-GeoSpatial-Foundation-Models,CatManJr,GitHub,foundation_models,code,,,https://github.com/CatManJr/Working-with-GeoSpatial-Foundation-Models,,,GitHub,,github_repo,GitHub · 2 stars · Python · Final project for CP6581 @ Gatech,,,,Code,https://github.com/CatManJr/Working-with-GeoSpatial-Foundation-Models,
gh0063,2024,wykswr/solafune,wykswr,GitHub,foundation_models,code,,,https://github.com/wykswr/solafune,,,GitHub,,github_repo,GitHub · 2 stars · Python · Boilerplate to use geospatial foundation model,,,,Code,https://github.com/wykswr/solafune,
gh0064,2026,geonextgis/AlphaEarth-Foundations,geonextgis,GitHub,foundation_models,code,,,https://github.com/geonextgis/AlphaEarth-Foundations,,,GitHub,,github_repo,"GitHub · 2 stars · Python · An unofficial PyTorch implementation of the AlphaEarth geospatial foundation model from Google DeepMind, which generates",,,,Code,https://github.com/geonextgis/AlphaEarth-Foundations,
gh0065,2025,zhuochengeog/ExposomeCLIP,zhuochengeog,GitHub,foundation_models,code,,,https://github.com/zhuochengeog/ExposomeCLIP,,,GitHub,,github_repo,"GitHub · 2 stars · Python · ExposomeCLIP: A foundation model leveraging CLIP to understand the location-encoded exposome, bridging environmental, so",,,,Code,https://github.com/zhuochengeog/ExposomeCLIP,
gh0066,2022,radiantearth/model_ecaas_agrifieldnet_bronze,radiantearth,GitHub,foundation_models,code,,,https://github.com/radiantearth/model_ecaas_agrifieldnet_bronze,,,GitHub,"earth-observation, machine-learning, python, random-forest",github_repo,GitHub · 2 stars · Jupyter Notebook · Looking further: a crop type classification model for fields,,,,Code,https://github.com/radiantearth/model_ecaas_agrifieldnet_bronze,
gh0067,2019,msradam/tirtha,msradam,GitHub,foundation_models,code,,,https://github.com/msradam/tirtha,,,GitHub,"accessibility, earth-observation, foundation-model, friction-surface, geospatial, healthcare, humanitarian, remote-sensing, shortest-path, terramind",github_repo,GitHub · 1 stars · Python · Open humanitarian accessibility mapping. Walking-time-to-nearest-essential-service via foundation-model-aware friction a,,,,Code,https://github.com/msradam/tirtha,
gh0068,2025,kcaylor/GEOG-288KC-geospatial-foundation-models,kcaylor,GitHub,foundation_models,code,,,https://github.com/kcaylor/GEOG-288KC-geospatial-foundation-models,,,GitHub,,github_repo,GitHub · 1 stars · Jupyter Notebook · This course introduces students to state-of-the-art geospatial foundation models (GFMs) for remote sensing and environme,,,,Code,https://github.com/kcaylor/GEOG-288KC-geospatial-foundation-models,
gh0069,2024,likyoo/RSFMs,likyoo,GitHub,foundation_models,code,,,https://github.com/likyoo/RSFMs,,,GitHub,,github_repo,GitHub · 1 stars · A playground for remote sensing foundation models,,,,Code,https://github.com/likyoo/RSFMs,
gh0070,2025,PaulVermeeren/Remote-sensing-foundation-model-for-the-Netherlands,PaulVermeeren,GitHub,foundation_models,code,,,https://github.com/PaulVermeeren/Remote-sensing-foundation-model-for-the-Netherlands,,,GitHub,,github_repo,GitHub · 1 stars · Python · A foundation model developed for the Netherlands using the Pleiades and Superview NEO satellites for remote sensing data,,,,Code,https://github.com/PaulVermeeren/Remote-sensing-foundation-model-for-the-Netherlands,
gh0071,2026,cm-awais/SAR-Ship-Classification-Foundation-Ensembling,cm-awais,GitHub,foundation_models,code,,,https://github.com/cm-awais/SAR-Ship-Classification-Foundation-Ensembling,,,GitHub,,github_repo,GitHub · 1 stars · Jupyter Notebook · SAR Ship Classification using ensembling of remote sensing foundation models,,,,Code,https://github.com/cm-awais/SAR-Ship-Classification-Foundation-Ensembling,
gh0072,2025,IlyaYakushevskiy/GFMdistill,IlyaYakushevskiy,GitHub,foundation_models,code,,,https://github.com/IlyaYakushevskiy/GFMdistill,,,GitHub,,github_repo,"GitHub · 1 stars · Jupyter Notebook · Code repository for ""Distillation of Remote Sensing Foundation Models""",,,,Code,https://github.com/IlyaYakushevskiy/GFMdistill,
gh0073,2024,yesilovecode/FMT,yesilovecode,GitHub,foundation_models,code,,,https://github.com/yesilovecode/FMT,,,GitHub,,github_repo,GitHub · 1 stars · FMT: Foundation Model-based Transformer for Remote Sensing Change Detection,,,,Code,https://github.com/yesilovecode/FMT,
gh0074,2025,Pfilipeferreira2004/DynamicVis,Pfilipeferreira2004,GitHub,foundation_models,code,,,https://github.com/Pfilipeferreira2004/DynamicVis,,,GitHub,"change-detection, cran, foundation-models, graphics, image-retrieval, image-understanding, instance-segmentation, ips, object-detection, r, remote-sensing, scene-classification, symcon, visualization",github_repo,"GitHub · 1 stars · Jupyter Notebook · This is the implement of the paper ""DynamicVis: An Efficient and General Visual Foundation Model for Remote Sensing Imag",,,,Code,https://github.com/Pfilipeferreira2004/DynamicVis,
gh0075,2025,zhangyyy-ai-rs/SKYDET,zhangyyy-ai-rs,GitHub,foundation_models,code,,,https://github.com/zhangyyy-ai-rs/SKYDET,,,GitHub,,github_repo,GitHub · 1 stars · Python · SKYDET: A End-to-End Multi-Scale Attentive Detection Network from Foundation Models for Small Density-Aware Object in Re,,,,Code,https://github.com/zhangyyy-ai-rs/SKYDET,
gh0076,2026,Bmaina/gaza-damage-assessment,Bmaina,GitHub,foundation_models,code,,,https://github.com/Bmaina/gaza-damage-assessment,,,GitHub,,github_repo,GitHub · 1 stars · Jupyter Notebook · End-to-end GeoAI pipeline for building damage assessment in Gaza using DOFA foundation model and Maxar 50cm VHR satellit,,,,Code,https://github.com/Bmaina/gaza-damage-assessment,
gh0077,2026,MuniebA/SpectraLoRA,MuniebA,GitHub,foundation_models,code,,,https://github.com/MuniebA/SpectraLoRA,,,GitHub,,github_repo,GitHub · 1 stars · HTML · SpectraLoRA a physics-aware fine-tuning library for geospatial foundation models. It uses real-time spectral indices to ,,,,Code,https://github.com/MuniebA/SpectraLoRA,
gh0078,2025,DongHaShin03/Geospatial-Foundation-Models,DongHaShin03,GitHub,foundation_models,code,,,https://github.com/DongHaShin03/Geospatial-Foundation-Models,,,GitHub,,github_repo,"GitHub · 1 stars · Jupyter Notebook · Project carried out as part of the course ""Artificial Intelligenc for the Earth: Geospatial Foundation Models""",,,,Code,https://github.com/DongHaShin03/Geospatial-Foundation-Models,
gh0079,2025,KozaMateusz/distilprithvi,KozaMateusz,GitHub,foundation_models,code,,,https://github.com/KozaMateusz/distilprithvi,,,GitHub,,github_repo,GitHub · 1 stars · Python · Knowledge distillation of geospatial foundation models.,,,,Code,https://github.com/KozaMateusz/distilprithvi,
gh0080,2024,mikeskaug/prithvi-change-detection,mikeskaug,GitHub,foundation_models,code,,,https://github.com/mikeskaug/prithvi-change-detection,,,GitHub,,github_repo,GitHub · 1 stars · Jupyter Notebook · Using the Prithvi geospatial foundation model for change detection,,,,Code,https://github.com/mikeskaug/prithvi-change-detection,
gh0081,2026,EarthLegend/devlogs,EarthLegend,GitHub,foundation_models,code,,,https://github.com/EarthLegend/devlogs,,,GitHub,"ai, foundation-models, geospatial, quarto, research-blog",github_repo,"GitHub · 1 stars · Jupyter Notebook · LGND Science — technical posts on geospatial AI, embeddings, and foundation models",,,,Code,https://github.com/EarthLegend/devlogs,
gh0082,2025,woldier/Geoad,woldier,GitHub,foundation_models,code,,,https://github.com/woldier/Geoad,,,GitHub,,github_repo,GitHub · 1 stars · [Official Repo] Geoad: Towards Geospatial Foundation Models via Efficient Continual Pre-Training,,,,Code,https://github.com/woldier/Geoad,
gh0083,2012,dioptre/gdal,dioptre,GitHub,foundation_models,code,,,https://github.com/dioptre/gdal,,,GitHub,,github_repo,GitHub · 1 stars · C++ · Mirror of SVN repository of GDAL - Geospatial Data Abstraction Library - is a translator library for raster geospatial d,,,,Code,https://github.com/dioptre/gdal,
gh0084,2018,radiantearth/crop-loss-EPAR,radiantearth,GitHub,foundation_models,code,,,https://github.com/radiantearth/crop-loss-EPAR,,,GitHub,,github_repo,GitHub · 1 stars · Jupyter Notebook · Building a model to detect crop loss from satellite imagery.,,,,Code,https://github.com/radiantearth/crop-loss-EPAR,
gh0085,2026,abzalabdrash/cryosentinel,abzalabdrash,GitHub,foundation_models,code,,,https://github.com/abzalabdrash/cryosentinel,,,GitHub,"central-asia, climate-risk, copernicus-dem, deep-learning, earth-observation, foundation-model, glacial-lakes, glof, high-mountain-asia, kazakhstan, lightning, multimodal, pytorch, remote-sensing",github_repo,"GitHub · 0 stars · Python · Foundation-model semantic segmenter for glacial lakes from Sentinel-1 SAR, Sentinel-2 optical, and Copernicus DEM imager",,,,Code,https://github.com/abzalabdrash/cryosentinel,
gh0086,2026,zhouning/alphaearth-training-system,zhouning,GitHub,foundation_models,code,,,https://github.com/zhouning/alphaearth-training-system,,,GitHub,"foundation-model, geoadapter, geospatial, mlops, peft, prithvi, pytorch, remote-sensing",github_repo,"GitHub · 0 stars · Python · Geo-MLOps: PEFT Benchmark for Geospatial Foundation Models | 75 experiments on Prithvi-100M — LoRA fails, Houlsby domina",,,,Code,https://github.com/zhouning/alphaearth-training-system,
gh0087,2026,isan-miguel/tessera-demo,isan-miguel,GitHub,foundation_models,code,,,https://github.com/isan-miguel/tessera-demo,,,GitHub,"earth-observation, embeddings, esa-worldcover, foundation-model, geospatial, geospatial-machine-learning, land-cover-classification, linear-probe, machine-learning, planetary-computer, pretrained-models, python, remote-sensing, satellite-imagery",github_repo,"GitHub · 0 stars · Python · Linear-probe land-cover classifier on precomputed Tessera (Sentinel-1+2 foundation model) embeddings — one tile, one day",,,,Code,https://github.com/isan-miguel/tessera-demo,
gh0088,2026,SharvenRane/satellite-foundation-model,SharvenRane,GitHub,foundation_models,code,,,https://github.com/SharvenRane/satellite-foundation-model,,,GitHub,"foundation-model, pretraining, pytorch, remote-sensing, satellite",github_repo,GitHub · 0 stars · Python · SatMAE and ScaleMAE pretraining on satellite imagery for downstream tasks,,,,Code,https://github.com/SharvenRane/satellite-foundation-model,
gh0089,2026,FaranIdo/desert-boundary,FaranIdo,GitHub,foundation_models,code,,,https://github.com/FaranIdo/desert-boundary,,,GitHub,"alphaearth, boundary-detection, desertification, embeddings, remote-sensing, self-supervised-learning",github_repo,GitHub · 0 stars · Python · Desert-vegetation boundary detection by projecting self-supervised satellite embeddings onto a vegetation-aligned axis. ,,,,Code,https://github.com/FaranIdo/desert-boundary,
gh0090,2025,aniketDash7/SimCLR,aniketDash7,GitHub,foundation_models,code,,,https://github.com/aniketDash7/SimCLR,,,GitHub,"agriculture, contrastive-learning, remote-sensing, self-supervised-learning, simclr",github_repo,GitHub · 0 stars · Jupyter Notebook · Implementing SimCLR for Remote Sensing Agricultural Scene Classification using euroSAT dataset and Resnet Backbone.,,,,Code,https://github.com/aniketDash7/SimCLR,
gh0091,2022,sfandres/ssl-overcome-supervised-rs,sfandres,GitHub,foundation_models,code,,,https://github.com/sfandres/ssl-overcome-supervised-rs,,,GitHub,"deep-learning, lulc, remote-sensing, satellite-imagery, self-supervised-learning",github_repo,"GitHub · 0 stars · Python · Official code of the paper ""Self-Supervised Learning on Small In-Domain Datasets Can Overcome Supervised Learning in Rem",,,,Code,https://github.com/sfandres/ssl-overcome-supervised-rs,
gh0092,2026,andrewbelles/solar-panel,andrewbelles,GitHub,foundation_models,code,,,https://github.com/andrewbelles/solar-panel,,,GitHub,"big-data, computer-vision, contrastive-learning, data-mining, monte-carlo, numeric-integration, prithvi-eo-2, remote-sensing, self-supervised-learning, statistical-inference, unsupervised-machine-learning, vision-transformer",github_repo,GitHub · 0 stars · Measuring land-usage optimality for solar panels. Uses Prithvi + LoRA to fine-tune and compress Sentinel-2 data with Geo,,,,Code,https://github.com/andrewbelles/solar-panel,
gh0093,2025,andrewbelles/population-estimation,andrewbelles,GitHub,foundation_models,code,,,https://github.com/andrewbelles/population-estimation,,,GitHub,"byol, complex-architectures, computer-vision, geometric-deep-learning, geospatial-analysis, geospatial-data, gis, graph-deep-learning, machine-learning, optuna, pytorch, regression, remote-sensing, scikit-learn",github_repo,GitHub · 0 stars · Python · Improvement over U.S. census Population Estimate Program (PEP) using Self-Supervised Learning techniques over Remote-Sen,,,,Code,https://github.com/andrewbelles/population-estimation,
gh0094,2026,guantongpeng/Remote-Sensing-Foundation-Models,guantongpeng,GitHub,foundation_models,code,,,https://github.com/guantongpeng/Remote-Sensing-Foundation-Models,,,GitHub,,github_repo,GitHub · 0 stars · Foundation Models for Remote Sensing.,,,,Code,https://github.com/guantongpeng/Remote-Sensing-Foundation-Models,
gh0095,2025,Maldev-2152/Remote-Sensing-Foundation-Models,Maldev-2152,GitHub,foundation_models,code,,,https://github.com/Maldev-2152/Remote-Sensing-Foundation-Models,,,GitHub,,github_repo,GitHub · 0 stars,,,,Code,https://github.com/Maldev-2152/Remote-Sensing-Foundation-Models,
gh0096,2025,teostojkovski/Overview-of-Foundation-Models-in-Remote-Sensing,teostojkovski,GitHub,foundation_models,code,,,https://github.com/teostojkovski/Overview-of-Foundation-Models-in-Remote-Sensing,,,GitHub,,github_repo,"GitHub · 0 stars · A comprehensive survey of foundation models in remote sensing, exploring architectures like SatMAE, RemoteCLIP, and SkyS",,,,Code,https://github.com/teostojkovski/Overview-of-Foundation-Models-in-Remote-Sensing,
gh0097,2025,saidiyar/Spectral-remote-sensing-foundation-model-for-mineral-exploration,saidiyar,GitHub,foundation_models,code,,,https://github.com/saidiyar/Spectral-remote-sensing-foundation-model-for-mineral-exploration,,,GitHub,,github_repo,GitHub · 0 stars · Jupyter Notebook,,,,Code,https://github.com/saidiyar/Spectral-remote-sensing-foundation-model-for-mineral-exploration,
gh0098,2024,GeoZcx/Multi-modality-foundation-models-driven-unsupervised-building-extraction,GeoZcx,GitHub,foundation_models,code,,,https://github.com/GeoZcx/Multi-modality-foundation-models-driven-unsupervised-building-extraction,,,GitHub,,github_repo,"GitHub · 0 stars · Python · Implementation of ""Towards unsupervised building extraction from very high-resolution remote sensing images via multi-mo",,,,Code,https://github.com/GeoZcx/Multi-modality-foundation-models-driven-unsupervised-building-extraction,
gh0099,2026,woldier/MsRE,woldier,GitHub,foundation_models,code,,,https://github.com/woldier/MsRE,,,GitHub,,github_repo,GitHub · 0 stars · [Official Repo] MsRE: Towards Efficient Remote Sensing Segmentation via Vision Foundation Models,,,,Code,https://github.com/woldier/MsRE,
gh0100,2026,LastSuniverse/Depth-as-Attention-RSOD,LastSuniverse,GitHub,foundation_models,code,,,https://github.com/LastSuniverse/Depth-as-Attention-RSOD,,,GitHub,,github_repo,GitHub · 0 stars · Depth-as-Attention: Enhancing Remote Sensing Object Detection via Foundation Model-Driven Geometric Priors,,,,Code,https://github.com/LastSuniverse/Depth-as-Attention-RSOD,
gh0101,2025,arnemaass/cl-lora,arnemaass,GitHub,foundation_models,code,,,https://github.com/arnemaass/cl-lora,,,GitHub,,github_repo,"GitHub · 0 stars · Jupyter Notebook · Continual Low Rank Adaptation of Remote Sensing Foundation Models @ DL4EO, TU Berlin, RSIM Group",,,,Code,https://github.com/arnemaass/cl-lora,
gh0102,2026,lucianoviola/geodigest,lucianoviola,GitHub,foundation_models,code,,,https://github.com/lucianoviola/geodigest,,,GitHub,,github_repo,"GitHub · 0 stars · Python · Daily AI-curated news digest for geospatial computer vision, foundation models, and remote sensing",,,,Code,https://github.com/lucianoviola/geodigest,
gh0103,2025,Zhoukek/Falcon-Compression,Zhoukek,GitHub,foundation_models,code,,,https://github.com/Zhoukek/Falcon-Compression,,,GitHub,,github_repo,GitHub · 0 stars · Python · Compression and Evaluation of Falcon: A Remote Sensing Vision-Language Foundation Model from Zhejiang Lab,,,,Code,https://github.com/Zhoukek/Falcon-Compression,
gh0104,2026,vainnobody/SemiFT,vainnobody,GitHub,foundation_models,code,,,https://github.com/vainnobody/SemiFT,,,GitHub,,github_repo,GitHub · 0 stars · Python · SemiFT: Bridging the Gap between Vision Foundation Models and Remote Sensing Segmentation via Semi-supervised Adaptation,,,,Code,https://github.com/vainnobody/SemiFT,
gh0105,2025,zedsharifi/MTP,zedsharifi,GitHub,foundation_models,code,,,https://github.com/zedsharifi/MTP,,,GitHub,,github_repo,"GitHub · 0 stars · The official repo for [JSTARS'24] ""MTP: Advancing Remote Sensing Foundation Model via Multi-Task Pretraining""",,,,Code,https://github.com/zedsharifi/MTP,
gh0106,2025,wondelyan/VFM-ISRefiner,wondelyan,GitHub,foundation_models,code,,,https://github.com/wondelyan/VFM-ISRefiner,,,GitHub,,github_repo,"GitHub · 0 stars · Python · Code for  ""VFM-ISRefiner: Towards Better Adapting Vision Foundation Models for Interactive Segmentation of Remote Sensin",,,,Code,https://github.com/wondelyan/VFM-ISRefiner,
gh0107,2025,dfbustosus/Transformers_SST_CAR,dfbustosus,GitHub,foundation_models,code,,,https://github.com/dfbustosus/Transformers_SST_CAR,,,GitHub,,github_repo,GitHub · 0 stars · Python · Paper (Remote Sensing): Sea Surface Temperature Forecasting Using Foundational Models: A Novel Approach Assessed in the ,,,,Code,https://github.com/dfbustosus/Transformers_SST_CAR,
gh0108,2026,mathis98/redundacy-aware-rs-vlm,mathis98,GitHub,foundation_models,code,,,https://github.com/mathis98/redundacy-aware-rs-vlm,,,GitHub,,github_repo,"GitHub · 0 stars · Python · Code for the paper ""Redundancy-aware Pretraining of Vision-Language Foundation Models in Remote Sensing"" accepted at IGA",,,,Code,https://github.com/mathis98/redundacy-aware-rs-vlm,
gh0109,2024,sig-gis/sig-ssl4eo,sig-gis,GitHub,foundation_models,code,,,https://github.com/sig-gis/sig-ssl4eo,,,GitHub,,github_repo,GitHub · 0 stars · Jupyter Notebook · fine-tuning SSL4EO foundation model as QAQC tools for FAO's Forest Resource Assessment (FRA) Remote Sensing Survey (RSS),,,,Code,https://github.com/sig-gis/sig-ssl4eo,
gh0110,2024,baiboat/LTCD,baiboat,GitHub,foundation_models,code,,,https://github.com/baiboat/LTCD,,,GitHub,,github_repo,GitHub · 0 stars · Python · This is the official deployment code of Adapting Vision Foundation Models with Lightweight Trident Decoder for Remote Se,,,,Code,https://github.com/baiboat/LTCD,
gh0111,2025,cuiwei118/FreeCLSeg,cuiwei118,GitHub,foundation_models,code,,,https://github.com/cuiwei118/FreeCLSeg,,,GitHub,,github_repo,"GitHub · 0 stars · The official PyTorch implementation of ""Towards Training-Free Foundation Model-driven Segmentation for China's Protected",,,,Code,https://github.com/cuiwei118/FreeCLSeg,
gh0112,2025,baiboat/SRA-VFM,baiboat,GitHub,foundation_models,code,,,https://github.com/baiboat/SRA-VFM,,,GitHub,,github_repo,GitHub · 0 stars · Python · Pytorch codes of SRA-VFM: Boosting Remote Sensing Change Detection via Slice-Reassembled Augmentation and Vision Foundat,,,,Code,https://github.com/baiboat/SRA-VFM,
gh0113,2025,Dev0510/Enhanced_wildfire_risk_index,Dev0510,GitHub,foundation_models,code,,,https://github.com/Dev0510/Enhanced_wildfire_risk_index,,,GitHub,,github_repo,GitHub · 0 stars · Jupyter Notebook · This repository implements a wildfire risk assessment framework that integrates Google's AlphaEarth Foundation Model emb,,,,Code,https://github.com/Dev0510/Enhanced_wildfire_risk_index,
gh0114,2025,geonextgis/High-Resolution-Maize-Yield-Mapping-Africa,geonextgis,GitHub,foundation_models,code,,,https://github.com/geonextgis/High-Resolution-Maize-Yield-Mapping-Africa,,,GitHub,,github_repo,"GitHub · 0 stars · Repository for ""High-Resolution Maize Yield Mapping across Africa using Earth Observation and Machine Learning, Deep Lea",,,,Code,https://github.com/geonextgis/High-Resolution-Maize-Yield-Mapping-Africa,
gh0115,2025,ketiacoder/HyperFree,ketiacoder,GitHub,foundation_models,code,,,https://github.com/ketiacoder/HyperFree,,,GitHub,,github_repo,"GitHub · 0 stars · Python · From https://github.com/Jingtao-Li-CVer/HyperFree. This is an official implementation for ""HyperFree: A Channel-adaptive",,,,Code,https://github.com/ketiacoder/HyperFree,
gh0116,2025,Snehlata826/Foundation-model-satellite-images,Snehlata826,GitHub,foundation_models,code,,,https://github.com/Snehlata826/Foundation-model-satellite-images,,,GitHub,,github_repo,"GitHub · 0 stars · A foundation model for satellite imagery analysis using Indian satellite data (e.g., HRSAT, Cartosat). Supports multi-ta",,,,Code,https://github.com/Snehlata826/Foundation-model-satellite-images,
gh0117,2025,FarFar-Tech/Water-Surface-Mapping-using-Satellite-Imagery,FarFar-Tech,GitHub,foundation_models,code,,,https://github.com/FarFar-Tech/Water-Surface-Mapping-using-Satellite-Imagery,,,GitHub,,github_repo,"GitHub · 0 stars · Jupyter Notebook · This repo is about using a foundation model, named Copernicus-FM to map water surface from satellite imagery.",,,,Code,https://github.com/FarFar-Tech/Water-Surface-Mapping-using-Satellite-Imagery,
gh0118,2026,Akmuhammet01/Estimating_Forest_Characteristics,Akmuhammet01,GitHub,foundation_models,code,,,https://github.com/Akmuhammet01/Estimating_Forest_Characteristics,,,GitHub,,github_repo,GitHub · 0 stars · Jupyter Notebook · Estimating forest characteristics from Satellite imagery using Alpha Earth Foundation model,,,,Code,https://github.com/Akmuhammet01/Estimating_Forest_Characteristics,
gh0119,2026,014-Jayal/cloud-shadow-segmentation-foundation-models,014-Jayal,GitHub,foundation_models,code,,,https://github.com/014-Jayal/cloud-shadow-segmentation-foundation-models,,,GitHub,"computer-vision, deep-learning, earth-observation, geospatial, image-segmentation, pytorch, remote-sensing, satellite-imagery, vision-transformer",github_repo,"GitHub · 0 stars · Python · Cloud and shadow segmentation from satellite imagery using foundation models, with a focus on cross-sensor generalizatio",,,,Code,https://github.com/014-Jayal/cloud-shadow-segmentation-foundation-models,
gh0120,2025,antonylion/fm4mining_segmentation,antonylion,GitHub,foundation_models,code,,,https://github.com/antonylion/fm4mining_segmentation,,,GitHub,,github_repo,GitHub · 0 stars · Python · Benchmarking Foundation Models for Semantic Segmentation of Mining Activities in Satellite Imagery,,,,Code,https://github.com/antonylion/fm4mining_segmentation,
gh0121,2025,Mazhar113/CityTwin-Foundation-Model,Mazhar113,GitHub,foundation_models,code,,,https://github.com/Mazhar113/CityTwin-Foundation-Model,,,GitHub,,github_repo,"GitHub · 0 stars · Python · A multimodal foundation model and data fusion system for real-time urban intelligence. Supports satellite imagery, traff",,,,Code,https://github.com/Mazhar113/CityTwin-Foundation-Model,
gh0122,2026,Bmaina/amazon-change-detection,Bmaina,GitHub,foundation_models,code,,,https://github.com/Bmaina/amazon-change-detection,,,GitHub,,github_repo,GitHub · 0 stars · Jupyter Notebook · End-to-end GeoAI pipeline for Amazon deforestation mapping using DOFA foundation model and Sentinel-2 satellite imagery,,,,Code,https://github.com/Bmaina/amazon-change-detection,
gh0123,2025,FrankFeng-23/ART-Fire,FrankFeng-23,GitHub,foundation_models,code,,,https://github.com/FrankFeng-23/ART-Fire,,,GitHub,,github_repo,GitHub · 0 stars · Python · [TGRS]Advanced Real-Time Wildfire Monitoring Method Based on Time Series Foundation Model and High Temporal Resolution S,,,,Code,https://github.com/FrankFeng-23/ART-Fire,
gh0124,2026,godel-space/prithvi-edge-benchmark,godel-space,GitHub,foundation_models,code,,,https://github.com/godel-space/prithvi-edge-benchmark,,,GitHub,,github_repo,GitHub · 0 stars · Comprehensive benchmark of NASA Prithvi EO 2.0 foundation model on NVIDIA Jetson edge hardware across 8 satellite imager,,,,Code,https://github.com/godel-space/prithvi-edge-benchmark,
gh0125,2026,Nibir088/AG-STELLA,Nibir088,GitHub,foundation_models,code,,,https://github.com/Nibir088/AG-STELLA,,,GitHub,,github_repo,GitHub · 0 stars · Python · AG-STELLA is a knowledge-guided spatio-temporal deep learning framework for agricultural land use activity mapping from ,,,,Code,https://github.com/Nibir088/AG-STELLA,
gh0126,2026,Aman-198/Geospatial-AI-GeoGemma-Powered-Precision-Agriculture,Aman-198,GitHub,foundation_models,code,,,https://github.com/Aman-198/Geospatial-AI-GeoGemma-Powered-Precision-Agriculture,,,GitHub,,github_repo,"GitHub · 0 stars · TypeScript · Geospatial AI is a precision agriculture platform that uses satellite imagery, weather data, and multi-modal AI to monit",,,,Code,https://github.com/Aman-198/Geospatial-AI-GeoGemma-Powered-Precision-Agriculture,
gh0127,2026,titocapovilla/Geospatial-Foundation-Models,titocapovilla,GitHub,foundation_models,code,,,https://github.com/titocapovilla/Geospatial-Foundation-Models,,,GitHub,,github_repo,GitHub · 0 stars · Jupyter Notebook · Fine-tuning and evaluating Geospatial Foundation Models (Terramind) for Land Use classification using the LUCAS Italy da,,,,Code,https://github.com/titocapovilla/Geospatial-Foundation-Models,
gh0128,2026,Omowonuola-Akintola/Geospatial-Foundation-Models,Omowonuola-Akintola,GitHub,foundation_models,code,,,https://github.com/Omowonuola-Akintola/Geospatial-Foundation-Models,,,GitHub,,github_repo,GitHub · 0 stars · Jupyter Notebook,,,,Code,https://github.com/Omowonuola-Akintola/Geospatial-Foundation-Models,
gh0129,2026,DamilolaeO/Towards-geospatial-foundation-model,DamilolaeO,GitHub,foundation_models,code,,,https://github.com/DamilolaeO/Towards-geospatial-foundation-model,,,GitHub,,github_repo,GitHub · 0 stars · Jupyter Notebook · Self-supervised graph embeddings from UK commuting flows for socio-demographic prediction.,,,,Code,https://github.com/DamilolaeO/Towards-geospatial-foundation-model,
gh0130,2026,Reza-Asiyabi/Geospatial_Foundation_Model_Benchmark,Reza-Asiyabi,GitHub,foundation_models,code,,,https://github.com/Reza-Asiyabi/Geospatial_Foundation_Model_Benchmark,,,GitHub,,github_repo,GitHub · 0 stars · Python · A modular benchmark for comparing embeddings from geospatial foundation models across downstream Earth Observation tasks,,,,Code,https://github.com/Reza-Asiyabi/Geospatial_Foundation_Model_Benchmark,
gh0131,2026,qtyree1328/foundational-models,qtyree1328,GitHub,foundation_models,code,,,https://github.com/qtyree1328/foundational-models,,,GitHub,,github_repo,"GitHub · 0 stars · TypeScript · Interactive explorer for geospatial foundation models — AlphaEarth, Prithvi, Clay, SatMAE, and more",,,,Code,https://github.com/qtyree1328/foundational-models,
gh0132,2025,crop-type-mapping/old,crop-type-mapping,GitHub,foundation_models,code,,,https://github.com/crop-type-mapping/old,,,GitHub,"foundation-models, geospatial-analysis",github_repo,GitHub · 0 stars · Python · Geospatial Foundation Model (GFM): Galileo,,,,Code,https://github.com/crop-type-mapping/old,
gh0133,2025,crop-type-mapping/FM,crop-type-mapping,GitHub,foundation_models,code,,,https://github.com/crop-type-mapping/FM,,,GitHub,,github_repo,GitHub · 0 stars · Python · Geospatial Foundation Model (GFM): Galileo,,,,Code,https://github.com/crop-type-mapping/FM,
gh0134,2025,SalifouAbdourahamane/Geospatial-foundation-model-for-Satellite-Crop-Classification,SalifouAbdourahamane,GitHub,foundation_models,code,,,https://github.com/SalifouAbdourahamane/Geospatial-foundation-model-for-Satellite-Crop-Classification,,,GitHub,,github_repo,GitHub · 0 stars · Jupyter Notebook · 2nd Place Solution Amini GeoFM Decoding The Field  Challenge,,,,Code,https://github.com/SalifouAbdourahamane/Geospatial-foundation-model-for-Satellite-Crop-Classification,
gh0135,2025,canmike/gfm-notes,canmike,GitHub,foundation_models,code,,,https://github.com/canmike/gfm-notes,,,GitHub,,github_repo,GitHub · 0 stars · Personal Notes for Geospatial Foundation Models,,,,Code,https://github.com/canmike/gfm-notes,
gh0136,2026,Reza-Asiyabi/GeoFoundationModel_BioMassters,Reza-Asiyabi,GitHub,foundation_models,code,,,https://github.com/Reza-Asiyabi/GeoFoundationModel_BioMassters,,,GitHub,,github_repo,GitHub · 0 stars · Python · Fine-tuning geospatial foundation models for AGB estimation using the BioMassters dataset,,,,Code,https://github.com/Reza-Asiyabi/GeoFoundationModel_BioMassters,
gh0137,2025,Ode-PBLLC/mangroves-agu,Ode-PBLLC,GitHub,foundation_models,code,,,https://github.com/Ode-PBLLC/mangroves-agu,,,GitHub,,github_repo,GitHub · 0 stars · Python · Using geospatial foundation models to map mangroves,,,,Code,https://github.com/Ode-PBLLC/mangroves-agu,
gh0138,2026,binhhuongvu/EPS210,binhhuongvu,GitHub,foundation_models,code,,,https://github.com/binhhuongvu/EPS210,,,GitHub,,github_repo,GitHub · 0 stars · Jupyter Notebook · Evaluating Geospatial Foundation Models for Landslide Detection,,,,Code,https://github.com/binhhuongvu/EPS210,
gh0139,2025,joel-reimann/pangaea-bench,joel-reimann,GitHub,foundation_models,code,,,https://github.com/joel-reimann/pangaea-bench,,,GitHub,,github_repo,GitHub · 0 stars · Python · Towards Robust Evaluation for Geospatial Foundation Models,,,,Code,https://github.com/joel-reimann/pangaea-bench,
gh0140,2026,guidoschillaci/aerial_waste_foundation_model,guidoschillaci,GitHub,foundation_models,code,,,https://github.com/guidoschillaci/aerial_waste_foundation_model,,,GitHub,,github_repo,"GitHub · 0 stars · Python · Fine-tuning a geospatial foundation model for illegal landfill discovery in aerial imagery, with SAM 3 instance segmenta",,,,Code,https://github.com/guidoschillaci/aerial_waste_foundation_model,
gh0141,2025,GlennVerhaag/geospatial-mlops-review,GlennVerhaag,GitHub,foundation_models,code,,,https://github.com/GlennVerhaag/geospatial-mlops-review,,,GitHub,,github_repo,GitHub · 0 stars · Jupyter Notebook · Artifacts of the Systematic Literature Review conducted on geospatial MLOps and MLOps for Foundation Models,,,,Code,https://github.com/GlennVerhaag/geospatial-mlops-review,
gh0142,2026,sobhanraspberrypi-svg/Geo_SAM3,sobhanraspberrypi-svg,GitHub,foundation_models,code,,,https://github.com/sobhanraspberrypi-svg/Geo_SAM3,,,GitHub,,github_repo,GitHub · 0 stars · Jupyter Notebook · This contains SAM3 foundation model customized for geospatial images,,,,Code,https://github.com/sobhanraspberrypi-svg/Geo_SAM3,
gh0143,2026,zxk688/SustainFM,zxk688,GitHub,foundation_models,code,,,https://github.com/zxk688/SustainFM,,,GitHub,,github_repo,GitHub · 0 stars · The first SDGs-driven benchmark for geospatial foundation models,,,,Code,https://github.com/zxk688/SustainFM,
gh0144,2025,snehalmore/Geo_Embedding,snehalmore,GitHub,foundation_models,code,,,https://github.com/snehalmore/Geo_Embedding,,,GitHub,,github_repo,GitHub · 0 stars · Exploratory analysis of geospatial foundation model embeddings for landcover classofocation,,,,Code,https://github.com/snehalmore/Geo_Embedding,
gh0145,2025,isaachcamp/geofm-plant-traits,isaachcamp,GitHub,foundation_models,code,,,https://github.com/isaachcamp/geofm-plant-traits,,,GitHub,,github_repo,GitHub · 0 stars · Jupyter Notebook · Predicting global forest functional traits with a geospatial foundation model,,,,Code,https://github.com/isaachcamp/geofm-plant-traits,
gh0146,2025,n0rb3rt/sentinel-spark-embedding,n0rb3rt,GitHub,foundation_models,code,,,https://github.com/n0rb3rt/sentinel-spark-embedding,,,GitHub,,github_repo,GitHub · 0 stars · Jupyter Notebook · Processing sentinel satellite data with Spark and Clay geospatial foundation model,,,,Code,https://github.com/n0rb3rt/sentinel-spark-embedding,
gh0147,2026,ZejiaYang/MAE_GeoTessera,ZejiaYang,GitHub,foundation_models,code,,,https://github.com/ZejiaYang/MAE_GeoTessera,,,GitHub,,github_repo,GitHub · 0 stars · Python · part II project - Enhancing GeoSpatial Foundation Model Representations with Masked Autoencoders,,,,Code,https://github.com/ZejiaYang/MAE_GeoTessera,
gh0148,2026,barroso2501/lulc-fm-brazil,barroso2501,GitHub,foundation_models,code,,,https://github.com/barroso2501/lulc-fm-brazil,,,GitHub,,github_repo,GitHub · 0 stars · Jupyter Notebook · A geospatial foundation model for land use and land cover dynamics in Brazil,,,,Code,https://github.com/barroso2501/lulc-fm-brazil,
gh0149,2026,vanesterik/geospatial-object-segmentation,vanesterik,GitHub,foundation_models,code,,,https://github.com/vanesterik/geospatial-object-segmentation,,,GitHub,,github_repo,"GitHub · 0 stars · A research repository for developing and evaluating self-supervised foundation models (e.g. I-JEPA, MoCo, and SwAV) for ",,,,Code,https://github.com/vanesterik/geospatial-object-segmentation,
gh0150,2026,LuxProvide/SCynergy2026-GeoAI,LuxProvide,GitHub,foundation_models,code,,,https://github.com/LuxProvide/SCynergy2026-GeoAI,,,GitHub,,github_repo,GitHub · 0 stars · Jupyter Notebook · A tutorial on how to fine-tune a geospatial foundation model (GeoFMs) on MeluXina,,,,Code,https://github.com/LuxProvide/SCynergy2026-GeoAI,
gh0151,2025,naikp13/GeoKD,naikp13,GitHub,foundation_models,code,,,https://github.com/naikp13/GeoKD,,,GitHub,,github_repo,GitHub · 0 stars · Python · A platform for easy knowledge distillation and compressive fine-tuning of Geospatial Foundation Models,,,,Code,https://github.com/naikp13/GeoKD,
gh0152,2025,mandalbeauty123/geospatial-satellite,mandalbeauty123,GitHub,foundation_models,code,,,https://github.com/mandalbeauty123/geospatial-satellite,,,GitHub,,github_repo,"GitHub · 0 stars · TypeScript · Conventional precision agriculture suffers from fragmented geospatial data, limiting scalable decision-making and farmer",,,,Code,https://github.com/mandalbeauty123/geospatial-satellite,
gh0153,2025,minglangL/SkyMoE,minglangL,GitHub,foundation_models,code,,,https://github.com/minglangL/SkyMoE,,,GitHub,,github_repo,GitHub · 0 stars · SkyMoE: A Vision-Language Foundation Model for Enhancing Geospatial Interpretation with Mixture of Experts,,,,Code,https://github.com/minglangL/SkyMoE,
gh0154,2026,StellanBS/wetland-geofm-thesis,StellanBS,GitHub,foundation_models,code,,,https://github.com/StellanBS/wetland-geofm-thesis,,,GitHub,,github_repo,GitHub · 0 stars · Jupyter Notebook · Bachelor thesis (KTH SF100X) — geospatial foundation models for wetland classification on Swedish BIOTOP SE polygons.,,,,Code,https://github.com/StellanBS/wetland-geofm-thesis,
gh0155,2025,rcilli2/anysat_crops,rcilli2,GitHub,foundation_models,code,,,https://github.com/rcilli2/anysat_crops,,,GitHub,,github_repo,GitHub · 0 stars · Jupyter Notebook · Geospatial Foundational Model per Agricoltura di precisione - Applicazione ai Campi Sperimentali di Bologna e Foggia,,,,Code,https://github.com/rcilli2/anysat_crops,
gh0156,2026,karensylee/AEFE-LST-2026,karensylee,GitHub,foundation_models,code,,,https://github.com/karensylee/AEFE-LST-2026,,,GitHub,,github_repo,GitHub · 0 stars · Jupyter Notebook · Data and code for: Geospatial Foundation Model Embeddings Improve Land Surface Temperature Recovery in the Hawaiian Isla,,,,Code,https://github.com/karensylee/AEFE-LST-2026,
gh0157,2025,lordPachy/ai4earth,lordPachy,GitHub,foundation_models,code,,,https://github.com/lordPachy/ai4earth,,,GitHub,,github_repo,"GitHub · 0 stars · Jupyter Notebook · Repository for the Passion in Action course ""AI for Earth: Geospatial Foundation Models"" held at Politecnico di Milano.",,,,Code,https://github.com/lordPachy/ai4earth,
gh0158,2025,ejalilva/Prithvi-Irrigation,ejalilva,GitHub,foundation_models,code,,,https://github.com/ejalilva/Prithvi-Irrigation,,,GitHub,,github_repo,GitHub · 0 stars · Jupyter Notebook · Prithvi-based geospatial foundation model fine-tuned for irrigation mapping and spatiotemporal dynamics of water use in ,,,,Code,https://github.com/ejalilva/Prithvi-Irrigation,
gh0159,2023,naimataki/GeoAI-Reimagined,naimataki,GitHub,foundation_models,code,,,https://github.com/naimataki/GeoAI-Reimagined,,,GitHub,,github_repo,GitHub · 0 stars · Jupyter Notebook · Leveraging pre-trained a geospatial foundation model and fine-tune it for real-time similarity search using Sentinel-2 d,,,,Code,https://github.com/naimataki/GeoAI-Reimagined,
gh0160,2026,KenzoBou/Terramind-vs-Thor-ESA-PhiLab,KenzoBou,GitHub,foundation_models,code,,,https://github.com/KenzoBou/Terramind-vs-Thor-ESA-PhiLab,,,GitHub,,github_repo,"GitHub · 0 stars · Official implementation for the paper: ""TerraMind vs. THOR: A Comparative Analysis of ESA’s Geospatial Foundation Models",,,,Code,https://github.com/KenzoBou/Terramind-vs-Thor-ESA-PhiLab,
gh0161,2026,michaelfburke/iap-embed-za,michaelfburke,GitHub,foundation_models,code,,,https://github.com/michaelfburke/iap-embed-za,,,GitHub,,github_repo,GitHub · 0 stars · Jupyter Notebook · A research project that applies geospatial foundation model embeddings to map and predict invasive alien plant (IAP) dis,,,,Code,https://github.com/michaelfburke/iap-embed-za,
gh0162,2026,leonardijulia/hazard_detection,leonardijulia,GitHub,foundation_models,code,,,https://github.com/leonardijulia/hazard_detection,,,GitHub,"deeplearning-ai, geospatial-analysis, gfm, hazard-detection, qgis-plugin",github_repo,GitHub · 0 stars · Python · QGIS plugin for automatic hazard mapping (flood and burn scars) using the IBM-NASA Prithvi EO 2.0 Geospatial Foundation ,,,,Code,https://github.com/leonardijulia/hazard_detection,
gh0163,2025,matteo-figini/pia-gfm_lucas_classification,matteo-figini,GitHub,foundation_models,code,,,https://github.com/matteo-figini/pia-gfm_lucas_classification,,,GitHub,,github_repo,"GitHub · 0 stars · Jupyter Notebook · Repository for the project of the Passion in Action course ""Artificial Intelligence for Earth - Geospatial Foundational ",,,,Code,https://github.com/matteo-figini/pia-gfm_lucas_classification,
gh0164,2026,godel-space/onair-gpu-plugin,godel-space,GitHub,foundation_models,code,,,https://github.com/godel-space/onair-gpu-plugin,,,GitHub,,github_repo,GitHub · 0 stars · GPU-accelerated inference plugin for NASA OnAIR cognitive framework. Runs geospatial foundation models on NVIDIA Jetson ,,,,Code,https://github.com/godel-space/onair-gpu-plugin,
gh0165,2025,Amandixit158/Khetprithvi,Amandixit158,GitHub,foundation_models,code,,,https://github.com/Amandixit158/Khetprithvi,,,GitHub,,github_repo,"GitHub · 0 stars · Python · An India-first crop classification system using IBM’s geospatial and time-series foundation models, fine-tuned for small",,,,Code,https://github.com/Amandixit158/Khetprithvi,
gh0166,2026,jayakrishnascientist/automated_drone_tree_species_classification_geo_ai,jayakrishnascientist,GitHub,foundation_models,code,,,https://github.com/jayakrishnascientist/automated_drone_tree_species_classification_geo_ai,,,GitHub,,github_repo,GitHub · 0 stars · Jupyter Notebook · Automated tree species mapping from high-resolution drone orthomosaics using Deep learning foundation models and transla,,,,Code,https://github.com/jayakrishnascientist/automated_drone_tree_species_classification_geo_ai,
gh0167,2026,faris11z/oilslick-detection,faris11z,GitHub,foundation_models,code,,,https://github.com/faris11z/oilslick-detection,,,GitHub,,github_repo,GitHub · 0 stars · Jupyter Notebook · Oil slick detection in Sentinel-1 SAR imagery using CNNs and geospatial foundation models. Includes ID vs OOD evaluation,,,,Code,https://github.com/faris11z/oilslick-detection,
gh0168,2025,astroedo/TerraMind-Prithvi-LC-Comparison,astroedo,GitHub,foundation_models,code,,,https://github.com/astroedo/TerraMind-Prithvi-LC-Comparison,,,GitHub,,github_repo,GitHub · 0 stars · Jupyter Notebook · This repository contains the results and code for a scene classification project completed as part of the Passion in Act,,,,Code,https://github.com/astroedo/TerraMind-Prithvi-LC-Comparison,
gh0169,2024,Latticeworks1/GeoForge-GeoAI,Latticeworks1,GitHub,foundation_models,code,,,https://github.com/Latticeworks1/GeoForge-GeoAI,,,GitHub,,github_repo,"GitHub · 0 stars · Python · GeoForge is a comprehensive hub for innovative tools and models designed to explore, analyze, and predict complex geospa",,,,Code,https://github.com/Latticeworks1/GeoForge-GeoAI,
gh0170,2024,irene-sifre/cholera-john-snow,irene-sifre,GitHub,foundation_models,code,,,https://github.com/irene-sifre/cholera-john-snow,,,GitHub,,github_repo,GitHub · 0 stars · Ironhack Final Project - Recreation and analysis of John Snow's foundational cholera outbreak study using modern data sc,,,,Code,https://github.com/irene-sifre/cholera-john-snow,
gh0171,2026,appiahkubis14/geo-ai-common,appiahkubis14,GitHub,foundation_models,code,,,https://github.com/appiahkubis14/geo-ai-common,,,GitHub,,github_repo,"GitHub · 0 stars · Python · Foundation library for the entire geo-ai ecosystem. Provides GPU detection with memory monitoring, intelligent model cac",,,,Code,https://github.com/appiahkubis14/geo-ai-common,
gh0172,2026,MowdeyMouse/global-infrastructure-exposure-ml,MowdeyMouse,GitHub,foundation_models,code,,,https://github.com/MowdeyMouse/global-infrastructure-exposure-ml,,,GitHub,,github_repo,GitHub · 0 stars · Jupyter Notebook · This project builds a satellite-based ML system to estimate human infrastructure exposure from public geospatial data. T,,,,Code,https://github.com/MowdeyMouse/global-infrastructure-exposure-ml,
cand0022,2023,RSGPT: A Remote Sensing Vision Language Model and Benchmark,Yuan Hu; Jianlong Yuan; Congcong Wen; Xiaonan Lü; Xiang Li,arXiv (Cornell University); ISPRS JPRS2025; Arxiv2023,foundation_models,preprint,10.48550/arxiv.2307.15266,,https://openalex.org/W4385436442; https://doi.org/10.1016/j.isprsjprs.2025.04.001; https://arxiv.org/abs/2307.15266,https://arxiv.org/pdf/2307.15266,36,OpenAlex,"""earth observation"" ""foundation model""",candidate_model,metadata candidate; screen before citing Recovered after dropped-model link audit; verified public code link.,RSGPT; RSICap & RSIEval,RSGPT,https://doi.org/10.1016/j.isprsjprs.2025.04.001; https://arxiv.org/abs/2307.15266,Code,https://github.com/Lavender105/RSGPT,Remote Sensing Vision-Language Foundation Models; (Large-scale) Pre-training Datasets
cand0079,2025,SARCLIP: The First Vision–Language Foundation Model for SAR Image,Pengfei Wang; Zhuhao Lu; Yajun Li; Baogang Ding; Ding Zhang,IEEE Transactions on Geoscience and Remote Sensing,remote_sensing_pretraining,article,10.1109/tgrs.2025.3630131,,https://openalex.org/W4416011372,,0,OpenAlex,"""masked image modeling"" ""remote sensing""",candidate_model,metadata candidate; screen before citing Recovered after dropped-model link audit; verified public code link.,,,,Code,https://github.com/CAESAR-Radi/SARCLIP,
cand0143,2023,"Lightweight, Pre-trained Transformers for Remote Sensing Timeseries","Gabriel Tseng; Cartuyvels, Ruben; Ivan Zvonkov; Mirali Purohit; David Rolnick; Hannah Kerner",arXiv (Cornell University); Arxiv2023,foundation_models,preprint,10.48550/arxiv.2304.14065,,https://openalex.org/W4367365754; https://arxiv.org/abs/2304.14065,https://arxiv.org/pdf/2304.14065,27,OpenAlex,"""earth observation"" ""foundation model""",candidate_model,metadata candidate; screen before citing Recovered after dropped-model link audit; verified public code link.,Presto,Presto,https://arxiv.org/abs/2304.14065,Code,https://github.com/nasaharvest/presto,Remote Sensing Vision Foundation Models
cand0339,2026,Spectrally Distilled Representations Aligned with Instruction-Augmented LLMs for Satellite Imagery,"Minh Kha Do; Wei Xiang; Kang Han; Di Wu; Khoa Phan; Yi-Ping Phoebe Chen; Gaowen Liu; Kompella, Ramana Rao",ArXiv.org; CVPR2026,foundation_models,article,,,https://openalex.org/W7131909916; https://arxiv.org/abs/2602.22613,https://arxiv.org/pdf/2602.22613,0,OpenAlex,"""earth observation"" ""foundation model""",candidate_model,metadata candidate; screen before citing Recovered after dropped-model link audit; verified public code link.,SATtxt,SATtxt,https://arxiv.org/abs/2602.22613,Code,https://github.com/ikhado/sattxt,Remote Sensing Vision-Language Foundation Models
cand0418,2024,Harnessing Massive Satellite Imagery with Efficient Masked Image Modeling,"Fengxiang Wang; Hongzhen Wang; Di Wang; Zonghao Guo; Zhenyu Zhong; Long Lan; Yang, Wenjing; Jing Zhang",arXiv (Cornell University); ICCV2025,foundation_models,preprint,10.48550/arxiv.2406.11933,,https://openalex.org/W4399836662; https://arxiv.org/abs/2406.11933,https://arxiv.org/pdf/2406.11933,3,OpenAlex,"""remote sensing"" ""foundation model""",candidate_model,metadata candidate; screen before citing Recovered after dropped-model link audit; verified public code link.,SelectiveMAE; RS-4M,SelectiveMAE; RS-4M,https://arxiv.org/abs/2406.11933,Code,https://github.com/Fengxiang23/SelectiveMAE,Remote Sensing Vision Foundation Models; (Large-scale) Pre-training Datasets
cand0611,2024,LeMeViT: Efficient Vision Transformer with Learnable Meta Tokens for Remote Sensing Image Interpretation,Wentao Jiang; Jing Zhang; Di Wang; Qiming Zhang; Zengmao Wang; Bo Du,arXiv (Cornell University); IJCAI2024,benchmark_evaluation,preprint,10.48550/arxiv.2405.09789,,https://openalex.org/W4397028245; https://arxiv.org/abs/2405.09789,https://arxiv.org/pdf/2405.09789,0,OpenAlex,"""remote sensing foundation model"" benchmark",candidate_model,metadata candidate; screen before citing Recovered after dropped-model link audit; verified public code link.,LeMeViT,LeMeViT,https://arxiv.org/abs/2405.09789,Code,https://github.com/ViTAE-Transformer/LeMeViT/tree/main?tab=readme-ov-file,Remote Sensing Vision Foundation Models
cand0689,2025,TerraMind: Large-Scale Generative Multimodality for Earth Observation,Johannes Jakubik; Felix Yang; Benedikt Blumenstiel; Erik Scheurer; Rocco Sedona; Stefano Maurogiovanni; Jente Bosmans; Nikolaos Dionelis,ICCV2025,foundation_models,preprint,10.1109/iccv51701.2025.00693,,https://openalex.org/W4416052645; https://arxiv.org/abs/2504.11171,https://arxiv.org/pdf/2504.11171,2,OpenAlex,"""earth observation"" ""foundation model""",candidate_model,metadata candidate; screen before citing Recovered after dropped-model link audit; verified public code link.,TerraMind,TerraMind,https://arxiv.org/abs/2504.11171,Code,https://github.com/IBM/terramind,Remote Sensing Vision Foundation Models
cand0709,2025,OlmoEarth: Stable Latent Image Modeling for Multimodal Earth Observation,Henry Herzog; Favyen Bastani; Ya‐Wen Zhang; Gabriel Tseng; Joseph Redmon; Hadrien Sablon; Ryan S. Park; Jacob Morrison,ArXiv.org; CVPR2026,foundation_models,preprint,10.48550/arxiv.2511.13655,,https://openalex.org/W4416364082; https://arxiv.org/abs/2511.13655,https://arxiv.org/pdf/2511.13655,0,OpenAlex,"""earth observation"" ""foundation model""",candidate_model,metadata candidate; screen before citing Recovered after dropped-model link audit; verified public code link.,OlmoEarth,OlmoEarth,https://arxiv.org/abs/2511.13655,Code,https://github.com/allenai/olmoearth_pretrain,Remote Sensing Vision Foundation Models
cand0713,2025,RAMEN: Resolution-Adjustable Multimodal Encoder for Earth Observation,Nicolas Houdré; Diego Marcos; Hugo Riffaud de Turckheim; Dino Ienco; Laurent Wendling; Camille Kurtz; Sylvain Lobry,ArXiv.org; CVPR2026,foundation_models,preprint,10.48550/arxiv.2512.05025,,https://openalex.org/W4417087157; https://arxiv.org/abs/2512.05025,https://arxiv.org/pdf/2512.05025,0,OpenAlex,"""earth observation"" ""foundation model""",candidate_model,metadata candidate; screen before citing Recovered after dropped-model link audit; verified public code link.,RAMEN,RAMEN,https://arxiv.org/abs/2512.05025,Code,https://github.com/nicolashoudre/RAMEN,Remote Sensing Vision Foundation Models
cand0823,2024,CRS-Diff: Controllable Remote Sensing Image Generation with Diffusion Model,"Datao Tang; Xiangyong Cao; Xingsong Hou; Zhongyuan Jiang; Liu, Junmin; Meng, Deyu",arXiv (Cornell University); Arxiv2024,sensor_specific,preprint,10.48550/arxiv.2403.11614,,https://openalex.org/W4392970177; https://arxiv.org/abs/2403.11614,https://arxiv.org/pdf/2403.11614,2,OpenAlex,"""hyperspectral"" ""foundation model""",candidate_model,metadata candidate; screen before citing Recovered after dropped-model link audit; verified public code link.,CRS-Diff,Paper,https://arxiv.org/abs/2403.11614,Code,https://github.com/Sonettoo/CRS-Diff,Remote Sensing Generative Foundation Models
cand0895,2025,EarthDial: Turning Multi-sensory Earth Observations to Interactive Dialogues,Sagar Soni; Akshay Dudhane; Hiyam Debary; Mustansar Fiaz; Muhammad Akhtar Munir; Muhammad Sohail Danish; Paolo Fraccaro; Campbell Watson,CVPR2025,vision_language,article,10.1109/cvpr52734.2025.01334,,https://openalex.org/W4413147540; https://openaccess.thecvf.com/content/CVPR2025/html/Soni_EarthDial_Turning_Multi-sensory_Earth_Observations_to_Interactive_Dialogues_CVPR_2025_paper.html; https://arxiv.org/abs/2412.15190,,14,OpenAlex,"""remote sensing"" ""vision-language""",candidate_model,metadata candidate; screen before citing Recovered after dropped-model link audit; verified public code link.,EarthDial; EarthDial-Instruct,EarthDial; Paper,https://openaccess.thecvf.com/content/CVPR2025/html/Soni_EarthDial_Turning_Multi-sensory_Earth_Observations_to_Interactive_Dialogues_CVPR_2025_paper.html; https://arxiv.org/abs/2412.15190,Code,https://github.com/hiyamdebary/EarthDial,Remote Sensing Vision-Language Foundation Models; (Large-scale) Pre-training Datasets
cand1175,2023,Change-Aware Sampling and Contrastive Learning for Satellite Images,Utkarsh Mall; Bharath Hariharan; Kavita Bala,CVPR2023,remote_sensing_pretraining,article,10.1109/cvpr52729.2023.00509,,https://openalex.org/W4386071525; https://openaccess.thecvf.com/content/CVPR2023/html/Mall_Change-Aware_Sampling_and_Contrastive_Learning_for_Satellite_Images_CVPR_2023_paper.html,,86,OpenAlex,"""remote sensing"" ""self-supervised""",candidate_model,metadata candidate; screen before citing Recovered after dropped-model link audit; verified public code link.,CACo,CACo,https://openaccess.thecvf.com/content/CVPR2023/html/Mall_Change-Aware_Sampling_and_Contrastive_Learning_for_Satellite_Images_CVPR_2023_paper.html,Code,https://github.com/utkarshmall13/CACo,Remote Sensing Vision Foundation Models; (Large-scale) Pre-training Datasets
cand1516,2026,Any2RSI: Controllable Remote Sensing Text-to-Image Generation via Any Control and Enriched Description,Association for Artificial Intelligence 2026; Jianzhong Huang; Lefei Zhang; Xu Zhang,Open MIND; AAAI2026,vision_language,other,10.48448/0fkk-2h55,,https://openalex.org/W7128734416; https://ojs.aaai.org/index.php/AAAI/article/view/38283,,0,OpenAlex,"""geospatial"" ""vision-language""",candidate_model,metadata candidate; screen before citing Recovered after dropped-model link audit; verified public code link.,Any2RSI,Any2RSI,https://ojs.aaai.org/index.php/AAAI/article/view/38283,Code,https://github.com/lwCVer/RFD,Remote Sensing Generative Foundation Models
cand1519,2026,OpenEarth-Agent: From Tool Calling to Tool Creation for Open-Environment Earth Observation,Sijie Zhao; Feng Liu; Xueliang Zhang; Hao Chen; Xinyu Gu; Zhe Jiang; Fenghua Ling; Ben Fei,arXiv (Cornell University); Arxiv2026,vision_language,article,,,https://openalex.org/W7140347090; https://arxiv.org/abs/2603.22148,https://arxiv.org/pdf/2603.22148,0,OpenAlex,"""geospatial"" ""vision-language""",candidate_model,metadata candidate; screen before citing Recovered after dropped-model link audit; verified public code link.,OpenEarth-Agent,Paper,https://arxiv.org/abs/2603.22148,Code,https://github.com/walking-shadow/OpenEarth-Agent,Remote Sensing Agents
cand1545,2025,TESSERA: Temporal Embeddings of Surface Spectra for Earth Representation and Analysis,"Zhengpeng Feng; Clement Atzberger; Sadiq Jaffer; Jovana Knežević; Silja Sormunen; Young, Robin; Madeline Lisaius; Markus Immitzer",arXiv (Cornell University); CVPR2026,foundation_models,preprint,10.48550/arxiv.2506.20380,,https://openalex.org/W4414691205; https://arxiv.org/abs/2506.20380,https://arxiv.org/pdf/2506.20380,33,OpenAlex,"""earth observation"" ""foundation model""",candidate_model,metadata candidate; screen before citing Recovered after dropped-model link audit; verified public code link.,TESSERA,TESSERA; Paper,https://arxiv.org/abs/2506.20380,Code,https://github.com/ucam-eo/tessera,Remote Sensing Vision Foundation Models; Embeddings data
cand1561,2025,RemoteSAM: Towards Segment Anything for Earth Observation,Lin Yao; Fan Liu; Delong Chen; Chuanyi Zhang; Yijun Wang; Ziyun Chen; Wei Xu; Shimin Di,ACMMM2025,foundation_models,article,10.1145/3746027.3754950,,https://openalex.org/W4415537011; https://arxiv.org/abs/2505.18022,,12,OpenAlex,"""earth observation"" ""foundation model""",candidate_model,metadata candidate; screen before citing Recovered after dropped-model link audit; verified public code link.,RemoteSAM; RemoteSAM-270K,RemoteSAM; Paper,https://arxiv.org/abs/2505.18022,Code,https://github.com/1e12Leon/RemoteSAM,Remote Sensing Vision-Language Foundation Models; (Large-scale) Pre-training Datasets
cand1784,2025,SegEarth-R2: Towards Comprehensive Language-guided Segmentation for Remote Sensing Images,Zepeng Xin; Kaiyu Li; Luodi Chen; Wanchen Li; Yuchen Xiao; Hui Qiao; Weizhan Zhang; Deyu Meng,ArXiv.org; CVPR2026,vision_language,article,,,https://openalex.org/W7117277338; https://arxiv.org/abs/2512.20013,https://arxiv.org/pdf/2512.20013,0,OpenAlex,"""geospatial"" ""vision-language""",candidate_model,metadata candidate; screen before citing Recovered after dropped-model link audit; verified public code link.,SegEarth-R2,SegEarth-R2,https://arxiv.org/abs/2512.20013,Code,https://github.com/earth-insights/SegEarth-R2,Remote Sensing Vision-Language Foundation Models
cand1795,2025,EarthGPT-X: A Spatial MLLM for Multi-level Multi-Source Remote Sensing Imagery Understanding with Visual Prompting,"Wei Zhang; Miaoxin Cai; Yaqian Ning; Tong Zhang; Yin Zhuang; Lu, Shijian; He Chen; Jun Li",ArXiv.org; Arxiv2025,sensor_specific,preprint,10.48550/arxiv.2504.12795,,https://openalex.org/W4415249814; https://arxiv.org/abs/2504.12795,https://arxiv.org/pdf/2504.12795,0,OpenAlex,"""synthetic aperture radar"" ""foundation model""",candidate_model,metadata candidate; screen before citing Recovered after dropped-model link audit; verified public code link.,EarthGPT-X,EarthGPT-X,https://arxiv.org/abs/2504.12795,Code,https://github.com/wivizhang/EarthGPT-X,Remote Sensing Vision-Language Foundation Models
cand1838,2024,Remote Sensing ChatGPT: Solving Remote Sensing Tasks with ChatGPT and Visual Models,Haonan Guo; Xin Su; Chen Wu; Bo Du; Liangpei Zhang; Deren Li,Arxiv2024,foundation_models,article,10.1109/igarss53475.2024.10640736,,https://openalex.org/W4402265525; https://arxiv.org/abs/2401.09083,,30,OpenAlex,"""remote sensing"" ""foundation model""",candidate_model,metadata candidate; screen before citing Recovered after dropped-model link audit; verified public code link.,-,Paper,https://arxiv.org/abs/2401.09083,Code,https://github.com/HaonanGuo/Remote-Sensing-ChatGPT,Remote Sensing Vision-Language Foundation Models
cand3265,2025,SkySense-O: Towards Open-World Remote Sensing Interpretation with Vision-Centric Visual-Language Modeling,Qi Zhu; Jiangwei Lao; Deyi Ji; Junwei Luo; Kang Wu; Yingying Zhang; Lixiang Ru; Jian Wang,CVPR2025,remote_sensing_pretraining,article,10.1109/cvpr52734.2025.01373,,https://openalex.org/W4413157899; https://openaccess.thecvf.com/content/CVPR2025/papers/Zhu_SkySense-O_Towards_Open-World_Remote_Sensing_Interpretation_with_Vision-Centric_Visual-Language_Modeling_CVPR_2025_paper.pdf,https://openaccess.thecvf.com/content/CVPR2025/papers/Zhu_SkySense-O_Towards_Open-World_Remote_Sensing_Interpretation_with_Vision-Centric_Visual-Language_Modeling_CVPR_2025_paper.pdf,8,OpenAlex,"""remote sensing"" ""self-supervised""",candidate_model,metadata candidate; screen before citing Recovered after dropped-model link audit; verified public code link.,SkySense-O,SkySense-O,https://openaccess.thecvf.com/content/CVPR2025/papers/Zhu_SkySense-O_Towards_Open-World_Remote_Sensing_Interpretation_with_Vision-Centric_Visual-Language_Modeling_CVPR_2025_paper.pdf,Code,https://github.com/zqcrafts/SkySense-O,Remote Sensing Vision-Language Foundation Models
cand3435,2025,Galileo: Learning Global & Local Features of Many Remote Sensing Modalities,Gabriel Tseng; Anthony Fuller; Marlena Reil; Henry Herzog; Patrick Beukema; Favyen Bastani; James R. Green; Evan Shelhamer,arXiv cs.CV; ICML2025 TerraBytes Workshop,remote_sensing_pretraining,preprint,,2502.09356v3,http://arxiv.org/abs/2502.09356v3; https://arxiv.org/abs/2502.09356,https://arxiv.org/pdf/2502.09356v3,,arXiv,"""remote sensing"" ""self-supervised""",candidate_model,metadata candidate; screen before citing Recovered after dropped-model link audit; verified public code link.,Galileo,Galileo,https://arxiv.org/abs/2502.09356,Code,https://github.com/nasaharvest/galileo,Remote Sensing Vision Foundation Models
cand3539,2024,Masked Angle-Aware Autoencoder for Remote Sensing Images,Zhihao Li; Biao Hou; Siteng Ma; Zitong Wu; Xianpeng Guo; Bo Ren; Licheng Jiao,Lecture notes in computer science; ECCV2024,remote_sensing_pretraining,book-chapter,10.1007/978-3-031-73242-3_15,,https://openalex.org/W4403808926; https://doi.org/10.1007/978-3-031-73242-3_15,,16,OpenAlex,"""remote sensing"" ""self-supervised""",candidate_model,metadata candidate; screen before citing Recovered after dropped-model link audit; verified public code link.,MA3E,MA3E,https://doi.org/10.1007/978-3-031-73242-3_15,Code,https://github.com/benesakitam/MA3E,Remote Sensing Vision Foundation Models
cand4132,2021,Geographical Knowledge-driven Representation Learning for Remote Sensing Images,Wenyuan Li; Keyan Chen; Hao Chen; Zhenwei Shi,arXiv cs.CV; TGRS2021,remote_sensing_pretraining,preprint,,2107.05276v1,http://arxiv.org/abs/2107.05276v1; https://ieeexplore.ieee.org/abstract/document/9559903,https://arxiv.org/pdf/2107.05276v1,,arXiv,"""remote sensing"" ""self-supervised""",candidate_model,metadata candidate; screen before citing Recovered after dropped-model link audit; verified public code link.,GeoKR,GeoKR,https://ieeexplore.ieee.org/abstract/document/9559903,Code,https://github.com/flyakon/Geographical-Knowledge-driven-Representaion-Learning,Remote Sensing Vision Foundation Models
cand4385,2023,Charting New Territories: Exploring the Geographic and Geospatial Capabilities of Multimodal LLMs,Jonathan C. Roberts; Timo Lüddecke; Rehan Sheikh; Kai Han; Samuel Albanie,arXiv (Cornell University); Arxiv2023,vision_language,preprint,10.48550/arxiv.2311.14656,,https://openalex.org/W4389073289; https://arxiv.org/abs/2311.14656,https://arxiv.org/pdf/2311.14656,1,OpenAlex,"""geospatial"" ""vision-language""",candidate_model,metadata candidate; screen before citing Recovered after dropped-model link audit; verified public code link.,-,Paper,https://arxiv.org/abs/2311.14656,Code,https://github.com/jonathan-roberts1/charting-new-territories,Remote Sensing Vision-Language Foundation Models
cand5812,2025,VHM: Versatile and Honest Vision Language Model for Remote Sensing Image Analysis,Chao Pang; Xingxing Weng; Jiang Wu; Jiayu Li; Yi Liu; Jiaxing Sun; Weijia Li; Shuai Wang,Proceedings of the AAAI Conference on Artificial Intelligence; AAAI2025,vision_language,article,10.1609/aaai.v39i6.32683,,https://openalex.org/W4409367667; https://ojs.aaai.org/index.php/AAAI/article/view/32683,https://ojs.aaai.org/index.php/AAAI/article/download/32683/34838,19,OpenAlex,"""remote sensing"" ""vision-language""",candidate_model,metadata candidate; screen before citing Recovered after dropped-model link audit; verified public code link.,VHM,VHM,https://ojs.aaai.org/index.php/AAAI/article/view/32683,Code,https://github.com/opendatalab/VHM,Remote Sensing Vision-Language Foundation Models
cand5904,2025,AirSpatialBot: A Spatially Aware Aerial Agent for Fine-Grained Vehicle Attribute Recognition and Retrieval,Yue Zhou; Ran Ding; Xue Yang; Xue Jiang; Xingzhao Liu,IEEE Transactions on Geoscience and Remote Sensing; IEEE TGRS2025,vision_language,article,10.1109/tgrs.2025.3570895,,https://openalex.org/W4410428182; https://doi.org/10.1109/tgrs.2025.3570895,,0,OpenAlex,"""remote sensing"" ""vision-language""",candidate_model,metadata candidate; screen before citing Recovered after dropped-model link audit; verified public code link.,AirSpatialBot,Paper,https://doi.org/10.1109/tgrs.2025.3570895,Code,https://github.com/VisionXLab/AirSpatialBot,Remote Sensing Agents
cand8207,2026,OpenEarthAgent: A Unified Framework for Tool-Augmented Geospatial Agents,Akashah Shabbir; Muhammad Umer Sheikh; Muhammad Akhtar Munir; Hiyam Debary; Mustansar Fiaz; Muhammad Zaigham Zaheer; Paolo Fraccaro; Fahad Shahbaz Khan,ArXiv.org; Arxiv2026,vision_language,article,,,https://openalex.org/W7130762350; https://arxiv.org/abs/2602.17665,https://arxiv.org/pdf/2602.17665,0,OpenAlex,"""geospatial"" ""vision-language""",candidate_model,metadata candidate; screen before citing Recovered after dropped-model link audit; verified public code link.,OpenEarthAgent; OpenEarthAgent Dataset,Paper,https://arxiv.org/abs/2602.17665,Code,https://github.com/mbzuai-oryx/OpenEarthAgent,Remote Sensing Agents; (Large-scale) Pre-training Datasets
cand8658,2025,PEACE: Empowering Geologic Map Holistic Understanding with MLLMs,"Huang, Yangyu; Tianyi Gao; Haoran Xu; Qihao Zhao; Yang Song; Gui, Zhipeng; Tengchao Lv; Chen, Hao",arXiv (Cornell University); CVPR2025,vision_language,preprint,10.48550/arxiv.2501.06184,,https://openalex.org/W4406319075; https://arxiv.org/abs/2501.06184,https://arxiv.org/pdf/2501.06184,1,OpenAlex,"""geospatial"" ""vision-language""",candidate_model,metadata candidate; screen before citing Recovered after dropped-model link audit; verified public code link.,PEACE,Paper,https://arxiv.org/abs/2501.06184,Code,https://github.com/microsoft/PEACE?tab=readme-ov-file,Remote Sensing Agents
cand10689,2024,EarthGPT: A Universal Multimodal Large Language Model for Multisensor Image Comprehension in Remote Sensing Domain,,IEEE TGRS2024,vision_language,awesome_list_entry,10.1109/tgrs.2024.3409624,,https://doi.org/10.1109/tgrs.2024.3409624,,,awesome_rsfm_github,https://github.com/Jack-bo1220/Awesome-Remote-Sensing-Foundation-Models,candidate_model,added from Awesome Remote Sensing Foundation Models README section: Remote Sensing Vision-Language Foundation Models; screen before citing Recovered after dropped-model link audit; verified public code link.,EarthGPT,EarthGPT,https://doi.org/10.1109/tgrs.2024.3409624,Code,https://github.com/wivizhang/EarthGPT,Remote Sensing Vision-Language Foundation Models
cand10690,2024,EarthMarker: A Visual Prompting Multi-modal Large Language Model for Remote Sensing,,IEEE TGRS2024,vision_language,awesome_list_entry,,2407.13596,https://arxiv.org/abs/2407.13596,,,awesome_rsfm_github,https://github.com/Jack-bo1220/Awesome-Remote-Sensing-Foundation-Models,candidate_model,added from Awesome Remote Sensing Foundation Models README section: Remote Sensing Vision-Language Foundation Models; screen before citing Recovered after dropped-model link audit; verified public code link.,EarthMarker,EarthMarker,https://arxiv.org/abs/2407.13596,Code,https://github.com/wivizhang/EarthMarker,Remote Sensing Vision-Language Foundation Models
cand10691,2024,RS-LLaVA: Large Vision Language Model for Joint Captioning and Question Answering in Remote Sensing Imagery,,RS2024,vision_language,awesome_list_entry,,,https://www.mdpi.com/2072-4292/16/9/1477,,,awesome_rsfm_github,https://github.com/Jack-bo1220/Awesome-Remote-Sensing-Foundation-Models,candidate_model,added from Awesome Remote Sensing Foundation Models README section: Remote Sensing Vision-Language Foundation Models; screen before citing Recovered after dropped-model link audit; verified public code link.,RS-LLaVA,RS-LLaVA,https://www.mdpi.com/2072-4292/16/9/1477,Code,https://github.com/BigData-KSU/RS-LLaVA,Remote Sensing Vision-Language Foundation Models
cand10700,2025,GeoPix: Multi-Modal Large Language Model for Pixel-level Image Understanding in Remote Sensing,,IEEE GRSM2025,vision_language,awesome_list_entry,,2501.06828,https://arxiv.org/abs/2501.06828,,,awesome_rsfm_github,https://github.com/Jack-bo1220/Awesome-Remote-Sensing-Foundation-Models,candidate_model,added from Awesome Remote Sensing Foundation Models README section: Remote Sensing Vision-Language Foundation Models; screen before citing Recovered after dropped-model link audit; verified public code link.,GeoPix; GeoPixInstruct,GeoPix; Paper,https://arxiv.org/abs/2501.06828,Code,https://github.com/Norman-Ou/GeoPix,Remote Sensing Vision-Language Foundation Models; (Large-scale) Pre-training Datasets
cand10701,2025,EarthMind: Leveraging Cross-Sensor Data for Advanced Earth Observation Interpretation with a Unified Multimodal LLM,,Arxiv2025,vision_language,awesome_list_entry,,2506.01667,https://arxiv.org/abs/2506.01667,,,awesome_rsfm_github,https://github.com/Jack-bo1220/Awesome-Remote-Sensing-Foundation-Models,candidate_model,added from Awesome Remote Sensing Foundation Models README section: Remote Sensing Vision-Language Foundation Models; screen before citing Recovered after dropped-model link audit; verified public code link.,EarthMind,EarthMind,https://arxiv.org/abs/2506.01667,Code,https://github.com/shuyansy/EarthMind,Remote Sensing Vision-Language Foundation Models
cand10703,2025,UrbanLLaVA: A Multi-modal Large Language Model for Urban Intelligence with Spatial Reasoning and Understanding,,ICCV2025,vision_language,awesome_list_entry,,2506.23219,https://arxiv.org/abs/2506.23219,,,awesome_rsfm_github,https://github.com/Jack-bo1220/Awesome-Remote-Sensing-Foundation-Models,candidate_model,added from Awesome Remote Sensing Foundation Models README section: Remote Sensing Vision-Language Foundation Models; screen before citing Recovered after dropped-model link audit; verified public code link.,UrbanLLaVA,UrbanLLaVA,https://arxiv.org/abs/2506.23219,Code,https://github.com/tsinghua-fib-lab/UrbanLLaVA,Remote Sensing Vision-Language Foundation Models
cand10704,2026,GeoEyes: On-Demand Visual Focusing for Evidence-Grounded Understanding of Ultra-High-Resolution Remote Sensing Imagery,,Arxiv2026,vision_language,awesome_list_entry,,2602.14201,https://arxiv.org/abs/2602.14201,,,awesome_rsfm_github,https://github.com/Jack-bo1220/Awesome-Remote-Sensing-Foundation-Models,candidate_model,added from Awesome Remote Sensing Foundation Models README section: Remote Sensing Vision-Language Foundation Models; screen before citing Recovered after dropped-model link audit; verified public code link.,GeoEyes; UHR-CoZ,GeoEyes; Paper,https://arxiv.org/abs/2602.14201,Code,https://github.com/nanocm/GeoEyes,Remote Sensing Vision-Language Foundation Models; (Large-scale) Pre-training Datasets
cand10706,2026,UniChange: Unifying Change Detection with Multimodal Large Language Model,,CVPR2026,vision_language,awesome_list_entry,,2511.02607,https://arxiv.org/abs/2511.02607,,,awesome_rsfm_github,https://github.com/Jack-bo1220/Awesome-Remote-Sensing-Foundation-Models,candidate_model,added from Awesome Remote Sensing Foundation Models README section: Remote Sensing Vision-Language Foundation Models; screen before citing Recovered after dropped-model link audit; verified public code link.,UniChange,UniChange,https://arxiv.org/abs/2511.02607,Code,https://github.com/NKU-HLT/UniChange,Remote Sensing Vision-Language Foundation Models
cand10707,2026,UniGeoSeg: Towards Unified Open-World Segmentation for Geospatial Scenes,,CVPR2026,vision_language,awesome_list_entry,,2511.23332,https://arxiv.org/abs/2511.23332,,,awesome_rsfm_github,https://github.com/Jack-bo1220/Awesome-Remote-Sensing-Foundation-Models,candidate_model,added from Awesome Remote Sensing Foundation Models README section: Remote Sensing Vision-Language Foundation Models; screen before citing Recovered after dropped-model link audit; verified public code link.,UniGeoSeg,UniGeoSeg,https://arxiv.org/abs/2511.23332,Code,https://github.com/MiliLab/UniGeoSeg,Remote Sensing Vision-Language Foundation Models
cand10709,2025,EcoMapper: Generative Modeling for Climate-Aware Satellite Imagery,,ICML2025,generative,awesome_list_entry,,,https://proceedings.mlr.press/v267/goktepe25a.html,,,awesome_rsfm_github,https://github.com/Jack-bo1220/Awesome-Remote-Sensing-Foundation-Models,candidate_model,added from Awesome Remote Sensing Foundation Models README section: Remote Sensing Generative Foundation Models; screen before citing Recovered after dropped-model link audit; verified public code link.,EcoMapper,EcoMapper,https://proceedings.mlr.press/v267/goktepe25a.html,Code,https://github.com/maltevb/ecomapper,Remote Sensing Generative Foundation Models
cand10710,2025,OSMGen: Highly Controllable Satellite Image Synthesis using OpenStreetMap Data,,NeurIPSW2025,generative,awesome_list_entry,,2511.00345,https://arxiv.org/abs/2511.00345,,,awesome_rsfm_github,https://github.com/Jack-bo1220/Awesome-Remote-Sensing-Foundation-Models,candidate_model,added from Awesome Remote Sensing Foundation Models README section: Remote Sensing Generative Foundation Models; screen before citing Recovered after dropped-model link audit; verified public code link.,OSMGen,OSMGen,https://arxiv.org/abs/2511.00345,Code,https://github.com/amir-zsh/OSMGen,Remote Sensing Generative Foundation Models
cand10714,2026,Geo²: Geometry-Guided Cross-view Geo-Localization and Image Synthesis,Yancheng Zhang; Xiaohan Zhang; Guangyu Sun; Zonglin Lyu; Safwan Wshah; Chen Chen,CVPR 2026,vision_location,preprint,10.48550/arXiv.2603.25819,2603.25819,https://fobow.github.io/geo2.github.io/,https://arxiv.org/pdf/2603.25819,,Geo² project page,https://fobow.github.io/geo2.github.io/,candidate_model,Geo² is a geometry-guided cross-view geo-localization and image-synthesis framework that leverages geometric priors from Geometric Foundation Models such as VGGT. Components include GeoMap for shared 3D-aware ground/aerial latent features and GeoFlow for bidirectional cross-view synthesis. Code: https://github.com/Fobow/geo-2. Recovered after dropped-model link audit; verified public code link.,Geo²,arXiv,https://arxiv.org/abs/2603.25819,Code,https://github.com/Fobow/geo-2,Remote Sensing Vision-Location Foundation Models
cand10716,2024,PSM: Learning Probabilistic Embeddings for Multi-scale Zero-Shot Soundscape Mapping,,ACM MM 2024,embeddings_data,awesome_list_entry,,2408.07050,https://arxiv.org/abs/2408.07050,,,awesome_rsfm_github,https://github.com/Jack-bo1220/Awesome-Remote-Sensing-Foundation-Models,candidate_model,added from Awesome Remote Sensing Foundation Models README section: Remote Sensing Vision-Audio Foundation Models; screen before citing Recovered after dropped-model link audit; verified public code link.,PSM,PSM,https://arxiv.org/abs/2408.07050,Code,https://github.com/mvrl/PSM,Remote Sensing Vision-Audio Foundation Models
cand10717,2024,Change-Agent: Toward Interactive Comprehensive Remote Sensing Change Interpretation and Analysis,,TGRS2024,agents,awesome_list_entry,,,https://ieeexplore.ieee.org/abstract/document/10591792,,,awesome_rsfm_github,https://github.com/Jack-bo1220/Awesome-Remote-Sensing-Foundation-Models,candidate_model,added from Awesome Remote Sensing Foundation Models README section: Remote Sensing Agents; screen before citing Recovered after dropped-model link audit; verified public code link.,Change-Agent,Paper,https://ieeexplore.ieee.org/abstract/document/10591792,Code,https://github.com/Chen-Yang-Liu/Change-Agent,Remote Sensing Agents
cand10719,2025,Geo-OLM: Enabling Sustainable Earth Observation Studies with Cost-Efficient Open Language Models & State-Driven Workflows,,COMPASS'2025,agents,awesome_list_entry,,2504.04319,https://arxiv.org/abs/2504.04319,,,awesome_rsfm_github,https://github.com/Jack-bo1220/Awesome-Remote-Sensing-Foundation-Models,candidate_model,added from Awesome Remote Sensing Foundation Models README section: Remote Sensing Agents; screen before citing Recovered after dropped-model link audit; verified public code link.,Geo-OLM,Paper,https://arxiv.org/abs/2504.04319,Code,https://github.com/dstamoulis/geo-olms,Remote Sensing Agents
cand10720,2026,Earth-Agent: Unlocking the Full Landscape of Earth Observation with Agents,,ICLR2026,agents,awesome_list_entry,,2509.23141,https://arxiv.org/abs/2509.23141,,,awesome_rsfm_github,https://github.com/Jack-bo1220/Awesome-Remote-Sensing-Foundation-Models,candidate_model,added from Awesome Remote Sensing Foundation Models README section: Remote Sensing Agents; screen before citing Recovered after dropped-model link audit; verified public code link.,Earth-Agent; Earth-Bench,Paper; Earth-Agent,https://arxiv.org/abs/2509.23141,Code,https://github.com/opendatalab/Earth-Agent,Remote Sensing Agents; Benchmarks for RSFMs
cand10731,2023,RSVG: Exploring Data and Models for Visual Grounding on Remote Sensing Data,,TGRS2023,dataset,awesome_list_entry,,,https://ieeexplore.ieee.org/document/10056343,,,awesome_rsfm_github,https://github.com/Jack-bo1220/Awesome-Remote-Sensing-Foundation-Models,candidate_model,added from Awesome Remote Sensing Foundation Models README section: (Large-scale) Pre-training Datasets; screen before citing Recovered after dropped-model link audit; verified public code link.,RSVG,RSVG,https://ieeexplore.ieee.org/document/10056343,Code,https://github.com/ZhanYang-nwpu/RSVG-pytorch,(Large-scale) Pre-training Datasets
cand10733,2024,Clay Model v0 Embeddings,,Source Cooperative2024,embeddings_data,awesome_list_entry,,,https://github.com/Jack-bo1220/Awesome-Remote-Sensing-Foundation-Models,,,awesome_rsfm_github,https://github.com/Jack-bo1220/Awesome-Remote-Sensing-Foundation-Models,candidate_model,added from Awesome Remote Sensing Foundation Models README section: Embeddings data; screen before citing Recovered after dropped-model link audit; verified public code link.,CLAY Embeddings,null,,Code,https://github.com/Clay-foundation,Embeddings data
cand10734,2024,Global and Dense Embeddings of Earth: Major TOM Floating in the Latent Space,,Arxiv2024,embeddings_data,awesome_list_entry,,2412.05600,https://arxiv.org/abs/2412.05600,,,awesome_rsfm_github,https://github.com/Jack-bo1220/Awesome-Remote-Sensing-Foundation-Models,candidate_model,added from Awesome Remote Sensing Foundation Models README section: Embeddings data; screen before citing Recovered after dropped-model link audit; verified public code link.,Major TOM Embeddings,Paper,https://arxiv.org/abs/2412.05600,Code,https://github.com/ESA-PhiLab/Major-TOM,Embeddings data
cand10736,2026,Democratizing planetary-scale analysis: An ultra-lightweight Earth embedding database for accurate and flexible global land monitoring,,Arxiv2026,embeddings_data,awesome_list_entry,,2601.11183,https://arxiv.org/abs/2601.11183,,,awesome_rsfm_github,https://github.com/Jack-bo1220/Awesome-Remote-Sensing-Foundation-Models,candidate_model,added from Awesome Remote Sensing Foundation Models README section: Embeddings data; screen before citing Recovered after dropped-model link audit; verified public code link.,ESD,Paper,https://arxiv.org/abs/2601.11183,Code,https://github.com/shuangchencc/ESD,Embeddings data
model_bilisakura_eo_vae,2026,EO-VAE,BiliSakura,Hugging Face model card,foundation_models,model_card,,2602.12177,https://huggingface.co/BiliSakura/EO-VAE,,,catalogue/models,local model JSON catalogue,candidate_tokenizer,local_id: model_bilisakura_eo_vae; developer: BiliSakura; input_modality: earth-observation; discovered_via: hugging-face; tags: diffusers; safetensors; remote-sensing; earth-observation; vae; tokenizer; multi-spectral; image-to-image; en; arxiv:2602.12177; base_model:nilsleh/eo-vae; base_model:finetune:nilsleh/eo-vae; license:apache-2.0; region:us; base_model: nilsleh/eo-vae; finetune:nilsleh/eo-vae Recovered after dropped-model link audit; verified public weights link.,,,,Weights,https://huggingface.co/BiliSakura/EO-VAE,Model catalogue
model_bilisakura_terramind_1_0_tokenizer_dem,2026,TerraMind-1.0-Tokenizer-DEM,BiliSakura,Hugging Face model card,foundation_models,model_card,,,https://huggingface.co/BiliSakura/TerraMind-1.0-Tokenizer-DEM,,,catalogue/models,local model JSON catalogue,candidate_tokenizer,local_id: model_bilisakura_terramind_1_0_tokenizer_dem; developer: BiliSakura; input_modality: earth-observation; discovered_via: hugging-face; tags: diffusers; safetensors; divae; terramind; remote-sensing; earth-observation; tokenizer; vq; fsq; feature-extraction; custom_code; en; base_model:ibm-esa-geospatial/TerraMind-1.0-Tokenizer-DEM; base_model:finetune:ibm-esa-geospatial/TerraMind-1.0-Tokenizer-DEM; license:apache-2.0; region:us; base_model: ibm-esa-geospatial/TerraMind-1.0-Tokenizer-DEM; finetune:ibm-esa-geospatial/TerraMind-1.0-Tokenizer-DEM Recovered after dropped-model link audit; verified public weights link.,,,,Weights,https://huggingface.co/BiliSakura/TerraMind-1.0-Tokenizer-DEM,Model catalogue
model_bilisakura_terramind_1_0_tokenizer_lulc,2026,TerraMind-1.0-Tokenizer-LULC,BiliSakura,Hugging Face model card,foundation_models,model_card,,,https://huggingface.co/BiliSakura/TerraMind-1.0-Tokenizer-LULC,,,catalogue/models,local model JSON catalogue,candidate_tokenizer,local_id: model_bilisakura_terramind_1_0_tokenizer_lulc; developer: BiliSakura; input_modality: earth-observation; discovered_via: hugging-face; tags: diffusers; safetensors; vqvae; terramind; remote-sensing; earth-observation; tokenizer; lulc; vq; fsq; feature-extraction; custom_code; en; base_model:ibm-esa-geospatial/TerraMind-1.0-Tokenizer-LULC; base_model:finetune:ibm-esa-geospatial/TerraMind-1.0-Tokenizer-LULC; license:apache-2.0; region:us; base_model: ibm-esa-geospatial/TerraMind-1.0-Tokenizer-LULC; finetune:ibm-esa-geospatial/TerraMind-1.0-Tokenizer-LULC Recovered after dropped-model link audit; verified public weights link.,,,,Weights,https://huggingface.co/BiliSakura/TerraMind-1.0-Tokenizer-LULC,Model catalogue
model_bilisakura_terramind_1_0_tokenizer_ndvi,2026,TerraMind-1.0-Tokenizer-NDVI,BiliSakura,Hugging Face model card,foundation_models,model_card,,,https://huggingface.co/BiliSakura/TerraMind-1.0-Tokenizer-NDVI,,,catalogue/models,local model JSON catalogue,candidate_tokenizer,local_id: model_bilisakura_terramind_1_0_tokenizer_ndvi; developer: BiliSakura; input_modality: earth-observation; discovered_via: hugging-face; tags: diffusers; safetensors; divae; terramind; remote-sensing; earth-observation; tokenizer; ndvi; vq; fsq; feature-extraction; custom_code; en; base_model:ibm-esa-geospatial/TerraMind-1.0-Tokenizer-NDVI; base_model:finetune:ibm-esa-geospatial/TerraMind-1.0-Tokenizer-NDVI; license:apache-2.0; region:us; base_model: ibm-esa-geospatial/TerraMind-1.0-Tokenizer-NDVI; finetune:ibm-esa-geospatial/TerraMind-1.0-Tokenizer-NDVI Recovered after dropped-model link audit; verified public weights link.,,,,Weights,https://huggingface.co/BiliSakura/TerraMind-1.0-Tokenizer-NDVI,Model catalogue
model_bilisakura_terramind_1_0_tokenizer_s1grd,2026,TerraMind-1.0-Tokenizer-S1GRD,BiliSakura,Hugging Face model card,foundation_models,model_card,,,https://huggingface.co/BiliSakura/TerraMind-1.0-Tokenizer-S1GRD,,,catalogue/models,local model JSON catalogue,candidate_tokenizer,local_id: model_bilisakura_terramind_1_0_tokenizer_s1grd; developer: BiliSakura; input_modality: earth-observation; discovered_via: hugging-face; tags: diffusers; safetensors; divae; terramind; remote-sensing; earth-observation; tokenizer; sentinel-1; vq; fsq; feature-extraction; custom_code; en; base_model:ibm-esa-geospatial/TerraMind-1.0-Tokenizer-S1GRD; base_model:finetune:ibm-esa-geospatial/TerraMind-1.0-Tokenizer-S1GRD; license:apache-2.0; region:us; base_model: ibm-esa-geospatial/TerraMind-1.0-Tokenizer-S1GRD; finetune:ibm-esa-geospatial/TerraMind-1.0-Tokenizer-S1GRD Recovered after dropped-model link audit; verified public weights link.,,,,Weights,https://huggingface.co/BiliSakura/TerraMind-1.0-Tokenizer-S1GRD,Model catalogue
model_bilisakura_terramind_1_0_tokenizer_s1rtc,2026,TerraMind-1.0-Tokenizer-S1RTC,BiliSakura,Hugging Face model card,foundation_models,model_card,,,https://huggingface.co/BiliSakura/TerraMind-1.0-Tokenizer-S1RTC,,,catalogue/models,local model JSON catalogue,candidate_tokenizer,local_id: model_bilisakura_terramind_1_0_tokenizer_s1rtc; developer: BiliSakura; input_modality: earth-observation; discovered_via: hugging-face; tags: diffusers; safetensors; divae; terramind; remote-sensing; earth-observation; tokenizer; sentinel-1; vq; fsq; feature-extraction; custom_code; en; base_model:ibm-esa-geospatial/TerraMind-1.0-Tokenizer-S1RTC; base_model:finetune:ibm-esa-geospatial/TerraMind-1.0-Tokenizer-S1RTC; license:apache-2.0; region:us; base_model: ibm-esa-geospatial/TerraMind-1.0-Tokenizer-S1RTC; finetune:ibm-esa-geospatial/TerraMind-1.0-Tokenizer-S1RTC Recovered after dropped-model link audit; verified public weights link.,,,,Weights,https://huggingface.co/BiliSakura/TerraMind-1.0-Tokenizer-S1RTC,Model catalogue
model_bilisakura_terramind_1_0_tokenizer_s2l2a,2026,TerraMind-1.0-Tokenizer-S2L2A,BiliSakura,Hugging Face model card,foundation_models,model_card,,,https://huggingface.co/BiliSakura/TerraMind-1.0-Tokenizer-S2L2A,,,catalogue/models,local model JSON catalogue,candidate_tokenizer,local_id: model_bilisakura_terramind_1_0_tokenizer_s2l2a; developer: BiliSakura; input_modality: earth-observation; discovered_via: hugging-face; tags: diffusers; safetensors; divae; terramind; remote-sensing; earth-observation; tokenizer; sentinel-2; vq; fsq; feature-extraction; custom_code; en; base_model:ibm-esa-geospatial/TerraMind-1.0-Tokenizer-S2L2A; base_model:finetune:ibm-esa-geospatial/TerraMind-1.0-Tokenizer-S2L2A; license:apache-2.0; region:us; base_model: ibm-esa-geospatial/TerraMind-1.0-Tokenizer-S2L2A; finetune:ibm-esa-geospatial/TerraMind-1.0-Tokenizer-S2L2A Recovered after dropped-model link audit; verified public weights link.,,,,Weights,https://huggingface.co/BiliSakura/TerraMind-1.0-Tokenizer-S2L2A,Model catalogue
model_hwh_datascience_divae_tokenizer_ahn_448,2026,divae-tokenizer-ahn-448,hwh-datascience,Hugging Face model card,foundation_models,model_card,,,https://huggingface.co/hwh-datascience/divae-tokenizer-ahn-448,,,catalogue/models,local model JSON catalogue,candidate_tokenizer,local_id: model_hwh_datascience_divae_tokenizer_ahn_448; developer: hwh-datascience; discovered_via: hugging-face; tags: terratorch; divae; terravision; terramind; tokenizer; vqvae; fsq; geospatial; remote-sensing; ahn; license:apache-2.0; region:us Recovered after dropped-model link audit; verified public weights link.,,,,Weights,https://huggingface.co/hwh-datascience/divae-tokenizer-ahn-448,Model catalogue
model_hwh_datascience_divae_tokenizer_cir_448,2026,divae-tokenizer-cir-448,hwh-datascience,Hugging Face model card,foundation_models,model_card,,,https://huggingface.co/hwh-datascience/divae-tokenizer-cir-448,,,catalogue/models,local model JSON catalogue,candidate_tokenizer,local_id: model_hwh_datascience_divae_tokenizer_cir_448; developer: hwh-datascience; discovered_via: hugging-face; tags: terratorch; divae; terravision; terramind; tokenizer; vqvae; fsq; geospatial; remote-sensing; cir; license:apache-2.0; region:us Recovered after dropped-model link audit; verified public weights link.,,,,Weights,https://huggingface.co/hwh-datascience/divae-tokenizer-cir-448,Model catalogue
model_hwh_datascience_divae_tokenizer_rgb_448,2026,divae-tokenizer-rgb-448,hwh-datascience,Hugging Face model card,foundation_models,model_card,,,https://huggingface.co/hwh-datascience/divae-tokenizer-rgb-448,,,catalogue/models,local model JSON catalogue,candidate_tokenizer,local_id: model_hwh_datascience_divae_tokenizer_rgb_448; developer: hwh-datascience; discovered_via: hugging-face; tags: terratorch; divae; terravision; terramind; tokenizer; vqvae; fsq; geospatial; remote-sensing; rgb; license:apache-2.0; region:us Recovered after dropped-model link audit; verified public weights link.,,,,Weights,https://huggingface.co/hwh-datascience/divae-tokenizer-rgb-448,Model catalogue
