source_repo,source_readme,source_line,source_section,entry_name,entry_url,action,link_status,target_file,target_id,description
https://github.com/satellite-image-deep-learning/datasets,https://raw.githubusercontent.com/satellite-image-deep-learning/datasets/main/README.md,17,Lists of datasets,Earth Observation Database,https://eod-grss-ieee.com/,added,200,datasets.csv,source/satellite-image-deep-learning-datasets/earth-observation-database,
https://github.com/satellite-image-deep-learning/datasets,https://raw.githubusercontent.com/satellite-image-deep-learning/datasets/main/README.md,19,Lists of datasets,awesome-satellite-imagery-datasets,https://github.com/chrieke/awesome-satellite-imagery-datasets,added,200,datasets.csv,source/satellite-image-deep-learning-datasets/awesome-satellite-imagery-datasets,
https://github.com/satellite-image-deep-learning/datasets,https://raw.githubusercontent.com/satellite-image-deep-learning/datasets/main/README.md,20,Lists of datasets,Awesome_Satellite_Benchmark_Datasets,https://github.com/Seyed-Ali-Ahmadi/Awesome_Satellite_Benchmark_Datasets,added,200,datasets.csv,source/satellite-image-deep-learning-datasets/awesome-satellite-benchmark-datasets,
https://github.com/satellite-image-deep-learning/datasets,https://raw.githubusercontent.com/satellite-image-deep-learning/datasets/main/README.md,22,Lists of datasets,Callisto-Dataset-Collection,https://github.com/Agri-Hub/Callisto-Dataset-Collection,added,200,datasets.csv,source/satellite-image-deep-learning-datasets/callisto-dataset-collection,datasets that use Copernicus/sentinel data
https://github.com/satellite-image-deep-learning/datasets,https://raw.githubusercontent.com/satellite-image-deep-learning/datasets/main/README.md,23,Lists of datasets,geospatial-data-catalogs,https://github.com/giswqs/geospatial-data-catalogs,added,200,datasets.csv,source/satellite-image-deep-learning-datasets/geospatial-data-catalogs,"A list of open geospatial datasets available on AWS, Earth Engine, Planetary Computer, and STAC Index"
https://github.com/satellite-image-deep-learning/datasets,https://raw.githubusercontent.com/satellite-image-deep-learning/datasets/main/README.md,24,Lists of datasets,BED4RS,https://captain-whu.github.io/BED4RS/,added,200,datasets.csv,source/satellite-image-deep-learning-datasets/bed4rs,
https://github.com/satellite-image-deep-learning/datasets,https://raw.githubusercontent.com/satellite-image-deep-learning/datasets/main/README.md,25,Lists of datasets,Satellite-Image-Time-Series-Datasets,https://github.com/corentin-dfg/Satellite-Image-Time-Series-Datasets,added,200,datasets.csv,source/satellite-image-deep-learning-datasets/satellite-image-time-series-datasets,
https://github.com/satellite-image-deep-learning/datasets,https://raw.githubusercontent.com/satellite-image-deep-learning/datasets/main/README.md,28,Remote sensing dataset hubs,Radiant MLHub,https://web.archive.org/web/20241213015814/https://mlhub.earth/,added,200,datasets.csv,source/satellite-image-deep-learning-datasets/radiant-mlhub,both datasets and models
https://github.com/satellite-image-deep-learning/datasets,https://raw.githubusercontent.com/satellite-image-deep-learning/datasets/main/README.md,29,Remote sensing dataset hubs,Registry of Open Data on AWS,https://registry.opendata.aws,added,200,datasets.csv,source/satellite-image-deep-learning-datasets/registry-of-open-data-on-aws,
https://github.com/satellite-image-deep-learning/datasets,https://raw.githubusercontent.com/satellite-image-deep-learning/datasets/main/README.md,30,Remote sensing dataset hubs,Microsoft Planetary Computer data catalog,https://planetarycomputer.microsoft.com/catalog,added,200,datasets.csv,source/satellite-image-deep-learning-datasets/microsoft-planetary-computer-data-catalog,
https://github.com/satellite-image-deep-learning/datasets,https://raw.githubusercontent.com/satellite-image-deep-learning/datasets/main/README.md,31,Remote sensing dataset hubs,Google Earth Engine Data Catalog,https://developers.google.com/earth-engine/datasets,added,200,datasets.csv,source/satellite-image-deep-learning-datasets/google-earth-engine-data-catalog,
https://github.com/satellite-image-deep-learning/datasets,https://raw.githubusercontent.com/satellite-image-deep-learning/datasets/main/README.md,39,Sentinel-1 (SAR),Sentinel-1 for Science Amazonas,https://sen4ama.gisat.cz/,added,200,datasets.csv,source/satellite-image-deep-learning-datasets/sentinel-1-for-science-amazonas,forest lost time series dataset
https://github.com/satellite-image-deep-learning/datasets,https://raw.githubusercontent.com/satellite-image-deep-learning/datasets/main/README.md,40,Sentinel-1 (SAR),CYCleSS,https://www.nature.com/articles/s41597-025-06528-x,added,200,datasets.csv,source/satellite-image-deep-learning-datasets/cycless,"A comprehensive UK crop yield dataset incorporating satellite, weather, and soil type informations"
https://github.com/satellite-image-deep-learning/datasets,https://raw.githubusercontent.com/satellite-image-deep-learning/datasets/main/README.md,41,Sentinel-1 (SAR),DeepOWT,https://zenodo.org/records/18735421,added,200,datasets.csv,source/satellite-image-deep-learning-datasets/deepowt,dataset of offshore wind energy infrastructure locations and their temporal deployment dynamics on a global scale.
https://github.com/satellite-image-deep-learning/datasets,https://raw.githubusercontent.com/satellite-image-deep-learning/datasets/main/README.md,45,Sentinel-2 (Optical),Open access data on GCP,https://console.cloud.google.com/storage/browser/gcp-public-data-sentinel-2?prefix=tiles%2F31%2FT%2FCJ%2F,added,200,datasets.csv,source/satellite-image-deep-learning-datasets/open-access-data-on-gcp,
https://github.com/satellite-image-deep-learning/datasets,https://raw.githubusercontent.com/satellite-image-deep-learning/datasets/main/README.md,50,Sentinel-2 (Optical),SEN12MS,https://github.com/zhu-xlab/SEN12MS,added,200,datasets.csv,source/satellite-image-deep-learning-datasets/sen12ms,A Curated Dataset of Georeferenced Multi-spectral Sentinel-1/2 Imagery for Deep Learning and Data Fusion. Checkout SEN12MS toolbox and many referenced uses on paperswithcode.com
https://github.com/satellite-image-deep-learning/datasets,https://raw.githubusercontent.com/satellite-image-deep-learning/datasets/main/README.md,51,Sentinel-2 (Optical),SEN2NAIP,https://huggingface.co/datasets/tacofoundation/SEN2NAIPv2,added,200,datasets.csv,source/satellite-image-deep-learning-datasets/sen2naip,Spatially and spectrally harmonized Sen-2 + NAIP dataset for 4x RGB-NIR super-resolution.
https://github.com/satellite-image-deep-learning/datasets,https://raw.githubusercontent.com/satellite-image-deep-learning/datasets/main/README.md,52,Sentinel-2 (Optical),Sen4AgriNet,https://github.com/Orion-AI-Lab/S4A,added,200,datasets.csv,source/satellite-image-deep-learning-datasets/sen4agrinet,"A Sentinel-2 multi-year, multi-country benchmark dataset for crop classification and segmentation with deep learning, with and models"
https://github.com/satellite-image-deep-learning/datasets,https://raw.githubusercontent.com/satellite-image-deep-learning/datasets/main/README.md,54,Sentinel-2 (Optical),open-sentinel-map,https://github.com/VisionSystemsInc/open-sentinel-map,added,200,datasets.csv,source/satellite-image-deep-learning-datasets/open-sentinel-map,The OpenSentinelMap dataset contains Sentinel-2 imagery and per-pixel semantic label masks derived from OpenStreetMap
https://github.com/satellite-image-deep-learning/datasets,https://raw.githubusercontent.com/satellite-image-deep-learning/datasets/main/README.md,55,Sentinel-2 (Optical),Canadian-cropland-dataset,https://github.com/bioinfoUQAM/Canadian-cropland-dataset,added,200,datasets.csv,source/satellite-image-deep-learning-datasets/canadian-cropland-dataset,a novel patch-based dataset compiled using optical satellite images of Canadian agricultural croplands retrieved from Sentinel-2
https://github.com/satellite-image-deep-learning/datasets,https://raw.githubusercontent.com/satellite-image-deep-learning/datasets/main/README.md,56,Sentinel-2 (Optical),Sentinel-2 Cloud Cover Segmentation Dataset,https://web.archive.org/web/20230606184945/https://mlhub.earth/data/ref_cloud_cover_detection_challenge_v1,added,200,datasets.csv,source/satellite-image-deep-learning-datasets/sentinel-2-cloud-cover-segmentation-dataset,on Radiant mlhub
https://github.com/satellite-image-deep-learning/datasets,https://raw.githubusercontent.com/satellite-image-deep-learning/datasets/main/README.md,57,Sentinel-2 (Optical),The Azavea Cloud Dataset,https://www.azavea.com/blog/2021/08/02/the-azavea-cloud-dataset/,added,200,datasets.csv,source/satellite-image-deep-learning-datasets/the-azavea-cloud-dataset,which is used to train this cloud-model
https://github.com/satellite-image-deep-learning/datasets,https://raw.githubusercontent.com/satellite-image-deep-learning/datasets/main/README.md,60,Sentinel-2 (Optical),Ship-S2-AIS dataset,https://zenodo.org/record/7229756#.Y5GsgOzP1hE,added,200,datasets.csv,source/satellite-image-deep-learning-datasets/ship-s2-ais-dataset,"13k tiles extracted from 29 free Sentinel-2 products. 2k images showing ships in Denmark sovereign waters: one may detect cargos, fishing, or container ships"
https://github.com/satellite-image-deep-learning/datasets,https://raw.githubusercontent.com/satellite-image-deep-learning/datasets/main/README.md,61,Sentinel-2 (Optical),Amazon Rainforest dataset for semantic segmentation,https://zenodo.org/record/3233081#.Y6LPLOzP1hE,added,200,datasets.csv,source/satellite-image-deep-learning-datasets/amazon-rainforest-dataset-for-semantic-segmentation,Sentinel 2 images
https://github.com/satellite-image-deep-learning/datasets,https://raw.githubusercontent.com/satellite-image-deep-learning/datasets/main/README.md,62,Sentinel-2 (Optical),MATTER,https://github.com/periakiva/MATTER,added,200,datasets.csv,source/satellite-image-deep-learning-datasets/matter,a Sentinel 2 dataset for Self-Supervised Training
https://github.com/satellite-image-deep-learning/datasets,https://raw.githubusercontent.com/satellite-image-deep-learning/datasets/main/README.md,64,Sentinel-2 (Optical),Generating Imperviousness Maps from Multispectral Sentinel-2 Satellite Imagery,https://zenodo.org/record/7058860#.ZDrAeuzMLdo,added,200,datasets.csv,source/satellite-image-deep-learning-datasets/generating-imperviousness-maps-from-multispectral-sentinel-2-satellite-imagery,
https://github.com/satellite-image-deep-learning/datasets,https://raw.githubusercontent.com/satellite-image-deep-learning/datasets/main/README.md,65,Sentinel-2 (Optical),Sentinel-2 Water Edges Dataset (SWED),https://openmldata.ukho.gov.uk/,added,200,datasets.csv,source/satellite-image-deep-learning-datasets/sentinel-2-water-edges-dataset-swed,
https://github.com/satellite-image-deep-learning/datasets,https://raw.githubusercontent.com/satellite-image-deep-learning/datasets/main/README.md,66,Sentinel-2 (Optical),Sentinel2 Munich480,https://www.kaggle.com/datasets/artelabsuper/sentinel2-munich480,added,200,datasets.csv,source/satellite-image-deep-learning-datasets/sentinel2-munich480,dataset for crop mapping by exploiting the time series of Sentinel-2 satellite
https://github.com/satellite-image-deep-learning/datasets,https://raw.githubusercontent.com/satellite-image-deep-learning/datasets/main/README.md,67,Sentinel-2 (Optical),Meadows vs Orchards,https://www.kaggle.com/datasets/baptistel/meadows-vs-orchards,added,200,datasets.csv,source/satellite-image-deep-learning-datasets/meadows-vs-orchards,a pixel time series dataset
https://github.com/satellite-image-deep-learning/datasets,https://raw.githubusercontent.com/satellite-image-deep-learning/datasets/main/README.md,68,Sentinel-2 (Optical),Sentinel-2 Image Time Series for Crop Mapping,https://www.kaggle.com/datasets/ignazio/sentinel2-crop-mapping,added,200,datasets.csv,source/satellite-image-deep-learning-datasets/sentinel-2-image-time-series-for-crop-mapping,data for the Lombardy region in Italy
https://github.com/satellite-image-deep-learning/datasets,https://raw.githubusercontent.com/satellite-image-deep-learning/datasets/main/README.md,69,Sentinel-2 (Optical),Deforestation in Ukraine from Sentinel2 data,https://www.kaggle.com/datasets/isaienkov/deforestation-in-ukraine,added,200,datasets.csv,source/satellite-image-deep-learning-datasets/deforestation-in-ukraine-from-sentinel2-data,
https://github.com/satellite-image-deep-learning/datasets,https://raw.githubusercontent.com/satellite-image-deep-learning/datasets/main/README.md,70,Sentinel-2 (Optical),satellite-change-events,https://www.cs.cornell.edu/projects/satellite-change-events/,added,200,datasets.csv,source/satellite-image-deep-learning-datasets/satellite-change-events,CaiRoad & CalFire change detection Sentinel 2 datasets
https://github.com/satellite-image-deep-learning/datasets,https://raw.githubusercontent.com/satellite-image-deep-learning/datasets/main/README.md,71,Sentinel-2 (Optical),Sentinel-2 dataset for ship detection,https://zenodo.org/records/3923841,added,200,datasets.csv,source/satellite-image-deep-learning-datasets/sentinel-2-dataset-for-ship-detection,", also edited and redistributed as VDS2RAW"
https://github.com/satellite-image-deep-learning/datasets,https://raw.githubusercontent.com/satellite-image-deep-learning/datasets/main/README.md,72,Sentinel-2 (Optical),MineSegSAT,https://github.com/macdonaldezra/MineSegSAT,added,200,datasets.csv,source/satellite-image-deep-learning-datasets/minesegsat,dataset for paper: AN AUTOMATED SYSTEM TO EVALUATE MINING DISTURBED AREA EXTENTS FROM SENTINEL-2 IMAGERY
https://github.com/satellite-image-deep-learning/datasets,https://raw.githubusercontent.com/satellite-image-deep-learning/datasets/main/README.md,75,Sentinel-2 (Optical),Greenearthnet,https://github.com/vitusbenson/greenearthnet/tree/main,added,200,datasets.csv,source/satellite-image-deep-learning-datasets/greenearthnet,dataset specifically designed for high-resolution vegetation forecasting
https://github.com/satellite-image-deep-learning/datasets,https://raw.githubusercontent.com/satellite-image-deep-learning/datasets/main/README.md,76,Sentinel-2 (Optical),Floating-Marine-Debris-Data,https://github.com/miguelmendesduarte/Floating-Marine-Debris-Data,added,200,datasets.csv,source/satellite-image-deep-learning-datasets/floating-marine-debris-data,"floating marine debris, with annotations for six debris classes, including plastic, driftwood, seaweed, pumice, sea snot, and sea foam."
https://github.com/satellite-image-deep-learning/datasets,https://raw.githubusercontent.com/satellite-image-deep-learning/datasets/main/README.md,78,Sentinel-2 (Optical),L1BSR,https://zenodo.org/records/7826696,added,200,datasets.csv,source/satellite-image-deep-learning-datasets/l1bsr,3740 pairs of overlapping image crops extracted from two L1B products
https://github.com/satellite-image-deep-learning/datasets,https://raw.githubusercontent.com/satellite-image-deep-learning/datasets/main/README.md,82,Sentinel-2 (Optical),Sentinel-2 dataset for ship detection and characterization,https://zenodo.org/records/10418786,added,200,datasets.csv,source/satellite-image-deep-learning-datasets/sentinel-2-dataset-for-ship-detection-and-characterization,RGB
https://github.com/satellite-image-deep-learning/datasets,https://raw.githubusercontent.com/satellite-image-deep-learning/datasets/main/README.md,86,Sentinel-2 (Optical),ShipWakes,https://zenodo.org/records/7947694,added,200,datasets.csv,source/satellite-image-deep-learning-datasets/shipwakes,Keypoints Method for Recognition of Ship Wake Components in Sentinel-2 Images by Deep Learning
https://github.com/satellite-image-deep-learning/datasets,https://raw.githubusercontent.com/satellite-image-deep-learning/datasets/main/README.md,87,Sentinel-2 (Optical),TimeSen2Crop,https://zenodo.org/records/4715631,added,200,datasets.csv,source/satellite-image-deep-learning-datasets/timesen2crop,a Million Labeled Samples Dataset of Sentinel 2 Image Time Series for Crop Type Classification
https://github.com/satellite-image-deep-learning/datasets,https://raw.githubusercontent.com/satellite-image-deep-learning/datasets/main/README.md,90,Sentinel-2 (Optical),MuS2: A Benchmark for Sentinel-2 Multi-Image Super-Resolution,https://dataverse.harvard.edu/dataset.xhtml?persistentId=doi%3A10.7910%2FDVN%2F1JMRAT,added,202,datasets.csv,source/satellite-image-deep-learning-datasets/mus2-a-benchmark-for-sentinel-2-multi-image-super-resolution,
https://github.com/satellite-image-deep-learning/datasets,https://raw.githubusercontent.com/satellite-image-deep-learning/datasets/main/README.md,93,Sentinel-2 (Optical),mayrajeo S2 ship detection,https://github.com/mayrajeo/ship-detection,added,200,datasets.csv,source/satellite-image-deep-learning-datasets/mayrajeo-s2-ship-detection,labels for Detecting marine vessels from Sentinel-2 imagery with YOLOv8
https://github.com/satellite-image-deep-learning/datasets,https://raw.githubusercontent.com/satellite-image-deep-learning/datasets/main/README.md,96,Sentinel-2 (Optical),California Wildfire GeoImaging Dataset - CWGID,https://arxiv.org/abs/2409.16380,added,200,datasets.csv,source/satellite-image-deep-learning-datasets/california-wildfire-geoimaging-dataset-cwgid,Development and Application of a Sentinel-2 Satellite Imagery Dataset for Deep-Learning Driven Forest Wildfire Detection
https://github.com/satellite-image-deep-learning/datasets,https://raw.githubusercontent.com/satellite-image-deep-learning/datasets/main/README.md,97,Sentinel-2 (Optical),substation-seg,https://github.com/Lindsay-Lab/substation-seg,added,200,datasets.csv,source/satellite-image-deep-learning-datasets/substation-seg,segmenting substations dataset
https://github.com/satellite-image-deep-learning/datasets,https://raw.githubusercontent.com/satellite-image-deep-learning/datasets/main/README.md,98,Sentinel-2 (Optical),PhilEO-downstream,https://huggingface.co/datasets/PhilEO-community/PhilEO-downstream,added,200,datasets.csv,source/satellite-image-deep-learning-datasets/phileo-downstream,"a 400GB Sentinel-2 dataset for building density estimation, road segmentation, and land cover classification."
https://github.com/satellite-image-deep-learning/datasets,https://raw.githubusercontent.com/satellite-image-deep-learning/datasets/main/README.md,99,Sentinel-2 (Optical),PhilEO-pretrain,https://huggingface.co/datasets/PhilEO-community/PhilEO-pretrain,added,200,datasets.csv,source/satellite-image-deep-learning-datasets/phileo-pretrain,a 500GB global dataset of Sentinel-2 images for model pre-training.
https://github.com/satellite-image-deep-learning/datasets,https://raw.githubusercontent.com/satellite-image-deep-learning/datasets/main/README.md,100,Sentinel-2 (Optical),KappaSet: Sentinel-2 KappaZeta Cloud and Cloud Shadow Masks,https://zenodo.org/records/7100327,added,200,datasets.csv,source/satellite-image-deep-learning-datasets/kappaset-sentinel-2-kappazeta-cloud-and-cloud-shadow-masks,
https://github.com/satellite-image-deep-learning/datasets,https://raw.githubusercontent.com/satellite-image-deep-learning/datasets/main/README.md,102,Sentinel-2 (Optical),Sentinel-2 reference cloud masks generated by an active learning method,https://zenodo.org/records/1460961,added,200,datasets.csv,source/satellite-image-deep-learning-datasets/sentinel-2-reference-cloud-masks-generated-by-an-active-learning-method,
https://github.com/satellite-image-deep-learning/datasets,https://raw.githubusercontent.com/satellite-image-deep-learning/datasets/main/README.md,103,Sentinel-2 (Optical),Cloud gap-filling with deep learning for improved grassland monitoring,https://zenodo.org/records/11651601,added,200,datasets.csv,source/satellite-image-deep-learning-datasets/cloud-gap-filling-with-deep-learning-for-improved-grassland-monitoring,
https://github.com/satellite-image-deep-learning/datasets,https://raw.githubusercontent.com/satellite-image-deep-learning/datasets/main/README.md,104,Sentinel-2 (Optical),Remote Sensing Ship Wake Dataset,https://github.com/zjze/RSSW_Dateset,added,200,datasets.csv,source/satellite-image-deep-learning-datasets/remote-sensing-ship-wake-dataset,
https://github.com/satellite-image-deep-learning/datasets,https://raw.githubusercontent.com/satellite-image-deep-learning/datasets/main/README.md,105,Sentinel-2 (Optical),ERAS-dataset,https://github.com/cscribano/ERAS-dataset,added,200,datasets.csv,source/satellite-image-deep-learning-datasets/eras-dataset,Emilia-Romagna Agri Seg (ERAS) field segmentation dataset
https://github.com/satellite-image-deep-learning/datasets,https://raw.githubusercontent.com/satellite-image-deep-learning/datasets/main/README.md,106,Sentinel-2 (Optical),Sentinel 2 super-resolved data cubes - 92 scenes over 2 regions in Switzerland spanning 5 years,https://web.archive.org/web/20241003205022/https://ieee-dataport.org/documents/sentinel-2-super-resolved-data-cubes-92-scenes-over-2-regions-switzerland-spanning-5-years,added,200,datasets.csv,source/satellite-image-deep-learning-datasets/sentinel-2-super-resolved-data-cubes-92-scenes-over-2-regions-in-switzerland-spanning-5-years,
https://github.com/satellite-image-deep-learning/datasets,https://raw.githubusercontent.com/satellite-image-deep-learning/datasets/main/README.md,109,Sentinel-2 (Optical),CanadaFireSat,https://github.com/eceo-epfl/CanadaFireSat-Data,added,200,datasets.csv,source/satellite-image-deep-learning-datasets/canadafiresat,Sentinel-2 Level-1C time series
https://github.com/satellite-image-deep-learning/datasets,https://raw.githubusercontent.com/satellite-image-deep-learning/datasets/main/README.md,113,Sentinel-2 (Optical),MSSWD - Multi-Spectral Ship Wake Dataset,https://zenodo.org/records/13870226,added,200,datasets.csv,source/satellite-image-deep-learning-datasets/msswd-multi-spectral-ship-wake-dataset,
https://github.com/satellite-image-deep-learning/datasets,https://raw.githubusercontent.com/satellite-image-deep-learning/datasets/main/README.md,114,Sentinel-2 (Optical),MOSAIC-SEN2-CC,https://github.com/ChangeCapsInRS/MOSAIC-SEN2-CC,added,200,datasets.csv,source/satellite-image-deep-learning-datasets/mosaic-sen2-cc,A Multispectral Dataset and Adaptation Framework for Remote Sensing Change Captioning
https://github.com/satellite-image-deep-learning/datasets,https://raw.githubusercontent.com/satellite-image-deep-learning/datasets/main/README.md,115,Sentinel-2 (Optical),PLUTo,https://zenodo.org/records/15629667,added,200,datasets.csv,source/satellite-image-deep-learning-datasets/pluto,post-deforestation land uses across the tropics
https://github.com/satellite-image-deep-learning/datasets,https://raw.githubusercontent.com/satellite-image-deep-learning/datasets/main/README.md,117,Sentinel-2 (Optical),GSDD,https://zenodo.org/records/17161810,added,200,datasets.csv,source/satellite-image-deep-learning-datasets/gsdd,Global Supraglacial Debris Dataset
https://github.com/satellite-image-deep-learning/datasets,https://raw.githubusercontent.com/satellite-image-deep-learning/datasets/main/README.md,118,Sentinel-2 (Optical),MT4AFE,https://zenodo.org/records/15395167,added,200,datasets.csv,source/satellite-image-deep-learning-datasets/mt4afe,Multi-Task Learning for Agricultural Field Extraction
https://github.com/satellite-image-deep-learning/datasets,https://raw.githubusercontent.com/satellite-image-deep-learning/datasets/main/README.md,121,Sentinel-2 (Optical),MOSAIC-SEN2-CC,https://zenodo.org/records/19677262,added,200,datasets.csv,source/satellite-image-deep-learning-datasets/mosaic-sen2-cc,A Multispectral Change Captioning Dataset.
https://github.com/satellite-image-deep-learning/datasets,https://raw.githubusercontent.com/satellite-image-deep-learning/datasets/main/README.md,122,Sentinel-2 (Optical),Ghana Sentinel-2 Forest Dataset,https://www.kaggle.com/datasets/kwabenaobeng/ghana-sentinel2-forest,added,200,datasets.csv,source/satellite-image-deep-learning-datasets/ghana-sentinel-2-forest-dataset,
https://github.com/satellite-image-deep-learning/datasets,https://raw.githubusercontent.com/satellite-image-deep-learning/datasets/main/README.md,125,Combined Sentinel,awesome-sentinel,https://github.com/Fernerkundung/awesome-sentinel,added,200,datasets.csv,source/satellite-image-deep-learning-datasets/awesome-sentinel,"a curated list of awesome tools, tutorials and APIs related to data from the Copernicus Sentinel Satellites."
https://github.com/satellite-image-deep-learning/datasets,https://raw.githubusercontent.com/satellite-image-deep-learning/datasets/main/README.md,126,Combined Sentinel,sentinel-hub,https://www.sentinel-hub.com/,added,200,datasets.csv,source/satellite-image-deep-learning-datasets/sentinel-hub,Paid access to Sentinel & Landsat data via sentinel-hub and python-api
https://github.com/satellite-image-deep-learning/datasets,https://raw.githubusercontent.com/satellite-image-deep-learning/datasets/main/README.md,127,Combined Sentinel,Jupyter Notebooks for working with Sentinel-5P Level 2 data stored on S3,https://github.com/Sentinel-5P/data-on-s3,added,200,datasets.csv,source/satellite-image-deep-learning-datasets/jupyter-notebooks-for-working-with-sentinel-5p-level-2-data-stored-on-s3,. The data can be browsed here
https://github.com/satellite-image-deep-learning/datasets,https://raw.githubusercontent.com/satellite-image-deep-learning/datasets/main/README.md,128,Combined Sentinel,Sentinel NetCDF data,https://github.com/acgeospatial/Sentinel-5P/blob/master/Sentinel_5P.ipynb,added,200,datasets.csv,source/satellite-image-deep-learning-datasets/sentinel-netcdf-data,
https://github.com/satellite-image-deep-learning/datasets,https://raw.githubusercontent.com/satellite-image-deep-learning/datasets/main/README.md,129,Combined Sentinel,earthspy,https://github.com/AdrienWehrle/earthspy,added,200,datasets.csv,source/satellite-image-deep-learning-datasets/earthspy,Monitor and study any place on Earth and in Near Real-Time (NRT) using the Sentinel Hub services developed by the EO research team at Sinergise
https://github.com/satellite-image-deep-learning/datasets,https://raw.githubusercontent.com/satellite-image-deep-learning/datasets/main/README.md,131,Combined Sentinel,Industrial Smoke Plumes,https://zenodo.org/record/4250706,added,200,datasets.csv,source/satellite-image-deep-learning-datasets/industrial-smoke-plumes,
https://github.com/satellite-image-deep-learning/datasets,https://raw.githubusercontent.com/satellite-image-deep-learning/datasets/main/README.md,132,Combined Sentinel,MARIDA: Marine Debris Archive,https://github.com/marine-debris/marine-debris.github.io,added,200,datasets.csv,source/satellite-image-deep-learning-datasets/marida-marine-debris-archive,
https://github.com/satellite-image-deep-learning/datasets,https://raw.githubusercontent.com/satellite-image-deep-learning/datasets/main/README.md,133,Combined Sentinel,OMS2CD,https://github.com/Dibz15/OpenMineChangeDetection,added,200,datasets.csv,source/satellite-image-deep-learning-datasets/oms2cd,hand-labelled images for change-detection in open-pit mining areas
https://github.com/satellite-image-deep-learning/datasets,https://raw.githubusercontent.com/satellite-image-deep-learning/datasets/main/README.md,134,Combined Sentinel,coal power plants' emissions,https://transitionzero.medium.com/estimating-coal-power-plant-operation-from-satellite-images-with-computer-vision-b966af56919e,added,200,datasets.csv,source/satellite-image-deep-learning-datasets/coal-power-plants-emissions,"a dataset of coal power plants' emissions, including images, metadata and labels."
https://github.com/satellite-image-deep-learning/datasets,https://raw.githubusercontent.com/satellite-image-deep-learning/datasets/main/README.md,136,Combined Sentinel,MS-HS-BCD-dataset,https://github.com/arcgislearner/MS-HS-BCD-dataset,added,200,datasets.csv,source/satellite-image-deep-learning-datasets/ms-hs-bcd-dataset,multisource change detection dataset used in paper: Building Change Detection with Deep Learning by Fusing Spectral and Texture Features of Multisource Remote Sensing Images: A GF-1 and Sentinel 2B Data Case
https://github.com/satellite-image-deep-learning/datasets,https://raw.githubusercontent.com/satellite-image-deep-learning/datasets/main/README.md,137,Combined Sentinel,CropNet: An Open Large-Scale Dataset with Multiple Modalities for Climate Change-aware Crop Yield Predictions,https://github.com/fudong03/CropNet,added,200,datasets.csv,source/satellite-image-deep-learning-datasets/cropnet-an-open-large-scale-dataset-with-multiple-modalities-for-climate-change-aware-crop-yield-predictions,"terabyte-sized, publicly available, and multi-modal dataset for climate change-aware crop yield predictions"
https://github.com/satellite-image-deep-learning/datasets,https://raw.githubusercontent.com/satellite-image-deep-learning/datasets/main/README.md,139,Combined Sentinel,Multitask Learning for Estimating Power Plant Greenhouse Gas Emissions from Satellite Imagery,https://zenodo.org/record/5644746,added,200,datasets.csv,source/satellite-image-deep-learning-datasets/multitask-learning-for-estimating-power-plant-greenhouse-gas-emissions-from-satellite-imagery,
https://github.com/satellite-image-deep-learning/datasets,https://raw.githubusercontent.com/satellite-image-deep-learning/datasets/main/README.md,140,Combined Sentinel,METER-ML: A Multi-sensor Earth Observation Benchmark for Automated Methane Source Mapping,https://stanfordmlgroup.github.io/projects/meter-ml/,added,200,datasets.csv,source/satellite-image-deep-learning-datasets/meter-ml-a-multi-sensor-earth-observation-benchmark-for-automated-methane-source-mapping,data on Zenodo
https://github.com/satellite-image-deep-learning/datasets,https://raw.githubusercontent.com/satellite-image-deep-learning/datasets/main/README.md,141,Combined Sentinel,MultiSenGE,https://zenodo.org/records/6375466,added,200,datasets.csv,source/satellite-image-deep-learning-datasets/multisenge,large-scale multimodal and multitemporal benchmark dataset
https://github.com/satellite-image-deep-learning/datasets,https://raw.githubusercontent.com/satellite-image-deep-learning/datasets/main/README.md,142,Combined Sentinel,SEN12MS,https://github.com/zhu-xlab/SEN12MS,added,200,datasets.csv,source/satellite-image-deep-learning-datasets/sen12ms,A Curated Dataset of Georeferenced Multi-spectral Sentinel-1/2 Imagery for Deep Learning and Data Fusion. Checkout SEN12MS toolbox and many referenced uses on paperswithcode.com
https://github.com/satellite-image-deep-learning/datasets,https://raw.githubusercontent.com/satellite-image-deep-learning/datasets/main/README.md,143,Combined Sentinel,Space2Ground,https://github.com/Agri-Hub/Space2Ground,added,200,datasets.csv,source/satellite-image-deep-learning-datasets/space2ground,"dataset with Space (Sentinel-1/2) and Ground (street-level images) components, annotated with crop-type labels for agriculture monitoring."
https://github.com/satellite-image-deep-learning/datasets,https://raw.githubusercontent.com/satellite-image-deep-learning/datasets/main/README.md,144,Combined Sentinel,MSCDUnet,https://github.com/Lihy256/MSCDUnet,added,200,datasets.csv,source/satellite-image-deep-learning-datasets/mscdunet,"change detection datasets containing VHR, multispectral (Sentinel-2) and SAR (Sentinel-1)"
https://github.com/satellite-image-deep-learning/datasets,https://raw.githubusercontent.com/satellite-image-deep-learning/datasets/main/README.md,145,Combined Sentinel,OMBRIA,https://github.com/geodrak/OMBRIA,added,200,datasets.csv,source/satellite-image-deep-learning-datasets/ombria,Sentinel-1 & 2 dataset for adressing the flood mapping problem
https://github.com/satellite-image-deep-learning/datasets,https://raw.githubusercontent.com/satellite-image-deep-learning/datasets/main/README.md,147,Combined Sentinel,SEN12_GUM,https://zenodo.org/record/6914898,added,200,datasets.csv,source/satellite-image-deep-learning-datasets/sen12-gum,SEN12 Global Urban Mapping Dataset
https://github.com/satellite-image-deep-learning/datasets,https://raw.githubusercontent.com/satellite-image-deep-learning/datasets/main/README.md,148,Combined Sentinel,Sentinel-1&2 Image Pairs (SAR & Optical),https://www.kaggle.com/datasets/requiemonk/sentinel12-image-pairs-segregated-by-terrain,added,200,datasets.csv,source/satellite-image-deep-learning-datasets/sentinel-1-and-2-image-pairs-sar-and-optical,
https://github.com/satellite-image-deep-learning/datasets,https://raw.githubusercontent.com/satellite-image-deep-learning/datasets/main/README.md,149,Combined Sentinel,MSOSCD,https://github.com/Lihy256/MSCDUnet,added,200,datasets.csv,source/satellite-image-deep-learning-datasets/msoscd,"change detection datasets containing VHR, multispectral (Sentinel-2) and SAR (Sentinel-1)"
https://github.com/satellite-image-deep-learning/datasets,https://raw.githubusercontent.com/satellite-image-deep-learning/datasets/main/README.md,152,Combined Sentinel,TreeSatAI,https://zenodo.org/records/6780578,added,200,datasets.csv,source/satellite-image-deep-learning-datasets/treesatai,"Sentinel-1, Sentinel-2"
https://github.com/satellite-image-deep-learning/datasets,https://raw.githubusercontent.com/satellite-image-deep-learning/datasets/main/README.md,156,Combined Sentinel,SmallMinesDS,https://huggingface.co/datasets/ellaampy/SmallMinesDS,added,200,datasets.csv,source/satellite-image-deep-learning-datasets/smallminesds,A Multimodal Dataset for Mapping Artisanal and Small-Scale Gold Mines. Imagery reused in CocoaMiningDS
https://github.com/satellite-image-deep-learning/datasets,https://raw.githubusercontent.com/satellite-image-deep-learning/datasets/main/README.md,158,Combined Sentinel,IDEABench Benchmark Dataset,https://github.com/IDEAtlas/ai-dua-mapping,added,200,datasets.csv,source/satellite-image-deep-learning-datasets/ideabench-benchmark-dataset,Mapping and Benchmarking Urban Deprivation for a Global Sample of Cities
https://github.com/satellite-image-deep-learning/datasets,https://raw.githubusercontent.com/satellite-image-deep-learning/datasets/main/README.md,159,Combined Sentinel,ImpactMesh,https://github.com/IBM/ImpactMesh,added,200,datasets.csv,source/satellite-image-deep-learning-datasets/impactmesh,"a large-scale multimodal, multitemporal dataset for flood and wildfire mapping"
https://github.com/satellite-image-deep-learning/datasets,https://raw.githubusercontent.com/satellite-image-deep-learning/datasets/main/README.md,160,Combined Sentinel,Sen12Landslides,https://github.com/PaulH97/Sen12Landslides,added,200,datasets.csv,source/satellite-image-deep-learning-datasets/sen12landslides,Spatio-Temporal Landslide & Anomaly Detection Dataset
https://github.com/satellite-image-deep-learning/datasets,https://raw.githubusercontent.com/satellite-image-deep-learning/datasets/main/README.md,161,Combined Sentinel,Cryo-Bench,https://github.com/Sk-2103/Cryo-Bench,added,200,datasets.csv,source/satellite-image-deep-learning-datasets/cryo-bench,A Benchmark for Evaluating Geospatial Foundation Models on Cryosphere Applications
https://github.com/satellite-image-deep-learning/datasets,https://raw.githubusercontent.com/satellite-image-deep-learning/datasets/main/README.md,162,Combined Sentinel,BigEarthNet.txt,https://txt.bigearth.net/,added,200,datasets.csv,source/satellite-image-deep-learning-datasets/bigearthnet-txt,A Large-Scale Multi-Sensor Image-Text Dataset and Benchmark for Earth Observation
https://github.com/satellite-image-deep-learning/datasets,https://raw.githubusercontent.com/satellite-image-deep-learning/datasets/main/README.md,163,Combined Sentinel,Borneo_Forest_Disturbance_Dataset,https://github.com/ColmKeyes/Borneo_Forest_Disturbance_Dataset,added,200,datasets.csv,source/satellite-image-deep-learning-datasets/borneo-forest-disturbance-dataset,Forest Disturbance Dataset utilising Sentinel-2 data and RADD alert disturbances.
https://github.com/satellite-image-deep-learning/datasets,https://raw.githubusercontent.com/satellite-image-deep-learning/datasets/main/README.md,165,Combined Sentinel,Forest Loss Dataset Northeast India,https://www.kaggle.com/datasets/suranjandas1990/forest-loss-dataset,added,200,datasets.csv,source/satellite-image-deep-learning-datasets/forest-loss-dataset-northeast-india,
https://github.com/satellite-image-deep-learning/datasets,https://raw.githubusercontent.com/satellite-image-deep-learning/datasets/main/README.md,176,Landsat,LandsatSCD,https://github.com/ggsDing/SCanNet/tree/main,added,200,datasets.csv,source/satellite-image-deep-learning-datasets/landsatscd,"a change detection dataset, it consists of 8468 pairs of images, each having the spatial resolution of 416 × 416"
https://github.com/satellite-image-deep-learning/datasets,https://raw.githubusercontent.com/satellite-image-deep-learning/datasets/main/README.md,177,Landsat,The Landsat Irish Coastal Segmentation Dataset,https://zenodo.org/records/8414665,added,200,datasets.csv,source/satellite-image-deep-learning-datasets/the-landsat-irish-coastal-segmentation-dataset,
https://github.com/satellite-image-deep-learning/datasets,https://raw.githubusercontent.com/satellite-image-deep-learning/datasets/main/README.md,178,Landsat,Wildfire-Spread-Dataset,https://github.com/BEEILAB/Wildfire-Spread-Dataset,added,200,datasets.csv,source/satellite-image-deep-learning-datasets/wildfire-spread-dataset,ABNextFire: A Multi-Source Deep Learning Based Dataset for Wildfire Spread Prediction
https://github.com/satellite-image-deep-learning/datasets,https://raw.githubusercontent.com/satellite-image-deep-learning/datasets/main/README.md,183,VENμS,VENuS cloud mask training dataset,https://zenodo.org/records/7040177,added,200,datasets.csv,source/satellite-image-deep-learning-datasets/venus-cloud-mask-training-dataset,
https://github.com/satellite-image-deep-learning/datasets,https://raw.githubusercontent.com/satellite-image-deep-learning/datasets/main/README.md,185,VENμS,sen2venus-pytorch-dataset,https://github.com/piclem/sen2venus-pytorch-dataset,added,200,datasets.csv,source/satellite-image-deep-learning-datasets/sen2venus-pytorch-dataset,torch dataloader and other utilities
https://github.com/satellite-image-deep-learning/datasets,https://raw.githubusercontent.com/satellite-image-deep-learning/datasets/main/README.md,189,Vantor,Maxar Open Data Program,https://github.com/opengeos/maxar-open-data,added,200,datasets.csv,source/satellite-image-deep-learning-datasets/maxar-open-data-program,"provides pre and post-event high-resolution satellite imagery in support of emergency planning, response, damage assessment, and recovery"
https://github.com/satellite-image-deep-learning/datasets,https://raw.githubusercontent.com/satellite-image-deep-learning/datasets/main/README.md,190,Vantor,WorldView-2 European Cities,https://earth.esa.int/eogateway/catalog/worldview-2-european-cities,added,200,datasets.csv,source/satellite-image-deep-learning-datasets/worldview-2-european-cities,dataset covering the most populated areas in Europe at 40 cm resolution
https://github.com/satellite-image-deep-learning/datasets,https://raw.githubusercontent.com/satellite-image-deep-learning/datasets/main/README.md,196,Planet,Alberta Wells Dataset,https://zenodo.org/records/13743323,added,200,datasets.csv,source/satellite-image-deep-learning-datasets/alberta-wells-dataset,Pinpointing Oil and Gas Wells from Satellite Imagery
https://github.com/satellite-image-deep-learning/datasets,https://raw.githubusercontent.com/satellite-image-deep-learning/datasets/main/README.md,197,Planet,ARGO ship classification dataset,https://zenodo.org/records/6058710,added,200,datasets.csv,source/satellite-image-deep-learning-datasets/argo-ship-classification-dataset,1750 labelled images from PlanetScope-4-Band satelites. Created here
https://github.com/satellite-image-deep-learning/datasets,https://raw.githubusercontent.com/satellite-image-deep-learning/datasets/main/README.md,198,Planet,Marine Debris Dataset for Object Detection in Planetscope Imagery,https://cmr.earthdata.nasa.gov/search/concepts/C2781412735-MLHUB.html,added,200,datasets.csv,source/satellite-image-deep-learning-datasets/marine-debris-dataset-for-object-detection-in-planetscope-imagery,
https://github.com/satellite-image-deep-learning/datasets,https://raw.githubusercontent.com/satellite-image-deep-learning/datasets/main/README.md,199,Planet,LitterLines,https://github.com/geoJoost/LitterLines,added,200,datasets.csv,source/satellite-image-deep-learning-datasets/litterlines,An Annotated Dataset for Detection of Marine Litter Windrows in PlanetScope Imagery
https://github.com/satellite-image-deep-learning/datasets,https://raw.githubusercontent.com/satellite-image-deep-learning/datasets/main/README.md,200,Planet,FloodPlanet Inundation Dataset,https://zenodo.org/records/15238572,added,200,datasets.csv,source/satellite-image-deep-learning-datasets/floodplanet-inundation-dataset,"multi-sensor co-registered dataset labeled based on 3m PlanetScope data and spatially overlapping, temporally near Sentinel-1, Sentinel-2, and Landsat-8 data"
https://github.com/satellite-image-deep-learning/datasets,https://raw.githubusercontent.com/satellite-image-deep-learning/datasets/main/README.md,202,Planet,LacunaLabels,https://github.com/agroimpacts/lacunalabels,added,200,datasets.csv,source/satellite-image-deep-learning-datasets/lacunalabels,"A region-wide, multi-year set of crop field boundary labels for Africa"
https://github.com/satellite-image-deep-learning/datasets,https://raw.githubusercontent.com/satellite-image-deep-learning/datasets/main/README.md,207,UC Merced,available as a multi-label dataset,https://towardsdatascience.com/multi-label-land-cover-classification-with-deep-learning-d39ce2944a3d,added,200,datasets.csv,source/satellite-image-deep-learning-datasets/available-as-a-multi-label-dataset,Also available as a multi-label dataset
https://github.com/satellite-image-deep-learning/datasets,https://raw.githubusercontent.com/satellite-image-deep-learning/datasets/main/README.md,212,EuroSAT,EuroSAT: Land Use and Land Cover Classification with Sentinel-2,https://github.com/phelber/EuroSAT,added,200,datasets.csv,source/satellite-image-deep-learning-datasets/eurosat-land-use-and-land-cover-classification-with-sentinel-2,publication where a CNN achieves a classification accuracy 98.57%
https://github.com/satellite-image-deep-learning/datasets,https://raw.githubusercontent.com/satellite-image-deep-learning/datasets/main/README.md,213,EuroSAT,here,https://github.com/shakasom/Deep-Learning-for-Satellite-Imagery,added,200,datasets.csv,source/satellite-image-deep-learning-datasets/here,Repos using fastai here and here
https://github.com/satellite-image-deep-learning/datasets,https://raw.githubusercontent.com/satellite-image-deep-learning/datasets/main/README.md,215,EuroSAT,dataset in pytorch,https://pytorch.org/vision/stable/generated/torchvision.datasets.EuroSAT.html#torchvision.datasets.EuroSAT,added,200,datasets.csv,source/satellite-image-deep-learning-datasets/dataset-in-pytorch,RGB version available as dataset in pytorch with the 13 band version in torchgeo. Checkout the tutorial on data augmentation with this dataset
https://github.com/satellite-image-deep-learning/datasets,https://raw.githubusercontent.com/satellite-image-deep-learning/datasets/main/README.md,221,PatternNet,PatternNet: A Benchmark Dataset for Performance Evaluation of Remote Sensing Image Retrieval,https://arxiv.org/abs/1706.03424,added,200,datasets.csv,source/satellite-image-deep-learning-datasets/patternnet-a-benchmark-dataset-for-performance-evaluation-of-remote-sensing-image-retrieval,Publication: PatternNet: A Benchmark Dataset for Performance Evaluation of Remote Sensing Image Retrieval
https://github.com/satellite-image-deep-learning/datasets,https://raw.githubusercontent.com/satellite-image-deep-learning/datasets/main/README.md,237,DIOR object detection dataset,ors-detection,https://github.com/Vlad15lav/ors-detection,added,200,datasets.csv,source/satellite-image-deep-learning-datasets/ors-detection,Object Detection on the DIOR dataset using YOLOv3
https://github.com/satellite-image-deep-learning/datasets,https://raw.githubusercontent.com/satellite-image-deep-learning/datasets/main/README.md,239,DIOR object detection dataset,Tools,https://github.com/CrazyStoneonRoad/Tools,added,200,datasets.csv,source/satellite-image-deep-learning-datasets/tools,for dealing with the DIOR
https://github.com/satellite-image-deep-learning/datasets,https://raw.githubusercontent.com/satellite-image-deep-learning/datasets/main/README.md,240,DIOR object detection dataset,Object_Detection_Satellite_Imagery_Yolov8_DIOR,https://github.com/JohnPPinto/Object_Detection_Satellite_Imagery_Yolov8_DIOR,added,200,datasets.csv,source/satellite-image-deep-learning-datasets/object-detection-satellite-imagery-yolov8-dior,
https://github.com/satellite-image-deep-learning/datasets,https://raw.githubusercontent.com/satellite-image-deep-learning/datasets/main/README.md,248,FAIR1M object detection dataset,arxiv papr,https://arxiv.org/abs/2103.05569,added,200,datasets.csv,source/satellite-image-deep-learning-datasets/arxiv-papr,
https://github.com/satellite-image-deep-learning/datasets,https://raw.githubusercontent.com/satellite-image-deep-learning/datasets/main/README.md,250,FAIR1M object detection dataset,2020Gaofen,https://github.com/AICyberTeam/2020Gaofen,added,200,datasets.csv,source/satellite-image-deep-learning-datasets/2020gaofen,"2020 Gaofen Challenge data, baselines, and metrics"
https://github.com/satellite-image-deep-learning/datasets,https://raw.githubusercontent.com/satellite-image-deep-learning/datasets/main/README.md,255,DOTA object detection dataset,DOTA_devkit,https://github.com/CAPTAIN-WHU/DOTA_devkit,added,200,datasets.csv,source/satellite-image-deep-learning-datasets/dota-devkit,for loading dataset
https://github.com/satellite-image-deep-learning/datasets,https://raw.githubusercontent.com/satellite-image-deep-learning/datasets/main/README.md,256,DOTA object detection dataset,Arxiv paper,https://arxiv.org/abs/1711.10398,added,200,datasets.csv,source/satellite-image-deep-learning-datasets/arxiv-paper,
https://github.com/satellite-image-deep-learning/datasets,https://raw.githubusercontent.com/satellite-image-deep-learning/datasets/main/README.md,258,DOTA object detection dataset,DOTA2VOCtools,https://github.com/Complicateddd/DOTA2VOCtools,added,200,datasets.csv,source/satellite-image-deep-learning-datasets/dota2voctools,dataset split and transform to voc format
https://github.com/satellite-image-deep-learning/datasets,https://raw.githubusercontent.com/satellite-image-deep-learning/datasets/main/README.md,259,DOTA object detection dataset,dotatron,https://github.com/naivelogic/dotatron,added,200,datasets.csv,source/satellite-image-deep-learning-datasets/dotatron,2021 Learning to Understand Aerial Images Challenge on DOTA dataset
https://github.com/satellite-image-deep-learning/datasets,https://raw.githubusercontent.com/satellite-image-deep-learning/datasets/main/README.md,276,High-Resolution SAR Rotation Ship Detection Dataset (SRSDD),Github,https://github.com/HeuristicLU/SRSDD-V1.0,added,200,datasets.csv,source/satellite-image-deep-learning-datasets/github,
https://github.com/satellite-image-deep-learning/datasets,https://raw.githubusercontent.com/satellite-image-deep-learning/datasets/main/README.md,277,High-Resolution SAR Rotation Ship Detection Dataset (SRSDD),A Lightweight Model for Ship Detection and Recognition in Complex-Scene SAR Images,https://www.mdpi.com/2072-4292/14/23/6053,added,403,datasets.csv,source/satellite-image-deep-learning-datasets/a-lightweight-model-for-ship-detection-and-recognition-in-complex-scene-sar-images,
https://github.com/satellite-image-deep-learning/datasets,https://raw.githubusercontent.com/satellite-image-deep-learning/datasets/main/README.md,283,LEVIR ship dataset,Nucleus,https://dashboard.scale.com/nucleus/ds_cbsghny30nf00b1x3w7g?utm_source=open_dataset&utm_medium=github&utm_campaign=levir_ships,added,200,datasets.csv,source/satellite-image-deep-learning-datasets/nucleus,Hosted on Nucleus
https://github.com/satellite-image-deep-learning/datasets,https://raw.githubusercontent.com/satellite-image-deep-learning/datasets/main/README.md,294,xView1: Objects in context for overhead imagery,paperswithcode,https://paperswithcode.com/dataset/xview,added,200,datasets.csv,source/satellite-image-deep-learning-datasets/paperswithcode,
https://github.com/satellite-image-deep-learning/datasets,https://raw.githubusercontent.com/satellite-image-deep-learning/datasets/main/README.md,301,xView2: xBD building damage assessment,paperswithcode,https://paperswithcode.com/paper/xbd-a-dataset-for-assessing-building-damage,added,200,datasets.csv,source/satellite-image-deep-learning-datasets/paperswithcode,
https://github.com/satellite-image-deep-learning/datasets,https://raw.githubusercontent.com/satellite-image-deep-learning/datasets/main/README.md,311,xView3: Detecting dark vessels in SAR,Official website,https://iuu.xview.us/,added,200,datasets.csv,source/satellite-image-deep-learning-datasets/official-website,
https://github.com/satellite-image-deep-learning/datasets,https://raw.githubusercontent.com/satellite-image-deep-learning/datasets/main/README.md,314,xView3: Detecting dark vessels in SAR,paperswithcode,https://paperswithcode.com/dataset/xview3-sar,added,200,datasets.csv,source/satellite-image-deep-learning-datasets/paperswithcode,
https://github.com/satellite-image-deep-learning/datasets,https://raw.githubusercontent.com/satellite-image-deep-learning/datasets/main/README.md,326,Cars Overhead With Context (COWC),Detecting cars from aerial imagery for the NATO Innovation Challenge,https://web.archive.org/web/20241110114250/https://arthurdouillard.com/post/nato-challenge/,added,200,datasets.csv,source/satellite-image-deep-learning-datasets/detecting-cars-from-aerial-imagery-for-the-nato-innovation-challenge,
https://github.com/satellite-image-deep-learning/datasets,https://raw.githubusercontent.com/satellite-image-deep-learning/datasets/main/README.md,338,RarePlanes,Understanding the RarePlanes Dataset and Building an Aircraft Detection Model,https://encord.com/blog/rareplane-dataset-aircraft-detection-model/,added,200,datasets.csv,source/satellite-image-deep-learning-datasets/understanding-the-rareplanes-dataset-and-building-an-aircraft-detection-model,blog post
https://github.com/satellite-image-deep-learning/datasets,https://raw.githubusercontent.com/satellite-image-deep-learning/datasets/main/README.md,349,AIRS (Aerial Imagery for Roof Segmentation),On Kaggle,https://www.kaggle.com/datasets/atilol/aerialimageryforroofsegmentation,added,200,datasets.csv,source/satellite-image-deep-learning-datasets/on-kaggle,
https://github.com/satellite-image-deep-learning/datasets,https://raw.githubusercontent.com/satellite-image-deep-learning/datasets/main/README.md,355,Inria building/not building segmentation dataset,SemSegBuildings,https://github.com/SharpestProjects/SemSegBuildings,added,200,datasets.csv,source/satellite-image-deep-learning-datasets/semsegbuildings,Project using fast.ai framework for semantic segmentation on Inria building segmentation dataset
https://github.com/satellite-image-deep-learning/datasets,https://raw.githubusercontent.com/satellite-image-deep-learning/datasets/main/README.md,356,Inria building/not building segmentation dataset,UNet_keras_for_RSimage,https://github.com/loveswine/UNet_keras_for_RSimage,added,200,datasets.csv,source/satellite-image-deep-learning-datasets/unet-keras-for-rsimage,keras code for binary semantic segmentation
https://github.com/satellite-image-deep-learning/datasets,https://raw.githubusercontent.com/satellite-image-deep-learning/datasets/main/README.md,360,AICrowd Mapping Challenge: building segmentation dataset,mapping-challenge,https://www.aicrowd.com/challenges/mapping-challenge,added,200,datasets.csv,source/satellite-image-deep-learning-datasets/mapping-challenge,Dataset release as part of the mapping-challenge
https://github.com/satellite-image-deep-learning/datasets,https://raw.githubusercontent.com/satellite-image-deep-learning/datasets/main/README.md,361,AICrowd Mapping Challenge: building segmentation dataset,here,https://github.com/neptune-ai/open-solution-mapping-challenge,added,200,datasets.csv,source/satellite-image-deep-learning-datasets/here,"Winning solution published by neptune.ai here, achieved precision 0.943 and recall 0.954 using Unet with Resnet."
https://github.com/satellite-image-deep-learning/datasets,https://raw.githubusercontent.com/satellite-image-deep-learning/datasets/main/README.md,370,LEVIR-CD building change detection dataset,FCCDN_pytorch,https://github.com/chenpan0615/FCCDN_pytorch,added,200,datasets.csv,source/satellite-image-deep-learning-datasets/fccdn-pytorch,pytorch implemention of FCCDN for change detection task
https://github.com/satellite-image-deep-learning/datasets,https://raw.githubusercontent.com/satellite-image-deep-learning/datasets/main/README.md,371,LEVIR-CD building change detection dataset,RSICC,https://github.com/Chen-Yang-Liu/RSICC,added,200,datasets.csv,source/satellite-image-deep-learning-datasets/rsicc,the Remote Sensing Image Change Captioning dataset uses LEVIR-CD imagery
https://github.com/satellite-image-deep-learning/datasets,https://raw.githubusercontent.com/satellite-image-deep-learning/datasets/main/README.md,376,Onera (OSCD) Sentinel-2 change detection dataset,Website,https://rcdaudt.github.io/oscd/,added,200,datasets.csv,source/satellite-image-deep-learning-datasets/website,
https://github.com/satellite-image-deep-learning/datasets,https://raw.githubusercontent.com/satellite-image-deep-learning/datasets/main/README.md,377,Onera (OSCD) Sentinel-2 change detection dataset,change_detection_onera_baselines,https://github.com/previtus/change_detection_onera_baselines,added,200,datasets.csv,source/satellite-image-deep-learning-datasets/change-detection-onera-baselines,Siamese version of U-Net baseline model
https://github.com/satellite-image-deep-learning/datasets,https://raw.githubusercontent.com/satellite-image-deep-learning/datasets/main/README.md,380,Onera (OSCD) Sentinel-2 change detection dataset,ChangeDetection_wOnera,https://github.com/tonydp03/ChangeDetection_wOnera,added,200,datasets.csv,source/satellite-image-deep-learning-datasets/changedetection-wonera,
https://github.com/satellite-image-deep-learning/datasets,https://raw.githubusercontent.com/satellite-image-deep-learning/datasets/main/README.md,381,Onera (OSCD) Sentinel-2 change detection dataset,OSCD + additional Dates,https://github.com/granularai/fabric,added,200,datasets.csv,source/satellite-image-deep-learning-datasets/oscd-additional-dates,extended with three different dates
https://github.com/satellite-image-deep-learning/datasets,https://raw.githubusercontent.com/satellite-image-deep-learning/datasets/main/README.md,382,Onera (OSCD) Sentinel-2 change detection dataset,MSOSCD,https://github.com/Lihy256/MSCDUnet,added,200,datasets.csv,source/satellite-image-deep-learning-datasets/msoscd,"change detection datasets containing VHR, multispectral (Sentinel-2) and SAR (Sentinel-1)"
https://github.com/satellite-image-deep-learning/datasets,https://raw.githubusercontent.com/satellite-image-deep-learning/datasets/main/README.md,390,Amazon and Atlantic Forest dataset,Amazon and Atlantic Forest image datasets for semantic segmentation,https://zenodo.org/record/4498086#.Y6LPLuzP1hE,added,200,datasets.csv,source/satellite-image-deep-learning-datasets/amazon-and-atlantic-forest-image-datasets-for-semantic-segmentation,
https://github.com/satellite-image-deep-learning/datasets,https://raw.githubusercontent.com/satellite-image-deep-learning/datasets/main/README.md,391,Amazon and Atlantic Forest dataset,attention-mechanism-unet,https://github.com/davej23/attention-mechanism-unet,added,200,datasets.csv,source/satellite-image-deep-learning-datasets/attention-mechanism-unet,An attention-based U-Net for detecting deforestation within satellite sensor imagery
https://github.com/satellite-image-deep-learning/datasets,https://raw.githubusercontent.com/satellite-image-deep-learning/datasets/main/README.md,406,MiniFrance-DFC22 - semi-supervised semantic segmentation,MiniFrance-DFC22 (MF-DFC22) dataset,https://ieee-dataport.org/competitions/data-fusion-contest-2022-dfc2022,added,200,datasets.csv,source/satellite-image-deep-learning-datasets/minifrance-dfc22-mf-dfc22-dataset,The MiniFrance-DFC22 (MF-DFC22) dataset extends and modifies the MiniFrance dataset for training semi-supervised semantic segmentation models for land use/land cover mapping
https://github.com/satellite-image-deep-learning/datasets,https://raw.githubusercontent.com/satellite-image-deep-learning/datasets/main/README.md,412,FLAIR,Challenge on codalab,https://codalab.lisn.upsaclay.fr/competitions/13447,added,200,datasets.csv,source/satellite-image-deep-learning-datasets/challenge-on-codalab,
https://github.com/satellite-image-deep-learning/datasets,https://raw.githubusercontent.com/satellite-image-deep-learning/datasets/main/README.md,415,FLAIR,IGNF HuggingFace,https://huggingface.co/IGNF,added,200,datasets.csv,source/satellite-image-deep-learning-datasets/ignf-huggingface,
https://github.com/satellite-image-deep-learning/datasets,https://raw.githubusercontent.com/satellite-image-deep-learning/datasets/main/README.md,423,SpaceNet,spacenet.ai,https://spacenet.ai/,added,URLError,datasets.csv,source/satellite-image-deep-learning-datasets/spacenet-ai,"is an online hub for data, challenges, algorithms, and tools"
https://github.com/satellite-image-deep-learning/datasets,https://raw.githubusercontent.com/satellite-image-deep-learning/datasets/main/README.md,424,SpaceNet,The SpaceNet 7 Multi-Temporal Urban Development Challenge: Dataset Release,https://medium.com/the-downlinq/the-spacenet-7-multi-temporal-urban-development-challenge-dataset-release-9e6e5f65c8d5,added,200,datasets.csv,source/satellite-image-deep-learning-datasets/the-spacenet-7-multi-temporal-urban-development-challenge-dataset-release,
https://github.com/satellite-image-deep-learning/datasets,https://raw.githubusercontent.com/satellite-image-deep-learning/datasets/main/README.md,426,SpaceNet,official utilities,https://github.com/SpaceNetChallenge/utilities,added,200,datasets.csv,source/satellite-image-deep-learning-datasets/official-utilities,Packages intended to assist in the preprocessing of SpaceNet satellite imagery dataset to a format that is consumable by machine learning algorithms
https://github.com/satellite-image-deep-learning/datasets,https://raw.githubusercontent.com/satellite-image-deep-learning/datasets/main/README.md,427,SpaceNet,andraugust spacenet-utils,https://github.com/andraugust/spacenet-utils,added,200,datasets.csv,source/satellite-image-deep-learning-datasets/andraugust-spacenet-utils,Display geotiff image with building-polygon overlay & label buildings using kNN on the pixel spectra
https://github.com/satellite-image-deep-learning/datasets,https://raw.githubusercontent.com/satellite-image-deep-learning/datasets/main/README.md,428,SpaceNet,Spacenet-Building-Detection,https://github.com/IdanC1s2/Spacenet-Building-Detection,added,200,datasets.csv,source/satellite-image-deep-learning-datasets/spacenet-building-detection,uses keras and Spacenet 1 dataset
https://github.com/satellite-image-deep-learning/datasets,https://raw.githubusercontent.com/satellite-image-deep-learning/datasets/main/README.md,434,WorldStrat Dataset,Quick tour of the WorldStrat Dataset,https://medium.com/@robmarkcole/quick-tour-of-the-worldstrat-dataset-b2d1c2d435db,added,200,datasets.csv,source/satellite-image-deep-learning-datasets/quick-tour-of-the-worldstrat-dataset,
https://github.com/satellite-image-deep-learning/datasets,https://raw.githubusercontent.com/satellite-image-deep-learning/datasets/main/README.md,453,Five Billion Pixels segmentation dataset,GID15 large scale semantic segmentation dataset,https://captain-whu.github.io/GID15/,added,200,datasets.csv,source/satellite-image-deep-learning-datasets/gid15-large-scale-semantic-segmentation-dataset,Extends the GID15 large scale semantic segmentation dataset
https://github.com/satellite-image-deep-learning/datasets,https://raw.githubusercontent.com/satellite-image-deep-learning/datasets/main/README.md,454,Five Billion Pixels segmentation dataset,GID,https://x-ytong.github.io/project/GID.html,added,200,datasets.csv,source/satellite-image-deep-learning-datasets/gid,the Gaofen Image Dataset is a large-scale land-cover dataset with Gaofen-2 (GF-2) satellite images
https://github.com/satellite-image-deep-learning/datasets,https://raw.githubusercontent.com/satellite-image-deep-learning/datasets/main/README.md,455,Five Billion Pixels segmentation dataset,MM-5B Dataset,https://github.com/AI-Tianlong/HieraRS,added,200,datasets.csv,source/satellite-image-deep-learning-datasets/mm-5b-dataset,"Multi-Modal Five-Billion-Pixels is a large-scale, multi-modal, hierarchical Land Cover and Land Use (LCLU) dataset, built upon the Five-Billion-Pixels foundation."
https://github.com/satellite-image-deep-learning/datasets,https://raw.githubusercontent.com/satellite-image-deep-learning/datasets/main/README.md,478,Microsoft datasets,US Building Footprints,https://github.com/Microsoft/USBuildingFootprints,added,200,datasets.csv,source/satellite-image-deep-learning-datasets/us-building-footprints,"building footprints in all 50 US states, GeoJSON format, generated using semantic segmentation. Also Australia, Canadian, Uganda-Tanzania, Kenya-Nigeria and GlobalMLBuildingFootprints are available. Checkout RasterizingBuildingFootprints to convert vector shapefiles to raster layers"
https://github.com/satellite-image-deep-learning/datasets,https://raw.githubusercontent.com/satellite-image-deep-learning/datasets/main/README.md,479,Microsoft datasets,Microsoft Planetary Computer,https://planetarycomputer.microsoft.com/,added,200,datasets.csv,source/satellite-image-deep-learning-datasets/microsoft-planetary-computer,"is a Dask-Gateway enabled JupyterHub deployment focused on supporting scalable geospatial analysis, source repo"
https://github.com/satellite-image-deep-learning/datasets,https://raw.githubusercontent.com/satellite-image-deep-learning/datasets/main/README.md,480,Microsoft datasets,landcover-orinoquia,https://github.com/microsoft/landcover-orinoquia,added,200,datasets.csv,source/satellite-image-deep-learning-datasets/landcover-orinoquia,"Land cover mapping of the Orinoquía region in Colombia, in collaboration with Wildlife Conservation Society Colombia. An #AIforEarth project"
https://github.com/satellite-image-deep-learning/datasets,https://raw.githubusercontent.com/satellite-image-deep-learning/datasets/main/README.md,484,Google datasets,open-buildings,https://sites.research.google/open-buildings/,added,200,datasets.csv,source/satellite-image-deep-learning-datasets/open-buildings,A dataset of building footprints to support social good applications covering 64% of the African continent. Read Mapping Africa’s Buildings with Satellite Imagery
https://github.com/satellite-image-deep-learning/datasets,https://raw.githubusercontent.com/satellite-image-deep-learning/datasets/main/README.md,490,Google Earth Engine (GEE),awesome-google-earth-engine,https://github.com/gee-community/awesome-google-earth-engine,added,200,datasets.csv,source/satellite-image-deep-learning-datasets/awesome-google-earth-engine,
https://github.com/satellite-image-deep-learning/datasets,https://raw.githubusercontent.com/satellite-image-deep-learning/datasets/main/README.md,491,Google Earth Engine (GEE),Awesome-GEE,https://github.com/giswqs/Awesome-GEE,added,200,datasets.csv,source/satellite-image-deep-learning-datasets/awesome-gee,
https://github.com/satellite-image-deep-learning/datasets,https://raw.githubusercontent.com/satellite-image-deep-learning/datasets/main/README.md,492,Google Earth Engine (GEE),awesome-earth-engine-apps,https://github.com/philippgaertner/awesome-earth-engine-apps,added,200,datasets.csv,source/satellite-image-deep-learning-datasets/awesome-earth-engine-apps,
https://github.com/satellite-image-deep-learning/datasets,https://raw.githubusercontent.com/satellite-image-deep-learning/datasets/main/README.md,495,Google Earth Engine (GEE),How to Download High-Resolution Satellite Data for Anywhere on Earth,https://web.archive.org/web/20241003151941/https://towardsdatascience.com/how-to-download-high-resolution-satellite-data-for-anywhere-on-earth-5e6dddee2803,added,200,datasets.csv,source/satellite-image-deep-learning-datasets/how-to-download-high-resolution-satellite-data-for-anywhere-on-earth,
https://github.com/satellite-image-deep-learning/datasets,https://raw.githubusercontent.com/satellite-image-deep-learning/datasets/main/README.md,496,Google Earth Engine (GEE),wxee,https://github.com/aazuspan/wxee,added,200,datasets.csv,source/satellite-image-deep-learning-datasets/wxee,Export data from GEE to xarray using wxee then train with pytorch or tensorflow models. Useful since GEE only suports tfrecord export natively
https://github.com/satellite-image-deep-learning/datasets,https://raw.githubusercontent.com/satellite-image-deep-learning/datasets/main/README.md,500,Image captioning datasets,RSICC,https://github.com/Chen-Yang-Liu/RSICC,added,200,datasets.csv,source/satellite-image-deep-learning-datasets/rsicc,the Remote Sensing Image Change Captioning dataset contains 10077 pairs of bi-temporal remote sensing images and 50385 sentences describing the differences between images. Uses LEVIR-CD imagery
https://github.com/satellite-image-deep-learning/datasets,https://raw.githubusercontent.com/satellite-image-deep-learning/datasets/main/README.md,510,Cloud datasets,Planet-CR,https://github.com/zhu-xlab/Planet-CR,added,200,datasets.csv,source/satellite-image-deep-learning-datasets/planet-cr,"A Multi-Modal and Multi-Resolution Dataset for Cloud Removal in High Resolution Optical Remote Sensing Imagery, 3m resolution, with paper"
https://github.com/satellite-image-deep-learning/datasets,https://raw.githubusercontent.com/satellite-image-deep-learning/datasets/main/README.md,511,Cloud datasets,The Azavea Cloud Dataset,https://www.azavea.com/blog/2021/08/02/the-azavea-cloud-dataset/,added,200,datasets.csv,source/satellite-image-deep-learning-datasets/the-azavea-cloud-dataset,which is used to train this cloud-model
https://github.com/satellite-image-deep-learning/datasets,https://raw.githubusercontent.com/satellite-image-deep-learning/datasets/main/README.md,512,Cloud datasets,Sentinel-2 Cloud Cover Segmentation Dataset,https://web.archive.org/web/20230606184945/https://mlhub.earth/data/ref_cloud_cover_detection_challenge_v1,added,200,datasets.csv,source/satellite-image-deep-learning-datasets/sentinel-2-cloud-cover-segmentation-dataset,on Radiant mlhub
https://github.com/satellite-image-deep-learning/datasets,https://raw.githubusercontent.com/satellite-image-deep-learning/datasets/main/README.md,514,Cloud datasets,WHUS2-CD+,https://zenodo.org/record/5511793,added,200,datasets.csv,source/satellite-image-deep-learning-datasets/whus2-cd,"36 manually labeled cloud masks at 10m resolution and corresponding Sentinel-2 images evenly distributed over China mainland, and used to train CD-FM3SF cloud-model"
https://github.com/satellite-image-deep-learning/datasets,https://raw.githubusercontent.com/satellite-image-deep-learning/datasets/main/README.md,516,Cloud datasets,AIR-CD,https://github.com/AICyberTeam/AIR-CD,added,200,datasets.csv,source/satellite-image-deep-learning-datasets/air-cd,"a challenging cloud detection data set called AIR-CD, with higher spatial resolution and more representative landcover types"
https://github.com/satellite-image-deep-learning/datasets,https://raw.githubusercontent.com/satellite-image-deep-learning/datasets/main/README.md,517,Cloud datasets,Landsat 8 Cloud Cover Assessment Validation Data,https://landsat.usgs.gov/landsat-8-cloud-cover-assessment-validation-data,added,200,datasets.csv,source/satellite-image-deep-learning-datasets/landsat-8-cloud-cover-assessment-validation-data,
https://github.com/satellite-image-deep-learning/datasets,https://raw.githubusercontent.com/satellite-image-deep-learning/datasets/main/README.md,520,Forest datasets,OpenForest,https://github.com/RolnickLab/OpenForest,added,200,datasets.csv,source/satellite-image-deep-learning-datasets/openforest,A catalogue of open access forest datasets
https://github.com/satellite-image-deep-learning/datasets,https://raw.githubusercontent.com/satellite-image-deep-learning/datasets/main/README.md,521,Forest datasets,awesome-forests,https://github.com/blutjens/awesome-forests,added,200,datasets.csv,source/satellite-image-deep-learning-datasets/awesome-forests,A curated list of ground-truth forest datasets for the machine learning and forestry community
https://github.com/satellite-image-deep-learning/datasets,https://raw.githubusercontent.com/satellite-image-deep-learning/datasets/main/README.md,523,Forest datasets,yosemite-tree-dataset,https://github.com/nightonion/yosemite-tree-dataset,added,200,datasets.csv,source/satellite-image-deep-learning-datasets/yosemite-tree-dataset,a benchmark dataset for tree counting from aerial images
https://github.com/satellite-image-deep-learning/datasets,https://raw.githubusercontent.com/satellite-image-deep-learning/datasets/main/README.md,524,Forest datasets,Amazon Rainforest dataset for semantic segmentation,https://zenodo.org/record/3233081#.Y6LPLOzP1hE,added,200,datasets.csv,source/satellite-image-deep-learning-datasets/amazon-rainforest-dataset-for-semantic-segmentation,Sentinel 2 images. Used in the paper 'An attention-based U-Net for detecting deforestation within satellite sensor imagery'
https://github.com/satellite-image-deep-learning/datasets,https://raw.githubusercontent.com/satellite-image-deep-learning/datasets/main/README.md,525,Forest datasets,Amazon and Atlantic Forest image datasets for semantic segmentation,https://zenodo.org/record/4498086#.Y6LPLuzP1hE,added,200,datasets.csv,source/satellite-image-deep-learning-datasets/amazon-and-atlantic-forest-image-datasets-for-semantic-segmentation,Sentinel 2 images. Used in paper 'An attention-based U-Net for detecting deforestation within satellite sensor imagery'
https://github.com/satellite-image-deep-learning/datasets,https://raw.githubusercontent.com/satellite-image-deep-learning/datasets/main/README.md,526,Forest datasets,TreeSatAI,https://zenodo.org/records/6780578,added,200,datasets.csv,source/satellite-image-deep-learning-datasets/treesatai,"Sentinel-1, Sentinel-2"
https://github.com/satellite-image-deep-learning/datasets,https://raw.githubusercontent.com/satellite-image-deep-learning/datasets/main/README.md,530,Geospatial datasets,Resource Watch,https://resourcewatch.org/data/explore,added,200,datasets.csv,source/satellite-image-deep-learning-datasets/resource-watch,provides a wide range of geospatial datasets and a UI to visualise them
https://github.com/satellite-image-deep-learning/datasets,https://raw.githubusercontent.com/satellite-image-deep-learning/datasets/main/README.md,533,Time series & change detection datasets,BreizhCrops,https://github.com/dl4sits/BreizhCrops,added,200,datasets.csv,source/satellite-image-deep-learning-datasets/breizhcrops,A Time Series Dataset for Crop Type Mapping
https://github.com/satellite-image-deep-learning/datasets,https://raw.githubusercontent.com/satellite-image-deep-learning/datasets/main/README.md,534,Time series & change detection datasets,Download SeCo here,https://github.com/ElementAI/seasonal-contrast,added,200,datasets.csv,source/satellite-image-deep-learning-datasets/download-seco-here,The SeCo dataset contains image patches from Sentinel-2 tiles captured at different timestamps at each geographical location. Download SeCo here
https://github.com/satellite-image-deep-learning/datasets,https://raw.githubusercontent.com/satellite-image-deep-learning/datasets/main/README.md,535,Time series & change detection datasets,SYSU-CD,https://github.com/liumency/SYSU-CD,added,200,datasets.csv,source/satellite-image-deep-learning-datasets/sysu-cd,The dataset contains 20000 pairs of 0.5-m aerial images of size 256×256 taken between the years 2007 and 2014 in Hong Kong
https://github.com/satellite-image-deep-learning/datasets,https://raw.githubusercontent.com/satellite-image-deep-learning/datasets/main/README.md,539,DEM (digital elevation maps),link,https://registry.opendata.aws/copernicus-dem/,added,200,datasets.csv,source/satellite-image-deep-learning-datasets/link,"Copernicus Digital Elevation Model (DEM) on S3, represents the surface of the Earth including buildings, infrastructure and vegetation. Data is provided as Cloud Optimized GeoTIFFs. link"
https://github.com/satellite-image-deep-learning/datasets,https://raw.githubusercontent.com/satellite-image-deep-learning/datasets/main/README.md,544,UAV & Drone datasets,AU-AIR dataset,https://arxiv.org/abs/2104.06781,added,200,datasets.csv,source/satellite-image-deep-learning-datasets/au-air-dataset,a multi-modal UAV dataset for object detection.
https://github.com/satellite-image-deep-learning/datasets,https://raw.githubusercontent.com/satellite-image-deep-learning/datasets/main/README.md,546,UAV & Drone datasets,Aerial Maritime Drone Dataset,https://public.roboflow.ai/object-detection/aerial-maritime,added,200,datasets.csv,source/satellite-image-deep-learning-datasets/aerial-maritime-drone-dataset,bounding boxes
https://github.com/satellite-image-deep-learning/datasets,https://raw.githubusercontent.com/satellite-image-deep-learning/datasets/main/README.md,547,UAV & Drone datasets,RetinaNet for pedestrian detection,https://web.archive.org/web/20241002023333/https://towardsdatascience.com/pedestrian-detection-in-aerial-images-using-retinanet-9053e8a72c6,added,200,datasets.csv,source/satellite-image-deep-learning-datasets/retinanet-for-pedestrian-detection,bounding boxes
https://github.com/satellite-image-deep-learning/datasets,https://raw.githubusercontent.com/satellite-image-deep-learning/datasets/main/README.md,548,UAV & Drone datasets,BIRDSAI: A Dataset for Detection and Tracking in Aerial Thermal Infrared Videos,https://github.com/exb7900/BIRDSAI,added,200,datasets.csv,source/satellite-image-deep-learning-datasets/birdsai-a-dataset-for-detection-and-tracking-in-aerial-thermal-infrared-videos,Thermal IR videos of humans and animals
https://github.com/satellite-image-deep-learning/datasets,https://raw.githubusercontent.com/satellite-image-deep-learning/datasets/main/README.md,549,UAV & Drone datasets,ERA: A Dataset and Deep Learning Benchmark for Event Recognition in Aerial Videos,https://lcmou.github.io/ERA_Dataset/,added,200,datasets.csv,source/satellite-image-deep-learning-datasets/era-a-dataset-and-deep-learning-benchmark-for-event-recognition-in-aerial-videos,
https://github.com/satellite-image-deep-learning/datasets,https://raw.githubusercontent.com/satellite-image-deep-learning/datasets/main/README.md,550,UAV & Drone datasets,DroneVehicle,https://github.com/VisDrone/DroneVehicle,added,200,datasets.csv,source/satellite-image-deep-learning-datasets/dronevehicle,Drone-based RGB-Infrared Cross-Modality Vehicle Detection via Uncertainty-Aware Learning. Annotations are rotated bounding boxes. With Github repo
https://github.com/satellite-image-deep-learning/datasets,https://raw.githubusercontent.com/satellite-image-deep-learning/datasets/main/README.md,551,UAV & Drone datasets,UAVOD10,https://github.com/weihancug/10-category-UAV-small-weak-object-detection-dataset-UAVOD10,added,200,datasets.csv,source/satellite-image-deep-learning-datasets/uavod10,"10 class of objects at 15 cm resolution. Classes are; building, ship, vehicle, prefabricated house, well, cable tower, pool, landslide, cultivation mesh cage, and quarry. Bounding boxes"
https://github.com/satellite-image-deep-learning/datasets,https://raw.githubusercontent.com/satellite-image-deep-learning/datasets/main/README.md,552,UAV & Drone datasets,Busy-parking-lot-dataset---vehicle-detection-in-UAV-video,https://github.com/zhu-xlab/Busy-parking-lot-dataset---vehicle-detection-in-UAV-video,added,200,datasets.csv,source/satellite-image-deep-learning-datasets/busy-parking-lot-dataset-vehicle-detection-in-uav-video,"Vehicle instance segmentation. Unsure format of annotations, possible Matlab specific"
https://github.com/satellite-image-deep-learning/datasets,https://raw.githubusercontent.com/satellite-image-deep-learning/datasets/main/README.md,553,UAV & Drone datasets,dd-ml-segmentation-benchmark,https://github.com/dronedeploy/dd-ml-segmentation-benchmark,added,200,datasets.csv,source/satellite-image-deep-learning-datasets/dd-ml-segmentation-benchmark,DroneDeploy Machine Learning Segmentation Benchmark
https://github.com/satellite-image-deep-learning/datasets,https://raw.githubusercontent.com/satellite-image-deep-learning/datasets/main/README.md,554,UAV & Drone datasets,SeaDronesSee,https://github.com/Ben93kie/SeaDronesSee,added,200,datasets.csv,source/satellite-image-deep-learning-datasets/seadronessee,"Vision Benchmark for Maritime Search and Rescue. Bounding box object detection, single-object tracking and multi-object tracking annotations"
https://github.com/satellite-image-deep-learning/datasets,https://raw.githubusercontent.com/satellite-image-deep-learning/datasets/main/README.md,555,UAV & Drone datasets,aeroscapes,https://github.com/ishann/aeroscapes,added,200,datasets.csv,source/satellite-image-deep-learning-datasets/aeroscapes,semantic segmentation benchmark comprises of images captured using a commercial drone from an altitude range of 5 to 50 metres.
https://github.com/satellite-image-deep-learning/datasets,https://raw.githubusercontent.com/satellite-image-deep-learning/datasets/main/README.md,556,UAV & Drone datasets,ALTO,https://github.com/MetaSLAM/ALTO,added,200,datasets.csv,source/satellite-image-deep-learning-datasets/alto,Aerial-view Large-scale Terrain-Oriented. For deep learning based UAV visual place recognition and localization tasks.
https://github.com/satellite-image-deep-learning/datasets,https://raw.githubusercontent.com/satellite-image-deep-learning/datasets/main/README.md,557,UAV & Drone datasets,HIT-UAV-Infrared-Thermal-Dataset,https://github.com/suojiashun/HIT-UAV-Infrared-Thermal-Dataset,added,200,datasets.csv,source/satellite-image-deep-learning-datasets/hit-uav-infrared-thermal-dataset,A High-altitude Infrared Thermal Object Detection Dataset for Unmanned Aerial Vehicles
https://github.com/satellite-image-deep-learning/datasets,https://raw.githubusercontent.com/satellite-image-deep-learning/datasets/main/README.md,558,UAV & Drone datasets,caltech-aerial-rgbt-dataset,https://github.com/aerorobotics/caltech-aerial-rgbt-dataset,added,200,datasets.csv,source/satellite-image-deep-learning-datasets/caltech-aerial-rgbt-dataset,"synchronized RGB, thermal, GPS, and IMU data"
https://github.com/satellite-image-deep-learning/datasets,https://raw.githubusercontent.com/satellite-image-deep-learning/datasets/main/README.md,559,UAV & Drone datasets,Leafy Spurge Dataset,https://leafy-spurge-dataset.github.io/,added,200,datasets.csv,source/satellite-image-deep-learning-datasets/leafy-spurge-dataset,Real-world Weed Classification Within Aerial Drone Imagery
https://github.com/satellite-image-deep-learning/datasets,https://raw.githubusercontent.com/satellite-image-deep-learning/datasets/main/README.md,560,UAV & Drone datasets,Agriculture-Vision 2021 Dataset,https://www.agriculture-vision.com/agriculture-vision-2021/dataset-2021,added,200,datasets.csv,source/satellite-image-deep-learning-datasets/agriculture-vision-2021-dataset,
https://github.com/satellite-image-deep-learning/datasets,https://raw.githubusercontent.com/satellite-image-deep-learning/datasets/main/README.md,561,UAV & Drone datasets,UAV-HSI-Crop-Dataset,https://github.com/MrSuperNiu/UAV-HSI-Crop-Dataset,added,200,datasets.csv,source/satellite-image-deep-learning-datasets/uav-hsi-crop-dataset,"dataset for ""HSI-TransUNet: A Transformer based semantic segmentation model for crop mapping from UAV hyperspectral imagery"""
https://github.com/satellite-image-deep-learning/datasets,https://raw.githubusercontent.com/satellite-image-deep-learning/datasets/main/README.md,562,UAV & Drone datasets,UAVVaste,https://github.com/PUTvision/UAVVaste,added,200,datasets.csv,source/satellite-image-deep-learning-datasets/uavvaste,COCO-like dataset and effective waste detection in aerial images
https://github.com/satellite-image-deep-learning/datasets,https://raw.githubusercontent.com/satellite-image-deep-learning/datasets/main/README.md,568,Object Detection & Classification,RSOD-Dataset,https://github.com/RSIA-LIESMARS-WHU/RSOD-Dataset-,added,200,datasets.csv,source/satellite-image-deep-learning-datasets/rsod-dataset,"dataset for object detection in PASCAL VOC format. Aircraft, playgrounds, overpasses & oiltanks"
https://github.com/satellite-image-deep-learning/datasets,https://raw.githubusercontent.com/satellite-image-deep-learning/datasets/main/README.md,569,Object Detection & Classification,VHR-10_dataset_coco,https://github.com/chaozhong2010/VHR-10_dataset_coco,added,200,datasets.csv,source/satellite-image-deep-learning-datasets/vhr-10-dataset-coco,Object detection and instance segmentation dataset based on NWPU VHR-10 dataset. RGB & SAR
https://github.com/satellite-image-deep-learning/datasets,https://raw.githubusercontent.com/satellite-image-deep-learning/datasets/main/README.md,570,Object Detection & Classification,MAR20,https://gcheng-nwpu.github.io/,added,200,datasets.csv,source/satellite-image-deep-learning-datasets/mar20,Military Aircraft Recognition dataset
https://github.com/satellite-image-deep-learning/datasets,https://raw.githubusercontent.com/satellite-image-deep-learning/datasets/main/README.md,571,Object Detection & Classification,RSAPS-ASD,https://github.com/SKLSEIIT/RSAPS-ASD,added,200,datasets.csv,source/satellite-image-deep-learning-datasets/rsaps-asd,"A Remote Sensing Airport Panoptic Segmentation with Airplane States dataset, constructed in ""Airplane State Discrimination from Single-temporal High-Resolution Remote Sensing Images"""
https://github.com/satellite-image-deep-learning/datasets,https://raw.githubusercontent.com/satellite-image-deep-learning/datasets/main/README.md,572,Object Detection & Classification,Sewage-Treatment-Plant-Dataset,https://github.com/peijinwang/Sewage-Treatment-Plant-Dataset,added,200,datasets.csv,source/satellite-image-deep-learning-datasets/sewage-treatment-plant-dataset,object detection
https://github.com/satellite-image-deep-learning/datasets,https://raw.githubusercontent.com/satellite-image-deep-learning/datasets/main/README.md,573,Object Detection & Classification,TGRS-HRRSD-Dataset,https://github.com/CrazyStoneonRoad/TGRS-HRRSD-Dataset,added,200,datasets.csv,source/satellite-image-deep-learning-datasets/tgrs-hrrsd-dataset,High Resolution Remote Sensing Detection (HRRSD)
https://github.com/satellite-image-deep-learning/datasets,https://raw.githubusercontent.com/satellite-image-deep-learning/datasets/main/README.md,574,Object Detection & Classification,OGST,https://data.mendeley.com/datasets/bkxj8z84m9/3,added,200,datasets.csv,source/satellite-image-deep-learning-datasets/ogst,Oil and Gas Tank Dataset
https://github.com/satellite-image-deep-learning/datasets,https://raw.githubusercontent.com/satellite-image-deep-learning/datasets/main/README.md,575,Object Detection & Classification,SearchAndRescueNet,https://github.com/michaelthoreau/SearchAndRescueNet,added,200,datasets.csv,source/satellite-image-deep-learning-datasets/searchandrescuenet,"Satellite Imagery for Search And Rescue Dataset, with example Faster R-CNN model"
https://github.com/satellite-image-deep-learning/datasets,https://raw.githubusercontent.com/satellite-image-deep-learning/datasets/main/README.md,577,Object Detection & Classification,Building_Dataset,https://github.com/QiaoWenfan/Building_Dataset,added,200,datasets.csv,source/satellite-image-deep-learning-datasets/building-dataset,High-speed Rail Line Building Dataset Display
https://github.com/satellite-image-deep-learning/datasets,https://raw.githubusercontent.com/satellite-image-deep-learning/datasets/main/README.md,578,Object Detection & Classification,RID,https://github.com/TUMFTM/RID,added,200,datasets.csv,source/satellite-image-deep-learning-datasets/rid,Roof Information Dataset for CV-Based Photovoltaic Potential Assessment. With paper
https://github.com/satellite-image-deep-learning/datasets,https://raw.githubusercontent.com/satellite-image-deep-learning/datasets/main/README.md,579,Object Detection & Classification,APKLOT,https://github.com/langheran/APKLOT,added,200,datasets.csv,source/satellite-image-deep-learning-datasets/apklot,A dataset for aerial parking block segmentation
https://github.com/satellite-image-deep-learning/datasets,https://raw.githubusercontent.com/satellite-image-deep-learning/datasets/main/README.md,581,Object Detection & Classification,SODA,https://shaunyuan22.github.io/SODA/,added,200,datasets.csv,source/satellite-image-deep-learning-datasets/soda,"A large-scale Small Object Detection dataset. SODA-A comprises 2510 high-resolution images of aerial scenes, which has 800203 instances annotated with oriented rectangle box annotations over 9 classes."
https://github.com/satellite-image-deep-learning/datasets,https://raw.githubusercontent.com/satellite-image-deep-learning/datasets/main/README.md,582,Object Detection & Classification,urban-tree-detection-data,https://github.com/jonathanventura/urban-tree-detection-data,added,200,datasets.csv,source/satellite-image-deep-learning-datasets/urban-tree-detection-data,Dataset for training and evaluating tree detectors in urban environments with aerial imagery
https://github.com/satellite-image-deep-learning/datasets,https://raw.githubusercontent.com/satellite-image-deep-learning/datasets/main/README.md,584,Object Detection & Classification,Roofline-Extraction,https://github.com/loosgagnet/Roofline-Extraction,added,200,datasets.csv,source/satellite-image-deep-learning-datasets/roofline-extraction,dataset for paper 'Knowledge-Based 3D Building Reconstruction (3DBR) Using Single Aerial Images and Convolutional Neural Networks (CNNs)'
https://github.com/satellite-image-deep-learning/datasets,https://raw.githubusercontent.com/satellite-image-deep-learning/datasets/main/README.md,585,Object Detection & Classification,Building-detection-and-roof-type-recognition,https://github.com/loosgagnet/Building-detection-and-roof-type-recognition,added,200,datasets.csv,source/satellite-image-deep-learning-datasets/building-detection-and-roof-type-recognition,datasets for the paper 'A CNN-Based Approach for Automatic Building Detection and Recognition of Roof Types Using a Single Aerial Image'
https://github.com/satellite-image-deep-learning/datasets,https://raw.githubusercontent.com/satellite-image-deep-learning/datasets/main/README.md,587,Object Detection & Classification,SV248S,https://github.com/xdai-dlgvv/SV248S,added,200,datasets.csv,source/satellite-image-deep-learning-datasets/sv248s,"Single Object Tracking Dataset, tracking Vehicle, Large-Vehicle, Ship and Airplane"
https://github.com/satellite-image-deep-learning/datasets,https://raw.githubusercontent.com/satellite-image-deep-learning/datasets/main/README.md,588,Object Detection & Classification,NWPU-MOC,https://github.com/lyongo/NWPU-MOC,added,200,datasets.csv,source/satellite-image-deep-learning-datasets/nwpu-moc,A Benchmark for Fine-grained Multi-category Object Counting in Aerial Images
https://github.com/satellite-image-deep-learning/datasets,https://raw.githubusercontent.com/satellite-image-deep-learning/datasets/main/README.md,589,Object Detection & Classification,Vehicle Perception from Satellite,https://arxiv.org/abs/2402.00703,added,200,datasets.csv,source/satellite-image-deep-learning-datasets/vehicle-perception-from-satellite,a large-scale benchmark for traffic monitoring from satellite
https://github.com/satellite-image-deep-learning/datasets,https://raw.githubusercontent.com/satellite-image-deep-learning/datasets/main/README.md,591,Object Detection & Classification,Urban Vehicle Segmentation Dataset (UV6K),https://zenodo.org/records/8404754,added,200,datasets.csv,source/satellite-image-deep-learning-datasets/urban-vehicle-segmentation-dataset-uv6k,
https://github.com/satellite-image-deep-learning/datasets,https://raw.githubusercontent.com/satellite-image-deep-learning/datasets/main/README.md,592,Object Detection & Classification,ShipRSImageNet,https://github.com/zzndream/ShipRSImageNet,added,200,datasets.csv,source/satellite-image-deep-learning-datasets/shiprsimagenet,A Large-scale Fine-Grained Dataset for Ship Detection in High-Resolution Optical Remote Sensing Images
https://github.com/satellite-image-deep-learning/datasets,https://raw.githubusercontent.com/satellite-image-deep-learning/datasets/main/README.md,593,Object Detection & Classification,VME: A Satellite Imagery Dataset and Benchmark for Detecting Vehicles in the Middle East and Beyond,https://github.com/nalemadi/VME_CDSI_dataset_benchmark,added,200,datasets.csv,source/satellite-image-deep-learning-datasets/vme-a-satellite-imagery-dataset-and-benchmark-for-detecting-vehicles-in-the-middle-east-and-beyond,
https://github.com/satellite-image-deep-learning/datasets,https://raw.githubusercontent.com/satellite-image-deep-learning/datasets/main/README.md,594,Object Detection & Classification,VHRV: Very High-Resolution Benchmark Dataset for Vessel Detection,https://github.com/buyukkanber/vhrv,added,200,datasets.csv,source/satellite-image-deep-learning-datasets/vhrv-very-high-resolution-benchmark-dataset-for-vessel-detection,
https://github.com/satellite-image-deep-learning/datasets,https://raw.githubusercontent.com/satellite-image-deep-learning/datasets/main/README.md,597,Land Use & Land Cover,land-use-land-cover-datasets,https://github.com/r-wenger/land-use-land-cover-datasets,added,200,datasets.csv,source/satellite-image-deep-learning-datasets/land-use-land-cover-datasets,
https://github.com/satellite-image-deep-learning/datasets,https://raw.githubusercontent.com/satellite-image-deep-learning/datasets/main/README.md,601,Land Use & Land Cover,Attribute-Cooperated-Classification-Datasets,https://github.com/CrazyStoneonRoad/Attribute-Cooperated-Classification-Datasets,added,200,datasets.csv,source/satellite-image-deep-learning-datasets/attribute-cooperated-classification-datasets,"Three datasets based on AID, UCM, and Sydney. For each image, there is a label of scene classification and a label vector of attribute items."
https://github.com/satellite-image-deep-learning/datasets,https://raw.githubusercontent.com/satellite-image-deep-learning/datasets/main/README.md,602,Land Use & Land Cover,open_earth_map,https://github.com/bao18/open_earth_map,added,200,datasets.csv,source/satellite-image-deep-learning-datasets/open-earth-map,a benchmark dataset for global high-resolution land cover mapping
https://github.com/satellite-image-deep-learning/datasets,https://raw.githubusercontent.com/satellite-image-deep-learning/datasets/main/README.md,603,Land Use & Land Cover,Mumbai-Semantic-Segmentation-Dataset,https://github.com/GeoAI-Research-Lab/Mumbai-Semantic-Segmentation-Dataset,added,200,datasets.csv,source/satellite-image-deep-learning-datasets/mumbai-semantic-segmentation-dataset,
https://github.com/satellite-image-deep-learning/datasets,https://raw.githubusercontent.com/satellite-image-deep-learning/datasets/main/README.md,605,Land Use & Land Cover,openWUSU,https://github.com/AngieNikki/openWUSU,added,200,datasets.csv,source/satellite-image-deep-learning-datasets/openwusu,WUSU is a semantic understanding dataset focusing on urban structure and the urbanization process in Wuhan
https://github.com/satellite-image-deep-learning/datasets,https://raw.githubusercontent.com/satellite-image-deep-learning/datasets/main/README.md,606,Land Use & Land Cover,RSE_Cross-city,https://github.com/danfenghong/RSE_Cross-city,added,200,datasets.csv,source/satellite-image-deep-learning-datasets/rse-cross-city,Cross-City Matters: A Multimodal Remote Sensing Benchmark Dataset for Cross-City Semantic Segmentation using High-Resolution Domain Adaptation Networks
https://github.com/satellite-image-deep-learning/datasets,https://raw.githubusercontent.com/satellite-image-deep-learning/datasets/main/README.md,607,Land Use & Land Cover,AErial Lane,https://github.com/AidasDir/AerialLaneNet,added,200,datasets.csv,source/satellite-image-deep-learning-datasets/aerial-lane,"AErial Lane (AEL) Dataset is a first large-scale aerial image dataset built for lane detection, with high-quality polyline lane annotations on high-resolution images of around 80 kilometers of road"
https://github.com/satellite-image-deep-learning/datasets,https://raw.githubusercontent.com/satellite-image-deep-learning/datasets/main/README.md,609,Land Use & Land Cover,So2Sat-POP-DL,https://github.com/zhu-xlab/So2Sat-POP-DL,added,200,datasets.csv,source/satellite-image-deep-learning-datasets/so2sat-pop-dl,Dataset discovery: So2Sat Population dataset covering 98 EU cities
https://github.com/satellite-image-deep-learning/datasets,https://raw.githubusercontent.com/satellite-image-deep-learning/datasets/main/README.md,611,Land Use & Land Cover,"10,000 Crop Field Boundaries across India",https://zenodo.org/records/7315090,added,200,datasets.csv,source/satellite-image-deep-learning-datasets/10-000-crop-field-boundaries-across-india,using Airbus SPOT
https://github.com/satellite-image-deep-learning/datasets,https://raw.githubusercontent.com/satellite-image-deep-learning/datasets/main/README.md,612,Land Use & Land Cover,OpenEarthMap-SAR,https://github.com/cliffbb/OpenEarthMap-SAR,added,200,datasets.csv,source/satellite-image-deep-learning-datasets/openearthmap-sar,VHR SAR used in the 2025 IEEE GRSS Data Fusion Contest Track 1: All-Weather Land Cover Mapping. Utilises data from Umbra and Capella Space
https://github.com/satellite-image-deep-learning/datasets,https://raw.githubusercontent.com/satellite-image-deep-learning/datasets/main/README.md,613,Land Use & Land Cover,Tokyo Land Use Land Cover Dataset,https://github.com/Tusaifei/Tokyo_dataset,added,200,datasets.csv,source/satellite-image-deep-learning-datasets/tokyo-land-use-land-cover-dataset,"0.5-m resolution images, two kinds of 10-m resolution LCPs, and two kinds of 30-m resolution LCPs"
https://github.com/satellite-image-deep-learning/datasets,https://raw.githubusercontent.com/satellite-image-deep-learning/datasets/main/README.md,618,Change Detection,MtS-WH-Dataset,https://github.com/rulixiang/MtS-WH-Dataset,added,200,datasets.csv,source/satellite-image-deep-learning-datasets/mts-wh-dataset,Multi-temporal Scene WuHan (MtS-WH) Dataset
https://github.com/satellite-image-deep-learning/datasets,https://raw.githubusercontent.com/satellite-image-deep-learning/datasets/main/README.md,619,Change Detection,SZTAKI,http://web.eee.sztaki.hu/remotesensing/airchange_benchmark.html,added,200,datasets.csv,source/satellite-image-deep-learning-datasets/sztaki,A Ground truth collection for change detection in optical aerial images taken with several years time differences
https://github.com/satellite-image-deep-learning/datasets,https://raw.githubusercontent.com/satellite-image-deep-learning/datasets/main/README.md,620,Change Detection,DSIFN,https://github.com/GeoZcx/A-deeply-supervised-image-fusion-network-for-change-detection-in-remote-sensing-images/tree/master/dataset,added,200,datasets.csv,source/satellite-image-deep-learning-datasets/dsifn,"change detection dataset, it consists of six large bi-temporal high resolution images covering six cities in China"
https://github.com/satellite-image-deep-learning/datasets,https://raw.githubusercontent.com/satellite-image-deep-learning/datasets/main/README.md,621,Change Detection,Road-Change-Detection-Dataset,https://github.com/fightingMinty/Road-Change-Detection-Dataset,added,200,datasets.csv,source/satellite-image-deep-learning-datasets/road-change-detection-dataset,
https://github.com/satellite-image-deep-learning/datasets,https://raw.githubusercontent.com/satellite-image-deep-learning/datasets/main/README.md,625,Change Detection,LEVIR-CC-Dataset,https://github.com/Chen-Yang-Liu/LEVIR-CC-Dataset,added,200,datasets.csv,source/satellite-image-deep-learning-datasets/levir-cc-dataset,A Large Dataset for Remote Sensing Image Change Captioning
https://github.com/satellite-image-deep-learning/datasets,https://raw.githubusercontent.com/satellite-image-deep-learning/datasets/main/README.md,626,Change Detection,GDCLD,https://zenodo.org/records/13612636,added,200,datasets.csv,source/satellite-image-deep-learning-datasets/gdcld,A globally distributed dataset of coseismic landslide mapping via multi-source high-resolution remote sensing images
https://github.com/satellite-image-deep-learning/datasets,https://raw.githubusercontent.com/satellite-image-deep-learning/datasets/main/README.md,627,Change Detection,BANet change dataset - RS image to cadastral map,https://github.com/lqycrystal/BANet,added,200,datasets.csv,source/satellite-image-deep-learning-datasets/banet-change-dataset-rs-image-to-cadastral-map,
https://github.com/satellite-image-deep-learning/datasets,https://raw.githubusercontent.com/satellite-image-deep-learning/datasets/main/README.md,628,Change Detection,Indian Cities Change Detection (ICCD) Dataset,https://ieee-dataport.org/documents/indian-cities-change-detection-iccd-dataset,added,200,datasets.csv,source/satellite-image-deep-learning-datasets/indian-cities-change-detection-iccd-dataset,
https://github.com/satellite-image-deep-learning/datasets,https://raw.githubusercontent.com/satellite-image-deep-learning/datasets/main/README.md,631,SAR-Specific Datasets,HRSID,https://github.com/chaozhong2010/HRSID,added,200,datasets.csv,source/satellite-image-deep-learning-datasets/hrsid,"high resolution sar images dataset for ship detection, semantic segmentation, and instance segmentation tasks"
https://github.com/satellite-image-deep-learning/datasets,https://raw.githubusercontent.com/satellite-image-deep-learning/datasets/main/README.md,632,SAR-Specific Datasets,LS-SSDD-v1.0-OPEN,https://github.com/TianwenZhang0825/LS-SSDD-v1.0-OPEN,added,200,datasets.csv,source/satellite-image-deep-learning-datasets/ls-ssdd-v1-0-open,Large-Scale SAR Ship Detection Dataset
https://github.com/satellite-image-deep-learning/datasets,https://raw.githubusercontent.com/satellite-image-deep-learning/datasets/main/README.md,633,SAR-Specific Datasets,WHU-SEN-City,https://github.com/whu-csl/WHU-SEN-City,added,200,datasets.csv,source/satellite-image-deep-learning-datasets/whu-sen-city,A paired SAR-to-optical image translation dataset which covers 34 big cities of China
https://github.com/satellite-image-deep-learning/datasets,https://raw.githubusercontent.com/satellite-image-deep-learning/datasets/main/README.md,634,SAR-Specific Datasets,SAR_vehicle_detection_dataset,https://github.com/whu-csl/SAR_vehicle_detection_dataset,added,200,datasets.csv,source/satellite-image-deep-learning-datasets/sar-vehicle-detection-dataset,"104 SAR images for vehicle detection, collected from Sandia MiniSAR/FARAD SAR images and MSTAR images"
https://github.com/satellite-image-deep-learning/datasets,https://raw.githubusercontent.com/satellite-image-deep-learning/datasets/main/README.md,635,SAR-Specific Datasets,AIR-PolSAR-Seg,https://github.com/AICyberTeam/AIR-PolSAR-Seg,added,200,datasets.csv,source/satellite-image-deep-learning-datasets/air-polsar-seg,a challenging PolSAR terrain segmentation dataset
https://github.com/satellite-image-deep-learning/datasets,https://raw.githubusercontent.com/satellite-image-deep-learning/datasets/main/README.md,637,SAR-Specific Datasets,SynthWakeSAR,https://data.bris.ac.uk/data/dataset/30kvuvmatwzij2mz1573zqumfx,added,TimeoutError,datasets.csv,source/satellite-image-deep-learning-datasets/synthwakesar,"A Synthetic SAR Dataset for Deep Learning Classification of Ships at Sea, with paper"
https://github.com/satellite-image-deep-learning/datasets,https://raw.githubusercontent.com/satellite-image-deep-learning/datasets/main/README.md,638,SAR-Specific Datasets,SAR2Opt-Heterogeneous-Dataset,https://github.com/MarsZhaoYT/SAR2Opt-Heterogeneous-Dataset,added,200,datasets.csv,source/satellite-image-deep-learning-datasets/sar2opt-heterogeneous-dataset,SAR-optical images to be used as a benchmark in change detection and image transaltion on remote sensing images
https://github.com/satellite-image-deep-learning/datasets,https://raw.githubusercontent.com/satellite-image-deep-learning/datasets/main/README.md,639,SAR-Specific Datasets,OpenSARWake,https://github.com/libzzluo/OpenSARWake,added,200,datasets.csv,source/satellite-image-deep-learning-datasets/opensarwake,A SAR ship wake rotation detection benchmark dataset.
https://github.com/satellite-image-deep-learning/datasets,https://raw.githubusercontent.com/satellite-image-deep-learning/datasets/main/README.md,645,Specialized Applications,ABCDdataset,https://github.com/gistairc/ABCDdataset,added,200,datasets.csv,source/satellite-image-deep-learning-datasets/abcddataset,damage detection dataset to identify whether buildings have been washed-away by tsunami
https://github.com/satellite-image-deep-learning/datasets,https://raw.githubusercontent.com/satellite-image-deep-learning/datasets/main/README.md,646,Specialized Applications,Thermal power plans dataset,https://github.com/wenxinYin/AIR-TPPDD,added,200,datasets.csv,source/satellite-image-deep-learning-datasets/thermal-power-plans-dataset,
https://github.com/satellite-image-deep-learning/datasets,https://raw.githubusercontent.com/satellite-image-deep-learning/datasets/main/README.md,648,Specialized Applications,Oil and Gas Infrastructure Mapping (OGIM) database,https://zenodo.org/record/7922117,added,200,datasets.csv,source/satellite-image-deep-learning-datasets/oil-and-gas-infrastructure-mapping-ogim-database,includes locations and facility attributes of oil and gas infrastructure types that are important sources of methane emissions
https://github.com/satellite-image-deep-learning/datasets,https://raw.githubusercontent.com/satellite-image-deep-learning/datasets/main/README.md,649,Specialized Applications,Overhead Wind Turbine Dataset - NAIP,https://zenodo.org/records/7385227#.Y419qezMLdr,added,200,datasets.csv,source/satellite-image-deep-learning-datasets/overhead-wind-turbine-dataset-naip,
https://github.com/satellite-image-deep-learning/datasets,https://raw.githubusercontent.com/satellite-image-deep-learning/datasets/main/README.md,650,Specialized Applications,CloudTracks: A Dataset for Localizing Ship Tracks in Satellite Images of Clouds,https://zenodo.org/records/10042922,added,200,datasets.csv,source/satellite-image-deep-learning-datasets/cloudtracks-a-dataset-for-localizing-ship-tracks-in-satellite-images-of-clouds,"the dataset consists of 1,780 MODIS satellite images hand-labeled for the presence of more than 12,000 ship tracks."
https://github.com/satellite-image-deep-learning/datasets,https://raw.githubusercontent.com/satellite-image-deep-learning/datasets/main/README.md,651,Specialized Applications,Digital Typhoon Dataset,https://github.com/kitamoto-lab/digital-typhoon/,added,200,datasets.csv,source/satellite-image-deep-learning-datasets/digital-typhoon-dataset,aimed at benchmarking machine learning models for long-term spatio-temporal data
https://github.com/satellite-image-deep-learning/datasets,https://raw.githubusercontent.com/satellite-image-deep-learning/datasets/main/README.md,652,Specialized Applications,BirdSAT,https://github.com/mvrl/BirdSAT,added,200,datasets.csv,source/satellite-image-deep-learning-datasets/birdsat,"Cross-View iNAT Birds 2021: This cross-view birds species dataset consists of paired ground-level bird images and satellite images, along with meta-information associated with the iNaturalist-2021 dataset."
https://github.com/satellite-image-deep-learning/datasets,https://raw.githubusercontent.com/satellite-image-deep-learning/datasets/main/README.md,653,Specialized Applications,RSHaze+,https://zenodo.org/records/13837162,added,200,datasets.csv,source/satellite-image-deep-learning-datasets/rshaze,remote sensing dehazing datasets in PhDnet: A novel physic-aware dehazing network for remote sensing images
https://github.com/satellite-image-deep-learning/datasets,https://raw.githubusercontent.com/satellite-image-deep-learning/datasets/main/README.md,654,Specialized Applications,GMSEUS,https://github.com/stidjaco/GMSEUS,added,200,datasets.csv,source/satellite-image-deep-learning-datasets/gmseus,A comprehensive ground-mounted solar energy dataset with sub-array design metadata in the United States
https://github.com/satellite-image-deep-learning/datasets,https://raw.githubusercontent.com/satellite-image-deep-learning/datasets/main/README.md,655,Specialized Applications,MultiviewRS,https://github.com/fmenat/multiviewRS-datasets,added,200,datasets.csv,source/satellite-image-deep-learning-datasets/multiviewrs,List of remote sensing (RS) multi-view datasets for exploring multi-view learning
https://github.com/satellite-image-deep-learning/datasets,https://raw.githubusercontent.com/satellite-image-deep-learning/datasets/main/README.md,660,Agricultural & Environmental,Hyperspectral Change Detection Dataset Irrigated Agricultural Area,https://github.com/SicongLiuRS/Hyperspectral-Change-Detection-Dataset-Irrigated-Agricultural-Area,added,200,datasets.csv,source/satellite-image-deep-learning-datasets/hyperspectral-change-detection-dataset-irrigated-agricultural-area,
https://github.com/satellite-image-deep-learning/datasets,https://raw.githubusercontent.com/satellite-image-deep-learning/datasets/main/README.md,661,Agricultural & Environmental,CNN-RNN-Yield-Prediction,https://github.com/saeedkhaki92/CNN-RNN-Yield-Prediction,added,200,datasets.csv,source/satellite-image-deep-learning-datasets/cnn-rnn-yield-prediction,soybean dataset
https://github.com/satellite-image-deep-learning/datasets,https://raw.githubusercontent.com/satellite-image-deep-learning/datasets/main/README.md,663,Agricultural & Environmental,TimeMatch,https://zenodo.org/records/5636422,added,200,datasets.csv,source/satellite-image-deep-learning-datasets/timematch,dataset for cross-region adaptation for crop identification from SITS in four different regions in Europe
https://github.com/satellite-image-deep-learning/datasets,https://raw.githubusercontent.com/satellite-image-deep-learning/datasets/main/README.md,664,Agricultural & Environmental,Landsat 8 Cloud Cover Assessment Validation Data,https://landsat.usgs.gov/landsat-8-cloud-cover-assessment-validation-data,added,200,datasets.csv,source/satellite-image-deep-learning-datasets/landsat-8-cloud-cover-assessment-validation-data,
https://github.com/satellite-image-deep-learning/datasets,https://raw.githubusercontent.com/satellite-image-deep-learning/datasets/main/README.md,665,Agricultural & Environmental,Remote Sensing Satellite Video Dataset for Super-resolution,https://zenodo.org/record/6969604#.ZCBd-OzMJhE,added,200,datasets.csv,source/satellite-image-deep-learning-datasets/remote-sensing-satellite-video-dataset-for-super-resolution,
https://github.com/satellite-image-deep-learning/datasets,https://raw.githubusercontent.com/satellite-image-deep-learning/datasets/main/README.md,666,Agricultural & Environmental,SpatioTemporalYield,https://huggingface.co/datasets/ellaampy/SpatioTemporalYield,added,200,datasets.csv,source/satellite-image-deep-learning-datasets/spatiotemporalyield,"covers the USA’s top five corn-producing states: Iowa, Illinois, Indiana, Nebraska, and Minnesota."
https://github.com/satellite-image-deep-learning/datasets,https://raw.githubusercontent.com/satellite-image-deep-learning/datasets/main/README.md,667,Agricultural & Environmental,Palm Tree Dataset,https://github.com/NourO93/Palm-Tree-Dataset/tree/main,added,200,datasets.csv,source/satellite-image-deep-learning-datasets/palm-tree-dataset,
https://github.com/satellite-image-deep-learning/datasets,https://raw.githubusercontent.com/satellite-image-deep-learning/datasets/main/README.md,673,Hyperspectral & Multi-modal,Data-CSHSI,https://github.com/YuxiangZhang-BIT/Data-CSHSI,added,200,datasets.csv,source/satellite-image-deep-learning-datasets/data-cshsi,"Open source datasets for Cross-Scene Hyperspectral Image Classification, includes Houston, Pavia & HyRank datasets"
https://github.com/satellite-image-deep-learning/datasets,https://raw.githubusercontent.com/satellite-image-deep-learning/datasets/main/README.md,675,Hyperspectral & Multi-modal,STARCOP dataset: Semantic Segmentation of Methane Plumes with Hyperspectral Machine Learning Models,https://zenodo.org/records/7863343,added,200,datasets.csv,source/satellite-image-deep-learning-datasets/starcop-dataset-semantic-segmentation-of-methane-plumes-with-hyperspectral-machine-learning-models,
https://github.com/satellite-image-deep-learning/datasets,https://raw.githubusercontent.com/satellite-image-deep-learning/datasets/main/README.md,676,Hyperspectral & Multi-modal,Toulouse Hyperspectral Data Set,https://www.toulouse-hyperspectral-data-set.com/,added,200,datasets.csv,source/satellite-image-deep-learning-datasets/toulouse-hyperspectral-data-set,
https://github.com/satellite-image-deep-learning/datasets,https://raw.githubusercontent.com/satellite-image-deep-learning/datasets/main/README.md,677,Hyperspectral & Multi-modal,Toulouse Hyperspectral Data Set,https://github.com/Romain3Ch216/TlseHypDataSet,added,200,datasets.csv,source/satellite-image-deep-learning-datasets/toulouse-hyperspectral-data-set,
https://github.com/satellite-image-deep-learning/datasets,https://raw.githubusercontent.com/satellite-image-deep-learning/datasets/main/README.md,678,Hyperspectral & Multi-modal,Multi-modality-image-matching,https://github.com/StaRainJ/Multi-modality-image-matching-database-metrics-methods,added,200,datasets.csv,source/satellite-image-deep-learning-datasets/multi-modality-image-matching,image matching dataset including several remote sensing modalities
https://github.com/satellite-image-deep-learning/datasets,https://raw.githubusercontent.com/satellite-image-deep-learning/datasets/main/README.md,679,Hyperspectral & Multi-modal,PanCollection,https://github.com/liangjiandeng/PanCollection,added,200,datasets.csv,source/satellite-image-deep-learning-datasets/pancollection,"Pansharpening Datasets from WorldView 2, WorldView 3, QuickBird, Gaofen 2 sensors"
https://github.com/satellite-image-deep-learning/datasets,https://raw.githubusercontent.com/satellite-image-deep-learning/datasets/main/README.md,683,Benchmark & Foundation Models,ERA-DATASET,https://github.com/zhu-xlab/ERA-DATASET,added,200,datasets.csv,source/satellite-image-deep-learning-datasets/era-dataset,A Dataset and Deep Learning Benchmark for Event Recognition in Aerial Videos
https://github.com/satellite-image-deep-learning/datasets,https://raw.githubusercontent.com/satellite-image-deep-learning/datasets/main/README.md,685,Benchmark & Foundation Models,AIR-CD,https://github.com/AICyberTeam/AIR-CD,added,200,datasets.csv,source/satellite-image-deep-learning-datasets/air-cd,"a challenging cloud detection data set called AIR-CD, with higher spatial resolution and more representative landcover types"
https://github.com/satellite-image-deep-learning/datasets,https://raw.githubusercontent.com/satellite-image-deep-learning/datasets/main/README.md,687,Benchmark & Foundation Models,University1652-Baseline,https://github.com/layumi/University1652-Baseline,added,200,datasets.csv,source/satellite-image-deep-learning-datasets/university1652-baseline,A Multi-view Multi-source Benchmark for Drone-based Geo-localization
https://github.com/satellite-image-deep-learning/datasets,https://raw.githubusercontent.com/satellite-image-deep-learning/datasets/main/README.md,688,Benchmark & Foundation Models,benchmark_ISPRS2021,https://github.com/whuwuteng/benchmark_ISPRS2021,added,200,datasets.csv,source/satellite-image-deep-learning-datasets/benchmark-isprs2021,A new stereo dense matching benchmark dataset for deep learning
https://github.com/satellite-image-deep-learning/datasets,https://raw.githubusercontent.com/satellite-image-deep-learning/datasets/main/README.md,691,Benchmark & Foundation Models,pangaea-bench,https://github.com/yurujaja/pangaea-bench,added,200,datasets.csv,source/satellite-image-deep-learning-datasets/pangaea-bench,A Global and Inclusive Benchmark for Geospatial Foundation Models
https://github.com/satellite-image-deep-learning/datasets,https://raw.githubusercontent.com/satellite-image-deep-learning/datasets/main/README.md,692,Benchmark & Foundation Models,VRSBench: A Versatile Vision-Language Benchmark Dataset for Remote Sensing Image Understanding,https://vrsbench.github.io/,added,200,datasets.csv,source/satellite-image-deep-learning-datasets/vrsbench-a-versatile-vision-language-benchmark-dataset-for-remote-sensing-image-understanding,
https://github.com/satellite-image-deep-learning/datasets,https://raw.githubusercontent.com/satellite-image-deep-learning/datasets/main/README.md,694,Benchmark & Foundation Models,dynnet,https://github.com/aysim/dynnet,added,200,datasets.csv,source/satellite-image-deep-learning-datasets/dynnet,DynamicEarthNet: Daily Multi-Spectral Satellite Dataset for Semantic Change Segmentation
https://github.com/satellite-image-deep-learning/datasets,https://raw.githubusercontent.com/satellite-image-deep-learning/datasets/main/README.md,695,Benchmark & Foundation Models,Awesome-Remote-Sensing-Relative-Radiometric-Normalization-Datasets,https://github.com/ArminMoghimi/Awesome-Remote-Sensing-Relative-Radiometric-Normalization-Datasets,added,200,datasets.csv,source/satellite-image-deep-learning-datasets/awesome-remote-sensing-relative-radiometric-normalization-datasets,
https://github.com/satellite-image-deep-learning/datasets,https://raw.githubusercontent.com/satellite-image-deep-learning/datasets/main/README.md,704,Kaggle - Amazon from space - classification challenge,1st place winner interview - used 11 custom CNN,http://blog.kaggle.com/2017/10/17/planet-understanding-the-amazon-from-space-1st-place-winners-interview/,added,403,datasets.csv,source/satellite-image-deep-learning-datasets/1st-place-winner-interview-used-11-custom-cnn,
https://github.com/satellite-image-deep-learning/datasets,https://raw.githubusercontent.com/satellite-image-deep-learning/datasets/main/README.md,705,Kaggle - Amazon from space - classification challenge,FastAI Multi-label image classification,https://towardsdatascience.com/fastai-multi-label-image-classification-8034be646e95,added,200,datasets.csv,source/satellite-image-deep-learning-datasets/fastai-multi-label-image-classification,
https://github.com/satellite-image-deep-learning/datasets,https://raw.githubusercontent.com/satellite-image-deep-learning/datasets/main/README.md,706,Kaggle - Amazon from space - classification challenge,Multi-Label Classification of Satellite Photos of the Amazon Rainforest,https://machinelearningmastery.com/how-to-develop-a-convolutional-neural-network-to-classify-satellite-photos-of-the-amazon-rainforest/,added,200,datasets.csv,source/satellite-image-deep-learning-datasets/multi-label-classification-of-satellite-photos-of-the-amazon-rainforest,
https://github.com/satellite-image-deep-learning/datasets,https://raw.githubusercontent.com/satellite-image-deep-learning/datasets/main/README.md,707,Kaggle - Amazon from space - classification challenge,"Understanding the Amazon Rainforest with Multi-Label Classification + VGG-19, Inceptionv3, AlexNet & Transfer Learning",https://towardsdatascience.com/understanding-the-amazon-rainforest-with-multi-label-classification-vgg-19-inceptionv3-5084544fb655,added,200,datasets.csv,source/satellite-image-deep-learning-datasets/understanding-the-amazon-rainforest-with-multi-label-classification-vgg-19-inceptionv3-alexnet-and-transfer-learning,
https://github.com/satellite-image-deep-learning/datasets,https://raw.githubusercontent.com/satellite-image-deep-learning/datasets/main/README.md,708,Kaggle - Amazon from space - classification challenge,amazon-classifier,https://github.com/mikeskaug/amazon-classifier,added,200,datasets.csv,source/satellite-image-deep-learning-datasets/amazon-classifier,compares random forest with CNN
https://github.com/satellite-image-deep-learning/datasets,https://raw.githubusercontent.com/satellite-image-deep-learning/datasets/main/README.md,709,Kaggle - Amazon from space - classification challenge,multilabel-classification,https://github.com/muneeb706/multilabel-classification,added,200,datasets.csv,source/satellite-image-deep-learning-datasets/multilabel-classification,compares various CNN architecutres
https://github.com/satellite-image-deep-learning/datasets,https://raw.githubusercontent.com/satellite-image-deep-learning/datasets/main/README.md,710,Kaggle - Amazon from space - classification challenge,Planet-Amazon-Kaggle,https://github.com/Skumarr53/Planet-Amazon-Kaggle,added,200,datasets.csv,source/satellite-image-deep-learning-datasets/planet-amazon-kaggle,uses fast.ai
https://github.com/satellite-image-deep-learning/datasets,https://raw.githubusercontent.com/satellite-image-deep-learning/datasets/main/README.md,711,Kaggle - Amazon from space - classification challenge,deforestation_deep_learning,https://github.com/schumanzhang/deforestation_deep_learning,added,200,datasets.csv,source/satellite-image-deep-learning-datasets/deforestation-deep-learning,
https://github.com/satellite-image-deep-learning/datasets,https://raw.githubusercontent.com/satellite-image-deep-learning/datasets/main/README.md,712,Kaggle - Amazon from space - classification challenge,Track-Human-Footprint-in-Amazon-using-Deep-Learning,https://github.com/sahanasub/Track-Human-Footprint-in-Amazon-using-Deep-Learning,added,200,datasets.csv,source/satellite-image-deep-learning-datasets/track-human-footprint-in-amazon-using-deep-learning,
https://github.com/satellite-image-deep-learning/datasets,https://raw.githubusercontent.com/satellite-image-deep-learning/datasets/main/README.md,713,Kaggle - Amazon from space - classification challenge,Amazon-Rainforest-CNN,https://github.com/cldowdy/Amazon-Rainforest-CNN,added,200,datasets.csv,source/satellite-image-deep-learning-datasets/amazon-rainforest-cnn,uses a 3-layer CNN in Tensorflow
https://github.com/satellite-image-deep-learning/datasets,https://raw.githubusercontent.com/satellite-image-deep-learning/datasets/main/README.md,714,Kaggle - Amazon from space - classification challenge,rainforest-tagging,https://github.com/minggli/rainforest-tagging,added,200,datasets.csv,source/satellite-image-deep-learning-datasets/rainforest-tagging,Convolutional Neural Net and Recurrent Neural Net in Tensorflow for satellite images multi-label classification
https://github.com/satellite-image-deep-learning/datasets,https://raw.githubusercontent.com/satellite-image-deep-learning/datasets/main/README.md,722,Kaggle - DSTL segmentation challenge,Interview with 1st place winner who used segmentation networks,http://blog.kaggle.com/2017/04/26/dstl-satellite-imagery-competition-1st-place-winners-interview-kyle-lee/,added,200,datasets.csv,source/satellite-image-deep-learning-datasets/interview-with-1st-place-winner-who-used-segmentation-networks,"40+ models, each tweaked for particular target (e.g. roads, trees)"
https://github.com/satellite-image-deep-learning/datasets,https://raw.githubusercontent.com/satellite-image-deep-learning/datasets/main/README.md,723,Kaggle - DSTL segmentation challenge,ZF_UNET_224_Pretrained_Model 2nd place solution,https://github.com/ZFTurbo/ZF_UNET_224_Pretrained_Model,added,200,datasets.csv,source/satellite-image-deep-learning-datasets/zf-unet-224-pretrained-model-2nd-place-solution,
https://github.com/satellite-image-deep-learning/datasets,https://raw.githubusercontent.com/satellite-image-deep-learning/datasets/main/README.md,724,Kaggle - DSTL segmentation challenge,3rd place soluton,https://github.com/osin-vladimir/kaggle-satellite-imagery-feature-detection,added,200,datasets.csv,source/satellite-image-deep-learning-datasets/3rd-place-soluton,"which explored pansharpening & calculating reflectance indices, with arxiv paper"
https://github.com/satellite-image-deep-learning/datasets,https://raw.githubusercontent.com/satellite-image-deep-learning/datasets/main/README.md,725,Kaggle - DSTL segmentation challenge,Deepsense 4th place solution,https://deepsense.ai/deep-learning-for-satellite-imagery-via-image-segmentation/,added,200,datasets.csv,source/satellite-image-deep-learning-datasets/deepsense-4th-place-solution,
https://github.com/satellite-image-deep-learning/datasets,https://raw.githubusercontent.com/satellite-image-deep-learning/datasets/main/README.md,726,Kaggle - DSTL segmentation challenge,Entry by lopuhin,https://github.com/lopuhin/kaggle-dstl,added,200,datasets.csv,source/satellite-image-deep-learning-datasets/entry-by-lopuhin,using UNet with batch-normalization
https://github.com/satellite-image-deep-learning/datasets,https://raw.githubusercontent.com/satellite-image-deep-learning/datasets/main/README.md,727,Kaggle - DSTL segmentation challenge,Multi-class semantic segmentation of satellite images using U-Net,https://github.com/rogerxujiang/dstl_unet,added,200,datasets.csv,source/satellite-image-deep-learning-datasets/multi-class-semantic-segmentation-of-satellite-images-using-u-net,"using DSTL dataset, tensorflow 1 & python 2.7. Accompanying article"
https://github.com/satellite-image-deep-learning/datasets,https://raw.githubusercontent.com/satellite-image-deep-learning/datasets/main/README.md,728,Kaggle - DSTL segmentation challenge,Deep-Satellite-Image-Segmentation,https://github.com/antoine-spahr/Deep-Satellite-Image-Segmentation,added,200,datasets.csv,source/satellite-image-deep-learning-datasets/deep-satellite-image-segmentation,
https://github.com/satellite-image-deep-learning/datasets,https://raw.githubusercontent.com/satellite-image-deep-learning/datasets/main/README.md,729,Kaggle - DSTL segmentation challenge,Dstl-Satellite-Imagery-Feature-Detection-Improved,https://github.com/cuulee/Dstl-Satellite-Imagery-Feature-Detection-Improved,added,200,datasets.csv,source/satellite-image-deep-learning-datasets/dstl-satellite-imagery-feature-detection-improved,
https://github.com/satellite-image-deep-learning/datasets,https://raw.githubusercontent.com/satellite-image-deep-learning/datasets/main/README.md,730,Kaggle - DSTL segmentation challenge,Satellite-imagery-feature-detection,https://github.com/ArangurenAndres/Satellite-imagery-feature-detection,added,200,datasets.csv,source/satellite-image-deep-learning-datasets/satellite-imagery-feature-detection,
https://github.com/satellite-image-deep-learning/datasets,https://raw.githubusercontent.com/satellite-image-deep-learning/datasets/main/README.md,731,Kaggle - DSTL segmentation challenge,Satellite_Image_Classification,https://github.com/aditya-sawadh/Satellite_Image_Classification,added,200,datasets.csv,source/satellite-image-deep-learning-datasets/satellite-image-classification,using XGBoost and ensemble classification methods
https://github.com/satellite-image-deep-learning/datasets,https://raw.githubusercontent.com/satellite-image-deep-learning/datasets/main/README.md,732,Kaggle - DSTL segmentation challenge,Unet-for-Satellite,https://github.com/justinishikawa/Unet-for-Satellite,added,200,datasets.csv,source/satellite-image-deep-learning-datasets/unet-for-satellite,
https://github.com/satellite-image-deep-learning/datasets,https://raw.githubusercontent.com/satellite-image-deep-learning/datasets/main/README.md,733,Kaggle - DSTL segmentation challenge,building-segmentation,https://github.com/jimpala/building-segmentation,added,200,datasets.csv,source/satellite-image-deep-learning-datasets/building-segmentation,TensorFlow U-Net implementation trained to segment buildings in satellite imagery
https://github.com/satellite-image-deep-learning/datasets,https://raw.githubusercontent.com/satellite-image-deep-learning/datasets/main/README.md,737,Kaggle - DeepSat land cover classification,DeepSat-Kaggle,https://github.com/athulsudheesh/DeepSat-Kaggle,added,200,datasets.csv,source/satellite-image-deep-learning-datasets/deepsat-kaggle,uses Julia
https://github.com/satellite-image-deep-learning/datasets,https://raw.githubusercontent.com/satellite-image-deep-learning/datasets/main/README.md,738,Kaggle - DeepSat land cover classification,deepsat-aws-emr-pyspark,https://github.com/hellosaumil/deepsat-aws-emr-pyspark,added,200,datasets.csv,source/satellite-image-deep-learning-datasets/deepsat-aws-emr-pyspark,Using PySpark for Image Classification on Satellite Imagery of Agricultural Terrains
https://github.com/satellite-image-deep-learning/datasets,https://raw.githubusercontent.com/satellite-image-deep-learning/datasets/main/README.md,742,Kaggle - Airbus ship detection challenge,good example kernel,https://www.kaggle.com/kmader/baseline-u-net-model-part-1,added,200,datasets.csv,source/satellite-image-deep-learning-datasets/good-example-kernel,"Rating - medium, most solutions using deep-learning, many kernels, good example kernel"
https://github.com/satellite-image-deep-learning/datasets,https://raw.githubusercontent.com/satellite-image-deep-learning/datasets/main/README.md,743,Kaggle - Airbus ship detection challenge,Detecting ships in satellite imagery: five years later…,https://medium.com/artificialis/detecting-ships-in-satellite-imagery-five-years-later-28df2e83f987,added,200,datasets.csv,source/satellite-image-deep-learning-datasets/detecting-ships-in-satellite-imagery-five-years-later,
https://github.com/satellite-image-deep-learning/datasets,https://raw.githubusercontent.com/satellite-image-deep-learning/datasets/main/README.md,745,Kaggle - Airbus ship detection challenge,Lessons Learned from Kaggle’s Airbus Challenge,https://web.archive.org/web/20241002082610/https://towardsdatascience.com/lessons-learned-from-kaggles-airbus-challenge-252e25c5efac,added,200,datasets.csv,source/satellite-image-deep-learning-datasets/lessons-learned-from-kaggles-airbus-challenge,
https://github.com/satellite-image-deep-learning/datasets,https://raw.githubusercontent.com/satellite-image-deep-learning/datasets/main/README.md,746,Kaggle - Airbus ship detection challenge,Airbus-Ship-Detection,https://github.com/kheyer/Airbus-Ship-Detection,added,200,datasets.csv,source/satellite-image-deep-learning-datasets/airbus-ship-detection,"This solution scored 139 out of 884 for the competition, combines ResNeXt50 based classifier and a U-net segmentation model"
https://github.com/satellite-image-deep-learning/datasets,https://raw.githubusercontent.com/satellite-image-deep-learning/datasets/main/README.md,747,Kaggle - Airbus ship detection challenge,Ship-Detection-Project,https://github.com/ZTong1201/Ship-Detection-Project,added,200,datasets.csv,source/satellite-image-deep-learning-datasets/ship-detection-project,uses Mask R-CNN and UNet model
https://github.com/satellite-image-deep-learning/datasets,https://raw.githubusercontent.com/satellite-image-deep-learning/datasets/main/README.md,748,Kaggle - Airbus ship detection challenge,Airbus_SDC,https://github.com/WillieMaddox/Airbus_SDC,added,200,datasets.csv,source/satellite-image-deep-learning-datasets/airbus-sdc,
https://github.com/satellite-image-deep-learning/datasets,https://raw.githubusercontent.com/satellite-image-deep-learning/datasets/main/README.md,750,Kaggle - Airbus ship detection challenge,airbus-ship-detection,https://github.com/jancervenka/airbus-ship-detection,added,200,datasets.csv,source/satellite-image-deep-learning-datasets/airbus-ship-detection,CNN with REST API
https://github.com/satellite-image-deep-learning/datasets,https://raw.githubusercontent.com/satellite-image-deep-learning/datasets/main/README.md,752,Kaggle - Airbus ship detection challenge,Image Segmentation: Kaggle experience,https://web.archive.org/web/20240929194243/https://towardsdatascience.com/image-segmentation-kaggle-experience-9a41cb8924f0,added,200,datasets.csv,source/satellite-image-deep-learning-datasets/image-segmentation-kaggle-experience,Medium article by gold medal winner Vlad Shmyhlo
https://github.com/satellite-image-deep-learning/datasets,https://raw.githubusercontent.com/satellite-image-deep-learning/datasets/main/README.md,762,Kaggle - Classify Ships in San Franciso Bay using Planet satellite imagery,shipsnet-detector,https://github.com/rhammell/shipsnet-detector,added,200,datasets.csv,source/satellite-image-deep-learning-datasets/shipsnet-detector,Detect container ships in Planet imagery using machine learning
https://github.com/satellite-image-deep-learning/datasets,https://raw.githubusercontent.com/satellite-image-deep-learning/datasets/main/README.md,763,Kaggle - Classify Ships in San Franciso Bay using Planet satellite imagery,DeepLearningShipDetection,https://github.com/PenguinDan/DeepLearningShipDetection,added,200,datasets.csv,source/satellite-image-deep-learning-datasets/deeplearningshipdetection,
https://github.com/satellite-image-deep-learning/datasets,https://raw.githubusercontent.com/satellite-image-deep-learning/datasets/main/README.md,764,Kaggle - Classify Ships in San Franciso Bay using Planet satellite imagery,Ship-Detection-Using-Satellite-Imagery,https://github.com/Dhruvisha29/Ship-Detection-Using-Satellite-Imagery,added,200,datasets.csv,source/satellite-image-deep-learning-datasets/ship-detection-using-satellite-imagery,
https://github.com/satellite-image-deep-learning/datasets,https://raw.githubusercontent.com/satellite-image-deep-learning/datasets/main/README.md,769,Kaggle - Planesnet classification dataset,Dataset repo,https://github.com/rhammell/planesnet,added,200,datasets.csv,source/satellite-image-deep-learning-datasets/dataset-repo,and planesnet-detector demonstrates a small CNN classifier on this dataset
https://github.com/satellite-image-deep-learning/datasets,https://raw.githubusercontent.com/satellite-image-deep-learning/datasets/main/README.md,771,Kaggle - Planesnet classification dataset,Using AWS SageMaker/PlanesNet to process Satellite Imagery,https://github.com/kskalvar/aws-sagemaker-planesnet-imagery,added,200,datasets.csv,source/satellite-image-deep-learning-datasets/using-aws-sagemaker-planesnet-to-process-satellite-imagery,
https://github.com/satellite-image-deep-learning/datasets,https://raw.githubusercontent.com/satellite-image-deep-learning/datasets/main/README.md,772,Kaggle - Planesnet classification dataset,Airplane-in-Planet-Image,https://github.com/MaxLenormand/Airplane-in-Planet-Image,added,200,datasets.csv,source/satellite-image-deep-learning-datasets/airplane-in-planet-image,pytorch model
https://github.com/satellite-image-deep-learning/datasets,https://raw.githubusercontent.com/satellite-image-deep-learning/datasets/main/README.md,777,Kaggle - CGI Planes in Satellite Imagery w/ BBoxes,Faster RCNN to detect airplanes,https://github.com/ShubhankarRawat/Airplane-Detection-for-Satellites,added,200,datasets.csv,source/satellite-image-deep-learning-datasets/faster-rcnn-to-detect-airplanes,
https://github.com/satellite-image-deep-learning/datasets,https://raw.githubusercontent.com/satellite-image-deep-learning/datasets/main/README.md,783,Kaggle - Swimming pool and car detection using satellite imagery,Object detection on Satellite Imagery using RetinaNet,https://medium.com/@ije_good/object-detection-on-satellite-imagery-using-retinanet-part-1-training-e589975afbd5,added,200,datasets.csv,source/satellite-image-deep-learning-datasets/object-detection-on-satellite-imagery-using-retinanet,
https://github.com/satellite-image-deep-learning/datasets,https://raw.githubusercontent.com/satellite-image-deep-learning/datasets/main/README.md,789,Kaggle - Draper challenge to place images in order of time,used XGBOOST,http://blog.kaggle.com/2016/09/15/draper-satellite-image-chronology-machine-learning-solution-vicens-gaitan/,added,200,datasets.csv,source/satellite-image-deep-learning-datasets/used-xgboost,Kaggle interviews for entrants who used XGBOOST and a hybrid human/ML approach
https://github.com/satellite-image-deep-learning/datasets,https://raw.githubusercontent.com/satellite-image-deep-learning/datasets/main/README.md,790,Kaggle - Draper challenge to place images in order of time,deep-cnn-sat-image-time-series,https://github.com/MickyDowns/deep-cnn-sat-image-time-series,added,200,datasets.csv,source/satellite-image-deep-learning-datasets/deep-cnn-sat-image-time-series,uses LSTM
https://github.com/satellite-image-deep-learning/datasets,https://raw.githubusercontent.com/satellite-image-deep-learning/datasets/main/README.md,795,Kaggle - Dubai segmentation,dubai-satellite-imagery-segmentation,https://github.com/ayushdabra/dubai-satellite-imagery-segmentation,added,200,datasets.csv,source/satellite-image-deep-learning-datasets/dubai-satellite-imagery-segmentation,"due to the small dataset, image augmentation was used"
https://github.com/satellite-image-deep-learning/datasets,https://raw.githubusercontent.com/satellite-image-deep-learning/datasets/main/README.md,796,Kaggle - Dubai segmentation,U-Net for Semantic Segmentation on Unbalanced Aerial Imagery,https://towardsdatascience.com/u-net-for-semantic-segmentation-on-unbalanced-aerial-imagery-3474fa1d3e56,added,200,datasets.csv,source/satellite-image-deep-learning-datasets/u-net-for-semantic-segmentation-on-unbalanced-aerial-imagery,using the Dubai dataset
https://github.com/satellite-image-deep-learning/datasets,https://raw.githubusercontent.com/satellite-image-deep-learning/datasets/main/README.md,797,Kaggle - Dubai segmentation,Semantic-Segmentation-using-U-Net,https://github.com/Anay21110/Semantic-Segmentation-using-U-Net,added,200,datasets.csv,source/satellite-image-deep-learning-datasets/semantic-segmentation-using-u-net,uses keras
https://github.com/satellite-image-deep-learning/datasets,https://raw.githubusercontent.com/satellite-image-deep-learning/datasets/main/README.md,798,Kaggle - Dubai segmentation,unet_satelite_image_segmentation,https://github.com/nassimaliou/unet_satelite_image_segmentation,added,200,datasets.csv,source/satellite-image-deep-learning-datasets/unet-satelite-image-segmentation,
https://github.com/satellite-image-deep-learning/datasets,https://raw.githubusercontent.com/satellite-image-deep-learning/datasets/main/README.md,803,Kaggle - Massachusetts Roads & Buildings Datasets - segmentation,Official published dataset,https://www.cs.toronto.edu/~vmnih/data/,added,200,datasets.csv,source/satellite-image-deep-learning-datasets/official-published-dataset,
https://github.com/satellite-image-deep-learning/datasets,https://raw.githubusercontent.com/satellite-image-deep-learning/datasets/main/README.md,804,Kaggle - Massachusetts Roads & Buildings Datasets - segmentation,Road_seg_dataset,https://github.com/parth1620/Road_seg_dataset,added,200,datasets.csv,source/satellite-image-deep-learning-datasets/road-seg-dataset,subset of the roads dataset containing only 200 images and masks
https://github.com/satellite-image-deep-learning/datasets,https://raw.githubusercontent.com/satellite-image-deep-learning/datasets/main/README.md,809,Kaggle - Massachusetts Roads & Buildings Datasets - segmentation,Road detection using semantic segmentation and albumentations for data augmention,https://web.archive.org/web/20240929191243/https://towardsdatascience.com/road-detection-using-segmentation-models-and-albumentations-libraries-on-keras-d5434eaf73a8,added,200,datasets.csv,source/satellite-image-deep-learning-datasets/road-detection-using-semantic-segmentation-and-albumentations-for-data-augmention,"using the Massachusetts Roads Dataset, U-net & Keras"
https://github.com/satellite-image-deep-learning/datasets,https://raw.githubusercontent.com/satellite-image-deep-learning/datasets/main/README.md,810,Kaggle - Massachusetts Roads & Buildings Datasets - segmentation,Image-Segmentation),https://github.com/mschulz/Image-Segmentation,added,200,datasets.csv,source/satellite-image-deep-learning-datasets/image-segmentation,using Massachusetts Road dataset and fast.ai
https://github.com/satellite-image-deep-learning/datasets,https://raw.githubusercontent.com/satellite-image-deep-learning/datasets/main/README.md,814,Kaggle - Deepsat classification challenge,Sat4,https://www.kaggle.com/datasets/crawford/deepsat-sat4,added,200,datasets.csv,source/satellite-image-deep-learning-datasets/sat4,"500,000 image patches covering four broad land cover classes - **barren land, trees, grassland and a class that consists of all land cover classes other than the above three**"
https://github.com/satellite-image-deep-learning/datasets,https://raw.githubusercontent.com/satellite-image-deep-learning/datasets/main/README.md,815,Kaggle - Deepsat classification challenge,Sat6,https://www.kaggle.com/datasets/crawford/deepsat-sat6,added,200,datasets.csv,source/satellite-image-deep-learning-datasets/sat6,"405,000 image patches each of size 28x28 and covering 6 landcover classes - **barren land, trees, grassland, roads, buildings and water bodies.**"
https://github.com/satellite-image-deep-learning/datasets,https://raw.githubusercontent.com/satellite-image-deep-learning/datasets/main/README.md,820,Kaggle - High resolution ship collections 2016 (HRSC2016),HRSC2016_SOTA,https://github.com/ming71/HRSC2016_SOTA,added,200,datasets.csv,source/satellite-image-deep-learning-datasets/hrsc2016-sota,Fair comparison of different algorithms on the HRSC2016 dataset
https://github.com/satellite-image-deep-learning/datasets,https://raw.githubusercontent.com/satellite-image-deep-learning/datasets/main/README.md,825,Kaggle - SWIM-Ship Wake Imagery Mass,WakeNet,https://github.com/Lilytopia/WakeNet,added,200,datasets.csv,source/satellite-image-deep-learning-datasets/wakenet,"A CNN-based optical image ship wake detector, code for 2021 paper: Rethinking Automatic Ship Wake Detection: State-of-the-Art CNN-based Wake Detection via Optical Images"
https://github.com/satellite-image-deep-learning/datasets,https://raw.githubusercontent.com/satellite-image-deep-learning/datasets/main/README.md,830,Kaggle - Understanding Clouds from Satellite Images,3rd place solution on Github by naivelamb,https://github.com/naivelamb/kaggle-cloud-organization,added,200,datasets.csv,source/satellite-image-deep-learning-datasets/3rd-place-solution-on-github-by-naivelamb,
https://github.com/satellite-image-deep-learning/datasets,https://raw.githubusercontent.com/satellite-image-deep-learning/datasets/main/README.md,831,Kaggle - Understanding Clouds from Satellite Images,15th place solution on Github by Soongja,https://github.com/Soongja/kaggle-clouds,added,200,datasets.csv,source/satellite-image-deep-learning-datasets/15th-place-solution-on-github-by-soongja,
https://github.com/satellite-image-deep-learning/datasets,https://raw.githubusercontent.com/satellite-image-deep-learning/datasets/main/README.md,832,Kaggle - Understanding Clouds from Satellite Images,69th place solution on Github by yukkyo,https://github.com/yukkyo/Kaggle-Understanding-Clouds-69th-solution,added,200,datasets.csv,source/satellite-image-deep-learning-datasets/69th-place-solution-on-github-by-yukkyo,
https://github.com/satellite-image-deep-learning/datasets,https://raw.githubusercontent.com/satellite-image-deep-learning/datasets/main/README.md,833,Kaggle - Understanding Clouds from Satellite Images,161st place solution on Github by michal-nahlik,https://github.com/michal-nahlik/kaggle-clouds-2019,added,200,datasets.csv,source/satellite-image-deep-learning-datasets/161st-place-solution-on-github-by-michal-nahlik,
https://github.com/satellite-image-deep-learning/datasets,https://raw.githubusercontent.com/satellite-image-deep-learning/datasets/main/README.md,834,Kaggle - Understanding Clouds from Satellite Images,Solution by yurayli,https://github.com/yurayli/satellite-cloud-segmentation,added,200,datasets.csv,source/satellite-image-deep-learning-datasets/solution-by-yurayli,
https://github.com/satellite-image-deep-learning/datasets,https://raw.githubusercontent.com/satellite-image-deep-learning/datasets/main/README.md,835,Kaggle - Understanding Clouds from Satellite Images,Solution by HazelMartindale,https://github.com/HazelMartindale/kaggle_understanding_clouds_learning_project,added,200,datasets.csv,source/satellite-image-deep-learning-datasets/solution-by-hazelmartindale,uses 3 versions of U-net architecture
https://github.com/satellite-image-deep-learning/datasets,https://raw.githubusercontent.com/satellite-image-deep-learning/datasets/main/README.md,836,Kaggle - Understanding Clouds from Satellite Images,Solution by khornlund,https://github.com/khornlund/understanding-cloud-organization,added,200,datasets.csv,source/satellite-image-deep-learning-datasets/solution-by-khornlund,
https://github.com/satellite-image-deep-learning/datasets,https://raw.githubusercontent.com/satellite-image-deep-learning/datasets/main/README.md,837,Kaggle - Understanding Clouds from Satellite Images,Solution by Diyago,https://github.com/Diyago/Understanding-Clouds-from-Satellite-Images,added,200,datasets.csv,source/satellite-image-deep-learning-datasets/solution-by-diyago,
https://github.com/satellite-image-deep-learning/datasets,https://raw.githubusercontent.com/satellite-image-deep-learning/datasets/main/README.md,838,Kaggle - Understanding Clouds from Satellite Images,Solution by tanishqgautam,https://github.com/tanishqgautam/Multi-Label-Segmentation-With-FastAI,added,200,datasets.csv,source/satellite-image-deep-learning-datasets/solution-by-tanishqgautam,
https://github.com/satellite-image-deep-learning/datasets,https://raw.githubusercontent.com/satellite-image-deep-learning/datasets/main/README.md,843,Kaggle - 38-Cloud Cloud Segmentation,38-Cloud Github repository,https://github.com/SorourMo/38-Cloud-A-Cloud-Segmentation-Dataset,added,200,datasets.csv,source/satellite-image-deep-learning-datasets/38-cloud-github-repository,and follow up 95-Cloud dataset
https://github.com/satellite-image-deep-learning/datasets,https://raw.githubusercontent.com/satellite-image-deep-learning/datasets/main/README.md,844,Kaggle - 38-Cloud Cloud Segmentation,"How to create a custom Dataset / Loader in PyTorch, from Scratch, for multi-band Satellite Images Dataset from Kaggle",https://medium.com/analytics-vidhya/how-to-create-a-custom-dataset-loader-in-pytorch-from-scratch-for-multi-band-satellite-images-c5924e908edf,added,200,datasets.csv,source/satellite-image-deep-learning-datasets/how-to-create-a-custom-dataset-loader-in-pytorch-from-scratch-for-multi-band-satellite-images-dataset-from-kaggle,
https://github.com/satellite-image-deep-learning/datasets,https://raw.githubusercontent.com/satellite-image-deep-learning/datasets/main/README.md,845,Kaggle - 38-Cloud Cloud Segmentation,Cloud-Net: A semantic segmentation CNN for cloud detection,https://github.com/SorourMo/Cloud-Net-A-semantic-segmentation-CNN-for-cloud-detection,added,200,datasets.csv,source/satellite-image-deep-learning-datasets/cloud-net-a-semantic-segmentation-cnn-for-cloud-detection,"an end-to-end cloud detection algorithm for Landsat 8 imagery, trained on 38-Cloud Training Set"
https://github.com/satellite-image-deep-learning/datasets,https://raw.githubusercontent.com/satellite-image-deep-learning/datasets/main/README.md,851,Kaggle - Airbus Aircraft Detection Dataset,detecting-aircrafts-on-airbus-pleiades-imagery-with-yolov5,https://medium.com/artificialis/detecting-aircrafts-on-airbus-pleiades-imagery-with-yolov5-5f3d464b75ad,added,403,datasets.csv,source/satellite-image-deep-learning-datasets/detecting-aircrafts-on-airbus-pleiades-imagery-with-yolov5,
https://github.com/satellite-image-deep-learning/datasets,https://raw.githubusercontent.com/satellite-image-deep-learning/datasets/main/README.md,856,Kaggle - Airbus oil storage detection dataset,Oil-Storage Tank Instance Segmentation with Mask R-CNN,https://github.com/georgiosouzounis/instance-segmentation-mask-rcnn/blob/main/mask_rcnn_oiltanks_gpu.ipynb,added,200,datasets.csv,source/satellite-image-deep-learning-datasets/oil-storage-tank-instance-segmentation-with-mask-r-cnn,with accompanying article
https://github.com/satellite-image-deep-learning/datasets,https://raw.githubusercontent.com/satellite-image-deep-learning/datasets/main/README.md,857,Kaggle - Airbus oil storage detection dataset,Oil Storage Detection on Airbus Imagery with YOLOX,https://medium.com/artificialis/oil-storage-detection-on-airbus-imagery-with-yolox-9e38eb6f7e62,added,200,datasets.csv,source/satellite-image-deep-learning-datasets/oil-storage-detection-on-airbus-imagery-with-yolox,uses the Kaggle Airbus Oil Storage Detection dataset
https://github.com/satellite-image-deep-learning/datasets,https://raw.githubusercontent.com/satellite-image-deep-learning/datasets/main/README.md,858,Kaggle - Airbus oil storage detection dataset,Oil-Storage-Tanks-Data-Preparation-YOLO-Format,https://github.com/shah0nawaz/Oil-Storage-Tanks-Data-Preparation-YOLO-Format,added,200,datasets.csv,source/satellite-image-deep-learning-datasets/oil-storage-tanks-data-preparation-yolo-format,
https://github.com/satellite-image-deep-learning/datasets,https://raw.githubusercontent.com/satellite-image-deep-learning/datasets/main/README.md,871,Kaggle - Statoil/C-CORE Iceberg Classifier Challenge,An interview with David Austin: 1st place winner,https://pyimagesearch.com/2018/03/26/interview-david-austin-1st-place-25000-kaggles-popular-competition/,added,200,datasets.csv,source/satellite-image-deep-learning-datasets/an-interview-with-david-austin-1st-place-winner,
https://github.com/satellite-image-deep-learning/datasets,https://raw.githubusercontent.com/satellite-image-deep-learning/datasets/main/README.md,872,Kaggle - Statoil/C-CORE Iceberg Classifier Challenge,radar-image-recognition,https://github.com/siarez/radar-image-recognition,added,200,datasets.csv,source/satellite-image-deep-learning-datasets/radar-image-recognition,
https://github.com/satellite-image-deep-learning/datasets,https://raw.githubusercontent.com/satellite-image-deep-learning/datasets/main/README.md,873,Kaggle - Statoil/C-CORE Iceberg Classifier Challenge,Iceberg-Classification-Using-Deep-Learning,https://github.com/mankadronit/Iceberg-Classification-Using-Deep-Learning,added,200,datasets.csv,source/satellite-image-deep-learning-datasets/iceberg-classification-using-deep-learning,uses keras
https://github.com/satellite-image-deep-learning/datasets,https://raw.githubusercontent.com/satellite-image-deep-learning/datasets/main/README.md,874,Kaggle - Statoil/C-CORE Iceberg Classifier Challenge,Deep-Learning-Project,https://github.com/singh-shakti94/Deep-Learning-Project,added,200,datasets.csv,source/satellite-image-deep-learning-datasets/deep-learning-project,uses keras
https://github.com/satellite-image-deep-learning/datasets,https://raw.githubusercontent.com/satellite-image-deep-learning/datasets/main/README.md,875,Kaggle - Statoil/C-CORE Iceberg Classifier Challenge,iceberg-classifier-challenge solution by ShehabSunny,https://github.com/ShehabSunny/iceberg-classifier-challenge,added,200,datasets.csv,source/satellite-image-deep-learning-datasets/iceberg-classifier-challenge-solution-by-shehabsunny,uses keras
https://github.com/satellite-image-deep-learning/datasets,https://raw.githubusercontent.com/satellite-image-deep-learning/datasets/main/README.md,876,Kaggle - Statoil/C-CORE Iceberg Classifier Challenge,Analyzing Satellite Radar Imagery with Deep Learning,https://uk.mathworks.com/company/newsletters/articles/analyzing-satellite-radar-imagery-with-deep-learning.html,added,403,datasets.csv,source/satellite-image-deep-learning-datasets/analyzing-satellite-radar-imagery-with-deep-learning,"by Matlab, uses ensemble with greedy search"
https://github.com/satellite-image-deep-learning/datasets,https://raw.githubusercontent.com/satellite-image-deep-learning/datasets/main/README.md,877,Kaggle - Statoil/C-CORE Iceberg Classifier Challenge,16th place solution,https://github.com/sergeyshilin/kaggle-statoil-iceberg-classifier-challenge,added,200,datasets.csv,source/satellite-image-deep-learning-datasets/16th-place-solution,
https://github.com/satellite-image-deep-learning/datasets,https://raw.githubusercontent.com/satellite-image-deep-learning/datasets/main/README.md,878,Kaggle - Statoil/C-CORE Iceberg Classifier Challenge,fastai solution,https://github.com/smarkochev/ds_notebooks/blob/master/Statoil_Kaggle_competition_google_colab_notebook.ipynb,added,200,datasets.csv,source/satellite-image-deep-learning-datasets/fastai-solution,
https://github.com/satellite-image-deep-learning/datasets,https://raw.githubusercontent.com/satellite-image-deep-learning/datasets/main/README.md,882,Kaggle - Land Cover Classification Dataset from DeepGlobe Challenge - segmentation,Satellite Imagery Semantic Segmentation with CNN,https://joshting.medium.com/satellite-imagery-segmentation-with-convolutional-neural-networks-f9254de3b907,added,403,datasets.csv,source/satellite-image-deep-learning-datasets/satellite-imagery-semantic-segmentation-with-cnn,"7 different segmentation classes, DeepGlobe Land Cover Classification Challenge dataset, with repo"
https://github.com/satellite-image-deep-learning/datasets,https://raw.githubusercontent.com/satellite-image-deep-learning/datasets/main/README.md,883,Kaggle - Land Cover Classification Dataset from DeepGlobe Challenge - segmentation,Land Cover Classification with U-Net,https://baratam-tarunkumar.medium.com/land-cover-classification-with-u-net-aa618ea64a1b,added,200,datasets.csv,source/satellite-image-deep-learning-datasets/land-cover-classification-with-u-net,"Satellite Image Multi-Class Semantic Segmentation Task with PyTorch Implementation of U-Net, uses DeepGlobe Land Cover Segmentation dataset, with code"
https://github.com/satellite-image-deep-learning/datasets,https://raw.githubusercontent.com/satellite-image-deep-learning/datasets/main/README.md,903,Kaggle - Satellite Images to predict poverty in Africa,Predicting-Poverty,https://github.com/jmather625/predicting-poverty-replication,added,200,datasets.csv,source/satellite-image-deep-learning-datasets/predicting-poverty,"Combining satellite imagery and machine learning to predict poverty, in PyTorch"
https://github.com/satellite-image-deep-learning/datasets,https://raw.githubusercontent.com/satellite-image-deep-learning/datasets/main/README.md,907,Kaggle - NOAA Fisheries Steller Sea Lion Population Count,Sealion-counting,https://github.com/babyformula/Sealion-counting,added,200,datasets.csv,source/satellite-image-deep-learning-datasets/sealion-counting,
https://github.com/satellite-image-deep-learning/datasets,https://raw.githubusercontent.com/satellite-image-deep-learning/datasets/main/README.md,908,Kaggle - NOAA Fisheries Steller Sea Lion Population Count,Sealion_Detection_Classification,https://github.com/yyc9268/Sealion_Detection_Classification,added,200,datasets.csv,source/satellite-image-deep-learning-datasets/sealion-detection-classification,
https://github.com/satellite-image-deep-learning/datasets,https://raw.githubusercontent.com/satellite-image-deep-learning/datasets/main/README.md,912,Kaggle - Arctic Sea Ice Image Masking,sea_ice_remote_sensing,https://github.com/sum1lim/sea_ice_remote_sensing,added,200,datasets.csv,source/satellite-image-deep-learning-datasets/sea-ice-remote-sensing,
https://github.com/satellite-image-deep-learning/datasets,https://raw.githubusercontent.com/satellite-image-deep-learning/datasets/main/README.md,922,Kaggle - Satellite Image Classification,satellite-image-classification-pytorch,https://github.com/dilaraozdemir/satellite-image-classification-pytorch,added,200,datasets.csv,source/satellite-image-deep-learning-datasets/satellite-image-classification-pytorch,
https://github.com/satellite-image-deep-learning/datasets,https://raw.githubusercontent.com/satellite-image-deep-learning/datasets/main/README.md,927,Kaggle - EuroSAT - Sentinel-2 Dataset,Image Augmentation for Satellite Images,https://arxiv.org/abs/2207.14580,added,200,datasets.csv,source/satellite-image-deep-learning-datasets/image-augmentation-for-satellite-images,Used in paper Image Augmentation for Satellite Images
https://github.com/satellite-image-deep-learning/datasets,https://raw.githubusercontent.com/satellite-image-deep-learning/datasets/main/README.md,931,Kaggle - Satellite Images of Water Bodies,pytorch-waterbody-segmentation,https://github.com/gauthamk02/pytorch-waterbody-segmentation,added,200,datasets.csv,source/satellite-image-deep-learning-datasets/pytorch-waterbody-segmentation,UNET model trained on the Satellite Images of Water Bodies dataset from Kaggle. The model is deployed on Hugging Face Spaces
https://github.com/satellite-image-deep-learning/datasets,https://raw.githubusercontent.com/satellite-image-deep-learning/datasets/main/README.md,935,Kaggle - NOAA sea lion count,noaa,https://github.com/darraghdog/noaa,added,200,datasets.csv,source/satellite-image-deep-learning-datasets/noaa,"UNET, object detection and image level regression approaches"
https://github.com/satellite-image-deep-learning/datasets,https://raw.githubusercontent.com/satellite-image-deep-learning/datasets/main/README.md,21,Lists of datasets,awesome-remote-sensing-change-detection,https://github.com/wenhwu/awesome-remote-sensing-change-detection,skipped_existing,not_checked_existing,datasets.csv,,dedicated to change detection
https://github.com/satellite-image-deep-learning/datasets,https://raw.githubusercontent.com/satellite-image-deep-learning/datasets/main/README.md,48,Sentinel-2 (Optical),SEN2VENµS,https://zenodo.org/record/6514159#.YoRxM5PMK3I,skipped_existing,not_checked_existing,datasets.csv,,a dataset for the training of Sentinel-2 super-resolution algorithms
https://github.com/satellite-image-deep-learning/datasets,https://raw.githubusercontent.com/satellite-image-deep-learning/datasets/main/README.md,49,Sentinel-2 (Optical),M3LEO,https://huggingface.co/M3LEO,skipped_existing,not_checked_existing,datasets.csv,,"Github. A very large scale georeferenced dataset of Sentinel 1/2 imagery plus interferometric SAR products and auxiliary datasets such as Land cover, Biomass and Digital Elevation Models."
https://github.com/satellite-image-deep-learning/datasets,https://raw.githubusercontent.com/satellite-image-deep-learning/datasets/main/README.md,58,Sentinel-2 (Optical),fMoW-Sentinel,https://purl.stanford.edu/vg497cb6002,skipped_existing,not_checked_existing,datasets.csv,,"The Functional Map of the World - Sentinel-2 corresponding images (fMoW-Sentinel) dataset consists of image time series collected by the Sentinel-2 satellite, corresponding to locations from the Functional Map of the World (fMoW) dataset across several different times. Used in SatMAE"
https://github.com/satellite-image-deep-learning/datasets,https://raw.githubusercontent.com/satellite-image-deep-learning/datasets/main/README.md,59,Sentinel-2 (Optical),Earth Surface Water Dataset,https://zenodo.org/record/5205674#.Y4iEFezP1hE,skipped_existing,not_checked_existing,datasets.csv,,a dataset for deep learning of surface water features on Sentinel-2 satellite images. See this ref using it in torchgeo
https://github.com/satellite-image-deep-learning/datasets,https://raw.githubusercontent.com/satellite-image-deep-learning/datasets/main/README.md,73,Sentinel-2 (Optical),CaBuAr,https://github.com/DarthReca/CaBuAr,skipped_existing,not_checked_existing,datasets.csv,,California Burned Areas dataset for delineation
https://github.com/satellite-image-deep-learning/datasets,https://raw.githubusercontent.com/satellite-image-deep-learning/datasets/main/README.md,77,Sentinel-2 (Optical),Sen2Fire,https://zenodo.org/records/10881058,skipped_existing,not_checked_existing,datasets.csv,,A Challenging Benchmark Dataset for Wildfire Detection using Sentinel Data
https://github.com/satellite-image-deep-learning/datasets,https://raw.githubusercontent.com/satellite-image-deep-learning/datasets/main/README.md,79,Sentinel-2 (Optical),GloSoFarID,https://github.com/yzyly1992/GloSoFarID,skipped_existing,not_checked_existing,datasets.csv,,Global multispectral dataset for Solar Farm IDentification
https://github.com/satellite-image-deep-learning/datasets,https://raw.githubusercontent.com/satellite-image-deep-learning/datasets/main/README.md,84,Sentinel-2 (Optical),ChatEarthNet,https://github.com/zhu-xlab/ChatEarthNet,skipped_existing,not_checked_existing,datasets.csv,,"A Global-Scale Image-Text Dataset Empowering Vision-Language Geo-Foundation Models, utilizes Sentinel-2 data with captions generated by ChatGPT"
https://github.com/satellite-image-deep-learning/datasets,https://raw.githubusercontent.com/satellite-image-deep-learning/datasets/main/README.md,88,Sentinel-2 (Optical),AgriSen-COG,https://github.com/tselea/agrisen-cog,skipped_existing,not_checked_existing,datasets.csv,,"a Multicountry, Multitemporal Large-Scale Sentinel-2 Benchmark Dataset for Crop Mapping: includes an anomaly detection preprocessing step"
https://github.com/satellite-image-deep-learning/datasets,https://raw.githubusercontent.com/satellite-image-deep-learning/datasets/main/README.md,89,Sentinel-2 (Optical),MagicBathyNet,https://www.magicbathy.eu/magicbathynet.html,skipped_existing,not_checked_existing,datasets.csv,,"a new multimodal benchmark dataset made up of image patches of Sentinel-2, SPOT-6 and aerial imagery, bathymetry in raster format and seabed classes annotations"
https://github.com/satellite-image-deep-learning/datasets,https://raw.githubusercontent.com/satellite-image-deep-learning/datasets/main/README.md,92,Sentinel-2 (Optical),CloudSEN12Plus,https://huggingface.co/datasets/isp-uv-es/CloudSEN12Plus,skipped_existing,not_checked_existing,datasets.csv,,the largest cloud detection dataset to date for Sentinel-2
https://github.com/satellite-image-deep-learning/datasets,https://raw.githubusercontent.com/satellite-image-deep-learning/datasets/main/README.md,101,Sentinel-2 (Optical),AllClear,https://allclear.cs.cornell.edu/,skipped_existing,not_checked_existing,datasets.csv,,A Comprehensive Dataset and Benchmark for Cloud Removal in Satellite Imagery
https://github.com/satellite-image-deep-learning/datasets,https://raw.githubusercontent.com/satellite-image-deep-learning/datasets/main/README.md,107,Sentinel-2 (Optical),SeasoNet,https://zenodo.org/records/6979994,skipped_existing,not_checked_existing,datasets.csv,,"A Seasonal Scene Classification, Segmentation and Retrieval Dataset for Satellite Imagery over Germany. Land cover classes based on the CORINE Land Cover database (CLC) 2018"
https://github.com/satellite-image-deep-learning/datasets,https://raw.githubusercontent.com/satellite-image-deep-learning/datasets/main/README.md,108,Sentinel-2 (Optical),EuroCropsML,https://github.com/dida-do/eurocropsml,skipped_existing,not_checked_existing,datasets.csv,,a ready-to-use benchmark dataset for few-shot crop type classification using Sentinel-2 imagery
https://github.com/satellite-image-deep-learning/datasets,https://raw.githubusercontent.com/satellite-image-deep-learning/datasets/main/README.md,111,Sentinel-2 (Optical),IRRISIGHT,https://github.com/Nibir088/IRRISIGHT,skipped_existing,not_checked_existing,datasets.csv,,"a large-scale, multimodal remote sensing dataset for irrigation classification, soil-water mapping, and agricultural monitoring."
https://github.com/satellite-image-deep-learning/datasets,https://raw.githubusercontent.com/satellite-image-deep-learning/datasets/main/README.md,112,Sentinel-2 (Optical),SentinelKilnDB,https://sustainability-lab.github.io/sentinelkilndb/,skipped_existing,not_checked_existing,datasets.csv,,Sentinel-2 dataset for monitoring brick kiln emissions in South Asia
https://github.com/satellite-image-deep-learning/datasets,https://raw.githubusercontent.com/satellite-image-deep-learning/datasets/main/README.md,116,Sentinel-2 (Optical),SentinelKilnDB,https://github.com/rishabh-mondal/SENTINELKILNDB_NeurIPS_2025,skipped_existing,not_checked_existing,datasets.csv,,A Large-Scale Dataset and Benchmark for Oriented Bounding Box (OBB) Brick Kiln Detection in South Asia Using Satellite Imagery
https://github.com/satellite-image-deep-learning/datasets,https://raw.githubusercontent.com/satellite-image-deep-learning/datasets/main/README.md,120,Sentinel-2 (Optical),YieldSAT,https://yieldsat.github.io/,skipped_existing,not_checked_existing,datasets.csv,,A Multimodal Benchmark Dataset for High-Resolution Crop Yield Prediction
https://github.com/satellite-image-deep-learning/datasets,https://raw.githubusercontent.com/satellite-image-deep-learning/datasets/main/README.md,135,Combined Sentinel,RapidAI4EO,https://rapidai4eo.radiant.earth/,skipped_existing,not_checked_existing,datasets.csv,,"dense time series satellite imagery sampled at 500,000 locations across Europe, comprising S2 & Planet imagery, with CORINE Land Cover multiclass labels for 2018"
https://github.com/satellite-image-deep-learning/datasets,https://raw.githubusercontent.com/satellite-image-deep-learning/datasets/main/README.md,138,Combined Sentinel,Tiny CropNet dataset,https://github.com/fudong03/MMST-ViT,skipped_existing,not_checked_existing,datasets.csv,,
https://github.com/satellite-image-deep-learning/datasets,https://raw.githubusercontent.com/satellite-image-deep-learning/datasets/main/README.md,146,Combined Sentinel,Satellite Burned Area Dataset,https://zenodo.org/record/6597139#.Y9ufiezP1hE,skipped_existing,not_checked_existing,datasets.csv,,segmentation dataset containing several satellite acquisitions related to past forest wildfires. It contains 73 acquisitions from Sentinel-2 and Sentinel-1 (Copernicus).
https://github.com/satellite-image-deep-learning/datasets,https://raw.githubusercontent.com/satellite-image-deep-learning/datasets/main/README.md,150,Combined Sentinel,SICKLE,https://github.com/Depanshu-Sani/SICKLE,skipped_existing,not_checked_existing,datasets.csv,,"A Multi-Sensor Satellite Imagery Dataset Annotated with Multiple Key Cropping Parameters. Multi-resolution time-series images from Landsat-8, Sentinel-1, and Sentinel-2"
https://github.com/satellite-image-deep-learning/datasets,https://raw.githubusercontent.com/satellite-image-deep-learning/datasets/main/README.md,153,Combined Sentinel,AI2-S2-NAIP,https://huggingface.co/datasets/allenai/s2-naip,skipped_existing,not_checked_existing,datasets.csv,,"aligned NAIP, Sentinel-2, Sentinel-1, and Landsat images spanning the entire continental US"
https://github.com/satellite-image-deep-learning/datasets,https://raw.githubusercontent.com/satellite-image-deep-learning/datasets/main/README.md,155,Combined Sentinel,CropClimateX,https://github.com/drnhhl/CropClimateX,skipped_existing,not_checked_existing,datasets.csv,,"A large-scale Multitask, Multisensory Dataset for Crop Monitoring under Climate Extremes"
https://github.com/satellite-image-deep-learning/datasets,https://raw.githubusercontent.com/satellite-image-deep-learning/datasets/main/README.md,164,Combined Sentinel,GeoMeld,https://github.com/MaramAI/GeoMeld,skipped_existing,not_checked_existing,datasets.csv,,"a large-scale multimodal remote sensing dataset for semantically grounded foundation modeling. It contains approximately 2.5 million spatially aligned samples spanning optical imagery, SAR, elevation, canopy height, land-cover products, and geographic metadata, paired with semantically grounded captions generated through an agentic captioning framework."
https://github.com/satellite-image-deep-learning/datasets,https://raw.githubusercontent.com/satellite-image-deep-learning/datasets/main/README.md,184,VENμS,Sen2Venµs,https://zenodo.org/records/6514159,skipped_existing,not_checked_existing,datasets.csv,,a dataset for the training of Sentinel-2 super-resolution algorithms
https://github.com/satellite-image-deep-learning/datasets,https://raw.githubusercontent.com/satellite-image-deep-learning/datasets/main/README.md,216,EuroSAT,EuroSAT-SAR,https://huggingface.co/datasets/wangyi111/EuroSAT-SAR,skipped_existing,not_checked_existing,datasets.csv,,matched each Sentinel-2 image in EuroSAT with one Sentinel-1 patch according to the geospatial coordinates
https://github.com/satellite-image-deep-learning/datasets,https://raw.githubusercontent.com/satellite-image-deep-learning/datasets/main/README.md,231,Million-AID,AID,https://captain-whu.github.io/AID/,skipped_existing,not_checked_existing,datasets.csv,,"Also see AID, AID-Multilabel-Dataset & DFC15-multilabel-dataset"
https://github.com/satellite-image-deep-learning/datasets,https://raw.githubusercontent.com/satellite-image-deep-learning/datasets/main/README.md,238,DIOR object detection dataset,dior_detect,https://github.com/hm-better/dior_detect,skipped_existing,not_checked_existing,datasets.csv,,benchmarks for object detection on DIOR dataset
https://github.com/satellite-image-deep-learning/datasets,https://raw.githubusercontent.com/satellite-image-deep-learning/datasets/main/README.md,257,DOTA object detection dataset,Pretrained models in mmrotate,https://github.com/open-mmlab/mmrotate,skipped_existing,not_checked_existing,datasets.csv,,
https://github.com/satellite-image-deep-learning/datasets,https://raw.githubusercontent.com/satellite-image-deep-learning/datasets/main/README.md,268,HRSC RGB ship object detection dataset,Pretrained models in mmrotate,https://github.com/open-mmlab/mmrotate,skipped_existing,not_checked_existing,datasets.csv,,
https://github.com/satellite-image-deep-learning/datasets,https://raw.githubusercontent.com/satellite-image-deep-learning/datasets/main/README.md,269,HRSC RGB ship object detection dataset,Rotation-RetinaNet-PyTorch,https://github.com/HsLOL/Rotation-RetinaNet-PyTorch,skipped_existing,not_checked_existing,datasets.csv,,
https://github.com/satellite-image-deep-learning/datasets,https://raw.githubusercontent.com/satellite-image-deep-learning/datasets/main/README.md,273,SAR Ship Detection Dataset (SSDD),Rotation-RetinaNet-PyTorch,https://github.com/HsLOL/Rotation-RetinaNet-PyTorch,skipped_existing,not_checked_existing,datasets.csv,,
https://github.com/satellite-image-deep-learning/datasets,https://raw.githubusercontent.com/satellite-image-deep-learning/datasets/main/README.md,281,LEVIR ship dataset,LEVIR-Ship,https://github.com/WindVChen/LEVIR-Ship,skipped_existing,not_checked_existing,datasets.csv,,
https://github.com/satellite-image-deep-learning/datasets,https://raw.githubusercontent.com/satellite-image-deep-learning/datasets/main/README.md,305,xView2: xBD building damage assessment,DAHiTra,https://github.com/nka77/DAHiTra,skipped_existing,not_checked_existing,datasets.csv,,code for 2022 paper: Large-scale Building Damage Assessment using a Novel Hierarchical Transformer Architecture on Satellite Images. Uses xView2 xBD dataset
https://github.com/satellite-image-deep-learning/datasets,https://raw.githubusercontent.com/satellite-image-deep-learning/datasets/main/README.md,313,xView3: Detecting dark vessels in SAR,Github,https://github.com/DIUx-xView,skipped_existing,not_checked_existing,datasets.csv,,"all reference code, dataset processing utilities, and winning model codes + weights"
https://github.com/satellite-image-deep-learning/datasets,https://raw.githubusercontent.com/satellite-image-deep-learning/datasets/main/README.md,333,AI-TOD & AI-TOD-v2 - tiny object detection,NWD,https://github.com/jwwangchn/NWD,skipped_existing,not_checked_existing,datasets.csv,,code for 2021 paper: A Normalized Gaussian Wasserstein Distance for Tiny Object Detection. Uses AI-TOD dataset
https://github.com/satellite-image-deep-learning/datasets,https://raw.githubusercontent.com/satellite-image-deep-learning/datasets/main/README.md,337,RarePlanes,RarePlanes,https://registry.opendata.aws/rareplanes/,skipped_existing,not_checked_existing,datasets.csv,,incorporates both real and synthetically generated satellite imagery including aircraft. Read the arxiv paper and checkout this repo. Note the dataset is available through the AWS Open-Data Program for free download
https://github.com/satellite-image-deep-learning/datasets,https://raw.githubusercontent.com/satellite-image-deep-learning/datasets/main/README.md,340,RarePlanes,yoltv4,https://github.com/avanetten/yoltv4,skipped_existing,not_checked_existing,datasets.csv,,includes examples on the RarePlanes dataset
https://github.com/satellite-image-deep-learning/datasets,https://raw.githubusercontent.com/satellite-image-deep-learning/datasets/main/README.md,341,RarePlanes,rareplanes-yolov5,https://github.com/jeffaudi/rareplanes-yolov5,skipped_existing,not_checked_existing,datasets.csv,,"using YOLOv5 and the RarePlanes dataset to detect and classify sub-characteristics of aircraft, with article"
https://github.com/satellite-image-deep-learning/datasets,https://raw.githubusercontent.com/satellite-image-deep-learning/datasets/main/README.md,350,AIRS (Aerial Imagery for Roof Segmentation),Rooftop-Instance-Segmentation,https://github.com/MasterSkepticista/Rooftop-Instance-Segmentation,skipped_existing,not_checked_existing,datasets.csv,,"VGG-16, Instance Segmentation, uses the Airs dataset"
https://github.com/satellite-image-deep-learning/datasets,https://raw.githubusercontent.com/satellite-image-deep-learning/datasets/main/README.md,362,AICrowd Mapping Challenge: building segmentation dataset,mappingchallenge,https://github.com/krishanr/mappingchallenge,skipped_existing,not_checked_existing,datasets.csv,,YOLOv5 applied to the AICrowd Mapping Challenge dataset
https://github.com/satellite-image-deep-learning/datasets,https://raw.githubusercontent.com/satellite-image-deep-learning/datasets/main/README.md,375,Onera (OSCD) Sentinel-2 change detection dataset,Onera Satellite Change Detection Dataset,https://ieee-dataport.org/open-access/oscd-onera-satellite-change-detection,skipped_existing,not_checked_existing,datasets.csv,,comprises 24 pairs of multispectral images taken from the Sentinel-2 satellites between 2015 and 2018
https://github.com/satellite-image-deep-learning/datasets,https://raw.githubusercontent.com/satellite-image-deep-learning/datasets/main/README.md,378,Onera (OSCD) Sentinel-2 change detection dataset,Urban Change Detection for Multispectral Earth Observation Using Convolutional Neural Networks,https://github.com/rcdaudt/patch_based_change_detection,skipped_existing,not_checked_existing,datasets.csv,,with paper
https://github.com/satellite-image-deep-learning/datasets,https://raw.githubusercontent.com/satellite-image-deep-learning/datasets/main/README.md,379,Onera (OSCD) Sentinel-2 change detection dataset,DS_UNet,https://github.com/SebastianHafner/DS_UNet,skipped_existing,not_checked_existing,datasets.csv,,"code for 2021 paper: Sentinel-1 and Sentinel-2 Data Fusion for Urban Change Detection using a Dual Stream U-Net, uses Onera Satellite Change Detection dataset"
https://github.com/satellite-image-deep-learning/datasets,https://raw.githubusercontent.com/satellite-image-deep-learning/datasets/main/README.md,392,Amazon and Atlantic Forest dataset,TransUNetplus2,https://github.com/aj1365/TransUNetplus2,skipped_existing,not_checked_existing,datasets.csv,,Rethinking attention gated TransU-Net for deforestation mapping
https://github.com/satellite-image-deep-learning/datasets,https://raw.githubusercontent.com/satellite-image-deep-learning/datasets/main/README.md,407,MiniFrance-DFC22 - semi-supervised semantic segmentation,dfc2022-baseline,https://github.com/isaaccorley/dfc2022-baseline,skipped_existing,not_checked_existing,datasets.csv,,"baseline solution to the 2022 IEEE GRSS Data Fusion Contest (DFC2022) using TorchGeo, PyTorch Lightning, and Segmentation Models PyTorch to train a U-Net with a ResNet-18 backbone and a loss function of Focal + Dice loss to perform semantic segmentation on the DFC2022 dataset"
https://github.com/satellite-image-deep-learning/datasets,https://raw.githubusercontent.com/satellite-image-deep-learning/datasets/main/README.md,413,FLAIR,FLAIR-2 github,https://github.com/IGNF/FLAIR-2,skipped_existing,not_checked_existing,datasets.csv,,
https://github.com/satellite-image-deep-learning/datasets,https://raw.githubusercontent.com/satellite-image-deep-learning/datasets/main/README.md,466,SATIN (SATellite ImageNet),Data,https://huggingface.co/datasets/jonathan-roberts1/SATIN,skipped_existing,not_checked_existing,datasets.csv,,
https://github.com/satellite-image-deep-learning/datasets,https://raw.githubusercontent.com/satellite-image-deep-learning/datasets/main/README.md,481,Microsoft datasets,RoadDetections dataset by Microsoft,https://github.com/microsoft/RoadDetections,skipped_existing,not_checked_existing,datasets.csv,,
https://github.com/satellite-image-deep-learning/datasets,https://raw.githubusercontent.com/satellite-image-deep-learning/datasets/main/README.md,499,Image captioning datasets,RSICD,https://github.com/201528014227051/RSICD_optimal,skipped_existing,not_checked_existing,datasets.csv,,"10921 images with five sentences descriptions per image. Used in Fine tuning CLIP with Remote Sensing (Satellite) images and captions, models at this repo"
https://github.com/satellite-image-deep-learning/datasets,https://raw.githubusercontent.com/satellite-image-deep-learning/datasets/main/README.md,501,Image captioning datasets,ChatEarthNet,https://github.com/zhu-xlab/ChatEarthNet,skipped_existing,not_checked_existing,datasets.csv,,"A Global-Scale Image-Text Dataset Empowering Vision-Language Geo-Foundation Models, utilizes Sentinel-2 data with captions generated by ChatGPT"
https://github.com/satellite-image-deep-learning/datasets,https://raw.githubusercontent.com/satellite-image-deep-learning/datasets/main/README.md,513,Cloud datasets,cloudsen12,https://cloudsen12.github.io/,skipped_existing,not_checked_existing,datasets.csv,,see video
https://github.com/satellite-image-deep-learning/datasets,https://raw.githubusercontent.com/satellite-image-deep-learning/datasets/main/README.md,515,Cloud datasets,HRC_WHU,https://github.com/dr-lizhiwei/HRC_WHU,skipped_existing,not_checked_existing,datasets.csv,,High-Resolution Cloud Detection Dataset comprising 150 RGB images and a resolution varying from 0.5 to 15 m in different global regions
https://github.com/satellite-image-deep-learning/datasets,https://raw.githubusercontent.com/satellite-image-deep-learning/datasets/main/README.md,522,Forest datasets,ReforesTree,https://github.com/gyrrei/ReforesTree,skipped_existing,not_checked_existing,datasets.csv,,A dataset for estimating tropical forest biomass based on drone and field data
https://github.com/satellite-image-deep-learning/datasets,https://raw.githubusercontent.com/satellite-image-deep-learning/datasets/main/README.md,527,Forest datasets,PureForest,https://huggingface.co/datasets/IGNF/PureForest,skipped_existing,not_checked_existing,datasets.csv,,"VHR RGB + Near-Infrared & lidar, each patch represents a monospecific forest"
https://github.com/satellite-image-deep-learning/datasets,https://raw.githubusercontent.com/satellite-image-deep-learning/datasets/main/README.md,545,UAV & Drone datasets,ERA,https://lcmou.github.io/ERA_Dataset/,skipped_existing,not_checked_existing,datasets.csv,,A Dataset and Deep Learning Benchmark for Event Recognition in Aerial Videos.
https://github.com/satellite-image-deep-learning/datasets,https://raw.githubusercontent.com/satellite-image-deep-learning/datasets/main/README.md,563,UAV & Drone datasets,BSB-Aerial-Dataset,https://github.com/osmarluiz/BSB-Aerial-Dataset,skipped_existing,not_checked_existing,datasets.csv,,"A panoptic segmentation dataset of aerial imagery from Brasilia, Brazil."
https://github.com/satellite-image-deep-learning/datasets,https://raw.githubusercontent.com/satellite-image-deep-learning/datasets/main/README.md,576,Object Detection & Classification,UBC-dataset,https://github.com/AICyberTeam/UBC-dataset,skipped_existing,not_checked_existing,datasets.csv,,a dataset for building detection and classification from very high-resolution satellite imagery with the focus on object-level interpretation of individual buildings
https://github.com/satellite-image-deep-learning/datasets,https://raw.githubusercontent.com/satellite-image-deep-learning/datasets/main/README.md,583,Object Detection & Classification,Satellite imagery datasets containing ships,https://github.com/NaLiu613/Satellite-Imagery-Datasets-Containing-Ships,skipped_existing,not_checked_existing,datasets.csv,,"A list of radar and optical satellite datasets for ship detection, classification, semantic segmentation and instance segmentation tasks"
https://github.com/satellite-image-deep-learning/datasets,https://raw.githubusercontent.com/satellite-image-deep-learning/datasets/main/README.md,586,Object Detection & Classification,OnlyPlanes,https://github.com/naivelogic/OnlyPlanes,skipped_existing,not_checked_existing,datasets.csv,,Synthetic dataset and pretrained models for Detectron2
https://github.com/satellite-image-deep-learning/datasets,https://raw.githubusercontent.com/satellite-image-deep-learning/datasets/main/README.md,599,Land Use & Land Cover,RSSCN7,https://github.com/palewithout/RSSCN7,skipped_existing,not_checked_existing,datasets.csv,,"Dataset of the article ""Deep Learning Based Feature Selection for Remote Sensing Scene Classification"""
https://github.com/satellite-image-deep-learning/datasets,https://raw.githubusercontent.com/satellite-image-deep-learning/datasets/main/README.md,604,Land Use & Land Cover,GAMUS,https://github.com/EarthNets/RSI-MMSegmentation,skipped_existing,not_checked_existing,datasets.csv,,A Geometry-aware Multi-modal Semantic Segmentation Benchmark for Remote Sensing Data
https://github.com/satellite-image-deep-learning/datasets,https://raw.githubusercontent.com/satellite-image-deep-learning/datasets/main/README.md,610,Land Use & Land Cover,HouseTS,https://www.kaggle.com/datasets/shengkunwang/housets-dataset,skipped_existing,not_checked_existing,datasets.csv,,"Long-term, Multimodal Housing Dataset Across 30 U.S. Metropolitan Area. Uses NAIP. With paper"
https://github.com/satellite-image-deep-learning/datasets,https://raw.githubusercontent.com/satellite-image-deep-learning/datasets/main/README.md,616,Change Detection,S2Looking,https://github.com/S2Looking/Dataset,skipped_existing,not_checked_existing,datasets.csv,,"A Satellite Side-Looking Dataset for Building Change Detection, paper"
https://github.com/satellite-image-deep-learning/datasets,https://raw.githubusercontent.com/satellite-image-deep-learning/datasets/main/README.md,636,SAR-Specific Datasets,QXS-SAROPT,https://github.com/yaoxu008/QXS-SAROPT,skipped_existing,not_checked_existing,datasets.csv,,Optical and SAR pairing dataset from the paper: The QXS-SAROPT Dataset for Deep Learning in SAR-Optical Data Fusion
https://github.com/satellite-image-deep-learning/datasets,https://raw.githubusercontent.com/satellite-image-deep-learning/datasets/main/README.md,647,Specialized Applications,SolarDK,https://arxiv.org/abs/2212.01260,skipped_existing,not_checked_existing,datasets.csv,,A high-resolution urban solar panel image classification and localization dataset
https://github.com/satellite-image-deep-learning/datasets,https://raw.githubusercontent.com/satellite-image-deep-learning/datasets/main/README.md,656,Specialized Applications,SatDepth,https://satdepth.pythonanywhere.com/,skipped_existing,not_checked_existing,datasets.csv,,A Novel Dataset for Satellite Image Matching and Depth Estimation
https://github.com/satellite-image-deep-learning/datasets,https://raw.githubusercontent.com/satellite-image-deep-learning/datasets/main/README.md,657,Specialized Applications,OpenSatMap,https://huggingface.co/datasets/z-hb/OpenSatMap,skipped_existing,not_checked_existing,datasets.csv,,for large-scale map construction and downstream tasks like autonomous driving
https://github.com/satellite-image-deep-learning/datasets,https://raw.githubusercontent.com/satellite-image-deep-learning/datasets/main/README.md,662,Agricultural & Environmental,FireRisk,https://github.com/CharmonyShen/FireRisk,skipped_existing,not_checked_existing,datasets.csv,,A Remote Sensing Dataset for Fire Risk Assessment with Benchmarks Using Supervised and Self-supervised Learning
https://github.com/satellite-image-deep-learning/datasets,https://raw.githubusercontent.com/satellite-image-deep-learning/datasets/main/README.md,668,Agricultural & Environmental,ts-satfire,https://www.kaggle.com/datasets/z789456sx/ts-satfire,skipped_existing,not_checked_existing,datasets.csv,,A Multi-Task Satellite Image Time-Series Dataset for Wildfire Detection and Prediction
https://github.com/satellite-image-deep-learning/datasets,https://raw.githubusercontent.com/satellite-image-deep-learning/datasets/main/README.md,669,Agricultural & Environmental,GTPBD,https://github.com/Z-ZW-WXQ/GTPBD/,skipped_existing,not_checked_existing,datasets.csv,,Global Terraced Parcel and Boundary Dataset
https://github.com/satellite-image-deep-learning/datasets,https://raw.githubusercontent.com/satellite-image-deep-learning/datasets/main/README.md,674,Hyperspectral & Multi-modal,HySpecNet-11k,https://hyspecnet.rsim.berlin/,skipped_existing,not_checked_existing,datasets.csv,,a large-scale hyperspectral benchmark dataset
https://github.com/satellite-image-deep-learning/datasets,https://raw.githubusercontent.com/satellite-image-deep-learning/datasets/main/README.md,682,Benchmark & Foundation Models,EORSSD-dataset,https://github.com/rmcong/EORSSD-dataset,skipped_existing,not_checked_existing,datasets.csv,,Extended Optical Remote Sensing Saliency Detection (EORSSD) Dataset
https://github.com/satellite-image-deep-learning/datasets,https://raw.githubusercontent.com/satellite-image-deep-learning/datasets/main/README.md,684,Benchmark & Foundation Models,SSL4EO-S12,https://github.com/zhu-xlab/SSL4EO-S12,skipped_existing,not_checked_existing,datasets.csv,,a large-scale dataset for self-supervised learning in Earth observation
https://github.com/satellite-image-deep-learning/datasets,https://raw.githubusercontent.com/satellite-image-deep-learning/datasets/main/README.md,686,Benchmark & Foundation Models,HRC_WHU,https://github.com/dr-lizhiwei/HRC_WHU,skipped_existing,not_checked_existing,datasets.csv,,High-Resolution Cloud Detection Dataset comprising 150 RGB images and a resolution varying from 0.5 to 15 m in different global regions
https://github.com/satellite-image-deep-learning/datasets,https://raw.githubusercontent.com/satellite-image-deep-learning/datasets/main/README.md,689,Benchmark & Foundation Models,WHU-Stereo,https://github.com/Sheng029/WHU-Stereo,skipped_existing,not_checked_existing,datasets.csv,,A Challenging Benchmark for Stereo Matching of High-Resolution Satellite Images
https://github.com/satellite-image-deep-learning/datasets,https://raw.githubusercontent.com/satellite-image-deep-learning/datasets/main/README.md,690,Benchmark & Foundation Models,GeoPile pretraining dataset,https://github.com/mmendiet/GFM,skipped_existing,not_checked_existing,datasets.csv,,"compiles imagery from other datasets including RSD46-WHU, MLRSNet and RESISC45 for pretraining of Foundational models"
https://github.com/satellite-image-deep-learning/datasets,https://raw.githubusercontent.com/satellite-image-deep-learning/datasets/main/README.md,693,Benchmark & Foundation Models,SeeFar,https://coastalcarbon.ai/seefar,skipped_existing,not_checked_existing,datasets.csv,,Satellite Agnostic Multi-Resolution Dataset for Geospatial Foundation Models
https://github.com/satellite-image-deep-learning/datasets,https://raw.githubusercontent.com/satellite-image-deep-learning/datasets/main/README.md,696,Benchmark & Foundation Models,AISD,https://github.com/RSrscoder/AISD,skipped_existing,not_checked_existing,datasets.csv,,Aerial Imagery dataset for Shadow Detection## Kaggle
https://github.com/satellite-image-deep-learning/datasets,https://raw.githubusercontent.com/satellite-image-deep-learning/datasets/main/README.md,715,Kaggle - Amazon from space - classification challenge,satellite-deforestation,https://github.com/drewhibbard/satellite-deforestation,skipped_existing,not_checked_existing,datasets.csv,,"Using Satellite Imagery to Identify the Leading Indicators of Deforestation, applied to the Kaggle Challenge Understanding the Amazon from Space"
https://github.com/satellite-image-deep-learning/datasets,https://raw.githubusercontent.com/satellite-image-deep-learning/datasets/main/README.md,749,Kaggle - Airbus ship detection challenge,Airbus_SDC_dup,https://github.com/WillieMaddox/Airbus_SDC_dup,skipped_existing,not_checked_existing,datasets.csv,,Project focused on detecting duplicate regions of overlapping satellite imagery. Applied to Airbus ship detection dataset
https://github.com/satellite-image-deep-learning/datasets,https://raw.githubusercontent.com/satellite-image-deep-learning/datasets/main/README.md,751,Kaggle - Airbus ship detection challenge,Ship-Detection-from-Satellite-Images-using-YOLOV4,https://github.com/debasis-dotcom/Ship-Detection-from-Satellite-Images-using-YOLOV4,skipped_existing,not_checked_existing,datasets.csv,,uses Kaggle Airbus Ship Detection dataset
https://github.com/satellite-image-deep-learning/datasets,https://raw.githubusercontent.com/satellite-image-deep-learning/datasets/main/README.md,757,Kaggle - Ships in Google Earth,/kaggle-ships-in-satellite-imagery-with-YOLOv8,https://github.com/robmarkcole/kaggle-ships-in-satellite-imagery-with-YOLOv8,skipped_existing,not_checked_existing,datasets.csv,,
https://github.com/satellite-image-deep-learning/datasets,https://raw.githubusercontent.com/satellite-image-deep-learning/datasets/main/README.md,770,Kaggle - Planesnet classification dataset,ergo-planes-detector,https://github.com/evilsocket/ergo-planes-detector,skipped_existing,not_checked_existing,datasets.csv,,"An ergo based project that relies on a convolutional neural network to detect airplanes from satellite imagery, uses the PlanesNet dataset"
https://github.com/satellite-image-deep-learning/datasets,https://raw.githubusercontent.com/satellite-image-deep-learning/datasets/main/README.md,778,Kaggle - CGI Planes in Satellite Imagery w/ BBoxes,aircraft-detection-from-satellite-images-yolov3,https://github.com/emrekrtorun/aircraft-detection-from-satellite-images-yolov3,skipped_existing,not_checked_existing,datasets.csv,,
https://github.com/satellite-image-deep-learning/datasets,https://raw.githubusercontent.com/satellite-image-deep-learning/datasets/main/README.md,805,Kaggle - Massachusetts Roads & Buildings Datasets - segmentation,Road and Building Semantic Segmentation in Satellite Imagery,https://github.com/Paulymorphous/Road-Segmentation,skipped_existing,not_checked_existing,datasets.csv,,uses U-Net on the Massachusetts Roads Dataset & keras
https://github.com/satellite-image-deep-learning/datasets,https://raw.githubusercontent.com/satellite-image-deep-learning/datasets/main/README.md,806,Kaggle - Massachusetts Roads & Buildings Datasets - segmentation,Semantic-segmentation repo by fuweifu-vtoo,https://github.com/fuweifu-vtoo/Semantic-segmentation,skipped_existing,not_checked_existing,datasets.csv,,uses pytorch and the Massachusetts Buildings & Roads Datasets
https://github.com/satellite-image-deep-learning/datasets,https://raw.githubusercontent.com/satellite-image-deep-learning/datasets/main/README.md,807,Kaggle - Massachusetts Roads & Buildings Datasets - segmentation,ssai-cnn,https://github.com/mitmul/ssai-cnn,skipped_existing,not_checked_existing,datasets.csv,,This is an implementation of Volodymyr Mnih's dissertation methods on his Massachusetts road & building dataset
https://github.com/satellite-image-deep-learning/datasets,https://raw.githubusercontent.com/satellite-image-deep-learning/datasets/main/README.md,808,Kaggle - Massachusetts Roads & Buildings Datasets - segmentation,building-footprint-segmentation,https://github.com/fuzailpalnak/building-footprint-segmentation,skipped_existing,not_checked_existing,datasets.csv,,"pip installable library to train building footprint segmentation on satellite and aerial imagery, applied to Massachusetts Buildings Dataset and Inria Aerial Image Labeling Dataset"
https://github.com/satellite-image-deep-learning/datasets,https://raw.githubusercontent.com/satellite-image-deep-learning/datasets/main/README.md,846,Kaggle - 38-Cloud Cloud Segmentation,Segmentation of Clouds in Satellite Images Using Deep Learning,https://medium.com/swlh/segmentation-of-clouds-in-satellite-images-using-deep-learning-a9f56e0aa83d,skipped_existing,not_checked_existing,datasets.csv,,semantic segmentation using a Unet on the Kaggle 38-Cloud dataset
https://github.com/satellite-image-deep-learning/datasets,https://raw.githubusercontent.com/satellite-image-deep-learning/datasets/main/README.md,852,Kaggle - Airbus Aircraft Detection Dataset,pytorch-remote-sensing,https://github.com/miko7879/pytorch-remote-sensing,skipped_existing,not_checked_existing,datasets.csv,,Aircraft detection using the 'Airbus Aircraft Detection' dataset and Faster-RCNN with ResNet-50 backbone in pytorch
https://github.com/satellite-image-deep-learning/datasets,https://raw.githubusercontent.com/satellite-image-deep-learning/datasets/main/README.md,884,Kaggle - Land Cover Classification Dataset from DeepGlobe Challenge - segmentation,DeepGlobe Land Cover Classification Challenge solution,https://github.com/GeneralLi95/deepglobe_land_cover_classification_with_deeplabv3plus,skipped_existing,not_checked_existing,datasets.csv,,
https://github.com/satellite-image-deep-learning/datasets,https://raw.githubusercontent.com/satellite-image-deep-learning/datasets/main/README.md,898,Kaggle - Spacenet 7 Multi-Temporal Urban Change Detection,SatFootprint,https://github.com/PriyanK7n/SatFootprint,skipped_existing,not_checked_existing,datasets.csv,,building segmentation on the Spacenet 7 dataset
https://github.com/satellite-image-deep-learning/techniques,https://raw.githubusercontent.com/satellite-image-deep-learning/techniques/master/README.md,151,README heading,Segmentation,https://github.com/satellite-image-deep-learning/techniques#segmentation,added,not_checked_heading,tasks.csv,Segmentation,Heading imported from satellite-image-deep-learning/techniques README
https://github.com/satellite-image-deep-learning/techniques,https://raw.githubusercontent.com/satellite-image-deep-learning/techniques/master/README.md,161,README heading,Segmentation - Land use & land cover,https://github.com/satellite-image-deep-learning/techniques#segmentation---land-use--land-cover,added,not_checked_heading,tasks.csv,Segmentation - Land use & land cover,Heading imported from satellite-image-deep-learning/techniques README
https://github.com/satellite-image-deep-learning/techniques,https://raw.githubusercontent.com/satellite-image-deep-learning/techniques/master/README.md,216,README heading,"Segmentation - Vegetation, deforestation, crops & field boundaries",https://github.com/satellite-image-deep-learning/techniques#segmentation---vegetation-deforestation-crops--field-boundaries,added,not_checked_heading,tasks.csv,"Segmentation - Vegetation, deforestation, crops & field boundaries",Heading imported from satellite-image-deep-learning/techniques README
https://github.com/satellite-image-deep-learning/techniques,https://raw.githubusercontent.com/satellite-image-deep-learning/techniques/master/README.md,348,README heading,"Segmentation - Water, coastlines, rivers & floods",https://github.com/satellite-image-deep-learning/techniques#segmentation---water-coastlines-rivers--floods,added,not_checked_heading,tasks.csv,"Segmentation - Water, coastlines, rivers & floods",Heading imported from satellite-image-deep-learning/techniques README
https://github.com/satellite-image-deep-learning/techniques,https://raw.githubusercontent.com/satellite-image-deep-learning/techniques/master/README.md,408,README heading,"Segmentation - Fire, smoke & burn areas",https://github.com/satellite-image-deep-learning/techniques#segmentation---fire-smoke--burn-areas,added,not_checked_heading,tasks.csv,"Segmentation - Fire, smoke & burn areas",Heading imported from satellite-image-deep-learning/techniques README
https://github.com/satellite-image-deep-learning/techniques,https://raw.githubusercontent.com/satellite-image-deep-learning/techniques/master/README.md,441,README heading,Segmentation - Landslides,https://github.com/satellite-image-deep-learning/techniques#segmentation---landslides,added,not_checked_heading,tasks.csv,Segmentation - Landslides,Heading imported from satellite-image-deep-learning/techniques README
https://github.com/satellite-image-deep-learning/techniques,https://raw.githubusercontent.com/satellite-image-deep-learning/techniques/master/README.md,459,README heading,Segmentation - Glaciers,https://github.com/satellite-image-deep-learning/techniques#segmentation---glaciers,added,not_checked_heading,tasks.csv,Segmentation - Glaciers,Heading imported from satellite-image-deep-learning/techniques README
https://github.com/satellite-image-deep-learning/techniques,https://raw.githubusercontent.com/satellite-image-deep-learning/techniques/master/README.md,473,README heading,Segmentation - methane,https://github.com/satellite-image-deep-learning/techniques#segmentation---methane,added,not_checked_heading,tasks.csv,Segmentation - methane,Heading imported from satellite-image-deep-learning/techniques README
https://github.com/satellite-image-deep-learning/techniques,https://raw.githubusercontent.com/satellite-image-deep-learning/techniques/master/README.md,488,README heading,Segmentation - Other environmental,https://github.com/satellite-image-deep-learning/techniques#segmentation---other-environmental,added,not_checked_heading,tasks.csv,Segmentation - Other environmental,Heading imported from satellite-image-deep-learning/techniques README
https://github.com/satellite-image-deep-learning/techniques,https://raw.githubusercontent.com/satellite-image-deep-learning/techniques/master/README.md,514,README heading,Segmentation - Roads & sidewalks,https://github.com/satellite-image-deep-learning/techniques#segmentation---roads--sidewalks,added,not_checked_heading,tasks.csv,Segmentation - Roads & sidewalks,Heading imported from satellite-image-deep-learning/techniques README
https://github.com/satellite-image-deep-learning/techniques,https://raw.githubusercontent.com/satellite-image-deep-learning/techniques/master/README.md,600,README heading,Segmentation - Buildings & rooftops,https://github.com/satellite-image-deep-learning/techniques#segmentation---buildings--rooftops,added,not_checked_heading,tasks.csv,Segmentation - Buildings & rooftops,Heading imported from satellite-image-deep-learning/techniques README
https://github.com/satellite-image-deep-learning/techniques,https://raw.githubusercontent.com/satellite-image-deep-learning/techniques/master/README.md,761,README heading,Segmentation - Solar panels,https://github.com/satellite-image-deep-learning/techniques#segmentation---solar-panels,added,not_checked_heading,tasks.csv,Segmentation - Solar panels,Heading imported from satellite-image-deep-learning/techniques README
https://github.com/satellite-image-deep-learning/techniques,https://raw.githubusercontent.com/satellite-image-deep-learning/techniques/master/README.md,813,README heading,Segmentation - Ships & vessels,https://github.com/satellite-image-deep-learning/techniques#segmentation---ships--vessels,added,not_checked_heading,tasks.csv,Segmentation - Ships & vessels,Heading imported from satellite-image-deep-learning/techniques README
https://github.com/satellite-image-deep-learning/techniques,https://raw.githubusercontent.com/satellite-image-deep-learning/techniques/master/README.md,825,README heading,Segmentation - Other manmade,https://github.com/satellite-image-deep-learning/techniques#segmentation---other-manmade,added,not_checked_heading,tasks.csv,Segmentation - Other manmade,Heading imported from satellite-image-deep-learning/techniques README
https://github.com/satellite-image-deep-learning/techniques,https://raw.githubusercontent.com/satellite-image-deep-learning/techniques/master/README.md,861,README heading,Segmentation - Miscellaneous,https://github.com/satellite-image-deep-learning/techniques#segmentation---miscellaneous,added,not_checked_heading,tasks.csv,Segmentation - Miscellaneous,Heading imported from satellite-image-deep-learning/techniques README
https://github.com/satellite-image-deep-learning/techniques,https://raw.githubusercontent.com/satellite-image-deep-learning/techniques/master/README.md,1076,README heading,Object tracking in videos,https://github.com/satellite-image-deep-learning/techniques#object-tracking-in-videos,added,not_checked_heading,tasks.csv,Object tracking in videos,Heading imported from satellite-image-deep-learning/techniques README
https://github.com/satellite-image-deep-learning/techniques,https://raw.githubusercontent.com/satellite-image-deep-learning/techniques/master/README.md,1090,README heading,Object detection with rotated bounding boxes,https://github.com/satellite-image-deep-learning/techniques#object-detection-with-rotated-bounding-boxes,added,not_checked_heading,tasks.csv,Object detection with rotated bounding boxes,Heading imported from satellite-image-deep-learning/techniques README
https://github.com/satellite-image-deep-learning/techniques,https://raw.githubusercontent.com/satellite-image-deep-learning/techniques/master/README.md,1200,README heading,Object detection enhanced by super resolution,https://github.com/satellite-image-deep-learning/techniques#object-detection-enhanced-by-super-resolution,added,not_checked_heading,tasks.csv,Object detection enhanced by super resolution,Heading imported from satellite-image-deep-learning/techniques README
https://github.com/satellite-image-deep-learning/techniques,https://raw.githubusercontent.com/satellite-image-deep-learning/techniques/master/README.md,1248,README heading,"Object detection - Buildings, rooftops & solar panels",https://github.com/satellite-image-deep-learning/techniques#object-detection---buildings-rooftops--solar-panels,added,not_checked_heading,tasks.csv,"Object detection - Buildings, rooftops & solar panels",Heading imported from satellite-image-deep-learning/techniques README
https://github.com/satellite-image-deep-learning/techniques,https://raw.githubusercontent.com/satellite-image-deep-learning/techniques/master/README.md,1271,README heading,"Object detection - Ships, boats, vessels & wake",https://github.com/satellite-image-deep-learning/techniques#object-detection---ships-boats-vessels--wake,added,not_checked_heading,tasks.csv,"Object detection - Ships, boats, vessels & wake",Heading imported from satellite-image-deep-learning/techniques README
https://github.com/satellite-image-deep-learning/techniques,https://raw.githubusercontent.com/satellite-image-deep-learning/techniques/master/README.md,1343,README heading,"Object detection - Cars, vehicles & trains",https://github.com/satellite-image-deep-learning/techniques#object-detection---cars-vehicles--trains,added,not_checked_heading,tasks.csv,"Object detection - Cars, vehicles & trains",Heading imported from satellite-image-deep-learning/techniques README
https://github.com/satellite-image-deep-learning/techniques,https://raw.githubusercontent.com/satellite-image-deep-learning/techniques/master/README.md,1363,README heading,Object detection - Planes & aircraft,https://github.com/satellite-image-deep-learning/techniques#object-detection---planes--aircraft,added,not_checked_heading,tasks.csv,Object detection - Planes & aircraft,Heading imported from satellite-image-deep-learning/techniques README
https://github.com/satellite-image-deep-learning/techniques,https://raw.githubusercontent.com/satellite-image-deep-learning/techniques/master/README.md,1398,README heading,Object detection - Infrastructure & utilities,https://github.com/satellite-image-deep-learning/techniques#object-detection---infrastructure--utilities,added,not_checked_heading,tasks.csv,Object detection - Infrastructure & utilities,Heading imported from satellite-image-deep-learning/techniques README
https://github.com/satellite-image-deep-learning/techniques,https://raw.githubusercontent.com/satellite-image-deep-learning/techniques/master/README.md,1410,README heading,Object detection - Oil storage tank detection,https://github.com/satellite-image-deep-learning/techniques#object-detection---oil-storage-tank-detection,added,not_checked_heading,tasks.csv,Object detection - Oil storage tank detection,Heading imported from satellite-image-deep-learning/techniques README
https://github.com/satellite-image-deep-learning/techniques,https://raw.githubusercontent.com/satellite-image-deep-learning/techniques/master/README.md,1432,README heading,Object detection - Animals,https://github.com/satellite-image-deep-learning/techniques#object-detection---animals,added,not_checked_heading,tasks.csv,Object detection - Animals,Heading imported from satellite-image-deep-learning/techniques README
https://github.com/satellite-image-deep-learning/techniques,https://raw.githubusercontent.com/satellite-image-deep-learning/techniques/master/README.md,1454,README heading,Object detection - Miscellaneous,https://github.com/satellite-image-deep-learning/techniques#object-detection---miscellaneous,added,not_checked_heading,tasks.csv,Object detection - Miscellaneous,Heading imported from satellite-image-deep-learning/techniques README
https://github.com/satellite-image-deep-learning/techniques,https://raw.githubusercontent.com/satellite-image-deep-learning/techniques/master/README.md,1550,README heading,Object counting,https://github.com/satellite-image-deep-learning/techniques#object-counting,added,not_checked_heading,tasks.csv,Object counting,Heading imported from satellite-image-deep-learning/techniques README
https://github.com/satellite-image-deep-learning/techniques,https://raw.githubusercontent.com/satellite-image-deep-learning/techniques/master/README.md,1615,README heading,Cloud detection & removal,https://github.com/satellite-image-deep-learning/techniques#cloud-detection--removal,added,not_checked_heading,tasks.csv,Cloud detection & removal,Heading imported from satellite-image-deep-learning/techniques README
https://github.com/satellite-image-deep-learning/techniques,https://raw.githubusercontent.com/satellite-image-deep-learning/techniques/master/README.md,2063,README heading,Time series,https://github.com/satellite-image-deep-learning/techniques#time-series,added,not_checked_heading,tasks.csv,Time series,Heading imported from satellite-image-deep-learning/techniques README
https://github.com/satellite-image-deep-learning/techniques,https://raw.githubusercontent.com/satellite-image-deep-learning/techniques/master/README.md,2187,README heading,Crop yield & vegetation forecasting,https://github.com/satellite-image-deep-learning/techniques#crop-yield--vegetation-forecasting,added,not_checked_heading,tasks.csv,Crop yield & vegetation forecasting,Heading imported from satellite-image-deep-learning/techniques README
https://github.com/satellite-image-deep-learning/techniques,https://raw.githubusercontent.com/satellite-image-deep-learning/techniques/master/README.md,2370,README heading,Multi image super-resolution (MISR),https://github.com/satellite-image-deep-learning/techniques#multi-image-super-resolution-misr,added,not_checked_heading,tasks.csv,Multi image super-resolution (MISR),Heading imported from satellite-image-deep-learning/techniques README
https://github.com/satellite-image-deep-learning/techniques,https://raw.githubusercontent.com/satellite-image-deep-learning/techniques/master/README.md,2370,README heading,Multi image super-resolution (MISR),https://github.com/satellite-image-deep-learning/techniques#multi-image-super-resolution-misr,added,not_checked_heading,techniques.csv,Multi image super-resolution (MISR),Heading imported from satellite-image-deep-learning/techniques README
https://github.com/satellite-image-deep-learning/techniques,https://raw.githubusercontent.com/satellite-image-deep-learning/techniques/master/README.md,2407,README heading,Single image super-resolution (SISR),https://github.com/satellite-image-deep-learning/techniques#single-image-super-resolution-sisr,added,not_checked_heading,tasks.csv,Single image super-resolution (SISR),Heading imported from satellite-image-deep-learning/techniques README
https://github.com/satellite-image-deep-learning/techniques,https://raw.githubusercontent.com/satellite-image-deep-learning/techniques/master/README.md,2407,README heading,Single image super-resolution (SISR),https://github.com/satellite-image-deep-learning/techniques#single-image-super-resolution-sisr,added,not_checked_heading,techniques.csv,Single image super-resolution (SISR),Heading imported from satellite-image-deep-learning/techniques README
https://github.com/satellite-image-deep-learning/techniques,https://raw.githubusercontent.com/satellite-image-deep-learning/techniques/master/README.md,2495,README heading,Super-resolution - Miscellaneous,https://github.com/satellite-image-deep-learning/techniques#super-resolution---miscellaneous,added,not_checked_heading,tasks.csv,Super-resolution - Miscellaneous,Heading imported from satellite-image-deep-learning/techniques README
https://github.com/satellite-image-deep-learning/techniques,https://raw.githubusercontent.com/satellite-image-deep-learning/techniques/master/README.md,2495,README heading,Super-resolution - Miscellaneous,https://github.com/satellite-image-deep-learning/techniques#super-resolution---miscellaneous,added,not_checked_heading,techniques.csv,Super-resolution - Miscellaneous,Heading imported from satellite-image-deep-learning/techniques README
https://github.com/satellite-image-deep-learning/techniques,https://raw.githubusercontent.com/satellite-image-deep-learning/techniques/master/README.md,2672,README heading,Data fusion,https://github.com/satellite-image-deep-learning/techniques#data-fusion,added,not_checked_heading,techniques.csv,Data fusion,Heading imported from satellite-image-deep-learning/techniques README
https://github.com/satellite-image-deep-learning/techniques,https://raw.githubusercontent.com/satellite-image-deep-learning/techniques/master/README.md,2769,README heading,Generative networks,https://github.com/satellite-image-deep-learning/techniques#generative-networks,added,not_checked_heading,techniques.csv,Generative networks,Heading imported from satellite-image-deep-learning/techniques README
https://github.com/satellite-image-deep-learning/techniques,https://raw.githubusercontent.com/satellite-image-deep-learning/techniques/master/README.md,2844,README heading,"Autoencoders, dimensionality reduction, image embeddings & similarity search",https://github.com/satellite-image-deep-learning/techniques#autoencoders-dimensionality-reduction-image-embeddings--similarity-search,added,not_checked_heading,techniques.csv,"Autoencoders, dimensionality reduction, image embeddings & similarity search",Heading imported from satellite-image-deep-learning/techniques README
https://github.com/satellite-image-deep-learning/techniques,https://raw.githubusercontent.com/satellite-image-deep-learning/techniques/master/README.md,2981,README heading,Image retrieval,https://github.com/satellite-image-deep-learning/techniques#image-retrieval,added,not_checked_heading,tasks.csv,Image retrieval,Heading imported from satellite-image-deep-learning/techniques README
https://github.com/satellite-image-deep-learning/techniques,https://raw.githubusercontent.com/satellite-image-deep-learning/techniques/master/README.md,3071,README heading,Mixed data learning,https://github.com/satellite-image-deep-learning/techniques#mixed-data-learning,added,not_checked_heading,techniques.csv,Mixed data learning,Heading imported from satellite-image-deep-learning/techniques README
https://github.com/satellite-image-deep-learning/techniques,https://raw.githubusercontent.com/satellite-image-deep-learning/techniques/master/README.md,3091,README heading,Few & zero shot learning,https://github.com/satellite-image-deep-learning/techniques#few--zero-shot-learning,added,not_checked_heading,techniques.csv,Few & zero shot learning,Heading imported from satellite-image-deep-learning/techniques README
https://github.com/satellite-image-deep-learning/techniques,https://raw.githubusercontent.com/satellite-image-deep-learning/techniques/master/README.md,3134,README heading,"Self-supervised, unsupervised & contrastive learning",https://github.com/satellite-image-deep-learning/techniques#self-supervised-unsupervised--contrastive-learning,added,not_checked_heading,techniques.csv,"Self-supervised, unsupervised & contrastive learning",Heading imported from satellite-image-deep-learning/techniques README
https://github.com/satellite-image-deep-learning/techniques,https://raw.githubusercontent.com/satellite-image-deep-learning/techniques/master/README.md,3251,README heading,Weakly & semi-supervised learning,https://github.com/satellite-image-deep-learning/techniques#weakly--semi-supervised-learning,added,not_checked_heading,techniques.csv,Weakly & semi-supervised learning,Heading imported from satellite-image-deep-learning/techniques README
https://github.com/satellite-image-deep-learning/techniques,https://raw.githubusercontent.com/satellite-image-deep-learning/techniques/master/README.md,3432,README heading,"Terrain mapping, Disparity Estimation, Lidar, DEMs & NeRF",https://github.com/satellite-image-deep-learning/techniques#terrain-mapping-disparity-estimation-lidar-dems--nerf,added,not_checked_heading,tasks.csv,"Terrain mapping, Disparity Estimation, Lidar, DEMs & NeRF",Heading imported from satellite-image-deep-learning/techniques README
https://github.com/satellite-image-deep-learning/techniques,https://raw.githubusercontent.com/satellite-image-deep-learning/techniques/master/README.md,3432,README heading,"Terrain mapping, Disparity Estimation, Lidar, DEMs & NeRF",https://github.com/satellite-image-deep-learning/techniques#terrain-mapping-disparity-estimation-lidar-dems--nerf,added,not_checked_heading,techniques.csv,"Terrain mapping, Disparity Estimation, Lidar, DEMs & NeRF",Heading imported from satellite-image-deep-learning/techniques README
https://github.com/satellite-image-deep-learning/techniques,https://raw.githubusercontent.com/satellite-image-deep-learning/techniques/master/README.md,3520,README heading,SAR,https://github.com/satellite-image-deep-learning/techniques#sar,added,not_checked_heading,techniques.csv,SAR,Heading imported from satellite-image-deep-learning/techniques README
https://github.com/satellite-image-deep-learning/techniques,https://raw.githubusercontent.com/satellite-image-deep-learning/techniques/master/README.md,3623,README heading,NDVI - vegetation index,https://github.com/satellite-image-deep-learning/techniques#ndvi---vegetation-index,added,not_checked_heading,tasks.csv,NDVI - vegetation index,Heading imported from satellite-image-deep-learning/techniques README
https://github.com/satellite-image-deep-learning/techniques,https://raw.githubusercontent.com/satellite-image-deep-learning/techniques/master/README.md,3679,README heading,Synthetic data,https://github.com/satellite-image-deep-learning/techniques#synthetic-data,added,not_checked_heading,techniques.csv,Synthetic data,Heading imported from satellite-image-deep-learning/techniques README
https://github.com/satellite-image-deep-learning/techniques,https://raw.githubusercontent.com/satellite-image-deep-learning/techniques/master/README.md,3722,README heading,Explainable Ai (XAI),https://github.com/satellite-image-deep-learning/techniques#explainable-ai-xai,added,not_checked_heading,techniques.csv,Explainable Ai (XAI),Heading imported from satellite-image-deep-learning/techniques README
https://github.com/satellite-image-deep-learning/techniques,https://raw.githubusercontent.com/satellite-image-deep-learning/techniques/master/README.md,3740,README heading,Large vision & language models (LLMs & LVMs),https://github.com/satellite-image-deep-learning/techniques#large-vision--language-models-llms--lvms,added,not_checked_heading,techniques.csv,Large vision & language models (LLMs & LVMs),Heading imported from satellite-image-deep-learning/techniques README
https://github.com/satellite-image-deep-learning/techniques,https://raw.githubusercontent.com/satellite-image-deep-learning/techniques/master/README.md,3777,README heading,Foundational models,https://github.com/satellite-image-deep-learning/techniques#foundational-models,added,not_checked_heading,techniques.csv,Foundational models,Heading imported from satellite-image-deep-learning/techniques README
